N_kg_ha,P_kg_ha,K_kg_ha,temperature_c,humidity_pct,rainfall_mm,pH,label_crop,label_source
310,12.5,234,30.8,71,1165,6.4,Rice,SYNTHETIC (generated from per-crop agro-climatic profiles)
284,8.2,189,21.9,64,642,7.0,Wheat,SYNTHETIC (generated from per-crop agro-climatic profiles)
365,19.6,247,29.2,87,755,6.3,Maize,SYNTHETIC (generated from per-crop agro-climatic profiles)
268,18.6,133,23.3,45,350,7.5,Sorghum,SYNTHETIC (generated from per-crop agro-climatic profiles)
324,11.8,195,26.6,66,501,7.3,Pearl millet,SYNTHETIC (generated from per-crop agro-climatic profiles)
424,9.5,150,24.5,48,805,7.7,Cotton,SYNTHETIC (generated from per-crop agro-climatic profiles)
358,7.3,159,24.3,71,1213,6.7,Sugarcane,SYNTHETIC (generated from per-crop agro-climatic profiles)
219,12.5,161,30.8,71,400,5.7,Groundnut,SYNTHETIC (generated from per-crop agro-climatic profiles)
259,14.4,259,28.6,88,682,7.9,Soybean,SYNTHETIC (generated from per-crop agro-climatic profiles)
255,15.1,166,17.0,50,476,6.6,Chickpea,SYNTHETIC (generated from per-crop agro-climatic profiles)
294,10.5,260,29.4,76,409,8.0,Pigeon pea,SYNTHETIC (generated from per-crop agro-climatic profiles)
225,21.2,213,23.6,48,472,5.7,Lentil,SYNTHETIC (generated from per-crop agro-climatic profiles)
257,16.0,126,21.3,69,473,6.2,Mustard,SYNTHETIC (generated from per-crop agro-climatic profiles)
298,19.3,118,24.8,64,775,6.5,Sunflower,SYNTHETIC (generated from per-crop agro-climatic profiles)
449,13.6,200,17.5,82,776,7.8,Potato,SYNTHETIC (generated from per-crop agro-climatic profiles)
291,16.4,241,19.8,66,759,7.8,Tomato,SYNTHETIC (generated from per-crop agro-climatic profiles)
376,15.9,119,16.1,34,807,6.9,Onion,SYNTHETIC (generated from per-crop agro-climatic profiles)
439,13.9,220,28.4,68,780,6.1,Banana,SYNTHETIC (generated from per-crop agro-climatic profiles)
379,20.0,217,25.6,60,587,6.6,Chilli,SYNTHETIC (generated from per-crop agro-climatic profiles)
410,12.7,123,26.2,66,1722,7.4,Turmeric,SYNTHETIC (generated from per-crop agro-climatic profiles)
371,10.6,217,30.1,56,466,5.9,Ragi,SYNTHETIC (generated from per-crop agro-climatic profiles)
207,24.6,217,25.9,98,510,7.4,Green gram,SYNTHETIC (generated from per-crop agro-climatic profiles)
311,14.9,254,27.5,82,1580,6.1,Rice,SYNTHETIC (generated from per-crop agro-climatic profiles)
311,16.3,147,22.6,57,744,7.3,Wheat,SYNTHETIC (generated from per-crop agro-climatic profiles)
451,19.9,257,25.9,87,809,6.4,Maize,SYNTHETIC (generated from per-crop agro-climatic profiles)
317,20.8,168,25.7,40,506,7.5,Sorghum,SYNTHETIC (generated from per-crop agro-climatic profiles)
328,6.7,132,25.2,65,432,7.2,Pearl millet,SYNTHETIC (generated from per-crop agro-climatic profiles)
404,12.7,212,24.2,49,613,7.4,Cotton,SYNTHETIC (generated from per-crop agro-climatic profiles)
388,12.2,155,24.0,70,871,7.2,Sugarcane,SYNTHETIC (generated from per-crop agro-climatic profiles)
209,13.3,188,28.0,72,446,5.8,Groundnut,SYNTHETIC (generated from per-crop agro-climatic profiles)
263,14.9,145,30.0,87,512,7.3,Soybean,SYNTHETIC (generated from per-crop agro-climatic profiles)
275,6.1,199,18.7,52,493,6.4,Chickpea,SYNTHETIC (generated from per-crop agro-climatic profiles)
223,6.7,291,26.6,77,359,7.0,Pigeon pea,SYNTHETIC (generated from per-crop agro-climatic profiles)
224,17.2,212,23.0,54,332,6.3,Lentil,SYNTHETIC (generated from per-crop agro-climatic profiles)
373,12.1,147,21.2,66,413,6.1,Mustard,SYNTHETIC (generated from per-crop agro-climatic profiles)
300,21.1,159,21.2,81,760,6.8,Sunflower,SYNTHETIC (generated from per-crop agro-climatic profiles)
432,15.4,166,13.6,61,760,7.6,Potato,SYNTHETIC (generated from per-crop agro-climatic profiles)
351,16.9,204,19.4,64,795,7.8,Tomato,SYNTHETIC (generated from per-crop agro-climatic profiles)
361,27.5,104,18.0,45,1068,6.7,Onion,SYNTHETIC (generated from per-crop agro-climatic profiles)
366,17.8,192,29.8,62,828,6.2,Banana,SYNTHETIC (generated from per-crop agro-climatic profiles)
286,16.4,244,28.9,41,806,6.8,Chilli,SYNTHETIC (generated from per-crop agro-climatic profiles)
427,10.8,226,23.3,62,1330,7.5,Turmeric,SYNTHETIC (generated from per-crop agro-climatic profiles)
462,7.8,199,29.3,68,500,6.8,Ragi,SYNTHETIC (generated from per-crop agro-climatic profiles)
221,19.7,192,23.1,93,471,7.2,Green gram,SYNTHETIC (generated from per-crop agro-climatic profiles)
292,17.4,188,27.2,73,1536,6.0,Rice,SYNTHETIC (generated from per-crop agro-climatic profiles)
356,14.8,153,24.5,56,814,6.8,Wheat,SYNTHETIC (generated from per-crop agro-climatic profiles)
430,20.8,226,28.4,79,741,6.6,Maize,SYNTHETIC (generated from per-crop agro-climatic profiles)
315,15.9,167,25.1,44,481,7.4,Sorghum,SYNTHETIC (generated from per-crop agro-climatic profiles)
301,7.4,160,28.0,57,498,6.9,Pearl millet,SYNTHETIC (generated from per-crop agro-climatic profiles)
386,8.6,159,26.0,42,743,7.4,Cotton,SYNTHETIC (generated from per-crop agro-climatic profiles)
403,14.2,181,26.5,78,1278,6.5,Sugarcane,SYNTHETIC (generated from per-crop agro-climatic profiles)
187,15.0,186,30.7,69,401,6.5,Groundnut,SYNTHETIC (generated from per-crop agro-climatic profiles)
268,13.9,249,31.6,78,632,7.0,Soybean,SYNTHETIC (generated from per-crop agro-climatic profiles)
331,3.8,322,16.8,50,504,6.4,Chickpea,SYNTHETIC (generated from per-crop agro-climatic profiles)
338,10.3,242,29.4,90,371,7.5,Pigeon pea,SYNTHETIC (generated from per-crop agro-climatic profiles)
204,20.0,248,24.3,50,455,6.1,Lentil,SYNTHETIC (generated from per-crop agro-climatic profiles)
341,16.2,141,21.7,73,537,5.8,Mustard,SYNTHETIC (generated from per-crop agro-climatic profiles)
309,22.2,114,24.1,61,717,7.5,Sunflower,SYNTHETIC (generated from per-crop agro-climatic profiles)
330,11.3,155,17.0,71,731,7.4,Potato,SYNTHETIC (generated from per-crop agro-climatic profiles)
306,18.6,216,20.9,74,750,7.7,Tomato,SYNTHETIC (generated from per-crop agro-climatic profiles)
423,19.2,123,20.2,45,845,7.1,Onion,SYNTHETIC (generated from per-crop agro-climatic profiles)
424,17.2,202,26.7,73,875,6.5,Banana,SYNTHETIC (generated from per-crop agro-climatic profiles)
395,24.6,166,27.7,59,685,7.0,Chilli,SYNTHETIC (generated from per-crop agro-climatic profiles)
409,15.4,223,25.2,56,1562,7.4,Turmeric,SYNTHETIC (generated from per-crop agro-climatic profiles)
433,13.1,179,29.4,68,467,6.1,Ragi,SYNTHETIC (generated from per-crop agro-climatic profiles)
183,21.6,167,27.3,94,409,7.4,Green gram,SYNTHETIC (generated from per-crop agro-climatic profiles)
312,8.3,264,26.0,76,1878,6.1,Rice,SYNTHETIC (generated from per-crop agro-climatic profiles)
278,10.4,186,22.5,57,832,6.8,Wheat,SYNTHETIC (generated from per-crop agro-climatic profiles)
435,15.1,254,26.5,88,673,6.4,Maize,SYNTHETIC (generated from per-crop agro-climatic profiles)
269,17.3,198,25.7,58,517,7.8,Sorghum,SYNTHETIC (generated from per-crop agro-climatic profiles)
353,8.1,144,28.7,55,377,7.3,Pearl millet,SYNTHETIC (generated from per-crop agro-climatic profiles)
448,10.0,117,24.0,35,845,7.5,Cotton,SYNTHETIC (generated from per-crop agro-climatic profiles)
409,13.2,179,25.8,70,1571,7.0,Sugarcane,SYNTHETIC (generated from per-crop agro-climatic profiles)
200,11.7,144,31.8,71,392,6.2,Groundnut,SYNTHETIC (generated from per-crop agro-climatic profiles)
271,14.1,178,27.9,88,678,7.0,Soybean,SYNTHETIC (generated from per-crop agro-climatic profiles)
243,10.2,217,16.7,58,440,6.7,Chickpea,SYNTHETIC (generated from per-crop agro-climatic profiles)
294,11.9,184,31.8,81,437,8.1,Pigeon pea,SYNTHETIC (generated from per-crop agro-climatic profiles)
217,14.5,137,20.8,44,529,6.6,Lentil,SYNTHETIC (generated from per-crop agro-climatic profiles)
353,13.3,206,22.8,59,459,6.4,Mustard,SYNTHETIC (generated from per-crop agro-climatic profiles)
354,11.5,125,25.4,62,659,6.7,Sunflower,SYNTHETIC (generated from per-crop agro-climatic profiles)
432,10.3,203,15.7,74,599,7.4,Potato,SYNTHETIC (generated from per-crop agro-climatic profiles)
342,13.3,216,17.6,80,669,7.5,Tomato,SYNTHETIC (generated from per-crop agro-climatic profiles)
377,17.5,140,16.1,33,1065,6.6,Onion,SYNTHETIC (generated from per-crop agro-climatic profiles)
433,12.3,242,27.6,70,761,6.0,Banana,SYNTHETIC (generated from per-crop agro-climatic profiles)
309,23.4,230,26.0,62,686,6.4,Chilli,SYNTHETIC (generated from per-crop agro-climatic profiles)
410,16.7,182,28.2,60,1643,7.7,Turmeric,SYNTHETIC (generated from per-crop agro-climatic profiles)
436,10.7,170,30.1,58,487,6.3,Ragi,SYNTHETIC (generated from per-crop agro-climatic profiles)
194,16.1,211,24.4,80,447,7.4,Green gram,SYNTHETIC (generated from per-crop agro-climatic profiles)
289,12.2,257,29.5,81,1261,5.9,Rice,SYNTHETIC (generated from per-crop agro-climatic profiles)
340,9.4,149,24.0,64,922,7.3,Wheat,SYNTHETIC (generated from per-crop agro-climatic profiles)
386,20.9,238,25.8,86,727,6.0,Maize,SYNTHETIC (generated from per-crop agro-climatic profiles)
271,12.7,203,27.8,49,497,7.3,Sorghum,SYNTHETIC (generated from per-crop agro-climatic profiles)
300,10.4,166,30.7,62,417,7.9,Pearl millet,SYNTHETIC (generated from per-crop agro-climatic profiles)
436,13.1,125,25.9,52,763,7.8,Cotton,SYNTHETIC (generated from per-crop agro-climatic profiles)
384,7.0,178,26.7,68,1550,6.9,Sugarcane,SYNTHETIC (generated from per-crop agro-climatic profiles)
184,13.3,119,29.2,76,406,6.2,Groundnut,SYNTHETIC (generated from per-crop agro-climatic profiles)
217,17.8,147,31.2,71,700,7.4,Soybean,SYNTHETIC (generated from per-crop agro-climatic profiles)
225,9.8,280,14.9,53,398,6.4,Chickpea,SYNTHETIC (generated from per-crop agro-climatic profiles)
268,13.4,187,30.0,90,376,7.7,Pigeon pea,SYNTHETIC (generated from per-crop agro-climatic profiles)
173,25.4,138,22.9,51,353,5.9,Lentil,SYNTHETIC (generated from per-crop agro-climatic profiles)
316,12.6,161,19.5,72,457,6.2,Mustard,SYNTHETIC (generated from per-crop agro-climatic profiles)
323,15.3,154,24.8,75,774,6.3,Sunflower,SYNTHETIC (generated from per-crop agro-climatic profiles)
366,11.6,177,14.2,92,607,7.3,Potato,SYNTHETIC (generated from per-crop agro-climatic profiles)
358,13.8,221,17.4,66,874,7.7,Tomato,SYNTHETIC (generated from per-crop agro-climatic profiles)
439,17.6,143,17.9,41,772,6.9,Onion,SYNTHETIC (generated from per-crop agro-climatic profiles)
383,14.3,260,27.6,72,897,6.5,Banana,SYNTHETIC (generated from per-crop agro-climatic profiles)
278,21.8,245,27.6,51,857,7.0,Chilli,SYNTHETIC (generated from per-crop agro-climatic profiles)
421,19.9,188,26.8,71,1372,7.5,Turmeric,SYNTHETIC (generated from per-crop agro-climatic profiles)
356,12.1,256,29.9,66,357,6.3,Ragi,SYNTHETIC (generated from per-crop agro-climatic profiles)
185,21.2,181,28.8,74,470,7.2,Green gram,SYNTHETIC (generated from per-crop agro-climatic profiles)
328,11.9,258,29.4,77,1447,5.8,Rice,SYNTHETIC (generated from per-crop agro-climatic profiles)
341,9.7,190,22.1,63,955,6.7,Wheat,SYNTHETIC (generated from per-crop agro-climatic profiles)
385,16.4,279,29.3,87,629,6.7,Maize,SYNTHETIC (generated from per-crop agro-climatic profiles)
262,15.5,232,24.2,52,464,7.1,Sorghum,SYNTHETIC (generated from per-crop agro-climatic profiles)
354,8.4,136,30.4,67,415,6.8,Pearl millet,SYNTHETIC (generated from per-crop agro-climatic profiles)
400,9.8,163,26.1,51,783,8.4,Cotton,SYNTHETIC (generated from per-crop agro-climatic profiles)
407,7.2,200,25.4,64,1340,7.6,Sugarcane,SYNTHETIC (generated from per-crop agro-climatic profiles)
178,17.7,200,31.4,75,442,6.0,Groundnut,SYNTHETIC (generated from per-crop agro-climatic profiles)
282,16.5,157,30.8,84,725,8.0,Soybean,SYNTHETIC (generated from per-crop agro-climatic profiles)
295,10.8,277,16.6,51,478,6.3,Chickpea,SYNTHETIC (generated from per-crop agro-climatic profiles)
285,8.6,234,30.4,87,379,8.1,Pigeon pea,SYNTHETIC (generated from per-crop agro-climatic profiles)
220,20.3,206,23.5,53,488,6.4,Lentil,SYNTHETIC (generated from per-crop agro-climatic profiles)
394,14.1,115,25.7,70,403,5.9,Mustard,SYNTHETIC (generated from per-crop agro-climatic profiles)
328,19.4,40,19.1,67,859,7.1,Sunflower,SYNTHETIC (generated from per-crop agro-climatic profiles)
347,15.9,210,16.6,91,553,7.6,Potato,SYNTHETIC (generated from per-crop agro-climatic profiles)
408,14.2,208,19.9,75,613,7.9,Tomato,SYNTHETIC (generated from per-crop agro-climatic profiles)
353,21.2,143,17.2,46,818,7.1,Onion,SYNTHETIC (generated from per-crop agro-climatic profiles)
405,14.2,267,28.4,65,1001,6.3,Banana,SYNTHETIC (generated from per-crop agro-climatic profiles)
398,19.4,183,24.4,52,666,6.6,Chilli,SYNTHETIC (generated from per-crop agro-climatic profiles)
379,16.2,211,27.6,59,1537,7.8,Turmeric,SYNTHETIC (generated from per-crop agro-climatic profiles)
426,12.0,265,32.0,63,489,5.9,Ragi,SYNTHETIC (generated from per-crop agro-climatic profiles)
199,21.5,212,26.1,91,512,7.2,Green gram,SYNTHETIC (generated from per-crop agro-climatic profiles)
412,11.2,187,28.8,67,1527,6.5,Rice,SYNTHETIC (generated from per-crop agro-climatic profiles)
305,11.1,145,22.0,63,792,7.0,Wheat,SYNTHETIC (generated from per-crop agro-climatic profiles)
364,17.3,274,26.6,75,654,6.3,Maize,SYNTHETIC (generated from per-crop agro-climatic profiles)
251,19.7,185,24.2,42,523,7.9,Sorghum,SYNTHETIC (generated from per-crop agro-climatic profiles)
309,9.8,168,29.7,69,511,7.4,Pearl millet,SYNTHETIC (generated from per-crop agro-climatic profiles)
389,9.9,117,25.9,46,661,7.6,Cotton,SYNTHETIC (generated from per-crop agro-climatic profiles)
379,7.6,232,25.3,70,1521,6.6,Sugarcane,SYNTHETIC (generated from per-crop agro-climatic profiles)
195,10.9,187,34.2,75,482,6.5,Groundnut,SYNTHETIC (generated from per-crop agro-climatic profiles)
323,10.2,216,32.0,83,761,7.0,Soybean,SYNTHETIC (generated from per-crop agro-climatic profiles)
286,10.2,239,16.2,55,517,6.8,Chickpea,SYNTHETIC (generated from per-crop agro-climatic profiles)
244,11.0,246,29.1,81,465,7.6,Pigeon pea,SYNTHETIC (generated from per-crop agro-climatic profiles)
224,23.5,220,23.5,60,427,5.9,Lentil,SYNTHETIC (generated from per-crop agro-climatic profiles)
356,19.7,225,21.8,65,385,6.2,Mustard,SYNTHETIC (generated from per-crop agro-climatic profiles)
361,15.3,121,25.1,79,816,6.5,Sunflower,SYNTHETIC (generated from per-crop agro-climatic profiles)
445,15.8,183,15.4,70,737,8.3,Potato,SYNTHETIC (generated from per-crop agro-climatic profiles)
340,17.2,221,19.1,66,829,8.1,Tomato,SYNTHETIC (generated from per-crop agro-climatic profiles)
395,17.8,180,16.2,44,876,6.6,Onion,SYNTHETIC (generated from per-crop agro-climatic profiles)
371,17.6,263,29.8,83,1003,6.5,Banana,SYNTHETIC (generated from per-crop agro-climatic profiles)
332,20.8,229,26.1,60,637,6.6,Chilli,SYNTHETIC (generated from per-crop agro-climatic profiles)
444,12.5,207,22.9,67,1386,7.5,Turmeric,SYNTHETIC (generated from per-crop agro-climatic profiles)
390,14.0,215,28.6,64,318,6.1,Ragi,SYNTHETIC (generated from per-crop agro-climatic profiles)
240,16.6,241,25.4,76,358,6.8,Green gram,SYNTHETIC (generated from per-crop agro-climatic profiles)
286,14.4,199,28.5,67,1480,5.8,Rice,SYNTHETIC (generated from per-crop agro-climatic profiles)
373,13.1,111,19.3,63,750,6.9,Wheat,SYNTHETIC (generated from per-crop agro-climatic profiles)
409,18.0,274,27.3,91,639,6.7,Maize,SYNTHETIC (generated from per-crop agro-climatic profiles)
284,19.0,236,27.0,54,475,6.7,Sorghum,SYNTHETIC (generated from per-crop agro-climatic profiles)
368,9.5,180,28.6,69,521,7.0,Pearl millet,SYNTHETIC (generated from per-crop agro-climatic profiles)
426,10.9,174,26.0,53,647,7.6,Cotton,SYNTHETIC (generated from per-crop agro-climatic profiles)
398,11.0,158,26.7,78,1340,6.5,Sugarcane,SYNTHETIC (generated from per-crop agro-climatic profiles)
213,11.6,126,31.0,61,349,6.6,Groundnut,SYNTHETIC (generated from per-crop agro-climatic profiles)
263,12.4,190,34.3,83,690,6.8,Soybean,SYNTHETIC (generated from per-crop agro-climatic profiles)
237,6.4,199,17.5,46,448,7.0,Chickpea,SYNTHETIC (generated from per-crop agro-climatic profiles)
293,5.9,207,27.6,79,426,7.2,Pigeon pea,SYNTHETIC (generated from per-crop agro-climatic profiles)
208,23.6,198,22.4,57,536,6.4,Lentil,SYNTHETIC (generated from per-crop agro-climatic profiles)
333,14.7,204,21.7,70,566,6.5,Mustard,SYNTHETIC (generated from per-crop agro-climatic profiles)
260,18.3,155,24.2,76,634,6.6,Sunflower,SYNTHETIC (generated from per-crop agro-climatic profiles)
398,15.0,250,14.5,90,641,7.4,Potato,SYNTHETIC (generated from per-crop agro-climatic profiles)
349,16.4,166,18.9,76,880,7.6,Tomato,SYNTHETIC (generated from per-crop agro-climatic profiles)
414,20.1,156,17.4,47,1003,6.5,Onion,SYNTHETIC (generated from per-crop agro-climatic profiles)
380,14.4,208,27.3,71,937,6.9,Banana,SYNTHETIC (generated from per-crop agro-climatic profiles)
312,19.6,262,24.3,55,597,6.7,Chilli,SYNTHETIC (generated from per-crop agro-climatic profiles)
423,17.1,187,27.2,66,1827,7.3,Turmeric,SYNTHETIC (generated from per-crop agro-climatic profiles)
373,13.6,258,31.1,59,569,6.2,Ragi,SYNTHETIC (generated from per-crop agro-climatic profiles)
162,19.2,210,27.1,84,470,7.0,Green gram,SYNTHETIC (generated from per-crop agro-climatic profiles)
288,9.8,297,28.7,83,1643,6.0,Rice,SYNTHETIC (generated from per-crop agro-climatic profiles)
351,14.3,136,21.4,68,860,6.2,Wheat,SYNTHETIC (generated from per-crop agro-climatic profiles)
379,14.0,237,25.8,85,795,6.4,Maize,SYNTHETIC (generated from per-crop agro-climatic profiles)
280,13.1,195,23.1,58,540,6.9,Sorghum,SYNTHETIC (generated from per-crop agro-climatic profiles)
378,10.1,161,28.5,69,429,7.0,Pearl millet,SYNTHETIC (generated from per-crop agro-climatic profiles)
390,9.4,161,26.0,31,742,7.5,Cotton,SYNTHETIC (generated from per-crop agro-climatic profiles)
418,10.6,135,26.4,68,1090,6.7,Sugarcane,SYNTHETIC (generated from per-crop agro-climatic profiles)
147,15.5,210,31.4,73,369,6.5,Groundnut,SYNTHETIC (generated from per-crop agro-climatic profiles)
245,11.0,202,30.9,91,674,6.9,Soybean,SYNTHETIC (generated from per-crop agro-climatic profiles)
249,9.9,228,17.5,61,429,7.3,Chickpea,SYNTHETIC (generated from per-crop agro-climatic profiles)
231,11.0,247,26.9,80,335,7.4,Pigeon pea,SYNTHETIC (generated from per-crop agro-climatic profiles)
179,17.7,277,22.8,55,409,6.5,Lentil,SYNTHETIC (generated from per-crop agro-climatic profiles)
295,20.4,177,23.7,65,496,6.7,Mustard,SYNTHETIC (generated from per-crop agro-climatic profiles)
328,18.9,96,24.9,68,777,6.4,Sunflower,SYNTHETIC (generated from per-crop agro-climatic profiles)
342,13.0,211,16.9,85,513,7.1,Potato,SYNTHETIC (generated from per-crop agro-climatic profiles)
342,7.6,196,19.4,82,787,7.8,Tomato,SYNTHETIC (generated from per-crop agro-climatic profiles)
424,16.6,199,18.2,47,1066,7.1,Onion,SYNTHETIC (generated from per-crop agro-climatic profiles)
427,10.6,229,28.7,70,990,6.3,Banana,SYNTHETIC (generated from per-crop agro-climatic profiles)
372,20.0,220,23.4,53,531,7.0,Chilli,SYNTHETIC (generated from per-crop agro-climatic profiles)
436,14.2,207,26.0,56,1433,7.4,Turmeric,SYNTHETIC (generated from per-crop agro-climatic profiles)
383,12.1,232,31.4,68,496,6.6,Ragi,SYNTHETIC (generated from per-crop agro-climatic profiles)
271,26.2,181,28.7,88,474,7.1,Green gram,SYNTHETIC (generated from per-crop agro-climatic profiles)
351,18.2,283,31.3,77,1040,6.1,Rice,SYNTHETIC (generated from per-crop agro-climatic profiles)
314,19.3,165,22.2,64,923,6.8,Wheat,SYNTHETIC (generated from per-crop agro-climatic profiles)
401,19.7,199,29.1,82,878,6.4,Maize,SYNTHETIC (generated from per-crop agro-climatic profiles)
272,16.0,169,27.5,49,418,7.4,Sorghum,SYNTHETIC (generated from per-crop agro-climatic profiles)
322,8.8,160,26.9,76,427,7.0,Pearl millet,SYNTHETIC (generated from per-crop agro-climatic profiles)
370,7.8,186,24.9,36,660,7.6,Cotton,SYNTHETIC (generated from per-crop agro-climatic profiles)
420,6.1,123,24.3,82,1018,6.6,Sugarcane,SYNTHETIC (generated from per-crop agro-climatic profiles)
196,20.8,155,31.4,77,368,6.8,Groundnut,SYNTHETIC (generated from per-crop agro-climatic profiles)
230,18.4,285,29.5,84,668,7.1,Soybean,SYNTHETIC (generated from per-crop agro-climatic profiles)
220,12.3,249,17.7,54,432,6.5,Chickpea,SYNTHETIC (generated from per-crop agro-climatic profiles)
274,9.6,254,29.1,83,424,8.1,Pigeon pea,SYNTHETIC (generated from per-crop agro-climatic profiles)
165,20.3,208,24.4,48,532,5.8,Lentil,SYNTHETIC (generated from per-crop agro-climatic profiles)
348,18.8,159,22.5,74,474,5.7,Mustard,SYNTHETIC (generated from per-crop agro-climatic profiles)
358,15.6,154,24.4,75,786,6.9,Sunflower,SYNTHETIC (generated from per-crop agro-climatic profiles)
378,17.6,225,17.7,89,553,7.9,Potato,SYNTHETIC (generated from per-crop agro-climatic profiles)
365,7.1,265,18.5,74,761,7.8,Tomato,SYNTHETIC (generated from per-crop agro-climatic profiles)
408,18.3,93,19.8,44,792,7.6,Onion,SYNTHETIC (generated from per-crop agro-climatic profiles)
442,13.6,176,28.4,79,769,6.4,Banana,SYNTHETIC (generated from per-crop agro-climatic profiles)
385,14.6,167,25.2,50,735,6.0,Chilli,SYNTHETIC (generated from per-crop agro-climatic profiles)
447,14.5,205,24.5,53,1358,7.5,Turmeric,SYNTHETIC (generated from per-crop agro-climatic profiles)
398,10.1,209,29.0,75,525,6.2,Ragi,SYNTHETIC (generated from per-crop agro-climatic profiles)
212,22.2,212,27.5,76,517,7.1,Green gram,SYNTHETIC (generated from per-crop agro-climatic profiles)
292,12.6,286,29.3,70,1391,6.3,Rice,SYNTHETIC (generated from per-crop agro-climatic profiles)
358,11.2,107,22.8,67,891,7.3,Wheat,SYNTHETIC (generated from per-crop agro-climatic profiles)
460,21.1,226,28.5,81,751,6.6,Maize,SYNTHETIC (generated from per-crop agro-climatic profiles)
261,15.8,148,25.5,44,449,7.6,Sorghum,SYNTHETIC (generated from per-crop agro-climatic profiles)
335,6.2,163,28.8,61,471,7.5,Pearl millet,SYNTHETIC (generated from per-crop agro-climatic profiles)
477,7.0,199,24.9,47,600,7.7,Cotton,SYNTHETIC (generated from per-crop agro-climatic profiles)
368,10.1,173,25.1,66,1722,6.6,Sugarcane,SYNTHETIC (generated from per-crop agro-climatic profiles)
219,12.7,148,31.4,75,371,7.0,Groundnut,SYNTHETIC (generated from per-crop agro-climatic profiles)
325,16.2,221,31.0,85,766,7.0,Soybean,SYNTHETIC (generated from per-crop agro-climatic profiles)
280,9.1,264,17.1,51,377,6.4,Chickpea,SYNTHETIC (generated from per-crop agro-climatic profiles)
265,13.8,214,30.9,71,376,7.9,Pigeon pea,SYNTHETIC (generated from per-crop agro-climatic profiles)
228,20.5,151,24.4,47,493,6.3,Lentil,SYNTHETIC (generated from per-crop agro-climatic profiles)
333,12.5,215,22.3,61,509,5.6,Mustard,SYNTHETIC (generated from per-crop agro-climatic profiles)
304,22.3,126,22.3,79,741,6.5,Sunflower,SYNTHETIC (generated from per-crop agro-climatic profiles)
403,13.0,191,16.0,73,657,8.1,Potato,SYNTHETIC (generated from per-crop agro-climatic profiles)
266,19.3,216,17.7,74,847,7.6,Tomato,SYNTHETIC (generated from per-crop agro-climatic profiles)
367,17.8,149,17.7,52,746,6.8,Onion,SYNTHETIC (generated from per-crop agro-climatic profiles)
397,15.2,244,27.4,65,772,6.5,Banana,SYNTHETIC (generated from per-crop agro-climatic profiles)
306,17.7,207,24.9,49,738,6.4,Chilli,SYNTHETIC (generated from per-crop agro-climatic profiles)
441,18.5,174,27.6,57,1819,7.7,Turmeric,SYNTHETIC (generated from per-crop agro-climatic profiles)
394,17.0,213,27.5,56,392,5.8,Ragi,SYNTHETIC (generated from per-crop agro-climatic profiles)
240,20.7,192,29.6,76,519,7.0,Green gram,SYNTHETIC (generated from per-crop agro-climatic profiles)
330,11.2,231,29.2,73,1422,5.9,Rice,SYNTHETIC (generated from per-crop agro-climatic profiles)
287,7.0,163,25.2,59,929,7.1,Wheat,SYNTHETIC (generated from per-crop agro-climatic profiles)
387,14.4,259,29.2,90,678,7.0,Maize,SYNTHETIC (generated from per-crop agro-climatic profiles)
290,14.9,192,26.9,62,482,7.3,Sorghum,SYNTHETIC (generated from per-crop agro-climatic profiles)
336,11.0,137,27.2,73,522,7.3,Pearl millet,SYNTHETIC (generated from per-crop agro-climatic profiles)
453,10.4,125,27.3,45,885,7.0,Cotton,SYNTHETIC (generated from per-crop agro-climatic profiles)
412,6.7,224,27.7,66,1710,6.4,Sugarcane,SYNTHETIC (generated from per-crop agro-climatic profiles)
207,15.1,185,32.5,71,441,6.0,Groundnut,SYNTHETIC (generated from per-crop agro-climatic profiles)
235,15.4,241,31.4,86,489,6.8,Soybean,SYNTHETIC (generated from per-crop agro-climatic profiles)
248,8.6,239,18.5,55,358,6.3,Chickpea,SYNTHETIC (generated from per-crop agro-climatic profiles)
284,13.0,211,30.8,67,399,7.1,Pigeon pea,SYNTHETIC (generated from per-crop agro-climatic profiles)
176,22.3,183,21.9,46,539,6.6,Lentil,SYNTHETIC (generated from per-crop agro-climatic profiles)
342,9.0,103,22.1,66,638,5.9,Mustard,SYNTHETIC (generated from per-crop agro-climatic profiles)
323,17.3,106,25.7,65,568,6.9,Sunflower,SYNTHETIC (generated from per-crop agro-climatic profiles)
399,16.9,182,14.2,84,614,7.3,Potato,SYNTHETIC (generated from per-crop agro-climatic profiles)
314,16.7,199,20.8,77,892,7.3,Tomato,SYNTHETIC (generated from per-crop agro-climatic profiles)
395,17.0,127,19.7,52,938,7.2,Onion,SYNTHETIC (generated from per-crop agro-climatic profiles)
440,13.6,168,24.8,63,1070,6.4,Banana,SYNTHETIC (generated from per-crop agro-climatic profiles)
364,21.6,194,24.7,55,861,6.7,Chilli,SYNTHETIC (generated from per-crop agro-climatic profiles)
369,9.3,197,25.6,54,1670,7.4,Turmeric,SYNTHETIC (generated from per-crop agro-climatic profiles)
432,16.8,197,29.7,57,505,6.6,Ragi,SYNTHETIC (generated from per-crop agro-climatic profiles)
222,19.6,203,28.3,77,347,7.5,Green gram,SYNTHETIC (generated from per-crop agro-climatic profiles)
338,15.3,251,27.2,69,1611,5.8,Rice,SYNTHETIC (generated from per-crop agro-climatic profiles)
324,9.3,200,20.4,67,766,7.0,Wheat,SYNTHETIC (generated from per-crop agro-climatic profiles)
421,17.4,291,31.0,62,754,6.3,Maize,SYNTHETIC (generated from per-crop agro-climatic profiles)
328,18.3,139,25.2,43,507,7.9,Sorghum,SYNTHETIC (generated from per-crop agro-climatic profiles)
287,9.2,123,26.6,72,513,6.9,Pearl millet,SYNTHETIC (generated from per-crop agro-climatic profiles)
446,7.2,186,24.1,45,691,6.8,Cotton,SYNTHETIC (generated from per-crop agro-climatic profiles)
382,9.8,160,25.3,77,1393,6.8,Sugarcane,SYNTHETIC (generated from per-crop agro-climatic profiles)
141,11.3,166,30.5,63,384,6.1,Groundnut,SYNTHETIC (generated from per-crop agro-climatic profiles)
313,20.3,207,31.2,93,786,6.9,Soybean,SYNTHETIC (generated from per-crop agro-climatic profiles)
249,9.2,273,13.7,38,458,6.5,Chickpea,SYNTHETIC (generated from per-crop agro-climatic profiles)
291,7.9,187,28.6,69,349,7.9,Pigeon pea,SYNTHETIC (generated from per-crop agro-climatic profiles)
194,18.4,165,22.4,52,491,6.0,Lentil,SYNTHETIC (generated from per-crop agro-climatic profiles)
347,19.5,134,23.6,66,480,6.4,Mustard,SYNTHETIC (generated from per-crop agro-climatic profiles)
347,19.7,100,22.2,72,653,6.8,Sunflower,SYNTHETIC (generated from per-crop agro-climatic profiles)
416,16.3,176,15.9,85,550,7.2,Potato,SYNTHETIC (generated from per-crop agro-climatic profiles)
321,18.9,182,19.2,74,946,8.2,Tomato,SYNTHETIC (generated from per-crop agro-climatic profiles)
361,20.7,129,18.0,39,952,7.3,Onion,SYNTHETIC (generated from per-crop agro-climatic profiles)
361,17.9,236,30.6,72,932,6.7,Banana,SYNTHETIC (generated from per-crop agro-climatic profiles)
412,20.4,210,26.0,45,638,6.3,Chilli,SYNTHETIC (generated from per-crop agro-climatic profiles)
448,14.5,184,26.9,58,1450,7.8,Turmeric,SYNTHETIC (generated from per-crop agro-climatic profiles)
419,16.6,188,30.3,62,494,5.8,Ragi,SYNTHETIC (generated from per-crop agro-climatic profiles)
196,15.1,198,30.5,81,401,6.8,Green gram,SYNTHETIC (generated from per-crop agro-climatic profiles)
293,12.0,255,29.7,80,1629,6.3,Rice,SYNTHETIC (generated from per-crop agro-climatic profiles)
363,20.2,176,22.7,64,817,6.6,Wheat,SYNTHETIC (generated from per-crop agro-climatic profiles)
348,24.5,226,29.3,85,765,6.5,Maize,SYNTHETIC (generated from per-crop agro-climatic profiles)
300,9.3,193,26.4,51,424,7.8,Sorghum,SYNTHETIC (generated from per-crop agro-climatic profiles)
293,2.0,100,26.5,75,460,6.7,Pearl millet,SYNTHETIC (generated from per-crop agro-climatic profiles)
435,13.7,182,25.7,47,626,7.7,Cotton,SYNTHETIC (generated from per-crop agro-climatic profiles)
398,4.2,176,26.1,61,1354,6.6,Sugarcane,SYNTHETIC (generated from per-crop agro-climatic profiles)
126,17.1,181,30.2,75,496,6.0,Groundnut,SYNTHETIC (generated from per-crop agro-climatic profiles)
308,19.0,230,32.8,98,773,7.4,Soybean,SYNTHETIC (generated from per-crop agro-climatic profiles)
227,8.6,274,16.2,63,408,7.1,Chickpea,SYNTHETIC (generated from per-crop agro-climatic profiles)
297,10.5,196,27.5,84,476,7.2,Pigeon pea,SYNTHETIC (generated from per-crop agro-climatic profiles)
240,21.8,239,24.5,56,485,6.5,Lentil,SYNTHETIC (generated from per-crop agro-climatic profiles)
336,12.1,155,22.1,65,538,5.9,Mustard,SYNTHETIC (generated from per-crop agro-climatic profiles)
333,13.9,126,25.0,67,644,6.7,Sunflower,SYNTHETIC (generated from per-crop agro-climatic profiles)
373,12.8,206,15.7,85,554,7.7,Potato,SYNTHETIC (generated from per-crop agro-climatic profiles)
400,14.0,221,19.2,73,839,7.8,Tomato,SYNTHETIC (generated from per-crop agro-climatic profiles)
347,19.9,154,19.5,46,823,7.2,Onion,SYNTHETIC (generated from per-crop agro-climatic profiles)
446,18.6,260,27.3,65,968,6.4,Banana,SYNTHETIC (generated from per-crop agro-climatic profiles)
298,20.1,229,22.2,56,558,6.6,Chilli,SYNTHETIC (generated from per-crop agro-climatic profiles)
423,13.5,195,28.6,61,1504,7.6,Turmeric,SYNTHETIC (generated from per-crop agro-climatic profiles)
415,12.9,208,29.3,73,523,6.1,Ragi,SYNTHETIC (generated from per-crop agro-climatic profiles)
273,13.6,214,24.9,92,405,7.5,Green gram,SYNTHETIC (generated from per-crop agro-climatic profiles)
355,15.7,232,25.5,77,1379,6.0,Rice,SYNTHETIC (generated from per-crop agro-climatic profiles)
308,9.4,123,23.0,62,768,6.5,Wheat,SYNTHETIC (generated from per-crop agro-climatic profiles)
376,11.1,243,27.5,76,789,6.3,Maize,SYNTHETIC (generated from per-crop agro-climatic profiles)
312,19.0,172,27.3,45,518,7.7,Sorghum,SYNTHETIC (generated from per-crop agro-climatic profiles)
285,9.5,161,30.2,65,454,6.9,Pearl millet,SYNTHETIC (generated from per-crop agro-climatic profiles)
415,7.4,160,25.9,54,542,7.8,Cotton,SYNTHETIC (generated from per-crop agro-climatic profiles)
438,9.9,213,25.5,63,1632,6.9,Sugarcane,SYNTHETIC (generated from per-crop agro-climatic profiles)
206,7.5,172,29.1,79,440,6.5,Groundnut,SYNTHETIC (generated from per-crop agro-climatic profiles)
212,18.9,211,32.0,89,840,7.1,Soybean,SYNTHETIC (generated from per-crop agro-climatic profiles)
268,10.2,212,17.8,48,452,6.2,Chickpea,SYNTHETIC (generated from per-crop agro-climatic profiles)
263,7.4,284,28.2,79,392,7.6,Pigeon pea,SYNTHETIC (generated from per-crop agro-climatic profiles)
173,19.9,201,23.5,59,502,7.0,Lentil,SYNTHETIC (generated from per-crop agro-climatic profiles)
344,13.7,130,22.3,69,472,6.6,Mustard,SYNTHETIC (generated from per-crop agro-climatic profiles)
334,15.1,99,25.9,70,662,7.2,Sunflower,SYNTHETIC (generated from per-crop agro-climatic profiles)
371,9.2,164,16.0,82,629,8.1,Potato,SYNTHETIC (generated from per-crop agro-climatic profiles)
327,15.3,201,18.9,88,653,6.9,Tomato,SYNTHETIC (generated from per-crop agro-climatic profiles)
356,14.9,152,18.9,46,981,6.8,Onion,SYNTHETIC (generated from per-crop agro-climatic profiles)
388,15.9,176,32.0,69,856,6.2,Banana,SYNTHETIC (generated from per-crop agro-climatic profiles)
338,21.6,203,25.6,49,706,7.2,Chilli,SYNTHETIC (generated from per-crop agro-climatic profiles)
413,18.6,181,26.1,69,1040,7.7,Turmeric,SYNTHETIC (generated from per-crop agro-climatic profiles)
383,13.8,248,31.9,63,487,5.9,Ragi,SYNTHETIC (generated from per-crop agro-climatic profiles)
177,19.3,228,29.1,85,419,7.3,Green gram,SYNTHETIC (generated from per-crop agro-climatic profiles)
303,9.8,213,26.9,70,1172,6.3,Rice,SYNTHETIC (generated from per-crop agro-climatic profiles)
285,10.2,142,23.3,65,883,6.3,Wheat,SYNTHETIC (generated from per-crop agro-climatic profiles)
407,15.1,218,27.5,81,568,6.6,Maize,SYNTHETIC (generated from per-crop agro-climatic profiles)
240,19.9,129,26.4,46,574,7.1,Sorghum,SYNTHETIC (generated from per-crop agro-climatic profiles)
365,12.0,150,30.7,59,477,7.0,Pearl millet,SYNTHETIC (generated from per-crop agro-climatic profiles)
403,13.1,153,24.7,43,677,7.5,Cotton,SYNTHETIC (generated from per-crop agro-climatic profiles)
412,10.5,218,26.1,59,1385,7.1,Sugarcane,SYNTHETIC (generated from per-crop agro-climatic profiles)
257,6.9,162,32.0,67,346,6.3,Groundnut,SYNTHETIC (generated from per-crop agro-climatic profiles)
268,17.7,142,31.5,88,706,6.9,Soybean,SYNTHETIC (generated from per-crop agro-climatic profiles)
291,9.1,251,17.6,59,437,6.5,Chickpea,SYNTHETIC (generated from per-crop agro-climatic profiles)
271,6.5,186,30.5,80,408,7.9,Pigeon pea,SYNTHETIC (generated from per-crop agro-climatic profiles)
201,22.8,168,26.1,65,523,6.8,Lentil,SYNTHETIC (generated from per-crop agro-climatic profiles)
344,17.3,148,25.1,59,424,6.6,Mustard,SYNTHETIC (generated from per-crop agro-climatic profiles)
315,18.4,79,23.6,61,657,6.5,Sunflower,SYNTHETIC (generated from per-crop agro-climatic profiles)
358,13.9,187,14.2,88,557,7.5,Potato,SYNTHETIC (generated from per-crop agro-climatic profiles)
385,12.9,249,17.7,77,665,7.7,Tomato,SYNTHETIC (generated from per-crop agro-climatic profiles)
341,17.3,122,17.7,46,936,6.9,Onion,SYNTHETIC (generated from per-crop agro-climatic profiles)
394,19.9,183,28.1,71,967,6.6,Banana,SYNTHETIC (generated from per-crop agro-climatic profiles)
335,20.6,203,26.1,52,697,6.5,Chilli,SYNTHETIC (generated from per-crop agro-climatic profiles)
442,17.6,146,27.7,63,1465,7.8,Turmeric,SYNTHETIC (generated from per-crop agro-climatic profiles)
451,12.4,275,30.2,56,429,6.4,Ragi,SYNTHETIC (generated from per-crop agro-climatic profiles)
217,13.7,254,29.0,87,441,7.5,Green gram,SYNTHETIC (generated from per-crop agro-climatic profiles)
272,8.6,231,28.9,77,1046,6.1,Rice,SYNTHETIC (generated from per-crop agro-climatic profiles)
258,13.6,97,24.3,66,910,6.8,Wheat,SYNTHETIC (generated from per-crop agro-climatic profiles)
428,19.8,204,25.3,90,716,6.4,Maize,SYNTHETIC (generated from per-crop agro-climatic profiles)
314,19.3,205,27.0,49,432,7.8,Sorghum,SYNTHETIC (generated from per-crop agro-climatic profiles)
257,12.9,139,30.3,63,374,7.4,Pearl millet,SYNTHETIC (generated from per-crop agro-climatic profiles)
423,8.6,186,26.0,42,738,7.5,Cotton,SYNTHETIC (generated from per-crop agro-climatic profiles)
380,10.8,186,25.2,63,1466,6.7,Sugarcane,SYNTHETIC (generated from per-crop agro-climatic profiles)
204,13.8,172,32.4,69,391,6.4,Groundnut,SYNTHETIC (generated from per-crop agro-climatic profiles)
282,18.3,195,34.2,78,680,7.2,Soybean,SYNTHETIC (generated from per-crop agro-climatic profiles)
262,11.9,299,18.6,55,497,6.4,Chickpea,SYNTHETIC (generated from per-crop agro-climatic profiles)
235,15.6,232,27.9,91,434,7.8,Pigeon pea,SYNTHETIC (generated from per-crop agro-climatic profiles)
156,24.5,154,25.8,47,397,6.8,Lentil,SYNTHETIC (generated from per-crop agro-climatic profiles)
275,15.5,139,25.4,65,496,5.6,Mustard,SYNTHETIC (generated from per-crop agro-climatic profiles)
341,22.4,195,25.2,78,756,6.7,Sunflower,SYNTHETIC (generated from per-crop agro-climatic profiles)
365,10.8,210,17.0,85,669,7.2,Potato,SYNTHETIC (generated from per-crop agro-climatic profiles)
334,18.2,181,17.7,78,699,7.5,Tomato,SYNTHETIC (generated from per-crop agro-climatic profiles)
347,16.4,223,15.9,48,956,6.6,Onion,SYNTHETIC (generated from per-crop agro-climatic profiles)
419,8.0,273,27.6,63,809,6.0,Banana,SYNTHETIC (generated from per-crop agro-climatic profiles)
332,21.8,180,25.0,61,665,6.8,Chilli,SYNTHETIC (generated from per-crop agro-climatic profiles)
361,16.6,190,26.1,53,1524,7.6,Turmeric,SYNTHETIC (generated from per-crop agro-climatic profiles)
434,18.0,197,30.1,58,570,6.2,Ragi,SYNTHETIC (generated from per-crop agro-climatic profiles)
257,16.4,203,24.9,88,360,7.2,Green gram,SYNTHETIC (generated from per-crop agro-climatic profiles)
351,13.3,171,28.5,83,1534,6.0,Rice,SYNTHETIC (generated from per-crop agro-climatic profiles)
296,13.6,147,21.2,62,932,6.6,Wheat,SYNTHETIC (generated from per-crop agro-climatic profiles)
400,15.6,213,27.6,85,782,6.8,Maize,SYNTHETIC (generated from per-crop agro-climatic profiles)
303,12.1,205,24.4,41,570,7.7,Sorghum,SYNTHETIC (generated from per-crop agro-climatic profiles)
318,7.5,180,31.2,71,503,7.3,Pearl millet,SYNTHETIC (generated from per-crop agro-climatic profiles)
353,9.6,179,24.9,41,682,7.2,Cotton,SYNTHETIC (generated from per-crop agro-climatic profiles)
330,9.6,210,26.3,82,1558,7.0,Sugarcane,SYNTHETIC (generated from per-crop agro-climatic profiles)
221,7.3,116,31.5,77,332,5.8,Groundnut,SYNTHETIC (generated from per-crop agro-climatic profiles)
288,16.3,212,29.8,79,662,7.1,Soybean,SYNTHETIC (generated from per-crop agro-climatic profiles)
186,5.8,233,19.8,48,445,6.4,Chickpea,SYNTHETIC (generated from per-crop agro-climatic profiles)
235,9.5,231,29.8,77,449,7.5,Pigeon pea,SYNTHETIC (generated from per-crop agro-climatic profiles)
169,25.9,198,21.8,59,374,6.5,Lentil,SYNTHETIC (generated from per-crop agro-climatic profiles)
282,7.3,140,20.9,79,448,6.0,Mustard,SYNTHETIC (generated from per-crop agro-climatic profiles)
332,18.1,135,24.2,73,724,6.8,Sunflower,SYNTHETIC (generated from per-crop agro-climatic profiles)
424,13.5,180,15.4,79,634,7.9,Potato,SYNTHETIC (generated from per-crop agro-climatic profiles)
326,17.1,253,20.9,77,816,7.4,Tomato,SYNTHETIC (generated from per-crop agro-climatic profiles)
370,19.3,161,14.7,50,789,7.0,Onion,SYNTHETIC (generated from per-crop agro-climatic profiles)
395,16.5,243,29.2,67,1070,6.4,Banana,SYNTHETIC (generated from per-crop agro-climatic profiles)
312,21.8,175,23.7,48,699,6.4,Chilli,SYNTHETIC (generated from per-crop agro-climatic profiles)
416,8.6,231,26.3,58,1704,7.1,Turmeric,SYNTHETIC (generated from per-crop agro-climatic profiles)
379,12.4,219,29.2,66,520,6.5,Ragi,SYNTHETIC (generated from per-crop agro-climatic profiles)
264,16.5,224,26.3,79,372,7.7,Green gram,SYNTHETIC (generated from per-crop agro-climatic profiles)
366,19.5,259,29.7,73,1638,6.2,Rice,SYNTHETIC (generated from per-crop agro-climatic profiles)
288,12.7,120,23.1,69,829,6.6,Wheat,SYNTHETIC (generated from per-crop agro-climatic profiles)
470,17.4,267,28.6,91,839,6.4,Maize,SYNTHETIC (generated from per-crop agro-climatic profiles)
238,13.5,189,26.9,56,463,8.2,Sorghum,SYNTHETIC (generated from per-crop agro-climatic profiles)
344,9.9,162,30.3,66,459,7.5,Pearl millet,SYNTHETIC (generated from per-crop agro-climatic profiles)
448,11.1,162,24.4,43,802,7.5,Cotton,SYNTHETIC (generated from per-crop agro-climatic profiles)
428,8.2,205,27.0,81,1089,7.2,Sugarcane,SYNTHETIC (generated from per-crop agro-climatic profiles)
194,14.0,112,28.8,72,495,6.4,Groundnut,SYNTHETIC (generated from per-crop agro-climatic profiles)
317,7.8,158,27.9,91,753,7.2,Soybean,SYNTHETIC (generated from per-crop agro-climatic profiles)
271,9.4,286,19.7,44,476,6.7,Chickpea,SYNTHETIC (generated from per-crop agro-climatic profiles)
234,6.2,229,29.9,84,472,7.6,Pigeon pea,SYNTHETIC (generated from per-crop agro-climatic profiles)
215,27.5,207,22.4,55,441,6.3,Lentil,SYNTHETIC (generated from per-crop agro-climatic profiles)
307,14.9,202,23.8,72,527,6.6,Mustard,SYNTHETIC (generated from per-crop agro-climatic profiles)
310,16.3,145,23.1,62,760,6.1,Sunflower,SYNTHETIC (generated from per-crop agro-climatic profiles)
418,11.8,134,17.8,85,648,8.1,Potato,SYNTHETIC (generated from per-crop agro-climatic profiles)
375,19.2,234,22.1,75,658,7.1,Tomato,SYNTHETIC (generated from per-crop agro-climatic profiles)
427,16.2,153,18.2,43,793,6.4,Onion,SYNTHETIC (generated from per-crop agro-climatic profiles)
391,16.7,181,31.7,74,955,6.5,Banana,SYNTHETIC (generated from per-crop agro-climatic profiles)
343,21.6,204,27.7,60,721,6.4,Chilli,SYNTHETIC (generated from per-crop agro-climatic profiles)
398,15.3,187,27.2,73,1538,7.3,Turmeric,SYNTHETIC (generated from per-crop agro-climatic profiles)
371,13.7,250,28.6,62,541,6.1,Ragi,SYNTHETIC (generated from per-crop agro-climatic profiles)
211,21.2,260,28.6,75,536,7.1,Green gram,SYNTHETIC (generated from per-crop agro-climatic profiles)
306,8.8,221,29.5,69,1415,5.6,Rice,SYNTHETIC (generated from per-crop agro-climatic profiles)
354,11.1,168,21.7,65,781,6.5,Wheat,SYNTHETIC (generated from per-crop agro-climatic profiles)
405,20.3,197,26.4,91,774,6.5,Maize,SYNTHETIC (generated from per-crop agro-climatic profiles)
369,14.0,157,24.0,53,375,7.3,Sorghum,SYNTHETIC (generated from per-crop agro-climatic profiles)
308,4.5,125,30.7,59,351,7.2,Pearl millet,SYNTHETIC (generated from per-crop agro-climatic profiles)
329,14.6,146,24.7,44,763,7.3,Cotton,SYNTHETIC (generated from per-crop agro-climatic profiles)
310,7.4,214,24.2,68,1406,6.7,Sugarcane,SYNTHETIC (generated from per-crop agro-climatic profiles)
200,11.4,217,32.5,68,494,6.4,Groundnut,SYNTHETIC (generated from per-crop agro-climatic profiles)
273,17.9,213,31.6,86,733,7.7,Soybean,SYNTHETIC (generated from per-crop agro-climatic profiles)
290,6.7,245,17.0,44,525,6.2,Chickpea,SYNTHETIC (generated from per-crop agro-climatic profiles)
304,6.0,224,28.9,85,411,7.9,Pigeon pea,SYNTHETIC (generated from per-crop agro-climatic profiles)
212,18.4,171,24.4,45,457,6.0,Lentil,SYNTHETIC (generated from per-crop agro-climatic profiles)
345,15.5,152,20.2,72,456,6.7,Mustard,SYNTHETIC (generated from per-crop agro-climatic profiles)
350,20.8,71,22.1,71,735,6.2,Sunflower,SYNTHETIC (generated from per-crop agro-climatic profiles)
341,14.3,189,13.2,93,608,7.8,Potato,SYNTHETIC (generated from per-crop agro-climatic profiles)
384,13.1,226,18.0,77,864,7.3,Tomato,SYNTHETIC (generated from per-crop agro-climatic profiles)
370,15.8,164,16.6,38,958,6.4,Onion,SYNTHETIC (generated from per-crop agro-climatic profiles)
369,14.4,223,28.9,73,798,6.7,Banana,SYNTHETIC (generated from per-crop agro-climatic profiles)
334,22.5,184,23.0,61,592,6.4,Chilli,SYNTHETIC (generated from per-crop agro-climatic profiles)
457,17.7,209,22.8,59,1413,7.3,Turmeric,SYNTHETIC (generated from per-crop agro-climatic profiles)
381,17.1,270,28.7,63,402,6.6,Ragi,SYNTHETIC (generated from per-crop agro-climatic profiles)
186,16.0,259,28.2,72,434,7.2,Green gram,SYNTHETIC (generated from per-crop agro-climatic profiles)
256,7.7,229,30.4,83,1790,6.2,Rice,SYNTHETIC (generated from per-crop agro-climatic profiles)
322,14.0,171,21.3,66,878,7.4,Wheat,SYNTHETIC (generated from per-crop agro-climatic profiles)
386,16.0,210,25.5,83,906,6.3,Maize,SYNTHETIC (generated from per-crop agro-climatic profiles)
291,17.5,217,24.6,49,458,7.2,Sorghum,SYNTHETIC (generated from per-crop agro-climatic profiles)
281,11.3,180,26.7,67,521,7.5,Pearl millet,SYNTHETIC (generated from per-crop agro-climatic profiles)
381,11.7,167,24.4,53,746,8.2,Cotton,SYNTHETIC (generated from per-crop agro-climatic profiles)
364,10.6,228,22.9,72,1088,6.4,Sugarcane,SYNTHETIC (generated from per-crop agro-climatic profiles)
173,16.5,158,29.6,71,449,6.5,Groundnut,SYNTHETIC (generated from per-crop agro-climatic profiles)
204,17.3,238,30.7,87,815,6.9,Soybean,SYNTHETIC (generated from per-crop agro-climatic profiles)
232,6.9,236,15.7,55,523,6.4,Chickpea,SYNTHETIC (generated from per-crop agro-climatic profiles)
278,15.1,209,28.8,80,385,8.0,Pigeon pea,SYNTHETIC (generated from per-crop agro-climatic profiles)
172,19.4,232,23.5,46,440,6.5,Lentil,SYNTHETIC (generated from per-crop agro-climatic profiles)
287,17.8,160,23.8,66,475,6.2,Mustard,SYNTHETIC (generated from per-crop agro-climatic profiles)
350,23.0,148,23.7,66,807,6.6,Sunflower,SYNTHETIC (generated from per-crop agro-climatic profiles)
399,14.4,159,17.3,79,789,7.6,Potato,SYNTHETIC (generated from per-crop agro-climatic profiles)
358,10.2,280,17.2,59,800,7.0,Tomato,SYNTHETIC (generated from per-crop agro-climatic profiles)
400,17.8,92,16.7,46,1048,6.5,Onion,SYNTHETIC (generated from per-crop agro-climatic profiles)
440,18.0,206,27.5,64,928,6.3,Banana,SYNTHETIC (generated from per-crop agro-climatic profiles)
331,21.7,225,25.8,47,624,6.3,Chilli,SYNTHETIC (generated from per-crop agro-climatic profiles)
472,14.9,223,28.4,55,1800,7.8,Turmeric,SYNTHETIC (generated from per-crop agro-climatic profiles)
441,16.3,270,30.1,56,474,5.7,Ragi,SYNTHETIC (generated from per-crop agro-climatic profiles)
181,15.5,195,26.8,72,413,7.3,Green gram,SYNTHETIC (generated from per-crop agro-climatic profiles)
268,10.8,245,26.1,73,1449,6.4,Rice,SYNTHETIC (generated from per-crop agro-climatic profiles)
387,14.0,213,25.7,67,794,6.7,Wheat,SYNTHETIC (generated from per-crop agro-climatic profiles)
401,18.3,198,27.6,87,803,6.4,Maize,SYNTHETIC (generated from per-crop agro-climatic profiles)
255,15.1,158,23.6,57,369,7.6,Sorghum,SYNTHETIC (generated from per-crop agro-climatic profiles)
350,12.0,160,28.9,72,454,7.6,Pearl millet,SYNTHETIC (generated from per-crop agro-climatic profiles)
449,10.3,200,23.7,50,541,7.8,Cotton,SYNTHETIC (generated from per-crop agro-climatic profiles)
478,10.7,203,28.6,70,985,7.0,Sugarcane,SYNTHETIC (generated from per-crop agro-climatic profiles)
157,13.3,136,33.3,72,400,6.5,Groundnut,SYNTHETIC (generated from per-crop agro-climatic profiles)
261,20.9,222,32.7,81,723,7.5,Soybean,SYNTHETIC (generated from per-crop agro-climatic profiles)
245,3.4,239,15.7,62,474,6.7,Chickpea,SYNTHETIC (generated from per-crop agro-climatic profiles)
244,8.0,193,28.9,79,453,7.5,Pigeon pea,SYNTHETIC (generated from per-crop agro-climatic profiles)
174,23.0,167,25.0,67,439,5.6,Lentil,SYNTHETIC (generated from per-crop agro-climatic profiles)
350,15.2,158,24.5,68,424,5.9,Mustard,SYNTHETIC (generated from per-crop agro-climatic profiles)
320,17.2,119,22.9,60,896,6.6,Sunflower,SYNTHETIC (generated from per-crop agro-climatic profiles)
346,15.0,177,15.7,85,619,7.1,Potato,SYNTHETIC (generated from per-crop agro-climatic profiles)
363,14.9,205,21.0,75,685,7.4,Tomato,SYNTHETIC (generated from per-crop agro-climatic profiles)
377,21.5,126,16.3,39,996,6.7,Onion,SYNTHETIC (generated from per-crop agro-climatic profiles)
365,9.2,208,27.3,68,1032,6.9,Banana,SYNTHETIC (generated from per-crop agro-climatic profiles)
305,17.4,199,26.5,57,835,6.7,Chilli,SYNTHETIC (generated from per-crop agro-climatic profiles)
422,13.7,166,26.8,75,1484,8.1,Turmeric,SYNTHETIC (generated from per-crop agro-climatic profiles)
457,7.4,261,26.9,66,438,6.2,Ragi,SYNTHETIC (generated from per-crop agro-climatic profiles)
187,20.4,277,31.2,78,450,7.6,Green gram,SYNTHETIC (generated from per-crop agro-climatic profiles)
328,11.1,264,28.4,78,1562,6.2,Rice,SYNTHETIC (generated from per-crop agro-climatic profiles)
306,12.4,181,22.2,66,927,7.1,Wheat,SYNTHETIC (generated from per-crop agro-climatic profiles)
398,14.2,261,27.6,78,636,6.6,Maize,SYNTHETIC (generated from per-crop agro-climatic profiles)
247,19.4,169,22.8,56,467,7.6,Sorghum,SYNTHETIC (generated from per-crop agro-climatic profiles)
291,12.6,147,26.0,63,487,7.0,Pearl millet,SYNTHETIC (generated from per-crop agro-climatic profiles)
355,10.1,221,27.7,53,788,7.5,Cotton,SYNTHETIC (generated from per-crop agro-climatic profiles)
375,10.9,219,24.2,69,1645,7.1,Sugarcane,SYNTHETIC (generated from per-crop agro-climatic profiles)
223,6.2,177,31.1,62,439,6.7,Groundnut,SYNTHETIC (generated from per-crop agro-climatic profiles)
253,17.8,194,31.1,73,636,7.0,Soybean,SYNTHETIC (generated from per-crop agro-climatic profiles)
228,7.1,268,19.1,57,455,6.5,Chickpea,SYNTHETIC (generated from per-crop agro-climatic profiles)
315,7.0,166,27.5,76,413,7.8,Pigeon pea,SYNTHETIC (generated from per-crop agro-climatic profiles)
200,17.7,193,24.6,50,435,6.7,Lentil,SYNTHETIC (generated from per-crop agro-climatic profiles)
411,14.7,134,21.9,78,525,6.3,Mustard,SYNTHETIC (generated from per-crop agro-climatic profiles)
353,16.8,158,24.6,68,701,6.6,Sunflower,SYNTHETIC (generated from per-crop agro-climatic profiles)
380,17.2,221,16.6,86,613,6.7,Potato,SYNTHETIC (generated from per-crop agro-climatic profiles)
317,14.7,225,15.9,79,687,7.7,Tomato,SYNTHETIC (generated from per-crop agro-climatic profiles)
384,20.0,100,16.3,53,852,6.3,Onion,SYNTHETIC (generated from per-crop agro-climatic profiles)
408,15.0,200,29.7,66,819,6.7,Banana,SYNTHETIC (generated from per-crop agro-climatic profiles)
316,17.9,285,26.9,63,697,6.4,Chilli,SYNTHETIC (generated from per-crop agro-climatic profiles)
385,14.6,134,23.0,60,1418,7.4,Turmeric,SYNTHETIC (generated from per-crop agro-climatic profiles)
433,11.9,257,30.0,60,401,6.9,Ragi,SYNTHETIC (generated from per-crop agro-climatic profiles)
272,17.8,246,28.3,89,420,7.7,Green gram,SYNTHETIC (generated from per-crop agro-climatic profiles)
270,6.5,227,28.1,80,1146,6.2,Rice,SYNTHETIC (generated from per-crop agro-climatic profiles)
310,16.9,114,24.8,71,852,7.0,Wheat,SYNTHETIC (generated from per-crop agro-climatic profiles)
429,16.3,276,27.3,90,730,6.4,Maize,SYNTHETIC (generated from per-crop agro-climatic profiles)
324,11.4,227,24.9,50,477,7.7,Sorghum,SYNTHETIC (generated from per-crop agro-climatic profiles)
308,10.4,141,33.1,60,501,6.9,Pearl millet,SYNTHETIC (generated from per-crop agro-climatic profiles)
368,12.7,65,23.7,39,746,7.4,Cotton,SYNTHETIC (generated from per-crop agro-climatic profiles)
335,9.3,189,26.6,60,1396,6.9,Sugarcane,SYNTHETIC (generated from per-crop agro-climatic profiles)
199,15.3,180,32.4,76,352,6.4,Groundnut,SYNTHETIC (generated from per-crop agro-climatic profiles)
285,14.9,194,34.1,83,794,7.5,Soybean,SYNTHETIC (generated from per-crop agro-climatic profiles)
283,14.3,252,17.3,54,449,6.4,Chickpea,SYNTHETIC (generated from per-crop agro-climatic profiles)
267,6.4,253,28.4,81,381,7.3,Pigeon pea,SYNTHETIC (generated from per-crop agro-climatic profiles)
178,23.3,152,23.0,54,441,6.2,Lentil,SYNTHETIC (generated from per-crop agro-climatic profiles)
329,11.9,119,22.9,56,473,6.4,Mustard,SYNTHETIC (generated from per-crop agro-climatic profiles)
334,19.3,134,22.5,66,832,6.9,Sunflower,SYNTHETIC (generated from per-crop agro-climatic profiles)
400,18.1,222,15.4,80,653,7.6,Potato,SYNTHETIC (generated from per-crop agro-climatic profiles)
375,15.4,235,20.7,65,750,7.9,Tomato,SYNTHETIC (generated from per-crop agro-climatic profiles)
394,19.5,131,17.9,45,868,7.0,Onion,SYNTHETIC (generated from per-crop agro-climatic profiles)
379,16.7,230,29.0,75,1157,6.1,Banana,SYNTHETIC (generated from per-crop agro-climatic profiles)
312,19.5,183,23.6,47,829,6.4,Chilli,SYNTHETIC (generated from per-crop agro-climatic profiles)
453,13.7,197,25.6,59,1423,7.9,Turmeric,SYNTHETIC (generated from per-crop agro-climatic profiles)
409,13.7,250,32.3,61,437,6.0,Ragi,SYNTHETIC (generated from per-crop agro-climatic profiles)
226,15.7,176,26.7,84,401,7.6,Green gram,SYNTHETIC (generated from per-crop agro-climatic profiles)
346,13.3,263,29.1,86,1256,5.6,Rice,SYNTHETIC (generated from per-crop agro-climatic profiles)
287,13.1,184,24.0,75,808,6.9,Wheat,SYNTHETIC (generated from per-crop agro-climatic profiles)
322,13.3,276,27.6,85,713,6.3,Maize,SYNTHETIC (generated from per-crop agro-climatic profiles)
281,19.4,231,24.4,53,551,7.5,Sorghum,SYNTHETIC (generated from per-crop agro-climatic profiles)
271,13.0,117,26.7,68,423,7.6,Pearl millet,SYNTHETIC (generated from per-crop agro-climatic profiles)
364,9.5,158,27.4,41,678,6.6,Cotton,SYNTHETIC (generated from per-crop agro-climatic profiles)
393,3.3,234,26.3,80,1309,6.9,Sugarcane,SYNTHETIC (generated from per-crop agro-climatic profiles)
144,13.3,176,30.6,73,368,7.0,Groundnut,SYNTHETIC (generated from per-crop agro-climatic profiles)
275,12.1,206,29.6,87,562,7.2,Soybean,SYNTHETIC (generated from per-crop agro-climatic profiles)
301,11.1,190,17.5,53,478,6.6,Chickpea,SYNTHETIC (generated from per-crop agro-climatic profiles)
286,9.2,175,29.7,73,446,7.3,Pigeon pea,SYNTHETIC (generated from per-crop agro-climatic profiles)
303,16.8,204,20.2,62,413,6.5,Lentil,SYNTHETIC (generated from per-crop agro-climatic profiles)
361,16.4,175,22.8,73,486,5.7,Mustard,SYNTHETIC (generated from per-crop agro-climatic profiles)
303,21.2,157,20.6,64,642,6.7,Sunflower,SYNTHETIC (generated from per-crop agro-climatic profiles)
371,14.4,222,16.3,80,660,7.6,Potato,SYNTHETIC (generated from per-crop agro-climatic profiles)
313,12.6,217,17.6,66,861,8.0,Tomato,SYNTHETIC (generated from per-crop agro-climatic profiles)
458,18.4,159,16.3,44,814,7.1,Onion,SYNTHETIC (generated from per-crop agro-climatic profiles)
393,17.9,241,29.0,72,807,6.2,Banana,SYNTHETIC (generated from per-crop agro-climatic profiles)
270,17.9,173,26.8,57,690,6.8,Chilli,SYNTHETIC (generated from per-crop agro-climatic profiles)
391,14.3,146,25.8,62,1248,7.7,Turmeric,SYNTHETIC (generated from per-crop agro-climatic profiles)
388,7.9,213,30.8,52,474,5.9,Ragi,SYNTHETIC (generated from per-crop agro-climatic profiles)
188,16.1,194,26.5,88,490,7.5,Green gram,SYNTHETIC (generated from per-crop agro-climatic profiles)
321,12.1,239,29.7,76,1420,6.4,Rice,SYNTHETIC (generated from per-crop agro-climatic profiles)
331,12.9,191,25.4,59,833,7.1,Wheat,SYNTHETIC (generated from per-crop agro-climatic profiles)
415,15.6,318,29.3,81,695,6.5,Maize,SYNTHETIC (generated from per-crop agro-climatic profiles)
308,14.5,188,25.8,46,476,7.3,Sorghum,SYNTHETIC (generated from per-crop agro-climatic profiles)
367,6.4,195,30.9,63,531,7.3,Pearl millet,SYNTHETIC (generated from per-crop agro-climatic profiles)
384,12.4,146,25.0,43,740,7.6,Cotton,SYNTHETIC (generated from per-crop agro-climatic profiles)
431,14.6,209,27.7,72,1309,6.9,Sugarcane,SYNTHETIC (generated from per-crop agro-climatic profiles)
200,18.2,144,30.8,70,456,6.3,Groundnut,SYNTHETIC (generated from per-crop agro-climatic profiles)
246,13.7,190,33.8,83,837,7.3,Soybean,SYNTHETIC (generated from per-crop agro-climatic profiles)
221,14.6,277,17.2,48,454,6.8,Chickpea,SYNTHETIC (generated from per-crop agro-climatic profiles)
310,11.2,261,28.6,85,424,7.7,Pigeon pea,SYNTHETIC (generated from per-crop agro-climatic profiles)
285,21.2,151,24.5,67,410,6.5,Lentil,SYNTHETIC (generated from per-crop agro-climatic profiles)
341,15.8,147,23.6,60,549,6.1,Mustard,SYNTHETIC (generated from per-crop agro-climatic profiles)
410,21.7,120,24.6,74,649,6.5,Sunflower,SYNTHETIC (generated from per-crop agro-climatic profiles)
365,7.9,204,18.0,86,667,7.6,Potato,SYNTHETIC (generated from per-crop agro-climatic profiles)
354,9.1,247,19.1,72,726,7.3,Tomato,SYNTHETIC (generated from per-crop agro-climatic profiles)
396,19.7,120,19.0,41,919,7.0,Onion,SYNTHETIC (generated from per-crop agro-climatic profiles)
369,9.0,208,28.8,76,886,6.6,Banana,SYNTHETIC (generated from per-crop agro-climatic profiles)
391,18.0,213,27.4,47,646,6.7,Chilli,SYNTHETIC (generated from per-crop agro-climatic profiles)
389,11.5,181,24.8,60,1471,8.0,Turmeric,SYNTHETIC (generated from per-crop agro-climatic profiles)
431,14.5,200,27.2,59,508,6.8,Ragi,SYNTHETIC (generated from per-crop agro-climatic profiles)
224,23.3,185,27.7,74,421,7.6,Green gram,SYNTHETIC (generated from per-crop agro-climatic profiles)
304,10.1,204,30.3,80,1441,6.1,Rice,SYNTHETIC (generated from per-crop agro-climatic profiles)
282,10.0,184,22.8,64,929,6.7,Wheat,SYNTHETIC (generated from per-crop agro-climatic profiles)
456,12.2,273,29.0,87,548,6.6,Maize,SYNTHETIC (generated from per-crop agro-climatic profiles)
274,19.4,158,26.3,43,381,7.5,Sorghum,SYNTHETIC (generated from per-crop agro-climatic profiles)
346,8.5,155,29.5,69,403,7.7,Pearl millet,SYNTHETIC (generated from per-crop agro-climatic profiles)
383,12.1,204,24.3,48,647,7.2,Cotton,SYNTHETIC (generated from per-crop agro-climatic profiles)
441,10.2,189,25.5,68,1122,7.3,Sugarcane,SYNTHETIC (generated from per-crop agro-climatic profiles)
212,7.8,172,31.8,70,451,6.6,Groundnut,SYNTHETIC (generated from per-crop agro-climatic profiles)
260,17.0,188,34.0,95,646,7.2,Soybean,SYNTHETIC (generated from per-crop agro-climatic profiles)
208,14.1,260,17.1,60,401,6.3,Chickpea,SYNTHETIC (generated from per-crop agro-climatic profiles)
245,14.0,210,28.0,85,290,7.7,Pigeon pea,SYNTHETIC (generated from per-crop agro-climatic profiles)
220,21.7,160,24.4,38,441,6.3,Lentil,SYNTHETIC (generated from per-crop agro-climatic profiles)
397,13.6,204,23.9,83,456,6.1,Mustard,SYNTHETIC (generated from per-crop agro-climatic profiles)
378,20.9,158,23.9,67,611,6.3,Sunflower,SYNTHETIC (generated from per-crop agro-climatic profiles)
396,10.4,213,16.0,91,654,7.3,Potato,SYNTHETIC (generated from per-crop agro-climatic profiles)
370,17.1,226,20.1,68,732,7.3,Tomato,SYNTHETIC (generated from per-crop agro-climatic profiles)
323,14.7,135,17.0,50,750,6.5,Onion,SYNTHETIC (generated from per-crop agro-climatic profiles)
390,14.8,237,26.3,80,876,6.9,Banana,SYNTHETIC (generated from per-crop agro-climatic profiles)
365,16.7,177,22.1,45,678,6.4,Chilli,SYNTHETIC (generated from per-crop agro-climatic profiles)
384,13.5,169,24.8,64,1156,7.8,Turmeric,SYNTHETIC (generated from per-crop agro-climatic profiles)
408,15.0,233,29.3,52,620,6.4,Ragi,SYNTHETIC (generated from per-crop agro-climatic profiles)
210,20.2,205,25.8,77,539,7.2,Green gram,SYNTHETIC (generated from per-crop agro-climatic profiles)
351,15.0,227,28.8,72,1452,6.4,Rice,SYNTHETIC (generated from per-crop agro-climatic profiles)
369,8.0,150,20.9,72,860,6.9,Wheat,SYNTHETIC (generated from per-crop agro-climatic profiles)
401,14.4,306,29.9,87,680,6.3,Maize,SYNTHETIC (generated from per-crop agro-climatic profiles)
303,14.0,158,25.1,44,378,7.1,Sorghum,SYNTHETIC (generated from per-crop agro-climatic profiles)
330,9.2,172,30.9,55,410,6.7,Pearl millet,SYNTHETIC (generated from per-crop agro-climatic profiles)
467,10.5,115,25.7,38,772,7.3,Cotton,SYNTHETIC (generated from per-crop agro-climatic profiles)
381,5.4,177,25.6,71,1724,6.0,Sugarcane,SYNTHETIC (generated from per-crop agro-climatic profiles)
210,11.8,159,29.7,65,336,6.6,Groundnut,SYNTHETIC (generated from per-crop agro-climatic profiles)
248,21.7,234,31.7,98,659,7.4,Soybean,SYNTHETIC (generated from per-crop agro-climatic profiles)
174,11.7,265,18.5,50,455,6.3,Chickpea,SYNTHETIC (generated from per-crop agro-climatic profiles)
257,9.6,235,29.6,87,458,7.6,Pigeon pea,SYNTHETIC (generated from per-crop agro-climatic profiles)
230,20.7,176,23.1,54,523,6.5,Lentil,SYNTHETIC (generated from per-crop agro-climatic profiles)
374,16.9,179,22.9,67,441,6.3,Mustard,SYNTHETIC (generated from per-crop agro-climatic profiles)
285,23.1,129,21.1,72,681,6.8,Sunflower,SYNTHETIC (generated from per-crop agro-climatic profiles)
348,12.0,232,16.0,87,611,7.5,Potato,SYNTHETIC (generated from per-crop agro-climatic profiles)
318,11.6,235,18.9,69,750,7.9,Tomato,SYNTHETIC (generated from per-crop agro-climatic profiles)
422,19.4,123,17.8,41,871,7.2,Onion,SYNTHETIC (generated from per-crop agro-climatic profiles)
364,13.4,239,30.2,65,877,6.9,Banana,SYNTHETIC (generated from per-crop agro-climatic profiles)
390,18.9,196,26.0,58,663,6.6,Chilli,SYNTHETIC (generated from per-crop agro-climatic profiles)
547,18.4,211,25.4,64,1451,7.4,Turmeric,SYNTHETIC (generated from per-crop agro-climatic profiles)
391,11.7,239,28.1,50,420,6.2,Ragi,SYNTHETIC (generated from per-crop agro-climatic profiles)
169,13.7,179,27.8,84,405,7.0,Green gram,SYNTHETIC (generated from per-crop agro-climatic profiles)
320,12.9,223,30.7,74,1603,6.4,Rice,SYNTHETIC (generated from per-crop agro-climatic profiles)
274,14.8,188,23.7,55,818,6.7,Wheat,SYNTHETIC (generated from per-crop agro-climatic profiles)
452,20.3,230,27.5,76,763,7.0,Maize,SYNTHETIC (generated from per-crop agro-climatic profiles)
228,10.1,162,25.3,47,426,7.7,Sorghum,SYNTHETIC (generated from per-crop agro-climatic profiles)
330,12.9,150,28.3,70,539,6.7,Pearl millet,SYNTHETIC (generated from per-crop agro-climatic profiles)
443,6.7,205,23.0,49,752,7.5,Cotton,SYNTHETIC (generated from per-crop agro-climatic profiles)
418,12.4,210,24.7,65,1527,6.6,Sugarcane,SYNTHETIC (generated from per-crop agro-climatic profiles)
115,11.8,142,32.0,71,480,6.7,Groundnut,SYNTHETIC (generated from per-crop agro-climatic profiles)
290,12.8,232,33.9,84,771,7.1,Soybean,SYNTHETIC (generated from per-crop agro-climatic profiles)
146,8.2,289,16.8,60,514,6.3,Chickpea,SYNTHETIC (generated from per-crop agro-climatic profiles)
252,9.1,196,29.3,70,283,7.7,Pigeon pea,SYNTHETIC (generated from per-crop agro-climatic profiles)
189,18.0,223,23.6,44,483,6.8,Lentil,SYNTHETIC (generated from per-crop agro-climatic profiles)
379,17.2,160,22.5,74,588,6.1,Mustard,SYNTHETIC (generated from per-crop agro-climatic profiles)
317,23.0,128,22.5,64,793,6.7,Sunflower,SYNTHETIC (generated from per-crop agro-climatic profiles)
367,13.9,185,15.6,86,620,7.6,Potato,SYNTHETIC (generated from per-crop agro-climatic profiles)
375,11.4,175,17.5,72,796,7.4,Tomato,SYNTHETIC (generated from per-crop agro-climatic profiles)
393,16.5,99,15.2,49,729,7.1,Onion,SYNTHETIC (generated from per-crop agro-climatic profiles)
403,12.3,212,27.0,80,862,6.1,Banana,SYNTHETIC (generated from per-crop agro-climatic profiles)
432,20.2,220,25.8,54,759,6.9,Chilli,SYNTHETIC (generated from per-crop agro-climatic profiles)
400,14.9,193,25.7,71,1691,6.8,Turmeric,SYNTHETIC (generated from per-crop agro-climatic profiles)
438,15.4,258,30.6,60,558,5.4,Ragi,SYNTHETIC (generated from per-crop agro-climatic profiles)
147,15.0,220,26.2,83,411,6.9,Green gram,SYNTHETIC (generated from per-crop agro-climatic profiles)
335,14.1,301,29.4,73,1361,5.5,Rice,SYNTHETIC (generated from per-crop agro-climatic profiles)
353,12.8,156,22.7,58,629,6.7,Wheat,SYNTHETIC (generated from per-crop agro-climatic profiles)
389,17.2,252,28.2,81,955,6.8,Maize,SYNTHETIC (generated from per-crop agro-climatic profiles)
262,19.3,198,23.0,54,449,7.4,Sorghum,SYNTHETIC (generated from per-crop agro-climatic profiles)
318,9.5,145,30.5,75,435,6.8,Pearl millet,SYNTHETIC (generated from per-crop agro-climatic profiles)
390,8.1,146,23.5,48,582,7.2,Cotton,SYNTHETIC (generated from per-crop agro-climatic profiles)
450,5.6,157,28.4,70,1214,6.6,Sugarcane,SYNTHETIC (generated from per-crop agro-climatic profiles)
283,16.1,177,32.2,67,426,6.5,Groundnut,SYNTHETIC (generated from per-crop agro-climatic profiles)
243,16.6,253,28.8,81,653,7.4,Soybean,SYNTHETIC (generated from per-crop agro-climatic profiles)
275,5.7,236,16.1,57,437,6.7,Chickpea,SYNTHETIC (generated from per-crop agro-climatic profiles)
339,4.2,168,29.4,82,363,7.6,Pigeon pea,SYNTHETIC (generated from per-crop agro-climatic profiles)
217,16.1,206,24.2,51,382,6.1,Lentil,SYNTHETIC (generated from per-crop agro-climatic profiles)
359,19.2,171,22.7,69,466,6.3,Mustard,SYNTHETIC (generated from per-crop agro-climatic profiles)
351,13.3,170,25.6,60,677,6.9,Sunflower,SYNTHETIC (generated from per-crop agro-climatic profiles)
371,10.7,145,16.0,76,649,7.5,Potato,SYNTHETIC (generated from per-crop agro-climatic profiles)
401,18.8,221,20.5,69,711,7.9,Tomato,SYNTHETIC (generated from per-crop agro-climatic profiles)
463,22.0,110,15.3,49,814,6.5,Onion,SYNTHETIC (generated from per-crop agro-climatic profiles)
395,13.2,274,31.0,80,876,7.0,Banana,SYNTHETIC (generated from per-crop agro-climatic profiles)
334,22.6,223,24.6,57,677,6.8,Chilli,SYNTHETIC (generated from per-crop agro-climatic profiles)
401,16.8,213,27.3,75,1720,7.3,Turmeric,SYNTHETIC (generated from per-crop agro-climatic profiles)
384,17.4,286,26.7,65,363,6.4,Ragi,SYNTHETIC (generated from per-crop agro-climatic profiles)
249,18.9,211,27.1,87,487,7.6,Green gram,SYNTHETIC (generated from per-crop agro-climatic profiles)
337,9.1,180,27.7,75,1707,6.4,Rice,SYNTHETIC (generated from per-crop agro-climatic profiles)
398,14.4,197,19.8,55,1009,6.9,Wheat,SYNTHETIC (generated from per-crop agro-climatic profiles)
397,10.9,269,27.8,72,833,6.4,Maize,SYNTHETIC (generated from per-crop agro-climatic profiles)
287,17.5,164,23.4,43,525,7.3,Sorghum,SYNTHETIC (generated from per-crop agro-climatic profiles)
329,12.3,155,28.2,69,452,7.1,Pearl millet,SYNTHETIC (generated from per-crop agro-climatic profiles)
383,11.1,186,24.8,44,777,7.5,Cotton,SYNTHETIC (generated from per-crop agro-climatic profiles)
390,6.1,197,26.8,69,1441,6.8,Sugarcane,SYNTHETIC (generated from per-crop agro-climatic profiles)
136,7.6,197,33.8,77,380,6.6,Groundnut,SYNTHETIC (generated from per-crop agro-climatic profiles)
243,13.9,245,29.4,83,681,7.0,Soybean,SYNTHETIC (generated from per-crop agro-climatic profiles)
290,14.4,200,17.9,54,399,6.3,Chickpea,SYNTHETIC (generated from per-crop agro-climatic profiles)
280,10.9,249,30.4,71,399,7.5,Pigeon pea,SYNTHETIC (generated from per-crop agro-climatic profiles)
237,13.3,249,23.2,53,361,6.3,Lentil,SYNTHETIC (generated from per-crop agro-climatic profiles)
304,17.0,144,22.9,64,424,6.4,Mustard,SYNTHETIC (generated from per-crop agro-climatic profiles)
301,18.6,117,23.6,72,747,7.0,Sunflower,SYNTHETIC (generated from per-crop agro-climatic profiles)
414,15.2,199,15.0,79,628,7.3,Potato,SYNTHETIC (generated from per-crop agro-climatic profiles)
323,17.2,250,14.5,72,859,7.4,Tomato,SYNTHETIC (generated from per-crop agro-climatic profiles)
417,20.3,144,16.4,38,744,6.8,Onion,SYNTHETIC (generated from per-crop agro-climatic profiles)
346,17.1,245,29.8,67,1026,5.7,Banana,SYNTHETIC (generated from per-crop agro-climatic profiles)
317,14.5,207,24.5,46,556,6.7,Chilli,SYNTHETIC (generated from per-crop agro-climatic profiles)
421,12.8,207,25.1,66,1211,8.0,Turmeric,SYNTHETIC (generated from per-crop agro-climatic profiles)
474,12.1,281,29.0,64,351,6.0,Ragi,SYNTHETIC (generated from per-crop agro-climatic profiles)
241,24.0,207,25.5,85,377,6.9,Green gram,SYNTHETIC (generated from per-crop agro-climatic profiles)
305,13.8,205,28.3,77,1547,5.7,Rice,SYNTHETIC (generated from per-crop agro-climatic profiles)
314,12.6,166,23.0,65,833,7.1,Wheat,SYNTHETIC (generated from per-crop agro-climatic profiles)
424,20.0,229,26.2,83,774,6.5,Maize,SYNTHETIC (generated from per-crop agro-climatic profiles)
229,12.4,162,25.7,39,503,7.2,Sorghum,SYNTHETIC (generated from per-crop agro-climatic profiles)
296,5.7,157,30.0,76,467,7.1,Pearl millet,SYNTHETIC (generated from per-crop agro-climatic profiles)
387,11.3,228,24.3,55,757,7.3,Cotton,SYNTHETIC (generated from per-crop agro-climatic profiles)
394,4.8,208,24.3,71,1383,7.0,Sugarcane,SYNTHETIC (generated from per-crop agro-climatic profiles)
171,14.7,156,30.4,71,345,6.4,Groundnut,SYNTHETIC (generated from per-crop agro-climatic profiles)
235,14.3,162,28.2,81,694,7.3,Soybean,SYNTHETIC (generated from per-crop agro-climatic profiles)
232,11.3,231,16.5,64,471,6.2,Chickpea,SYNTHETIC (generated from per-crop agro-climatic profiles)
260,7.6,268,29.3,72,395,7.2,Pigeon pea,SYNTHETIC (generated from per-crop agro-climatic profiles)
191,19.7,181,23.4,52,487,6.6,Lentil,SYNTHETIC (generated from per-crop agro-climatic profiles)
378,14.9,128,25.0,80,424,5.9,Mustard,SYNTHETIC (generated from per-crop agro-climatic profiles)
370,20.9,118,20.7,56,675,7.1,Sunflower,SYNTHETIC (generated from per-crop agro-climatic profiles)
385,12.7,236,16.7,81,514,7.2,Potato,SYNTHETIC (generated from per-crop agro-climatic profiles)
391,14.5,172,18.1,74,779,8.0,Tomato,SYNTHETIC (generated from per-crop agro-climatic profiles)
427,15.6,126,17.4,48,818,7.0,Onion,SYNTHETIC (generated from per-crop agro-climatic profiles)
383,16.8,216,28.5,71,933,6.5,Banana,SYNTHETIC (generated from per-crop agro-climatic profiles)
336,22.8,263,27.0,49,774,6.8,Chilli,SYNTHETIC (generated from per-crop agro-climatic profiles)
460,16.6,199,22.8,60,1613,7.9,Turmeric,SYNTHETIC (generated from per-crop agro-climatic profiles)
368,10.6,264,29.4,64,490,6.5,Ragi,SYNTHETIC (generated from per-crop agro-climatic profiles)
265,15.9,190,29.0,83,474,6.9,Green gram,SYNTHETIC (generated from per-crop agro-climatic profiles)
314,15.2,245,28.9,65,1192,6.4,Rice,SYNTHETIC (generated from per-crop agro-climatic profiles)
348,13.4,191,23.2,59,890,6.9,Wheat,SYNTHETIC (generated from per-crop agro-climatic profiles)
406,17.8,244,27.5,84,854,7.0,Maize,SYNTHETIC (generated from per-crop agro-climatic profiles)
296,17.5,202,28.4,57,481,7.5,Sorghum,SYNTHETIC (generated from per-crop agro-climatic profiles)
253,9.7,161,29.3,66,486,7.2,Pearl millet,SYNTHETIC (generated from per-crop agro-climatic profiles)
371,12.4,162,24.9,57,717,7.3,Cotton,SYNTHETIC (generated from per-crop agro-climatic profiles)
411,16.9,212,25.4,86,1506,7.1,Sugarcane,SYNTHETIC (generated from per-crop agro-climatic profiles)
163,13.6,195,32.2,56,403,6.4,Groundnut,SYNTHETIC (generated from per-crop agro-climatic profiles)
214,11.4,237,30.5,82,683,7.4,Soybean,SYNTHETIC (generated from per-crop agro-climatic profiles)
254,12.7,258,18.3,60,509,6.5,Chickpea,SYNTHETIC (generated from per-crop agro-climatic profiles)
273,14.7,205,28.4,84,447,7.4,Pigeon pea,SYNTHETIC (generated from per-crop agro-climatic profiles)
224,19.6,187,23.4,56,529,6.8,Lentil,SYNTHETIC (generated from per-crop agro-climatic profiles)
356,12.6,155,22.9,61,422,5.5,Mustard,SYNTHETIC (generated from per-crop agro-climatic profiles)
319,15.3,140,22.4,76,794,5.7,Sunflower,SYNTHETIC (generated from per-crop agro-climatic profiles)
346,13.1,178,15.6,74,633,7.4,Potato,SYNTHETIC (generated from per-crop agro-climatic profiles)
304,11.9,216,22.1,70,856,7.9,Tomato,SYNTHETIC (generated from per-crop agro-climatic profiles)
375,19.2,112,13.7,45,910,6.6,Onion,SYNTHETIC (generated from per-crop agro-climatic profiles)
442,16.3,156,27.7,71,973,6.6,Banana,SYNTHETIC (generated from per-crop agro-climatic profiles)
349,22.7,152,25.3,47,832,6.8,Chilli,SYNTHETIC (generated from per-crop agro-climatic profiles)
443,17.0,187,24.8,63,1550,8.1,Turmeric,SYNTHETIC (generated from per-crop agro-climatic profiles)
459,11.3,260,31.2,55,444,6.1,Ragi,SYNTHETIC (generated from per-crop agro-climatic profiles)
170,17.4,205,28.6,81,419,7.1,Green gram,SYNTHETIC (generated from per-crop agro-climatic profiles)
366,14.8,192,29.1,72,1168,6.1,Rice,SYNTHETIC (generated from per-crop agro-climatic profiles)
387,13.7,148,23.9,68,822,7.2,Wheat,SYNTHETIC (generated from per-crop agro-climatic profiles)
362,20.5,266,28.3,83,586,6.2,Maize,SYNTHETIC (generated from per-crop agro-climatic profiles)
294,13.1,159,25.7,39,471,7.2,Sorghum,SYNTHETIC (generated from per-crop agro-climatic profiles)
284,12.9,119,25.7,76,418,6.9,Pearl millet,SYNTHETIC (generated from per-crop agro-climatic profiles)
434,8.8,149,25.4,48,737,7.9,Cotton,SYNTHETIC (generated from per-crop agro-climatic profiles)
438,10.3,236,27.7,67,1568,7.7,Sugarcane,SYNTHETIC (generated from per-crop agro-climatic profiles)
172,13.9,95,31.6,73,432,6.5,Groundnut,SYNTHETIC (generated from per-crop agro-climatic profiles)
296,13.9,179,31.6,88,663,7.3,Soybean,SYNTHETIC (generated from per-crop agro-climatic profiles)
229,13.0,266,17.8,51,382,6.7,Chickpea,SYNTHETIC (generated from per-crop agro-climatic profiles)
366,11.1,197,32.0,89,475,7.5,Pigeon pea,SYNTHETIC (generated from per-crop agro-climatic profiles)
194,18.6,182,23.5,50,470,6.5,Lentil,SYNTHETIC (generated from per-crop agro-climatic profiles)
332,9.9,127,23.0,69,394,6.1,Mustard,SYNTHETIC (generated from per-crop agro-climatic profiles)
352,20.5,146,24.4,71,590,6.6,Sunflower,SYNTHETIC (generated from per-crop agro-climatic profiles)
405,11.2,213,13.7,92,619,7.1,Potato,SYNTHETIC (generated from per-crop agro-climatic profiles)
306,16.1,210,21.5,70,804,8.0,Tomato,SYNTHETIC (generated from per-crop agro-climatic profiles)
410,17.4,132,18.8,55,835,6.6,Onion,SYNTHETIC (generated from per-crop agro-climatic profiles)
382,16.0,272,29.9,71,936,6.6,Banana,SYNTHETIC (generated from per-crop agro-climatic profiles)
281,21.4,272,24.6,38,837,6.5,Chilli,SYNTHETIC (generated from per-crop agro-climatic profiles)
433,17.6,220,28.6,66,1546,7.9,Turmeric,SYNTHETIC (generated from per-crop agro-climatic profiles)
362,19.0,139,30.1,64,505,5.4,Ragi,SYNTHETIC (generated from per-crop agro-climatic profiles)
169,20.7,256,26.8,80,433,7.6,Green gram,SYNTHETIC (generated from per-crop agro-climatic profiles)
377,12.6,244,28.2,76,1513,6.4,Rice,SYNTHETIC (generated from per-crop agro-climatic profiles)
305,14.8,130,19.1,70,902,7.3,Wheat,SYNTHETIC (generated from per-crop agro-climatic profiles)
364,19.3,238,29.8,86,745,6.2,Maize,SYNTHETIC (generated from per-crop agro-climatic profiles)
310,15.4,171,26.9,51,369,7.4,Sorghum,SYNTHETIC (generated from per-crop agro-climatic profiles)
344,7.3,120,27.0,58,481,7.1,Pearl millet,SYNTHETIC (generated from per-crop agro-climatic profiles)
348,8.3,148,26.2,38,542,7.6,Cotton,SYNTHETIC (generated from per-crop agro-climatic profiles)
404,14.1,230,24.9,75,1524,6.6,Sugarcane,SYNTHETIC (generated from per-crop agro-climatic profiles)
193,12.7,166,30.4,78,470,6.6,Groundnut,SYNTHETIC (generated from per-crop agro-climatic profiles)
310,14.3,200,31.3,79,808,7.0,Soybean,SYNTHETIC (generated from per-crop agro-climatic profiles)
167,8.8,233,17.8,40,446,6.5,Chickpea,SYNTHETIC (generated from per-crop agro-climatic profiles)
328,9.3,239,29.0,80,373,8.3,Pigeon pea,SYNTHETIC (generated from per-crop agro-climatic profiles)
195,20.0,228,22.3,61,487,6.5,Lentil,SYNTHETIC (generated from per-crop agro-climatic profiles)
348,14.5,153,24.5,58,537,6.3,Mustard,SYNTHETIC (generated from per-crop agro-climatic profiles)
412,21.1,103,23.6,78,732,6.5,Sunflower,SYNTHETIC (generated from per-crop agro-climatic profiles)
420,14.3,177,14.2,87,503,7.8,Potato,SYNTHETIC (generated from per-crop agro-climatic profiles)
355,12.3,259,18.6,68,664,7.3,Tomato,SYNTHETIC (generated from per-crop agro-climatic profiles)
407,18.1,144,16.8,58,1050,7.3,Onion,SYNTHETIC (generated from per-crop agro-climatic profiles)
386,17.8,199,25.1,64,1087,6.6,Banana,SYNTHETIC (generated from per-crop agro-climatic profiles)
384,16.9,200,25.4,40,824,6.9,Chilli,SYNTHETIC (generated from per-crop agro-climatic profiles)
410,19.5,149,26.4,62,1409,7.9,Turmeric,SYNTHETIC (generated from per-crop agro-climatic profiles)
416,10.8,251,29.0,61,516,6.0,Ragi,SYNTHETIC (generated from per-crop agro-climatic profiles)
227,17.3,219,28.2,95,498,7.7,Green gram,SYNTHETIC (generated from per-crop agro-climatic profiles)
319,10.2,213,30.0,89,1440,6.6,Rice,SYNTHETIC (generated from per-crop agro-climatic profiles)
281,13.7,157,22.1,63,808,6.9,Wheat,SYNTHETIC (generated from per-crop agro-climatic profiles)
409,18.6,250,28.2,86,742,6.3,Maize,SYNTHETIC (generated from per-crop agro-climatic profiles)
294,11.0,166,23.0,43,486,7.2,Sorghum,SYNTHETIC (generated from per-crop agro-climatic profiles)
317,10.1,160,29.5,57,475,7.2,Pearl millet,SYNTHETIC (generated from per-crop agro-climatic profiles)
463,10.9,182,25.2,43,638,6.6,Cotton,SYNTHETIC (generated from per-crop agro-climatic profiles)
359,13.3,193,27.5,79,1297,7.2,Sugarcane,SYNTHETIC (generated from per-crop agro-climatic profiles)
137,10.7,170,31.3,71,511,6.8,Groundnut,SYNTHETIC (generated from per-crop agro-climatic profiles)
274,16.2,247,29.7,87,575,7.2,Soybean,SYNTHETIC (generated from per-crop agro-climatic profiles)
319,13.8,255,18.4,45,474,6.5,Chickpea,SYNTHETIC (generated from per-crop agro-climatic profiles)
318,12.1,198,31.8,79,496,7.6,Pigeon pea,SYNTHETIC (generated from per-crop agro-climatic profiles)
175,16.7,152,24.4,48,510,6.1,Lentil,SYNTHETIC (generated from per-crop agro-climatic profiles)
361,13.3,158,24.0,74,514,6.6,Mustard,SYNTHETIC (generated from per-crop agro-climatic profiles)
278,15.1,117,23.9,58,644,6.8,Sunflower,SYNTHETIC (generated from per-crop agro-climatic profiles)
365,8.7,205,15.9,76,618,6.6,Potato,SYNTHETIC (generated from per-crop agro-climatic profiles)
309,20.6,249,18.6,75,658,8.0,Tomato,SYNTHETIC (generated from per-crop agro-climatic profiles)
400,18.8,150,17.3,45,1066,6.9,Onion,SYNTHETIC (generated from per-crop agro-climatic profiles)
382,14.6,254,30.6,62,929,6.0,Banana,SYNTHETIC (generated from per-crop agro-climatic profiles)
347,18.4,158,27.6,59,633,6.8,Chilli,SYNTHETIC (generated from per-crop agro-climatic profiles)
422,14.6,218,26.7,63,1891,7.5,Turmeric,SYNTHETIC (generated from per-crop agro-climatic profiles)
408,8.3,310,28.1,70,412,6.2,Ragi,SYNTHETIC (generated from per-crop agro-climatic profiles)
238,25.9,186,29.7,79,474,6.9,Green gram,SYNTHETIC (generated from per-crop agro-climatic profiles)
328,14.4,261,30.2,76,1367,6.4,Rice,SYNTHETIC (generated from per-crop agro-climatic profiles)
385,8.8,157,21.7,66,799,6.9,Wheat,SYNTHETIC (generated from per-crop agro-climatic profiles)
436,11.3,231,28.1,80,812,6.1,Maize,SYNTHETIC (generated from per-crop agro-climatic profiles)
309,15.0,162,23.3,49,586,7.8,Sorghum,SYNTHETIC (generated from per-crop agro-climatic profiles)
350,8.0,154,27.6,60,483,6.9,Pearl millet,SYNTHETIC (generated from per-crop agro-climatic profiles)
400,8.4,155,24.2,33,737,7.5,Cotton,SYNTHETIC (generated from per-crop agro-climatic profiles)
422,14.7,209,27.3,75,1705,6.7,Sugarcane,SYNTHETIC (generated from per-crop agro-climatic profiles)
178,12.0,170,29.9,63,391,6.1,Groundnut,SYNTHETIC (generated from per-crop agro-climatic profiles)
237,11.0,268,29.3,90,792,7.2,Soybean,SYNTHETIC (generated from per-crop agro-climatic profiles)
203,13.4,274,18.5,60,463,6.6,Chickpea,SYNTHETIC (generated from per-crop agro-climatic profiles)
306,8.7,229,27.3,89,427,7.2,Pigeon pea,SYNTHETIC (generated from per-crop agro-climatic profiles)
126,20.5,191,22.5,53,520,6.8,Lentil,SYNTHETIC (generated from per-crop agro-climatic profiles)
393,14.1,210,22.4,70,510,6.4,Mustard,SYNTHETIC (generated from per-crop agro-climatic profiles)
297,20.5,152,20.9,68,720,7.3,Sunflower,SYNTHETIC (generated from per-crop agro-climatic profiles)
396,13.1,178,17.7,86,619,7.7,Potato,SYNTHETIC (generated from per-crop agro-climatic profiles)
344,19.2,215,17.3,70,782,7.6,Tomato,SYNTHETIC (generated from per-crop agro-climatic profiles)
404,19.6,129,15.1,34,992,6.1,Onion,SYNTHETIC (generated from per-crop agro-climatic profiles)
411,16.6,235,29.2,70,766,6.3,Banana,SYNTHETIC (generated from per-crop agro-climatic profiles)
386,21.9,165,24.2,64,599,6.6,Chilli,SYNTHETIC (generated from per-crop agro-climatic profiles)
434,18.2,221,27.1,63,1566,8.5,Turmeric,SYNTHETIC (generated from per-crop agro-climatic profiles)
536,15.8,229,30.0,67,414,6.4,Ragi,SYNTHETIC (generated from per-crop agro-climatic profiles)
222,14.1,223,26.7,90,445,6.8,Green gram,SYNTHETIC (generated from per-crop agro-climatic profiles)
305,13.2,174,30.0,71,1570,6.7,Rice,SYNTHETIC (generated from per-crop agro-climatic profiles)
374,11.9,190,23.4,64,1186,7.1,Wheat,SYNTHETIC (generated from per-crop agro-climatic profiles)
383,17.2,265,28.7,85,804,6.4,Maize,SYNTHETIC (generated from per-crop agro-climatic profiles)
306,21.0,199,25.6,55,530,7.5,Sorghum,SYNTHETIC (generated from per-crop agro-climatic profiles)
285,4.7,177,33.3,64,313,7.6,Pearl millet,SYNTHETIC (generated from per-crop agro-climatic profiles)
419,10.3,125,27.7,46,790,7.5,Cotton,SYNTHETIC (generated from per-crop agro-climatic profiles)
461,10.8,175,26.9,71,1219,6.7,Sugarcane,SYNTHETIC (generated from per-crop agro-climatic profiles)
192,17.9,154,32.6,68,493,6.9,Groundnut,SYNTHETIC (generated from per-crop agro-climatic profiles)
271,14.5,189,32.2,79,563,7.6,Soybean,SYNTHETIC (generated from per-crop agro-climatic profiles)
208,6.2,224,17.0,47,379,6.5,Chickpea,SYNTHETIC (generated from per-crop agro-climatic profiles)
256,12.1,251,28.5,79,447,8.0,Pigeon pea,SYNTHETIC (generated from per-crop agro-climatic profiles)
123,15.8,203,23.3,49,446,6.2,Lentil,SYNTHETIC (generated from per-crop agro-climatic profiles)
397,10.9,157,23.0,73,527,6.2,Mustard,SYNTHETIC (generated from per-crop agro-climatic profiles)
328,15.2,171,20.4,61,820,6.4,Sunflower,SYNTHETIC (generated from per-crop agro-climatic profiles)
406,18.3,229,15.3,82,534,7.6,Potato,SYNTHETIC (generated from per-crop agro-climatic profiles)
398,15.4,223,19.0,72,845,7.1,Tomato,SYNTHETIC (generated from per-crop agro-climatic profiles)
401,20.9,178,19.5,41,816,6.7,Onion,SYNTHETIC (generated from per-crop agro-climatic profiles)
429,11.0,224,28.9,67,993,6.1,Banana,SYNTHETIC (generated from per-crop agro-climatic profiles)
387,22.3,193,23.7,52,750,6.5,Chilli,SYNTHETIC (generated from per-crop agro-climatic profiles)
361,12.7,268,26.8,61,1926,7.8,Turmeric,SYNTHETIC (generated from per-crop agro-climatic profiles)
476,15.1,269,30.3,57,462,6.3,Ragi,SYNTHETIC (generated from per-crop agro-climatic profiles)
213,16.7,204,26.9,80,531,7.3,Green gram,SYNTHETIC (generated from per-crop agro-climatic profiles)
276,8.4,224,27.6,75,1776,5.9,Rice,SYNTHETIC (generated from per-crop agro-climatic profiles)
298,13.5,138,19.8,62,697,6.5,Wheat,SYNTHETIC (generated from per-crop agro-climatic profiles)
414,12.3,278,27.8,95,778,6.4,Maize,SYNTHETIC (generated from per-crop agro-climatic profiles)
299,17.0,229,23.8,47,474,7.9,Sorghum,SYNTHETIC (generated from per-crop agro-climatic profiles)
334,6.7,157,26.8,74,422,6.9,Pearl millet,SYNTHETIC (generated from per-crop agro-climatic profiles)
436,12.7,222,26.0,49,746,7.4,Cotton,SYNTHETIC (generated from per-crop agro-climatic profiles)
389,13.7,173,26.2,58,1525,7.1,Sugarcane,SYNTHETIC (generated from per-crop agro-climatic profiles)
243,14.7,141,31.3,86,351,6.4,Groundnut,SYNTHETIC (generated from per-crop agro-climatic profiles)
205,20.4,199,31.8,75,687,6.6,Soybean,SYNTHETIC (generated from per-crop agro-climatic profiles)
212,12.0,212,19.3,50,414,6.1,Chickpea,SYNTHETIC (generated from per-crop agro-climatic profiles)
334,4.4,240,29.1,90,383,7.5,Pigeon pea,SYNTHETIC (generated from per-crop agro-climatic profiles)
189,20.3,217,23.1,45,443,6.5,Lentil,SYNTHETIC (generated from per-crop agro-climatic profiles)
367,19.4,146,23.1,70,524,6.4,Mustard,SYNTHETIC (generated from per-crop agro-climatic profiles)
288,13.0,144,21.6,62,709,6.1,Sunflower,SYNTHETIC (generated from per-crop agro-climatic profiles)
372,13.0,179,14.4,93,701,8.0,Potato,SYNTHETIC (generated from per-crop agro-climatic profiles)
301,16.6,288,19.0,74,771,7.5,Tomato,SYNTHETIC (generated from per-crop agro-climatic profiles)
461,14.1,140,18.5,41,983,6.9,Onion,SYNTHETIC (generated from per-crop agro-climatic profiles)
439,14.1,205,28.8,70,930,6.6,Banana,SYNTHETIC (generated from per-crop agro-climatic profiles)
346,19.5,168,26.0,45,744,6.6,Chilli,SYNTHETIC (generated from per-crop agro-climatic profiles)
415,13.6,198,25.9,61,1549,7.4,Turmeric,SYNTHETIC (generated from per-crop agro-climatic profiles)
426,17.1,241,30.0,50,500,5.7,Ragi,SYNTHETIC (generated from per-crop agro-climatic profiles)
228,17.5,204,25.8,78,332,7.6,Green gram,SYNTHETIC (generated from per-crop agro-climatic profiles)
317,11.2,168,28.3,69,1055,6.2,Rice,SYNTHETIC (generated from per-crop agro-climatic profiles)
313,20.1,156,22.0,73,822,6.8,Wheat,SYNTHETIC (generated from per-crop agro-climatic profiles)
446,16.9,238,30.0,90,967,6.8,Maize,SYNTHETIC (generated from per-crop agro-climatic profiles)
298,15.5,185,23.9,48,547,7.9,Sorghum,SYNTHETIC (generated from per-crop agro-climatic profiles)
299,7.3,182,28.0,60,409,7.1,Pearl millet,SYNTHETIC (generated from per-crop agro-climatic profiles)
449,10.9,150,27.5,42,624,7.4,Cotton,SYNTHETIC (generated from per-crop agro-climatic profiles)
384,11.0,260,24.4,69,1531,7.2,Sugarcane,SYNTHETIC (generated from per-crop agro-climatic profiles)
261,16.7,159,30.7,64,415,6.5,Groundnut,SYNTHETIC (generated from per-crop agro-climatic profiles)
262,15.9,227,31.9,89,797,7.3,Soybean,SYNTHETIC (generated from per-crop agro-climatic profiles)
202,8.8,237,17.5,61,450,6.1,Chickpea,SYNTHETIC (generated from per-crop agro-climatic profiles)
299,11.8,245,32.8,95,433,7.6,Pigeon pea,SYNTHETIC (generated from per-crop agro-climatic profiles)
235,13.0,154,25.1,48,435,6.7,Lentil,SYNTHETIC (generated from per-crop agro-climatic profiles)
351,14.2,170,24.4,77,402,6.3,Mustard,SYNTHETIC (generated from per-crop agro-climatic profiles)
383,11.7,153,22.9,59,714,7.3,Sunflower,SYNTHETIC (generated from per-crop agro-climatic profiles)
317,16.5,161,19.4,98,547,7.5,Potato,SYNTHETIC (generated from per-crop agro-climatic profiles)
368,19.1,239,16.5,67,797,7.4,Tomato,SYNTHETIC (generated from per-crop agro-climatic profiles)
398,14.9,116,15.3,49,999,6.8,Onion,SYNTHETIC (generated from per-crop agro-climatic profiles)
341,16.0,215,30.5,70,797,6.5,Banana,SYNTHETIC (generated from per-crop agro-climatic profiles)
317,18.6,185,25.1,50,659,6.9,Chilli,SYNTHETIC (generated from per-crop agro-climatic profiles)
385,15.4,175,25.2,68,1617,7.6,Turmeric,SYNTHETIC (generated from per-crop agro-climatic profiles)
446,19.1,264,30.2,68,404,6.0,Ragi,SYNTHETIC (generated from per-crop agro-climatic profiles)
214,19.3,175,25.1,81,474,7.7,Green gram,SYNTHETIC (generated from per-crop agro-climatic profiles)
320,13.8,235,32.7,79,1264,6.3,Rice,SYNTHETIC (generated from per-crop agro-climatic profiles)
337,11.5,140,22.6,61,820,6.9,Wheat,SYNTHETIC (generated from per-crop agro-climatic profiles)
421,16.0,234,27.4,89,783,6.2,Maize,SYNTHETIC (generated from per-crop agro-climatic profiles)
222,18.0,155,23.4,50,385,7.4,Sorghum,SYNTHETIC (generated from per-crop agro-climatic profiles)
354,10.5,141,28.5,60,431,7.1,Pearl millet,SYNTHETIC (generated from per-crop agro-climatic profiles)
404,13.4,175,25.5,42,766,7.8,Cotton,SYNTHETIC (generated from per-crop agro-climatic profiles)
395,11.5,123,25.1,62,1435,6.6,Sugarcane,SYNTHETIC (generated from per-crop agro-climatic profiles)
291,15.9,178,30.2,66,432,7.0,Groundnut,SYNTHETIC (generated from per-crop agro-climatic profiles)
289,17.9,199,27.6,81,664,7.1,Soybean,SYNTHETIC (generated from per-crop agro-climatic profiles)
234,10.5,222,18.6,64,419,6.5,Chickpea,SYNTHETIC (generated from per-crop agro-climatic profiles)
235,7.0,269,30.7,80,424,7.8,Pigeon pea,SYNTHETIC (generated from per-crop agro-climatic profiles)
168,15.9,147,23.6,58,495,6.2,Lentil,SYNTHETIC (generated from per-crop agro-climatic profiles)
272,16.6,160,22.9,69,440,6.0,Mustard,SYNTHETIC (generated from per-crop agro-climatic profiles)
319,19.6,111,22.4,63,672,6.6,Sunflower,SYNTHETIC (generated from per-crop agro-climatic profiles)
383,15.8,223,20.4,90,663,7.4,Potato,SYNTHETIC (generated from per-crop agro-climatic profiles)
374,20.1,232,18.8,76,941,7.4,Tomato,SYNTHETIC (generated from per-crop agro-climatic profiles)
446,20.9,129,16.8,47,840,7.2,Onion,SYNTHETIC (generated from per-crop agro-climatic profiles)
428,11.1,238,28.8,73,988,6.5,Banana,SYNTHETIC (generated from per-crop agro-climatic profiles)
354,18.6,244,26.6,46,756,6.1,Chilli,SYNTHETIC (generated from per-crop agro-climatic profiles)
374,19.8,237,25.9,66,1537,7.5,Turmeric,SYNTHETIC (generated from per-crop agro-climatic profiles)
384,10.0,269,29.5,52,454,6.1,Ragi,SYNTHETIC (generated from per-crop agro-climatic profiles)
305,17.2,219,27.9,83,428,7.3,Green gram,SYNTHETIC (generated from per-crop agro-climatic profiles)
297,14.8,235,27.9,82,1503,6.0,Rice,SYNTHETIC (generated from per-crop agro-climatic profiles)
372,12.9,186,21.5,63,937,6.8,Wheat,SYNTHETIC (generated from per-crop agro-climatic profiles)
387,19.8,287,28.2,76,875,5.8,Maize,SYNTHETIC (generated from per-crop agro-climatic profiles)
301,19.6,166,26.3,39,455,7.9,Sorghum,SYNTHETIC (generated from per-crop agro-climatic profiles)
325,2.0,141,26.5,64,417,6.4,Pearl millet,SYNTHETIC (generated from per-crop agro-climatic profiles)
380,7.6,168,24.5,47,753,8.0,Cotton,SYNTHETIC (generated from per-crop agro-climatic profiles)
401,11.6,188,24.8,74,1432,6.9,Sugarcane,SYNTHETIC (generated from per-crop agro-climatic profiles)
186,12.8,151,30.9,64,482,6.4,Groundnut,SYNTHETIC (generated from per-crop agro-climatic profiles)
165,20.0,247,30.3,82,808,7.6,Soybean,SYNTHETIC (generated from per-crop agro-climatic profiles)
178,12.6,281,16.3,49,471,7.1,Chickpea,SYNTHETIC (generated from per-crop agro-climatic profiles)
322,12.8,228,29.5,80,392,7.4,Pigeon pea,SYNTHETIC (generated from per-crop agro-climatic profiles)
232,16.1,222,22.5,54,424,5.9,Lentil,SYNTHETIC (generated from per-crop agro-climatic profiles)
394,16.9,149,26.2,78,516,5.7,Mustard,SYNTHETIC (generated from per-crop agro-climatic profiles)
288,18.6,164,25.6,68,812,7.1,Sunflower,SYNTHETIC (generated from per-crop agro-climatic profiles)
324,12.4,206,17.1,77,660,7.7,Potato,SYNTHETIC (generated from per-crop agro-climatic profiles)
348,17.2,232,19.5,71,713,7.5,Tomato,SYNTHETIC (generated from per-crop agro-climatic profiles)
407,12.4,112,16.1,36,908,6.1,Onion,SYNTHETIC (generated from per-crop agro-climatic profiles)
415,14.1,223,30.2,75,776,6.2,Banana,SYNTHETIC (generated from per-crop agro-climatic profiles)
309,28.6,146,25.1,59,692,6.6,Chilli,SYNTHETIC (generated from per-crop agro-climatic profiles)
476,9.9,208,25.0,64,1667,7.4,Turmeric,SYNTHETIC (generated from per-crop agro-climatic profiles)
409,17.1,193,31.1,59,521,6.2,Ragi,SYNTHETIC (generated from per-crop agro-climatic profiles)
197,19.2,247,26.8,80,519,7.2,Green gram,SYNTHETIC (generated from per-crop agro-climatic profiles)
309,11.7,263,30.2,70,1341,6.4,Rice,SYNTHETIC (generated from per-crop agro-climatic profiles)
350,4.8,167,22.3,70,1026,6.7,Wheat,SYNTHETIC (generated from per-crop agro-climatic profiles)
493,11.1,244,28.0,89,857,6.8,Maize,SYNTHETIC (generated from per-crop agro-climatic profiles)
322,16.1,180,23.5,45,466,7.2,Sorghum,SYNTHETIC (generated from per-crop agro-climatic profiles)
352,6.9,170,29.6,58,400,7.0,Pearl millet,SYNTHETIC (generated from per-crop agro-climatic profiles)
389,15.2,169,24.5,49,830,7.4,Cotton,SYNTHETIC (generated from per-crop agro-climatic profiles)
391,8.3,213,26.8,72,1424,6.5,Sugarcane,SYNTHETIC (generated from per-crop agro-climatic profiles)
135,13.6,134,31.3,60,392,6.2,Groundnut,SYNTHETIC (generated from per-crop agro-climatic profiles)
175,13.6,214,32.9,93,724,7.3,Soybean,SYNTHETIC (generated from per-crop agro-climatic profiles)
268,7.1,204,15.9,52,464,6.1,Chickpea,SYNTHETIC (generated from per-crop agro-climatic profiles)
288,9.7,200,31.0,85,423,8.0,Pigeon pea,SYNTHETIC (generated from per-crop agro-climatic profiles)
207,19.5,187,21.5,50,450,6.2,Lentil,SYNTHETIC (generated from per-crop agro-climatic profiles)
308,16.1,174,24.0,63,533,6.3,Mustard,SYNTHETIC (generated from per-crop agro-climatic profiles)
312,18.5,71,25.4,67,648,7.0,Sunflower,SYNTHETIC (generated from per-crop agro-climatic profiles)
337,14.6,205,17.1,81,590,7.9,Potato,SYNTHETIC (generated from per-crop agro-climatic profiles)
349,17.0,193,19.1,71,624,7.4,Tomato,SYNTHETIC (generated from per-crop agro-climatic profiles)
389,20.7,87,18.9,58,936,6.6,Onion,SYNTHETIC (generated from per-crop agro-climatic profiles)
384,10.6,203,25.8,69,1276,6.7,Banana,SYNTHETIC (generated from per-crop agro-climatic profiles)
316,14.6,185,26.9,52,751,7.1,Chilli,SYNTHETIC (generated from per-crop agro-climatic profiles)
456,16.3,183,24.6,66,1664,7.0,Turmeric,SYNTHETIC (generated from per-crop agro-climatic profiles)
450,16.7,198,29.8,64,450,6.7,Ragi,SYNTHETIC (generated from per-crop agro-climatic profiles)
261,17.2,193,28.0,86,408,7.0,Green gram,SYNTHETIC (generated from per-crop agro-climatic profiles)
275,12.5,217,27.4,76,1687,5.6,Rice,SYNTHETIC (generated from per-crop agro-climatic profiles)
323,10.6,147,23.2,60,826,6.7,Wheat,SYNTHETIC (generated from per-crop agro-climatic profiles)
427,13.9,262,28.9,88,654,6.5,Maize,SYNTHETIC (generated from per-crop agro-climatic profiles)
309,13.1,211,25.7,47,478,7.7,Sorghum,SYNTHETIC (generated from per-crop agro-climatic profiles)
297,7.4,164,30.5,64,411,7.2,Pearl millet,SYNTHETIC (generated from per-crop agro-climatic profiles)
431,12.1,205,26.9,51,734,7.6,Cotton,SYNTHETIC (generated from per-crop agro-climatic profiles)
335,10.3,208,25.0,67,1416,6.5,Sugarcane,SYNTHETIC (generated from per-crop agro-climatic profiles)
228,8.2,130,31.6,78,457,6.7,Groundnut,SYNTHETIC (generated from per-crop agro-climatic profiles)
267,15.4,178,30.9,93,588,7.3,Soybean,SYNTHETIC (generated from per-crop agro-climatic profiles)
242,16.4,267,17.4,61,415,6.9,Chickpea,SYNTHETIC (generated from per-crop agro-climatic profiles)
215,8.9,231,32.1,73,440,7.7,Pigeon pea,SYNTHETIC (generated from per-crop agro-climatic profiles)
165,19.2,213,22.4,53,478,6.4,Lentil,SYNTHETIC (generated from per-crop agro-climatic profiles)
375,8.1,103,21.0,67,448,6.3,Mustard,SYNTHETIC (generated from per-crop agro-climatic profiles)
329,15.5,155,23.3,62,708,6.7,Sunflower,SYNTHETIC (generated from per-crop agro-climatic profiles)
471,15.4,156,17.9,89,687,7.0,Potato,SYNTHETIC (generated from per-crop agro-climatic profiles)
322,11.0,255,17.6,58,898,7.8,Tomato,SYNTHETIC (generated from per-crop agro-climatic profiles)
362,19.7,159,16.1,56,1000,6.5,Onion,SYNTHETIC (generated from per-crop agro-climatic profiles)
371,14.7,199,28.7,65,977,6.4,Banana,SYNTHETIC (generated from per-crop agro-climatic profiles)
314,23.1,192,27.3,47,808,6.6,Chilli,SYNTHETIC (generated from per-crop agro-climatic profiles)
433,18.3,134,28.1,75,1155,7.7,Turmeric,SYNTHETIC (generated from per-crop agro-climatic profiles)
365,13.9,252,30.9,59,409,6.7,Ragi,SYNTHETIC (generated from per-crop agro-climatic profiles)
136,18.3,218,28.0,94,376,7.2,Green gram,SYNTHETIC (generated from per-crop agro-climatic profiles)
307,12.5,254,33.3,81,1648,6.4,Rice,SYNTHETIC (generated from per-crop agro-climatic profiles)
387,7.8,178,20.2,76,898,6.9,Wheat,SYNTHETIC (generated from per-crop agro-climatic profiles)
417,11.2,180,27.5,81,744,6.3,Maize,SYNTHETIC (generated from per-crop agro-climatic profiles)
306,16.5,200,24.9,51,421,8.1,Sorghum,SYNTHETIC (generated from per-crop agro-climatic profiles)
331,7.1,160,27.6,59,467,6.9,Pearl millet,SYNTHETIC (generated from per-crop agro-climatic profiles)
459,8.2,183,24.4,50,763,6.9,Cotton,SYNTHETIC (generated from per-crop agro-climatic profiles)
423,11.4,206,26.1,69,1050,6.9,Sugarcane,SYNTHETIC (generated from per-crop agro-climatic profiles)
185,12.9,138,32.8,70,393,5.8,Groundnut,SYNTHETIC (generated from per-crop agro-climatic profiles)
232,15.2,241,30.5,82,757,7.4,Soybean,SYNTHETIC (generated from per-crop agro-climatic profiles)
238,12.5,266,18.4,54,393,6.3,Chickpea,SYNTHETIC (generated from per-crop agro-climatic profiles)
299,14.8,258,29.3,86,373,8.0,Pigeon pea,SYNTHETIC (generated from per-crop agro-climatic profiles)
266,23.1,165,21.8,57,495,6.2,Lentil,SYNTHETIC (generated from per-crop agro-climatic profiles)
320,15.5,131,23.7,76,493,6.7,Mustard,SYNTHETIC (generated from per-crop agro-climatic profiles)
357,18.3,160,24.6,62,725,6.4,Sunflower,SYNTHETIC (generated from per-crop agro-climatic profiles)
326,13.8,206,15.8,85,586,7.2,Potato,SYNTHETIC (generated from per-crop agro-climatic profiles)
352,12.2,219,17.4,69,712,8.0,Tomato,SYNTHETIC (generated from per-crop agro-climatic profiles)
400,16.6,131,18.4,46,985,6.9,Onion,SYNTHETIC (generated from per-crop agro-climatic profiles)
435,10.5,216,26.2,81,885,6.8,Banana,SYNTHETIC (generated from per-crop agro-climatic profiles)
362,18.4,240,25.3,59,640,6.8,Chilli,SYNTHETIC (generated from per-crop agro-climatic profiles)
423,15.9,169,23.9,55,1707,7.2,Turmeric,SYNTHETIC (generated from per-crop agro-climatic profiles)
398,12.8,269,32.2,71,389,5.8,Ragi,SYNTHETIC (generated from per-crop agro-climatic profiles)
181,20.9,226,29.3,76,410,7.4,Green gram,SYNTHETIC (generated from per-crop agro-climatic profiles)
296,15.7,189,32.1,75,1140,6.7,Rice,SYNTHETIC (generated from per-crop agro-climatic profiles)
292,14.7,146,20.5,61,982,6.9,Wheat,SYNTHETIC (generated from per-crop agro-climatic profiles)
348,18.1,239,29.4,74,586,5.9,Maize,SYNTHETIC (generated from per-crop agro-climatic profiles)
331,15.9,260,24.3,41,375,7.9,Sorghum,SYNTHETIC (generated from per-crop agro-climatic profiles)
339,10.5,162,31.5,59,525,7.3,Pearl millet,SYNTHETIC (generated from per-crop agro-climatic profiles)
387,10.2,141,26.7,53,781,7.9,Cotton,SYNTHETIC (generated from per-crop agro-climatic profiles)
391,7.6,199,24.3,72,1487,7.1,Sugarcane,SYNTHETIC (generated from per-crop agro-climatic profiles)
134,13.8,129,29.8,70,422,5.7,Groundnut,SYNTHETIC (generated from per-crop agro-climatic profiles)
252,15.4,198,30.0,94,450,7.1,Soybean,SYNTHETIC (generated from per-crop agro-climatic profiles)
160,8.8,276,21.6,59,439,6.7,Chickpea,SYNTHETIC (generated from per-crop agro-climatic profiles)
251,12.5,242,31.2,80,424,7.5,Pigeon pea,SYNTHETIC (generated from per-crop agro-climatic profiles)
208,20.5,212,23.4,50,428,6.3,Lentil,SYNTHETIC (generated from per-crop agro-climatic profiles)
328,13.9,123,25.5,64,573,5.8,Mustard,SYNTHETIC (generated from per-crop agro-climatic profiles)
399,20.3,100,23.5,70,874,6.7,Sunflower,SYNTHETIC (generated from per-crop agro-climatic profiles)
417,14.0,151,17.0,82,617,7.8,Potato,SYNTHETIC (generated from per-crop agro-climatic profiles)
393,12.8,208,18.2,74,785,7.5,Tomato,SYNTHETIC (generated from per-crop agro-climatic profiles)
376,15.7,123,16.4,49,822,7.3,Onion,SYNTHETIC (generated from per-crop agro-climatic profiles)
332,13.8,218,28.9,72,896,6.7,Banana,SYNTHETIC (generated from per-crop agro-climatic profiles)
294,23.9,163,24.5,51,768,6.8,Chilli,SYNTHETIC (generated from per-crop agro-climatic profiles)
473,14.1,211,24.7,67,1544,7.4,Turmeric,SYNTHETIC (generated from per-crop agro-climatic profiles)
393,17.5,250,31.9,62,515,6.7,Ragi,SYNTHETIC (generated from per-crop agro-climatic profiles)
240,22.8,251,29.0,84,532,7.4,Green gram,SYNTHETIC (generated from per-crop agro-climatic profiles)
320,12.4,250,29.5,69,1798,6.1,Rice,SYNTHETIC (generated from per-crop agro-climatic profiles)
351,16.9,127,23.9,59,872,7.2,Wheat,SYNTHETIC (generated from per-crop agro-climatic profiles)
438,15.0,205,24.7,95,572,6.4,Maize,SYNTHETIC (generated from per-crop agro-climatic profiles)
266,9.9,162,24.7,52,491,7.3,Sorghum,SYNTHETIC (generated from per-crop agro-climatic profiles)
276,12.6,140,28.0,72,423,7.2,Pearl millet,SYNTHETIC (generated from per-crop agro-climatic profiles)
430,12.3,137,24.3,48,636,7.6,Cotton,SYNTHETIC (generated from per-crop agro-climatic profiles)
358,12.2,238,26.8,74,1183,6.4,Sugarcane,SYNTHETIC (generated from per-crop agro-climatic profiles)
169,10.5,172,32.8,54,440,6.4,Groundnut,SYNTHETIC (generated from per-crop agro-climatic profiles)
277,20.7,191,31.0,82,836,7.1,Soybean,SYNTHETIC (generated from per-crop agro-climatic profiles)
251,8.8,248,18.0,54,392,6.2,Chickpea,SYNTHETIC (generated from per-crop agro-climatic profiles)
336,9.8,282,30.0,85,381,7.9,Pigeon pea,SYNTHETIC (generated from per-crop agro-climatic profiles)
234,25.4,175,23.8,61,425,6.2,Lentil,SYNTHETIC (generated from per-crop agro-climatic profiles)
364,13.6,167,21.9,68,537,6.2,Mustard,SYNTHETIC (generated from per-crop agro-climatic profiles)
377,12.8,149,23.6,67,899,6.7,Sunflower,SYNTHETIC (generated from per-crop agro-climatic profiles)
365,15.3,147,15.6,79,458,7.3,Potato,SYNTHETIC (generated from per-crop agro-climatic profiles)
359,15.3,259,18.0,67,808,7.8,Tomato,SYNTHETIC (generated from per-crop agro-climatic profiles)
405,18.3,168,16.8,50,826,6.7,Onion,SYNTHETIC (generated from per-crop agro-climatic profiles)
393,19.9,232,25.0,81,1005,6.9,Banana,SYNTHETIC (generated from per-crop agro-climatic profiles)
377,17.8,178,24.0,53,549,6.8,Chilli,SYNTHETIC (generated from per-crop agro-climatic profiles)
432,13.0,248,27.4,44,1598,7.4,Turmeric,SYNTHETIC (generated from per-crop agro-climatic profiles)
407,16.8,241,29.5,55,473,6.1,Ragi,SYNTHETIC (generated from per-crop agro-climatic profiles)
235,19.8,278,26.2,79,485,7.0,Green gram,SYNTHETIC (generated from per-crop agro-climatic profiles)
289,9.1,284,28.3,76,1276,6.3,Rice,SYNTHETIC (generated from per-crop agro-climatic profiles)
346,13.7,144,22.9,64,866,7.1,Wheat,SYNTHETIC (generated from per-crop agro-climatic profiles)
395,18.2,226,28.8,80,1107,6.7,Maize,SYNTHETIC (generated from per-crop agro-climatic profiles)
261,15.2,184,25.5,42,357,8.0,Sorghum,SYNTHETIC (generated from per-crop agro-climatic profiles)
323,11.5,117,30.2,65,449,6.8,Pearl millet,SYNTHETIC (generated from per-crop agro-climatic profiles)
406,13.4,161,28.4,48,854,7.3,Cotton,SYNTHETIC (generated from per-crop agro-climatic profiles)
353,8.6,172,25.3,72,1469,6.7,Sugarcane,SYNTHETIC (generated from per-crop agro-climatic profiles)
196,10.5,163,30.1,65,459,6.2,Groundnut,SYNTHETIC (generated from per-crop agro-climatic profiles)
275,14.0,209,31.2,90,665,6.8,Soybean,SYNTHETIC (generated from per-crop agro-climatic profiles)
234,5.6,267,17.0,47,410,6.7,Chickpea,SYNTHETIC (generated from per-crop agro-climatic profiles)
236,12.5,280,31.0,82,403,7.4,Pigeon pea,SYNTHETIC (generated from per-crop agro-climatic profiles)
239,22.0,247,23.7,52,530,6.7,Lentil,SYNTHETIC (generated from per-crop agro-climatic profiles)
274,17.7,183,22.5,69,538,6.5,Mustard,SYNTHETIC (generated from per-crop agro-climatic profiles)
359,19.1,153,24.0,81,862,6.9,Sunflower,SYNTHETIC (generated from per-crop agro-climatic profiles)
353,16.4,186,16.0,78,621,7.5,Potato,SYNTHETIC (generated from per-crop agro-climatic profiles)
395,14.4,233,20.2,76,793,8.0,Tomato,SYNTHETIC (generated from per-crop agro-climatic profiles)
295,23.6,84,19.0,50,944,7.2,Onion,SYNTHETIC (generated from per-crop agro-climatic profiles)
403,16.4,195,28.6,79,979,6.7,Banana,SYNTHETIC (generated from per-crop agro-climatic profiles)
341,20.4,178,25.9,45,649,6.4,Chilli,SYNTHETIC (generated from per-crop agro-climatic profiles)
466,17.9,225,26.5,69,1598,7.3,Turmeric,SYNTHETIC (generated from per-crop agro-climatic profiles)
340,12.4,257,32.7,67,416,6.3,Ragi,SYNTHETIC (generated from per-crop agro-climatic profiles)
241,21.3,209,26.1,89,386,7.4,Green gram,SYNTHETIC (generated from per-crop agro-climatic profiles)
294,4.9,234,28.8,72,1651,5.6,Rice,SYNTHETIC (generated from per-crop agro-climatic profiles)
351,14.3,168,22.3,58,845,7.0,Wheat,SYNTHETIC (generated from per-crop agro-climatic profiles)
362,9.9,233,27.3,73,708,7.0,Maize,SYNTHETIC (generated from per-crop agro-climatic profiles)
332,17.0,195,21.8,54,394,7.3,Sorghum,SYNTHETIC (generated from per-crop agro-climatic profiles)
311,9.5,121,27.6,71,559,7.1,Pearl millet,SYNTHETIC (generated from per-crop agro-climatic profiles)
433,10.3,190,26.4,49,625,7.4,Cotton,SYNTHETIC (generated from per-crop agro-climatic profiles)
395,9.1,212,23.5,80,1664,7.1,Sugarcane,SYNTHETIC (generated from per-crop agro-climatic profiles)
179,12.7,156,31.6,66,396,5.8,Groundnut,SYNTHETIC (generated from per-crop agro-climatic profiles)
265,15.3,258,30.6,70,740,7.3,Soybean,SYNTHETIC (generated from per-crop agro-climatic profiles)
212,16.2,255,16.0,63,446,6.4,Chickpea,SYNTHETIC (generated from per-crop agro-climatic profiles)
251,9.8,187,28.9,74,460,7.6,Pigeon pea,SYNTHETIC (generated from per-crop agro-climatic profiles)
260,24.3,168,23.4,51,474,6.7,Lentil,SYNTHETIC (generated from per-crop agro-climatic profiles)
340,14.3,160,23.1,62,449,5.5,Mustard,SYNTHETIC (generated from per-crop agro-climatic profiles)
349,18.5,140,25.2,71,844,7.0,Sunflower,SYNTHETIC (generated from per-crop agro-climatic profiles)
442,18.0,168,17.2,88,641,8.1,Potato,SYNTHETIC (generated from per-crop agro-climatic profiles)
349,17.0,221,18.5,70,701,7.7,Tomato,SYNTHETIC (generated from per-crop agro-climatic profiles)
456,18.3,156,16.0,35,914,6.6,Onion,SYNTHETIC (generated from per-crop agro-climatic profiles)
367,10.1,171,28.8,81,850,6.6,Banana,SYNTHETIC (generated from per-crop agro-climatic profiles)
305,18.3,154,25.1,39,614,6.5,Chilli,SYNTHETIC (generated from per-crop agro-climatic profiles)
408,16.4,213,25.9,69,1153,7.8,Turmeric,SYNTHETIC (generated from per-crop agro-climatic profiles)
407,9.2,265,30.4,59,527,6.2,Ragi,SYNTHETIC (generated from per-crop agro-climatic profiles)
245,19.7,178,25.0,76,470,7.1,Green gram,SYNTHETIC (generated from per-crop agro-climatic profiles)
334,10.9,182,29.6,81,1409,6.0,Rice,SYNTHETIC (generated from per-crop agro-climatic profiles)
366,14.1,198,24.0,60,822,6.8,Wheat,SYNTHETIC (generated from per-crop agro-climatic profiles)
393,15.0,264,28.3,82,670,6.5,Maize,SYNTHETIC (generated from per-crop agro-climatic profiles)
273,13.5,161,24.7,43,537,7.5,Sorghum,SYNTHETIC (generated from per-crop agro-climatic profiles)
274,9.4,189,28.9,64,364,7.2,Pearl millet,SYNTHETIC (generated from per-crop agro-climatic profiles)
382,5.4,131,27.4,51,807,7.5,Cotton,SYNTHETIC (generated from per-crop agro-climatic profiles)
321,11.0,266,24.2,60,1233,7.1,Sugarcane,SYNTHETIC (generated from per-crop agro-climatic profiles)
113,15.2,156,30.8,72,400,6.3,Groundnut,SYNTHETIC (generated from per-crop agro-climatic profiles)
264,19.3,203,28.1,86,754,7.9,Soybean,SYNTHETIC (generated from per-crop agro-climatic profiles)
242,12.9,248,17.5,62,543,6.6,Chickpea,SYNTHETIC (generated from per-crop agro-climatic profiles)
318,2.8,198,28.4,82,352,7.5,Pigeon pea,SYNTHETIC (generated from per-crop agro-climatic profiles)
211,23.2,201,24.2,50,432,6.8,Lentil,SYNTHETIC (generated from per-crop agro-climatic profiles)
349,10.4,153,24.6,60,427,5.9,Mustard,SYNTHETIC (generated from per-crop agro-climatic profiles)
347,16.3,94,21.1,73,736,6.8,Sunflower,SYNTHETIC (generated from per-crop agro-climatic profiles)
374,9.9,215,15.4,86,576,7.3,Potato,SYNTHETIC (generated from per-crop agro-climatic profiles)
354,13.8,278,20.5,64,792,7.5,Tomato,SYNTHETIC (generated from per-crop agro-climatic profiles)
370,16.0,133,19.4,48,922,6.4,Onion,SYNTHETIC (generated from per-crop agro-climatic profiles)
275,12.0,259,27.9,67,987,6.5,Banana,SYNTHETIC (generated from per-crop agro-climatic profiles)
312,21.7,215,29.0,60,669,6.6,Chilli,SYNTHETIC (generated from per-crop agro-climatic profiles)
381,14.6,207,26.1,56,1357,7.3,Turmeric,SYNTHETIC (generated from per-crop agro-climatic profiles)
434,15.6,243,30.7,60,419,6.1,Ragi,SYNTHETIC (generated from per-crop agro-climatic profiles)
218,19.4,193,24.9,84,353,7.1,Green gram,SYNTHETIC (generated from per-crop agro-climatic profiles)
265,15.8,258,30.3,69,1182,6.7,Rice,SYNTHETIC (generated from per-crop agro-climatic profiles)
336,6.6,147,21.2,68,743,6.7,Wheat,SYNTHETIC (generated from per-crop agro-climatic profiles)
424,17.1,234,26.4,86,594,6.5,Maize,SYNTHETIC (generated from per-crop agro-climatic profiles)
295,14.1,155,25.8,48,424,6.8,Sorghum,SYNTHETIC (generated from per-crop agro-climatic profiles)
326,12.5,143,28.5,66,406,7.1,Pearl millet,SYNTHETIC (generated from per-crop agro-climatic profiles)
441,11.4,212,25.8,49,656,7.4,Cotton,SYNTHETIC (generated from per-crop agro-climatic profiles)
400,13.7,190,27.4,78,1739,7.0,Sugarcane,SYNTHETIC (generated from per-crop agro-climatic profiles)
202,12.0,179,31.7,68,353,6.2,Groundnut,SYNTHETIC (generated from per-crop agro-climatic profiles)
175,15.9,174,31.1,98,784,7.0,Soybean,SYNTHETIC (generated from per-crop agro-climatic profiles)
275,11.1,265,16.9,61,394,5.9,Chickpea,SYNTHETIC (generated from per-crop agro-climatic profiles)
251,11.6,214,30.6,81,380,7.6,Pigeon pea,SYNTHETIC (generated from per-crop agro-climatic profiles)
97,22.0,203,22.0,57,439,6.4,Lentil,SYNTHETIC (generated from per-crop agro-climatic profiles)
330,8.7,149,20.4,68,486,6.3,Mustard,SYNTHETIC (generated from per-crop agro-climatic profiles)
309,14.9,144,19.6,68,839,6.6,Sunflower,SYNTHETIC (generated from per-crop agro-climatic profiles)
421,15.1,231,17.1,82,603,7.3,Potato,SYNTHETIC (generated from per-crop agro-climatic profiles)
311,16.6,219,17.6,79,827,6.8,Tomato,SYNTHETIC (generated from per-crop agro-climatic profiles)
415,16.5,177,18.5,52,985,7.1,Onion,SYNTHETIC (generated from per-crop agro-climatic profiles)
324,10.2,244,26.5,68,1004,7.2,Banana,SYNTHETIC (generated from per-crop agro-climatic profiles)
349,20.7,137,26.2,52,775,6.8,Chilli,SYNTHETIC (generated from per-crop agro-climatic profiles)
461,11.9,216,25.3,56,1411,7.5,Turmeric,SYNTHETIC (generated from per-crop agro-climatic profiles)
420,10.1,277,31.2,69,560,6.1,Ragi,SYNTHETIC (generated from per-crop agro-climatic profiles)
264,17.2,220,28.7,83,498,7.0,Green gram,SYNTHETIC (generated from per-crop agro-climatic profiles)
324,14.5,244,27.0,73,1364,6.2,Rice,SYNTHETIC (generated from per-crop agro-climatic profiles)
393,8.2,132,24.9,69,881,6.9,Wheat,SYNTHETIC (generated from per-crop agro-climatic profiles)
423,17.1,252,30.1,75,885,6.1,Maize,SYNTHETIC (generated from per-crop agro-climatic profiles)
346,14.8,179,23.4,52,499,7.5,Sorghum,SYNTHETIC (generated from per-crop agro-climatic profiles)
294,12.2,146,28.4,72,484,7.9,Pearl millet,SYNTHETIC (generated from per-crop agro-climatic profiles)
410,17.3,179,26.8,46,753,7.8,Cotton,SYNTHETIC (generated from per-crop agro-climatic profiles)
396,8.3,180,26.6,69,1440,7.1,Sugarcane,SYNTHETIC (generated from per-crop agro-climatic profiles)
204,16.7,175,29.7,67,446,6.7,Groundnut,SYNTHETIC (generated from per-crop agro-climatic profiles)
269,14.3,222,32.8,86,626,6.7,Soybean,SYNTHETIC (generated from per-crop agro-climatic profiles)
297,10.6,215,16.7,67,518,6.4,Chickpea,SYNTHETIC (generated from per-crop agro-climatic profiles)
239,15.1,260,29.6,65,413,7.8,Pigeon pea,SYNTHETIC (generated from per-crop agro-climatic profiles)
200,18.1,162,23.5,43,492,6.0,Lentil,SYNTHETIC (generated from per-crop agro-climatic profiles)
322,11.2,126,21.2,76,475,5.8,Mustard,SYNTHETIC (generated from per-crop agro-climatic profiles)
359,15.8,175,22.3,64,615,7.1,Sunflower,SYNTHETIC (generated from per-crop agro-climatic profiles)
350,12.6,161,14.6,86,755,7.7,Potato,SYNTHETIC (generated from per-crop agro-climatic profiles)
278,18.0,219,17.4,74,715,8.0,Tomato,SYNTHETIC (generated from per-crop agro-climatic profiles)
415,15.4,149,13.4,42,1040,7.2,Onion,SYNTHETIC (generated from per-crop agro-climatic profiles)
383,15.4,223,30.1,65,1039,6.6,Banana,SYNTHETIC (generated from per-crop agro-climatic profiles)
348,21.3,199,27.3,47,612,6.5,Chilli,SYNTHETIC (generated from per-crop agro-climatic profiles)
498,19.6,173,25.8,59,1528,7.4,Turmeric,SYNTHETIC (generated from per-crop agro-climatic profiles)
394,13.2,247,32.0,60,479,6.5,Ragi,SYNTHETIC (generated from per-crop agro-climatic profiles)
186,19.2,232,28.4,92,483,7.3,Green gram,SYNTHETIC (generated from per-crop agro-climatic profiles)
336,12.0,270,28.9,75,1310,6.0,Rice,SYNTHETIC (generated from per-crop agro-climatic profiles)
352,8.5,149,22.0,67,951,7.3,Wheat,SYNTHETIC (generated from per-crop agro-climatic profiles)
376,18.8,257,27.9,89,647,6.3,Maize,SYNTHETIC (generated from per-crop agro-climatic profiles)
257,19.1,212,23.7,39,509,7.3,Sorghum,SYNTHETIC (generated from per-crop agro-climatic profiles)
348,14.5,127,29.9,63,540,6.7,Pearl millet,SYNTHETIC (generated from per-crop agro-climatic profiles)
360,11.4,205,25.2,41,557,7.6,Cotton,SYNTHETIC (generated from per-crop agro-climatic profiles)
346,16.6,199,26.2,69,1263,6.8,Sugarcane,SYNTHETIC (generated from per-crop agro-climatic profiles)
205,16.5,168,30.7,70,381,6.8,Groundnut,SYNTHETIC (generated from per-crop agro-climatic profiles)
242,14.1,224,29.9,93,744,6.9,Soybean,SYNTHETIC (generated from per-crop agro-climatic profiles)
271,10.1,289,16.1,56,480,6.1,Chickpea,SYNTHETIC (generated from per-crop agro-climatic profiles)
328,10.7,241,25.9,73,359,8.0,Pigeon pea,SYNTHETIC (generated from per-crop agro-climatic profiles)
142,17.6,199,24.0,56,488,6.2,Lentil,SYNTHETIC (generated from per-crop agro-climatic profiles)
307,18.7,182,22.9,64,477,6.1,Mustard,SYNTHETIC (generated from per-crop agro-climatic profiles)
322,15.7,162,22.2,65,822,6.8,Sunflower,SYNTHETIC (generated from per-crop agro-climatic profiles)
435,8.8,191,16.3,87,597,7.6,Potato,SYNTHETIC (generated from per-crop agro-climatic profiles)
369,13.1,247,17.8,73,628,7.1,Tomato,SYNTHETIC (generated from per-crop agro-climatic profiles)
371,14.6,139,18.9,44,935,7.4,Onion,SYNTHETIC (generated from per-crop agro-climatic profiles)
409,15.3,188,29.0,75,837,6.5,Banana,SYNTHETIC (generated from per-crop agro-climatic profiles)
295,21.4,189,26.3,41,696,6.9,Chilli,SYNTHETIC (generated from per-crop agro-climatic profiles)
444,14.6,117,28.2,57,1647,7.3,Turmeric,SYNTHETIC (generated from per-crop agro-climatic profiles)
376,13.4,194,28.1,69,517,5.9,Ragi,SYNTHETIC (generated from per-crop agro-climatic profiles)
194,12.6,198,26.6,92,460,7.3,Green gram,SYNTHETIC (generated from per-crop agro-climatic profiles)
336,11.0,254,29.7,77,1513,6.7,Rice,SYNTHETIC (generated from per-crop agro-climatic profiles)
250,8.8,147,23.9,64,933,6.8,Wheat,SYNTHETIC (generated from per-crop agro-climatic profiles)
376,18.5,238,29.6,77,898,6.7,Maize,SYNTHETIC (generated from per-crop agro-climatic profiles)
287,11.3,169,24.9,53,464,7.8,Sorghum,SYNTHETIC (generated from per-crop agro-climatic profiles)
302,8.5,149,32.9,72,485,7.3,Pearl millet,SYNTHETIC (generated from per-crop agro-climatic profiles)
453,6.2,90,26.1,43,635,7.7,Cotton,SYNTHETIC (generated from per-crop agro-climatic profiles)
318,13.2,240,24.3,81,1573,6.8,Sugarcane,SYNTHETIC (generated from per-crop agro-climatic profiles)
181,13.7,175,31.6,80,389,6.3,Groundnut,SYNTHETIC (generated from per-crop agro-climatic profiles)
270,11.8,222,29.9,87,688,7.5,Soybean,SYNTHETIC (generated from per-crop agro-climatic profiles)
180,4.4,280,16.7,60,614,6.3,Chickpea,SYNTHETIC (generated from per-crop agro-climatic profiles)
258,11.3,186,28.8,84,387,7.6,Pigeon pea,SYNTHETIC (generated from per-crop agro-climatic profiles)
144,22.4,239,20.1,54,521,6.4,Lentil,SYNTHETIC (generated from per-crop agro-climatic profiles)
354,18.1,214,23.5,61,466,6.2,Mustard,SYNTHETIC (generated from per-crop agro-climatic profiles)
292,19.9,106,25.8,59,957,6.4,Sunflower,SYNTHETIC (generated from per-crop agro-climatic profiles)
313,17.8,165,16.8,85,519,6.8,Potato,SYNTHETIC (generated from per-crop agro-climatic profiles)
326,17.0,211,18.6,76,619,7.4,Tomato,SYNTHETIC (generated from per-crop agro-climatic profiles)
443,17.0,151,16.3,43,912,6.4,Onion,SYNTHETIC (generated from per-crop agro-climatic profiles)
454,17.4,256,28.3,60,860,6.6,Banana,SYNTHETIC (generated from per-crop agro-climatic profiles)
365,20.2,162,27.1,51,667,6.7,Chilli,SYNTHETIC (generated from per-crop agro-climatic profiles)
438,14.9,217,27.4,66,1364,7.3,Turmeric,SYNTHETIC (generated from per-crop agro-climatic profiles)
405,16.0,207,30.4,63,497,6.3,Ragi,SYNTHETIC (generated from per-crop agro-climatic profiles)
229,17.3,162,26.7,87,527,7.3,Green gram,SYNTHETIC (generated from per-crop agro-climatic profiles)
380,13.3,224,29.2,75,1779,6.1,Rice,SYNTHETIC (generated from per-crop agro-climatic profiles)
327,9.9,192,20.6,55,707,6.4,Wheat,SYNTHETIC (generated from per-crop agro-climatic profiles)
413,16.6,207,28.0,86,767,5.7,Maize,SYNTHETIC (generated from per-crop agro-climatic profiles)
325,17.0,185,27.2,53,389,7.8,Sorghum,SYNTHETIC (generated from per-crop agro-climatic profiles)
297,5.4,163,27.8,71,469,7.6,Pearl millet,SYNTHETIC (generated from per-crop agro-climatic profiles)
399,13.9,149,27.3,48,681,8.0,Cotton,SYNTHETIC (generated from per-crop agro-climatic profiles)
361,9.7,213,27.0,64,1178,6.8,Sugarcane,SYNTHETIC (generated from per-crop agro-climatic profiles)
192,12.0,172,33.0,71,415,6.5,Groundnut,SYNTHETIC (generated from per-crop agro-climatic profiles)
244,14.3,191,30.6,93,784,7.5,Soybean,SYNTHETIC (generated from per-crop agro-climatic profiles)
192,8.3,283,17.3,49,491,6.0,Chickpea,SYNTHETIC (generated from per-crop agro-climatic profiles)
290,6.9,255,29.2,85,372,7.1,Pigeon pea,SYNTHETIC (generated from per-crop agro-climatic profiles)
188,16.2,192,22.7,59,418,6.2,Lentil,SYNTHETIC (generated from per-crop agro-climatic profiles)
315,16.0,165,20.4,81,532,6.0,Mustard,SYNTHETIC (generated from per-crop agro-climatic profiles)
264,18.3,122,22.3,70,793,7.3,Sunflower,SYNTHETIC (generated from per-crop agro-climatic profiles)
338,17.5,159,17.3,84,654,7.8,Potato,SYNTHETIC (generated from per-crop agro-climatic profiles)
294,10.9,230,15.9,76,811,7.1,Tomato,SYNTHETIC (generated from per-crop agro-climatic profiles)
418,20.7,113,18.2,44,727,7.1,Onion,SYNTHETIC (generated from per-crop agro-climatic profiles)
404,19.7,192,28.3,72,1025,6.3,Banana,SYNTHETIC (generated from per-crop agro-climatic profiles)
360,17.9,239,22.0,60,632,6.2,Chilli,SYNTHETIC (generated from per-crop agro-climatic profiles)
498,13.7,189,27.4,66,1587,7.6,Turmeric,SYNTHETIC (generated from per-crop agro-climatic profiles)
387,15.3,307,31.0,60,449,6.2,Ragi,SYNTHETIC (generated from per-crop agro-climatic profiles)
179,22.2,191,28.1,98,418,7.1,Green gram,SYNTHETIC (generated from per-crop agro-climatic profiles)
335,15.6,206,29.8,78,1226,5.9,Rice,SYNTHETIC (generated from per-crop agro-climatic profiles)
375,10.6,108,22.0,73,631,6.8,Wheat,SYNTHETIC (generated from per-crop agro-climatic profiles)
416,16.4,199,27.4,80,942,6.1,Maize,SYNTHETIC (generated from per-crop agro-climatic profiles)
314,11.6,205,24.6,43,548,7.4,Sorghum,SYNTHETIC (generated from per-crop agro-climatic profiles)
266,6.6,150,30.2,53,434,6.8,Pearl millet,SYNTHETIC (generated from per-crop agro-climatic profiles)
337,15.7,159,23.5,42,629,7.2,Cotton,SYNTHETIC (generated from per-crop agro-climatic profiles)
413,15.1,223,24.3,66,1289,7.1,Sugarcane,SYNTHETIC (generated from per-crop agro-climatic profiles)
204,10.7,179,32.0,71,377,6.6,Groundnut,SYNTHETIC (generated from per-crop agro-climatic profiles)
285,16.1,233,32.0,98,719,7.2,Soybean,SYNTHETIC (generated from per-crop agro-climatic profiles)
185,12.2,239,17.2,45,385,6.4,Chickpea,SYNTHETIC (generated from per-crop agro-climatic profiles)
222,12.9,244,30.5,79,480,8.4,Pigeon pea,SYNTHETIC (generated from per-crop agro-climatic profiles)
201,20.3,194,22.1,41,445,6.6,Lentil,SYNTHETIC (generated from per-crop agro-climatic profiles)
345,12.0,195,23.7,86,525,6.3,Mustard,SYNTHETIC (generated from per-crop agro-climatic profiles)
323,20.5,100,23.2,66,793,6.8,Sunflower,SYNTHETIC (generated from per-crop agro-climatic profiles)
389,18.0,241,18.5,89,644,7.8,Potato,SYNTHETIC (generated from per-crop agro-climatic profiles)
357,18.2,220,19.2,82,871,7.8,Tomato,SYNTHETIC (generated from per-crop agro-climatic profiles)
398,19.1,120,17.3,47,951,6.4,Onion,SYNTHETIC (generated from per-crop agro-climatic profiles)
460,14.2,175,27.4,64,836,6.6,Banana,SYNTHETIC (generated from per-crop agro-climatic profiles)
377,19.6,125,23.5,55,605,6.6,Chilli,SYNTHETIC (generated from per-crop agro-climatic profiles)
384,14.8,184,25.9,60,1213,7.8,Turmeric,SYNTHETIC (generated from per-crop agro-climatic profiles)
405,16.5,244,30.8,60,465,6.0,Ragi,SYNTHETIC (generated from per-crop agro-climatic profiles)
216,19.4,175,27.9,87,548,7.2,Green gram,SYNTHETIC (generated from per-crop agro-climatic profiles)
311,7.6,223,30.0,75,1041,6.0,Rice,SYNTHETIC (generated from per-crop agro-climatic profiles)
330,12.6,203,23.4,59,850,6.6,Wheat,SYNTHETIC (generated from per-crop agro-climatic profiles)
418,16.2,256,27.3,74,779,6.6,Maize,SYNTHETIC (generated from per-crop agro-climatic profiles)
340,15.6,176,27.8,46,446,7.6,Sorghum,SYNTHETIC (generated from per-crop agro-climatic profiles)
322,7.1,120,29.1,55,431,7.1,Pearl millet,SYNTHETIC (generated from per-crop agro-climatic profiles)
405,11.3,149,25.3,46,691,7.3,Cotton,SYNTHETIC (generated from per-crop agro-climatic profiles)
395,15.5,198,26.4,67,1340,6.7,Sugarcane,SYNTHETIC (generated from per-crop agro-climatic profiles)
183,15.8,164,32.5,69,376,6.3,Groundnut,SYNTHETIC (generated from per-crop agro-climatic profiles)
232,13.9,196,33.2,89,610,7.2,Soybean,SYNTHETIC (generated from per-crop agro-climatic profiles)
276,11.6,244,14.5,48,427,6.8,Chickpea,SYNTHETIC (generated from per-crop agro-climatic profiles)
321,9.0,258,28.2,83,291,7.3,Pigeon pea,SYNTHETIC (generated from per-crop agro-climatic profiles)
168,15.4,202,21.8,45,459,6.0,Lentil,SYNTHETIC (generated from per-crop agro-climatic profiles)
297,15.3,172,24.7,74,414,6.2,Mustard,SYNTHETIC (generated from per-crop agro-climatic profiles)
387,20.2,100,23.8,62,709,6.8,Sunflower,SYNTHETIC (generated from per-crop agro-climatic profiles)
398,13.2,144,15.8,84,450,7.4,Potato,SYNTHETIC (generated from per-crop agro-climatic profiles)
311,13.8,204,15.9,69,725,7.7,Tomato,SYNTHETIC (generated from per-crop agro-climatic profiles)
344,18.7,112,17.9,51,1039,7.3,Onion,SYNTHETIC (generated from per-crop agro-climatic profiles)
298,12.8,247,26.9,78,916,6.5,Banana,SYNTHETIC (generated from per-crop agro-climatic profiles)
317,23.5,222,25.9,39,609,5.9,Chilli,SYNTHETIC (generated from per-crop agro-climatic profiles)
458,18.5,179,26.1,61,1731,7.6,Turmeric,SYNTHETIC (generated from per-crop agro-climatic profiles)
393,13.7,241,30.5,57,413,5.6,Ragi,SYNTHETIC (generated from per-crop agro-climatic profiles)
186,20.1,219,28.9,66,480,7.1,Green gram,SYNTHETIC (generated from per-crop agro-climatic profiles)
319,11.6,225,28.9,81,1603,5.7,Rice,SYNTHETIC (generated from per-crop agro-climatic profiles)
343,9.7,161,22.6,68,712,7.0,Wheat,SYNTHETIC (generated from per-crop agro-climatic profiles)
405,19.4,233,28.9,78,689,6.5,Maize,SYNTHETIC (generated from per-crop agro-climatic profiles)
262,16.4,117,25.2,47,448,7.8,Sorghum,SYNTHETIC (generated from per-crop agro-climatic profiles)
332,7.7,133,29.1,65,443,7.4,Pearl millet,SYNTHETIC (generated from per-crop agro-climatic profiles)
370,10.2,214,25.3,41,686,7.4,Cotton,SYNTHETIC (generated from per-crop agro-climatic profiles)
382,11.6,201,23.0,78,1352,6.7,Sugarcane,SYNTHETIC (generated from per-crop agro-climatic profiles)
203,17.9,192,30.6,71,413,5.9,Groundnut,SYNTHETIC (generated from per-crop agro-climatic profiles)
235,11.6,274,29.3,85,764,7.2,Soybean,SYNTHETIC (generated from per-crop agro-climatic profiles)
249,8.5,260,15.8,52,476,6.3,Chickpea,SYNTHETIC (generated from per-crop agro-climatic profiles)
295,7.7,279,31.5,79,456,7.7,Pigeon pea,SYNTHETIC (generated from per-crop agro-climatic profiles)
169,23.9,155,22.9,46,530,6.4,Lentil,SYNTHETIC (generated from per-crop agro-climatic profiles)
335,14.3,205,24.6,77,446,6.5,Mustard,SYNTHETIC (generated from per-crop agro-climatic profiles)
317,12.7,114,22.4,58,907,6.3,Sunflower,SYNTHETIC (generated from per-crop agro-climatic profiles)
379,10.8,216,16.0,84,650,7.2,Potato,SYNTHETIC (generated from per-crop agro-climatic profiles)
374,14.8,145,17.4,84,847,7.4,Tomato,SYNTHETIC (generated from per-crop agro-climatic profiles)
400,20.4,162,20.1,48,1026,7.0,Onion,SYNTHETIC (generated from per-crop agro-climatic profiles)
377,17.5,213,27.7,73,1031,6.6,Banana,SYNTHETIC (generated from per-crop agro-climatic profiles)
403,22.6,245,25.2,41,609,6.7,Chilli,SYNTHETIC (generated from per-crop agro-climatic profiles)
388,15.4,203,24.9,66,1542,7.2,Turmeric,SYNTHETIC (generated from per-crop agro-climatic profiles)
415,19.7,240,27.9,54,522,6.1,Ragi,SYNTHETIC (generated from per-crop agro-climatic profiles)
236,16.9,197,28.3,86,485,7.3,Green gram,SYNTHETIC (generated from per-crop agro-climatic profiles)
372,14.2,209,28.6,77,1222,6.0,Rice,SYNTHETIC (generated from per-crop agro-climatic profiles)
380,9.3,147,22.0,65,920,6.7,Wheat,SYNTHETIC (generated from per-crop agro-climatic profiles)
432,13.5,222,30.9,87,805,6.1,Maize,SYNTHETIC (generated from per-crop agro-climatic profiles)
311,11.4,178,23.9,45,450,7.8,Sorghum,SYNTHETIC (generated from per-crop agro-climatic profiles)
312,8.2,152,31.2,76,407,7.0,Pearl millet,SYNTHETIC (generated from per-crop agro-climatic profiles)
412,12.3,215,25.0,48,718,7.4,Cotton,SYNTHETIC (generated from per-crop agro-climatic profiles)
389,9.1,156,29.7,79,1678,6.8,Sugarcane,SYNTHETIC (generated from per-crop agro-climatic profiles)
159,17.6,143,34.0,70,514,5.8,Groundnut,SYNTHETIC (generated from per-crop agro-climatic profiles)
248,20.5,198,30.7,84,601,7.0,Soybean,SYNTHETIC (generated from per-crop agro-climatic profiles)
284,5.3,236,17.5,50,461,6.8,Chickpea,SYNTHETIC (generated from per-crop agro-climatic profiles)
294,12.8,213,29.1,77,439,8.0,Pigeon pea,SYNTHETIC (generated from per-crop agro-climatic profiles)
221,17.6,131,23.5,55,419,6.4,Lentil,SYNTHETIC (generated from per-crop agro-climatic profiles)
300,14.8,111,24.0,64,499,6.1,Mustard,SYNTHETIC (generated from per-crop agro-climatic profiles)
365,20.7,126,25.8,69,571,6.5,Sunflower,SYNTHETIC (generated from per-crop agro-climatic profiles)
338,10.8,183,15.1,84,562,8.0,Potato,SYNTHETIC (generated from per-crop agro-climatic profiles)
354,9.6,237,18.8,63,730,7.5,Tomato,SYNTHETIC (generated from per-crop agro-climatic profiles)
391,14.6,177,17.8,50,913,6.7,Onion,SYNTHETIC (generated from per-crop agro-climatic profiles)
430,15.3,238,29.2,70,1070,6.8,Banana,SYNTHETIC (generated from per-crop agro-climatic profiles)
375,18.7,153,25.0,49,840,5.9,Chilli,SYNTHETIC (generated from per-crop agro-climatic profiles)
496,16.8,211,28.9,73,1566,7.6,Turmeric,SYNTHETIC (generated from per-crop agro-climatic profiles)
430,15.3,249,31.0,58,509,5.9,Ragi,SYNTHETIC (generated from per-crop agro-climatic profiles)
215,20.4,152,24.4,85,360,7.3,Green gram,SYNTHETIC (generated from per-crop agro-climatic profiles)
304,13.9,264,27.0,84,1429,6.3,Rice,SYNTHETIC (generated from per-crop agro-climatic profiles)
387,13.6,154,22.4,65,939,7.3,Wheat,SYNTHETIC (generated from per-crop agro-climatic profiles)
423,10.0,294,28.4,91,806,5.9,Maize,SYNTHETIC (generated from per-crop agro-climatic profiles)
225,12.7,191,23.6,53,441,7.7,Sorghum,SYNTHETIC (generated from per-crop agro-climatic profiles)
345,9.0,129,28.6,61,412,6.9,Pearl millet,SYNTHETIC (generated from per-crop agro-climatic profiles)
432,16.1,166,26.1,44,677,7.2,Cotton,SYNTHETIC (generated from per-crop agro-climatic profiles)
428,10.7,209,25.8,60,1272,7.0,Sugarcane,SYNTHETIC (generated from per-crop agro-climatic profiles)
198,13.8,188,29.3,74,510,6.7,Groundnut,SYNTHETIC (generated from per-crop agro-climatic profiles)
252,20.2,219,30.4,88,819,6.5,Soybean,SYNTHETIC (generated from per-crop agro-climatic profiles)
167,5.6,233,17.9,63,373,6.9,Chickpea,SYNTHETIC (generated from per-crop agro-climatic profiles)
257,12.8,224,27.4,87,362,7.2,Pigeon pea,SYNTHETIC (generated from per-crop agro-climatic profiles)
247,21.9,236,25.5,54,398,6.0,Lentil,SYNTHETIC (generated from per-crop agro-climatic profiles)
310,18.9,170,22.6,73,521,6.2,Mustard,SYNTHETIC (generated from per-crop agro-climatic profiles)
362,14.5,207,19.5,61,674,6.6,Sunflower,SYNTHETIC (generated from per-crop agro-climatic profiles)
373,17.3,204,15.7,90,571,7.5,Potato,SYNTHETIC (generated from per-crop agro-climatic profiles)
312,10.5,213,19.1,84,749,7.5,Tomato,SYNTHETIC (generated from per-crop agro-climatic profiles)
370,13.5,122,16.2,51,882,6.7,Onion,SYNTHETIC (generated from per-crop agro-climatic profiles)
441,17.3,236,30.3,63,680,6.5,Banana,SYNTHETIC (generated from per-crop agro-climatic profiles)
320,23.8,194,28.7,60,764,7.0,Chilli,SYNTHETIC (generated from per-crop agro-climatic profiles)
392,12.6,157,25.7,53,1250,7.4,Turmeric,SYNTHETIC (generated from per-crop agro-climatic profiles)
340,13.2,192,29.1,51,534,6.5,Ragi,SYNTHETIC (generated from per-crop agro-climatic profiles)
179,18.3,257,29.8,81,403,7.8,Green gram,SYNTHETIC (generated from per-crop agro-climatic profiles)
280,14.9,224,28.4,72,1499,6.1,Rice,SYNTHETIC (generated from per-crop agro-climatic profiles)
283,12.2,139,22.4,67,809,6.7,Wheat,SYNTHETIC (generated from per-crop agro-climatic profiles)
376,17.7,246,28.6,85,941,6.6,Maize,SYNTHETIC (generated from per-crop agro-climatic profiles)
298,15.7,237,27.2,55,475,7.8,Sorghum,SYNTHETIC (generated from per-crop agro-climatic profiles)
321,11.2,152,28.8,63,466,7.5,Pearl millet,SYNTHETIC (generated from per-crop agro-climatic profiles)
440,9.1,161,24.0,43,647,7.1,Cotton,SYNTHETIC (generated from per-crop agro-climatic profiles)
384,15.3,194,27.5,71,1357,7.3,Sugarcane,SYNTHETIC (generated from per-crop agro-climatic profiles)
245,10.3,207,31.3,62,402,6.3,Groundnut,SYNTHETIC (generated from per-crop agro-climatic profiles)
288,17.7,197,31.6,81,672,7.8,Soybean,SYNTHETIC (generated from per-crop agro-climatic profiles)
182,12.7,214,17.8,55,405,6.4,Chickpea,SYNTHETIC (generated from per-crop agro-climatic profiles)
240,12.2,254,31.3,90,391,7.4,Pigeon pea,SYNTHETIC (generated from per-crop agro-climatic profiles)
188,24.2,184,24.0,43,463,6.5,Lentil,SYNTHETIC (generated from per-crop agro-climatic profiles)
336,12.6,113,25.8,69,595,6.4,Mustard,SYNTHETIC (generated from per-crop agro-climatic profiles)
372,17.3,136,23.2,68,898,6.7,Sunflower,SYNTHETIC (generated from per-crop agro-climatic profiles)
387,12.5,202,15.3,82,736,7.5,Potato,SYNTHETIC (generated from per-crop agro-climatic profiles)
306,19.7,220,20.4,79,826,7.7,Tomato,SYNTHETIC (generated from per-crop agro-climatic profiles)
376,19.0,187,16.9,40,739,6.8,Onion,SYNTHETIC (generated from per-crop agro-climatic profiles)
378,19.5,231,28.9,71,908,6.5,Banana,SYNTHETIC (generated from per-crop agro-climatic profiles)
300,22.5,194,26.1,46,597,6.5,Chilli,SYNTHETIC (generated from per-crop agro-climatic profiles)
427,19.4,98,29.1,57,1581,7.8,Turmeric,SYNTHETIC (generated from per-crop agro-climatic profiles)
393,15.1,224,29.7,54,444,6.6,Ragi,SYNTHETIC (generated from per-crop agro-climatic profiles)
266,17.1,196,25.8,87,462,7.2,Green gram,SYNTHETIC (generated from per-crop agro-climatic profiles)
301,14.3,230,29.9,75,1595,6.3,Rice,SYNTHETIC (generated from per-crop agro-climatic profiles)
308,11.6,109,23.1,58,904,6.5,Wheat,SYNTHETIC (generated from per-crop agro-climatic profiles)
381,12.7,287,28.7,88,627,6.4,Maize,SYNTHETIC (generated from per-crop agro-climatic profiles)
315,17.8,173,24.4,41,529,7.0,Sorghum,SYNTHETIC (generated from per-crop agro-climatic profiles)
330,2.0,179,27.8,71,394,7.3,Pearl millet,SYNTHETIC (generated from per-crop agro-climatic profiles)
423,9.6,111,24.4,40,763,7.4,Cotton,SYNTHETIC (generated from per-crop agro-climatic profiles)
421,14.9,134,26.4,68,1513,6.8,Sugarcane,SYNTHETIC (generated from per-crop agro-climatic profiles)
191,9.9,142,31.1,60,361,6.4,Groundnut,SYNTHETIC (generated from per-crop agro-climatic profiles)
264,14.7,200,29.8,82,640,6.7,Soybean,SYNTHETIC (generated from per-crop agro-climatic profiles)
267,11.8,197,15.4,65,463,6.8,Chickpea,SYNTHETIC (generated from per-crop agro-climatic profiles)
239,12.9,211,27.7,81,350,7.5,Pigeon pea,SYNTHETIC (generated from per-crop agro-climatic profiles)
188,13.1,142,23.5,47,507,6.4,Lentil,SYNTHETIC (generated from per-crop agro-climatic profiles)
337,18.7,173,23.3,71,504,6.1,Mustard,SYNTHETIC (generated from per-crop agro-climatic profiles)
343,16.2,155,22.5,70,698,6.0,Sunflower,SYNTHETIC (generated from per-crop agro-climatic profiles)
393,20.4,166,16.0,85,635,7.7,Potato,SYNTHETIC (generated from per-crop agro-climatic profiles)
325,13.4,191,19.4,77,814,7.6,Tomato,SYNTHETIC (generated from per-crop agro-climatic profiles)
389,22.3,195,17.0,40,778,7.0,Onion,SYNTHETIC (generated from per-crop agro-climatic profiles)
361,13.7,197,30.9,75,1061,6.4,Banana,SYNTHETIC (generated from per-crop agro-climatic profiles)
374,22.8,211,24.6,52,737,6.6,Chilli,SYNTHETIC (generated from per-crop agro-climatic profiles)
405,20.5,206,26.1,67,1668,7.3,Turmeric,SYNTHETIC (generated from per-crop agro-climatic profiles)
345,14.9,269,31.7,65,402,6.3,Ragi,SYNTHETIC (generated from per-crop agro-climatic profiles)
237,17.8,233,25.5,92,421,6.8,Green gram,SYNTHETIC (generated from per-crop agro-climatic profiles)
295,14.8,258,29.2,64,1264,6.0,Rice,SYNTHETIC (generated from per-crop agro-climatic profiles)
321,8.8,155,24.0,64,1011,6.8,Wheat,SYNTHETIC (generated from per-crop agro-climatic profiles)
452,21.6,260,28.2,92,872,6.4,Maize,SYNTHETIC (generated from per-crop agro-climatic profiles)
284,16.5,149,26.0,47,414,7.4,Sorghum,SYNTHETIC (generated from per-crop agro-climatic profiles)
342,8.5,162,30.1,74,434,7.2,Pearl millet,SYNTHETIC (generated from per-crop agro-climatic profiles)
412,16.6,194,24.3,36,809,7.6,Cotton,SYNTHETIC (generated from per-crop agro-climatic profiles)
444,14.7,182,26.0,75,1275,7.0,Sugarcane,SYNTHETIC (generated from per-crop agro-climatic profiles)
182,12.3,190,30.9,64,467,6.7,Groundnut,SYNTHETIC (generated from per-crop agro-climatic profiles)
297,14.6,220,30.8,85,751,7.4,Soybean,SYNTHETIC (generated from per-crop agro-climatic profiles)
292,11.8,258,17.9,65,367,6.8,Chickpea,SYNTHETIC (generated from per-crop agro-climatic profiles)
293,10.8,243,31.6,83,435,7.6,Pigeon pea,SYNTHETIC (generated from per-crop agro-climatic profiles)
239,23.0,138,23.8,66,562,6.7,Lentil,SYNTHETIC (generated from per-crop agro-climatic profiles)
346,17.7,170,20.6,68,400,6.2,Mustard,SYNTHETIC (generated from per-crop agro-climatic profiles)
418,16.2,162,21.0,69,600,6.3,Sunflower,SYNTHETIC (generated from per-crop agro-climatic profiles)
407,13.7,191,16.3,71,577,7.5,Potato,SYNTHETIC (generated from per-crop agro-climatic profiles)
354,7.3,253,17.2,76,791,7.8,Tomato,SYNTHETIC (generated from per-crop agro-climatic profiles)
450,19.0,155,13.7,41,808,6.8,Onion,SYNTHETIC (generated from per-crop agro-climatic profiles)
399,14.8,227,31.8,75,979,6.5,Banana,SYNTHETIC (generated from per-crop agro-climatic profiles)
341,21.7,200,28.2,47,759,6.4,Chilli,SYNTHETIC (generated from per-crop agro-climatic profiles)
442,16.8,206,25.9,56,1411,7.7,Turmeric,SYNTHETIC (generated from per-crop agro-climatic profiles)
337,15.1,233,28.1,63,557,6.6,Ragi,SYNTHETIC (generated from per-crop agro-climatic profiles)
186,25.1,229,28.7,84,438,6.8,Green gram,SYNTHETIC (generated from per-crop agro-climatic profiles)
377,13.8,229,30.7,78,1224,6.1,Rice,SYNTHETIC (generated from per-crop agro-climatic profiles)
316,11.1,207,23.4,68,989,7.0,Wheat,SYNTHETIC (generated from per-crop agro-climatic profiles)
426,18.4,254,28.3,81,742,6.6,Maize,SYNTHETIC (generated from per-crop agro-climatic profiles)
304,13.3,182,24.8,54,473,7.4,Sorghum,SYNTHETIC (generated from per-crop agro-climatic profiles)
288,5.8,109,29.9,58,397,6.6,Pearl millet,SYNTHETIC (generated from per-crop agro-climatic profiles)
384,5.7,114,26.7,45,653,7.8,Cotton,SYNTHETIC (generated from per-crop agro-climatic profiles)
383,6.3,218,27.1,65,1309,6.8,Sugarcane,SYNTHETIC (generated from per-crop agro-climatic profiles)
245,12.0,157,29.8,64,442,6.7,Groundnut,SYNTHETIC (generated from per-crop agro-climatic profiles)
233,8.8,209,26.5,82,702,6.7,Soybean,SYNTHETIC (generated from per-crop agro-climatic profiles)
242,9.6,191,15.8,54,483,6.3,Chickpea,SYNTHETIC (generated from per-crop agro-climatic profiles)
259,7.4,236,29.1,83,371,7.3,Pigeon pea,SYNTHETIC (generated from per-crop agro-climatic profiles)
192,19.5,204,24.0,53,441,6.7,Lentil,SYNTHETIC (generated from per-crop agro-climatic profiles)
349,18.5,176,20.1,59,569,6.3,Mustard,SYNTHETIC (generated from per-crop agro-climatic profiles)
337,24.2,67,21.6,68,712,7.0,Sunflower,SYNTHETIC (generated from per-crop agro-climatic profiles)
452,16.6,133,18.8,83,560,6.9,Potato,SYNTHETIC (generated from per-crop agro-climatic profiles)
341,10.3,198,16.6,70,748,7.2,Tomato,SYNTHETIC (generated from per-crop agro-climatic profiles)
386,20.2,142,20.8,42,894,7.1,Onion,SYNTHETIC (generated from per-crop agro-climatic profiles)
368,17.0,185,27.5,72,821,6.3,Banana,SYNTHETIC (generated from per-crop agro-climatic profiles)
268,25.3,219,26.1,48,540,6.8,Chilli,SYNTHETIC (generated from per-crop agro-climatic profiles)
439,9.4,148,26.0,64,1441,6.7,Turmeric,SYNTHETIC (generated from per-crop agro-climatic profiles)
418,13.4,197,29.9,58,347,6.2,Ragi,SYNTHETIC (generated from per-crop agro-climatic profiles)
247,22.1,235,26.9,79,387,6.6,Green gram,SYNTHETIC (generated from per-crop agro-climatic profiles)
324,12.9,221,30.8,82,1529,5.9,Rice,SYNTHETIC (generated from per-crop agro-climatic profiles)
394,16.4,118,22.9,67,748,7.0,Wheat,SYNTHETIC (generated from per-crop agro-climatic profiles)
442,14.2,239,28.9,95,821,6.3,Maize,SYNTHETIC (generated from per-crop agro-climatic profiles)
280,16.2,188,25.3,39,487,7.7,Sorghum,SYNTHETIC (generated from per-crop agro-climatic profiles)
304,10.7,183,30.2,73,391,7.4,Pearl millet,SYNTHETIC (generated from per-crop agro-climatic profiles)
463,15.0,96,24.9,46,512,7.6,Cotton,SYNTHETIC (generated from per-crop agro-climatic profiles)
334,8.8,175,25.2,69,1055,7.0,Sugarcane,SYNTHETIC (generated from per-crop agro-climatic profiles)
196,14.9,202,32.5,69,437,6.7,Groundnut,SYNTHETIC (generated from per-crop agro-climatic profiles)
225,17.4,174,28.7,80,698,7.3,Soybean,SYNTHETIC (generated from per-crop agro-climatic profiles)
204,14.1,251,16.7,52,412,6.1,Chickpea,SYNTHETIC (generated from per-crop agro-climatic profiles)
232,9.6,223,30.4,93,422,7.3,Pigeon pea,SYNTHETIC (generated from per-crop agro-climatic profiles)
192,25.9,259,23.4,61,526,6.5,Lentil,SYNTHETIC (generated from per-crop agro-climatic profiles)
352,17.3,190,21.3,63,490,6.1,Mustard,SYNTHETIC (generated from per-crop agro-climatic profiles)
293,12.9,117,21.8,72,828,6.6,Sunflower,SYNTHETIC (generated from per-crop agro-climatic profiles)
405,12.8,251,17.0,89,621,7.8,Potato,SYNTHETIC (generated from per-crop agro-climatic profiles)
384,11.2,240,19.0,65,773,7.3,Tomato,SYNTHETIC (generated from per-crop agro-climatic profiles)
427,16.6,175,16.4,39,800,7.2,Onion,SYNTHETIC (generated from per-crop agro-climatic profiles)
412,14.3,256,31.6,66,1057,6.4,Banana,SYNTHETIC (generated from per-crop agro-climatic profiles)
346,18.6,211,26.7,57,630,7.1,Chilli,SYNTHETIC (generated from per-crop agro-climatic profiles)
502,17.4,227,23.9,58,1748,7.9,Turmeric,SYNTHETIC (generated from per-crop agro-climatic profiles)
422,12.9,245,30.8,69,459,5.8,Ragi,SYNTHETIC (generated from per-crop agro-climatic profiles)
227,14.6,261,28.6,92,505,7.5,Green gram,SYNTHETIC (generated from per-crop agro-climatic profiles)
287,11.3,213,28.4,76,1315,5.8,Rice,SYNTHETIC (generated from per-crop agro-climatic profiles)
271,9.2,176,22.7,67,830,6.7,Wheat,SYNTHETIC (generated from per-crop agro-climatic profiles)
417,17.2,257,27.9,87,641,6.5,Maize,SYNTHETIC (generated from per-crop agro-climatic profiles)
276,15.6,164,23.0,41,513,7.5,Sorghum,SYNTHETIC (generated from per-crop agro-climatic profiles)
325,9.8,120,26.3,65,429,7.4,Pearl millet,SYNTHETIC (generated from per-crop agro-climatic profiles)
394,2.2,185,26.6,41,691,7.3,Cotton,SYNTHETIC (generated from per-crop agro-climatic profiles)
390,11.8,193,26.8,63,1175,7.2,Sugarcane,SYNTHETIC (generated from per-crop agro-climatic profiles)
190,13.4,220,33.2,71,387,6.3,Groundnut,SYNTHETIC (generated from per-crop agro-climatic profiles)
235,16.5,216,32.6,83,717,7.2,Soybean,SYNTHETIC (generated from per-crop agro-climatic profiles)
268,4.7,286,18.1,49,386,6.1,Chickpea,SYNTHETIC (generated from per-crop agro-climatic profiles)
298,13.8,242,30.9,84,339,7.2,Pigeon pea,SYNTHETIC (generated from per-crop agro-climatic profiles)
214,15.6,165,25.4,55,308,6.0,Lentil,SYNTHETIC (generated from per-crop agro-climatic profiles)
326,9.9,181,20.5,68,474,6.6,Mustard,SYNTHETIC (generated from per-crop agro-climatic profiles)
303,12.7,131,21.2,71,654,6.9,Sunflower,SYNTHETIC (generated from per-crop agro-climatic profiles)
390,14.8,125,17.6,85,653,7.3,Potato,SYNTHETIC (generated from per-crop agro-climatic profiles)
326,13.7,215,17.2,69,791,7.3,Tomato,SYNTHETIC (generated from per-crop agro-climatic profiles)
398,27.5,145,18.8,59,1076,7.2,Onion,SYNTHETIC (generated from per-crop agro-climatic profiles)
419,13.2,249,27.5,84,992,5.9,Banana,SYNTHETIC (generated from per-crop agro-climatic profiles)
341,22.2,177,26.3,48,749,6.3,Chilli,SYNTHETIC (generated from per-crop agro-climatic profiles)
453,14.7,179,23.5,63,1319,7.3,Turmeric,SYNTHETIC (generated from per-crop agro-climatic profiles)
365,14.5,250,30.7,57,454,6.1,Ragi,SYNTHETIC (generated from per-crop agro-climatic profiles)
235,16.8,177,27.4,76,407,7.7,Green gram,SYNTHETIC (generated from per-crop agro-climatic profiles)
283,12.2,236,28.1,78,1300,6.1,Rice,SYNTHETIC (generated from per-crop agro-climatic profiles)
316,16.0,188,21.6,65,788,6.6,Wheat,SYNTHETIC (generated from per-crop agro-climatic profiles)
424,18.6,223,28.9,76,851,6.7,Maize,SYNTHETIC (generated from per-crop agro-climatic profiles)
282,14.4,187,24.5,54,554,7.6,Sorghum,SYNTHETIC (generated from per-crop agro-climatic profiles)
341,9.2,162,28.6,58,575,7.9,Pearl millet,SYNTHETIC (generated from per-crop agro-climatic profiles)
459,15.7,145,21.9,42,607,7.6,Cotton,SYNTHETIC (generated from per-crop agro-climatic profiles)
364,12.1,236,23.1,64,1190,6.1,Sugarcane,SYNTHETIC (generated from per-crop agro-climatic profiles)
212,10.2,179,29.1,63,407,6.3,Groundnut,SYNTHETIC (generated from per-crop agro-climatic profiles)
252,16.3,228,31.3,83,684,7.2,Soybean,SYNTHETIC (generated from per-crop agro-climatic profiles)
238,8.2,284,17.4,55,373,6.1,Chickpea,SYNTHETIC (generated from per-crop agro-climatic profiles)
228,10.7,236,28.5,74,402,7.9,Pigeon pea,SYNTHETIC (generated from per-crop agro-climatic profiles)
190,20.5,192,22.3,49,543,6.3,Lentil,SYNTHETIC (generated from per-crop agro-climatic profiles)
360,13.7,174,21.3,70,514,6.0,Mustard,SYNTHETIC (generated from per-crop agro-climatic profiles)
295,24.8,161,24.2,74,865,6.5,Sunflower,SYNTHETIC (generated from per-crop agro-climatic profiles)
408,11.8,175,16.3,76,746,7.4,Potato,SYNTHETIC (generated from per-crop agro-climatic profiles)
331,17.3,212,18.2,69,842,7.3,Tomato,SYNTHETIC (generated from per-crop agro-climatic profiles)
370,17.7,144,17.3,41,846,7.0,Onion,SYNTHETIC (generated from per-crop agro-climatic profiles)
417,17.5,210,29.4,66,892,6.7,Banana,SYNTHETIC (generated from per-crop agro-climatic profiles)
341,23.2,191,25.4,59,526,7.0,Chilli,SYNTHETIC (generated from per-crop agro-climatic profiles)
437,15.6,141,25.0,68,1530,7.4,Turmeric,SYNTHETIC (generated from per-crop agro-climatic profiles)
428,12.4,226,34.0,59,307,6.0,Ragi,SYNTHETIC (generated from per-crop agro-climatic profiles)
157,16.1,198,25.5,93,439,7.4,Green gram,SYNTHETIC (generated from per-crop agro-climatic profiles)
286,11.2,233,27.8,80,1318,5.9,Rice,SYNTHETIC (generated from per-crop agro-climatic profiles)
374,16.2,206,24.8,61,897,6.7,Wheat,SYNTHETIC (generated from per-crop agro-climatic profiles)
425,21.8,270,30.3,80,736,6.7,Maize,SYNTHETIC (generated from per-crop agro-climatic profiles)
309,10.2,235,24.9,41,434,7.6,Sorghum,SYNTHETIC (generated from per-crop agro-climatic profiles)
312,12.2,175,28.5,62,575,7.3,Pearl millet,SYNTHETIC (generated from per-crop agro-climatic profiles)
454,12.9,190,24.1,43,753,7.1,Cotton,SYNTHETIC (generated from per-crop agro-climatic profiles)
380,9.8,171,24.0,77,1437,7.6,Sugarcane,SYNTHETIC (generated from per-crop agro-climatic profiles)
209,14.7,165,30.3,78,450,6.4,Groundnut,SYNTHETIC (generated from per-crop agro-climatic profiles)
284,17.7,201,30.2,80,730,7.2,Soybean,SYNTHETIC (generated from per-crop agro-climatic profiles)
140,7.9,292,16.0,61,399,6.8,Chickpea,SYNTHETIC (generated from per-crop agro-climatic profiles)
271,11.3,267,28.3,86,395,8.0,Pigeon pea,SYNTHETIC (generated from per-crop agro-climatic profiles)
163,22.4,190,22.8,54,391,6.3,Lentil,SYNTHETIC (generated from per-crop agro-climatic profiles)
387,14.4,156,25.4,66,523,6.3,Mustard,SYNTHETIC (generated from per-crop agro-climatic profiles)
386,20.4,143,20.7,67,899,7.2,Sunflower,SYNTHETIC (generated from per-crop agro-climatic profiles)
367,14.7,150,17.3,78,604,7.8,Potato,SYNTHETIC (generated from per-crop agro-climatic profiles)
328,15.7,257,20.6,69,683,7.5,Tomato,SYNTHETIC (generated from per-crop agro-climatic profiles)
373,14.3,177,15.1,46,930,6.5,Onion,SYNTHETIC (generated from per-crop agro-climatic profiles)
400,17.7,224,27.4,76,890,6.7,Banana,SYNTHETIC (generated from per-crop agro-climatic profiles)
352,21.2,190,25.0,50,649,7.3,Chilli,SYNTHETIC (generated from per-crop agro-climatic profiles)
432,13.2,208,28.2,59,1590,7.6,Turmeric,SYNTHETIC (generated from per-crop agro-climatic profiles)
345,10.2,221,29.1,57,457,6.5,Ragi,SYNTHETIC (generated from per-crop agro-climatic profiles)
187,22.0,244,27.2,83,501,7.0,Green gram,SYNTHETIC (generated from per-crop agro-climatic profiles)
268,7.3,237,27.6,59,1705,6.8,Rice,SYNTHETIC (generated from per-crop agro-climatic profiles)
314,20.3,164,24.0,67,853,6.5,Wheat,SYNTHETIC (generated from per-crop agro-climatic profiles)
406,12.0,194,26.5,88,766,6.2,Maize,SYNTHETIC (generated from per-crop agro-climatic profiles)
315,17.1,154,24.3,47,469,7.2,Sorghum,SYNTHETIC (generated from per-crop agro-climatic profiles)
333,8.6,153,26.3,69,464,7.5,Pearl millet,SYNTHETIC (generated from per-crop agro-climatic profiles)
429,14.3,161,23.5,50,675,7.6,Cotton,SYNTHETIC (generated from per-crop agro-climatic profiles)
366,11.3,154,27.6,71,1522,6.6,Sugarcane,SYNTHETIC (generated from per-crop agro-climatic profiles)
185,15.3,183,31.4,65,415,6.2,Groundnut,SYNTHETIC (generated from per-crop agro-climatic profiles)
209,14.2,196,29.7,84,732,7.2,Soybean,SYNTHETIC (generated from per-crop agro-climatic profiles)
222,12.7,213,16.1,48,462,6.6,Chickpea,SYNTHETIC (generated from per-crop agro-climatic profiles)
287,15.8,210,29.4,83,390,7.8,Pigeon pea,SYNTHETIC (generated from per-crop agro-climatic profiles)
237,22.3,244,25.7,54,428,7.4,Lentil,SYNTHETIC (generated from per-crop agro-climatic profiles)
303,13.6,185,23.5,69,507,6.4,Mustard,SYNTHETIC (generated from per-crop agro-climatic profiles)
297,20.5,138,24.2,67,645,6.9,Sunflower,SYNTHETIC (generated from per-crop agro-climatic profiles)
335,15.7,268,15.3,78,621,7.4,Potato,SYNTHETIC (generated from per-crop agro-climatic profiles)
350,13.3,189,14.4,65,798,7.8,Tomato,SYNTHETIC (generated from per-crop agro-climatic profiles)
415,20.7,167,16.2,33,893,6.3,Onion,SYNTHETIC (generated from per-crop agro-climatic profiles)
407,14.7,277,30.4,73,844,6.0,Banana,SYNTHETIC (generated from per-crop agro-climatic profiles)
410,20.0,210,24.4,62,621,6.5,Chilli,SYNTHETIC (generated from per-crop agro-climatic profiles)
440,18.2,182,26.3,59,1455,7.7,Turmeric,SYNTHETIC (generated from per-crop agro-climatic profiles)
465,14.3,205,32.5,66,492,6.8,Ragi,SYNTHETIC (generated from per-crop agro-climatic profiles)
270,15.6,206,25.3,83,469,6.7,Green gram,SYNTHETIC (generated from per-crop agro-climatic profiles)
317,11.2,268,31.5,83,1398,6.4,Rice,SYNTHETIC (generated from per-crop agro-climatic profiles)
318,9.8,136,24.2,74,850,7.0,Wheat,SYNTHETIC (generated from per-crop agro-climatic profiles)
380,19.1,201,29.8,92,712,6.9,Maize,SYNTHETIC (generated from per-crop agro-climatic profiles)
189,14.2,214,25.1,36,486,7.3,Sorghum,SYNTHETIC (generated from per-crop agro-climatic profiles)
371,3.9,152,26.8,65,393,7.2,Pearl millet,SYNTHETIC (generated from per-crop agro-climatic profiles)
386,9.2,166,26.7,46,689,7.9,Cotton,SYNTHETIC (generated from per-crop agro-climatic profiles)
365,11.8,185,29.4,66,1235,6.9,Sugarcane,SYNTHETIC (generated from per-crop agro-climatic profiles)
180,14.2,169,30.8,77,486,6.4,Groundnut,SYNTHETIC (generated from per-crop agro-climatic profiles)
259,16.7,220,28.0,92,781,7.1,Soybean,SYNTHETIC (generated from per-crop agro-climatic profiles)
211,6.4,263,20.0,39,433,5.9,Chickpea,SYNTHETIC (generated from per-crop agro-climatic profiles)
256,9.3,273,29.6,85,379,7.7,Pigeon pea,SYNTHETIC (generated from per-crop agro-climatic profiles)
213,26.1,192,23.6,58,427,5.9,Lentil,SYNTHETIC (generated from per-crop agro-climatic profiles)
328,15.8,149,23.3,64,473,5.8,Mustard,SYNTHETIC (generated from per-crop agro-climatic profiles)
360,20.0,180,21.4,79,700,6.1,Sunflower,SYNTHETIC (generated from per-crop agro-climatic profiles)
422,17.5,179,14.6,67,506,7.2,Potato,SYNTHETIC (generated from per-crop agro-climatic profiles)
365,16.1,226,18.0,72,849,7.7,Tomato,SYNTHETIC (generated from per-crop agro-climatic profiles)
405,21.7,109,15.6,50,855,6.7,Onion,SYNTHETIC (generated from per-crop agro-climatic profiles)
374,13.4,197,30.9,71,944,6.0,Banana,SYNTHETIC (generated from per-crop agro-climatic profiles)
309,17.9,211,24.4,55,556,6.3,Chilli,SYNTHETIC (generated from per-crop agro-climatic profiles)
372,15.0,159,25.8,54,1184,7.3,Turmeric,SYNTHETIC (generated from per-crop agro-climatic profiles)
467,9.4,232,30.5,63,419,5.9,Ragi,SYNTHETIC (generated from per-crop agro-climatic profiles)
214,21.8,197,27.9,83,537,6.9,Green gram,SYNTHETIC (generated from per-crop agro-climatic profiles)
357,9.2,224,30.6,81,1211,6.1,Rice,SYNTHETIC (generated from per-crop agro-climatic profiles)
369,13.9,125,22.1,66,833,6.5,Wheat,SYNTHETIC (generated from per-crop agro-climatic profiles)
404,22.3,250,25.4,77,857,6.6,Maize,SYNTHETIC (generated from per-crop agro-climatic profiles)
308,16.7,235,26.2,45,463,7.7,Sorghum,SYNTHETIC (generated from per-crop agro-climatic profiles)
252,15.3,144,27.4,65,421,7.8,Pearl millet,SYNTHETIC (generated from per-crop agro-climatic profiles)
407,11.8,184,24.7,45,724,7.7,Cotton,SYNTHETIC (generated from per-crop agro-climatic profiles)
353,7.8,109,25.2,72,1578,7.1,Sugarcane,SYNTHETIC (generated from per-crop agro-climatic profiles)
160,12.4,194,30.4,67,484,6.6,Groundnut,SYNTHETIC (generated from per-crop agro-climatic profiles)
228,14.5,257,31.1,92,608,7.3,Soybean,SYNTHETIC (generated from per-crop agro-climatic profiles)
259,13.8,284,16.6,56,425,6.6,Chickpea,SYNTHETIC (generated from per-crop agro-climatic profiles)
221,4.7,240,29.4,82,389,7.9,Pigeon pea,SYNTHETIC (generated from per-crop agro-climatic profiles)
225,18.7,192,20.5,65,451,6.6,Lentil,SYNTHETIC (generated from per-crop agro-climatic profiles)
352,13.8,165,19.8,72,453,6.4,Mustard,SYNTHETIC (generated from per-crop agro-climatic profiles)
357,17.7,169,25.8,62,690,6.1,Sunflower,SYNTHETIC (generated from per-crop agro-climatic profiles)
379,15.1,167,15.9,96,632,7.5,Potato,SYNTHETIC (generated from per-crop agro-climatic profiles)
353,16.3,159,18.5,70,903,7.5,Tomato,SYNTHETIC (generated from per-crop agro-climatic profiles)
455,21.3,188,16.1,46,1124,6.3,Onion,SYNTHETIC (generated from per-crop agro-climatic profiles)
422,18.6,213,28.9,78,1094,6.0,Banana,SYNTHETIC (generated from per-crop agro-climatic profiles)
379,16.9,219,23.2,43,892,6.9,Chilli,SYNTHETIC (generated from per-crop agro-climatic profiles)
351,12.0,166,25.5,57,1217,7.3,Turmeric,SYNTHETIC (generated from per-crop agro-climatic profiles)
406,11.0,268,28.3,65,488,6.1,Ragi,SYNTHETIC (generated from per-crop agro-climatic profiles)
193,21.6,186,29.0,83,522,6.8,Green gram,SYNTHETIC (generated from per-crop agro-climatic profiles)
316,10.4,283,29.3,73,1242,5.8,Rice,SYNTHETIC (generated from per-crop agro-climatic profiles)
347,14.3,210,22.6,52,903,7.0,Wheat,SYNTHETIC (generated from per-crop agro-climatic profiles)
386,18.3,254,28.9,76,810,6.0,Maize,SYNTHETIC (generated from per-crop agro-climatic profiles)
259,15.5,169,24.4,47,474,7.1,Sorghum,SYNTHETIC (generated from per-crop agro-climatic profiles)
316,11.8,161,32.1,68,538,6.8,Pearl millet,SYNTHETIC (generated from per-crop agro-climatic profiles)
403,7.5,138,28.2,34,781,7.7,Cotton,SYNTHETIC (generated from per-crop agro-climatic profiles)
417,9.1,237,26.3,74,1067,6.6,Sugarcane,SYNTHETIC (generated from per-crop agro-climatic profiles)
173,15.3,130,28.3,69,367,6.4,Groundnut,SYNTHETIC (generated from per-crop agro-climatic profiles)
248,17.8,160,29.6,82,778,7.0,Soybean,SYNTHETIC (generated from per-crop agro-climatic profiles)
234,6.8,260,18.1,53,400,6.2,Chickpea,SYNTHETIC (generated from per-crop agro-climatic profiles)
260,12.0,219,31.0,79,348,8.1,Pigeon pea,SYNTHETIC (generated from per-crop agro-climatic profiles)
181,17.3,183,24.9,56,494,6.5,Lentil,SYNTHETIC (generated from per-crop agro-climatic profiles)
353,14.7,170,22.4,63,522,5.8,Mustard,SYNTHETIC (generated from per-crop agro-climatic profiles)
333,15.8,107,23.9,68,841,6.6,Sunflower,SYNTHETIC (generated from per-crop agro-climatic profiles)
398,11.7,200,14.4,79,635,7.0,Potato,SYNTHETIC (generated from per-crop agro-climatic profiles)
379,15.5,207,19.1,76,962,7.1,Tomato,SYNTHETIC (generated from per-crop agro-climatic profiles)
372,22.2,139,17.7,33,957,6.7,Onion,SYNTHETIC (generated from per-crop agro-climatic profiles)
402,15.6,183,27.2,78,872,7.0,Banana,SYNTHETIC (generated from per-crop agro-climatic profiles)
377,20.6,198,25.3,50,673,7.3,Chilli,SYNTHETIC (generated from per-crop agro-climatic profiles)
423,18.5,180,23.7,58,1450,7.5,Turmeric,SYNTHETIC (generated from per-crop agro-climatic profiles)
422,13.0,187,30.8,61,449,6.3,Ragi,SYNTHETIC (generated from per-crop agro-climatic profiles)
242,20.5,213,29.0,87,405,7.1,Green gram,SYNTHETIC (generated from per-crop agro-climatic profiles)
312,18.0,238,27.3,82,1333,6.8,Rice,SYNTHETIC (generated from per-crop agro-climatic profiles)
344,6.4,153,22.3,62,948,7.0,Wheat,SYNTHETIC (generated from per-crop agro-climatic profiles)
441,18.0,261,26.2,86,823,6.6,Maize,SYNTHETIC (generated from per-crop agro-climatic profiles)
312,10.4,194,24.6,50,534,7.8,Sorghum,SYNTHETIC (generated from per-crop agro-climatic profiles)
316,6.6,153,28.8,70,504,7.4,Pearl millet,SYNTHETIC (generated from per-crop agro-climatic profiles)
392,13.5,174,23.3,39,602,7.3,Cotton,SYNTHETIC (generated from per-crop agro-climatic profiles)
421,13.9,187,25.9,67,1442,6.7,Sugarcane,SYNTHETIC (generated from per-crop agro-climatic profiles)
198,17.3,163,30.4,69,400,6.4,Groundnut,SYNTHETIC (generated from per-crop agro-climatic profiles)
294,12.9,167,29.5,87,752,7.7,Soybean,SYNTHETIC (generated from per-crop agro-climatic profiles)
259,9.7,213,17.2,56,429,6.4,Chickpea,SYNTHETIC (generated from per-crop agro-climatic profiles)
285,11.0,278,28.6,83,389,7.5,Pigeon pea,SYNTHETIC (generated from per-crop agro-climatic profiles)
209,24.1,223,21.5,52,370,6.3,Lentil,SYNTHETIC (generated from per-crop agro-climatic profiles)
379,12.5,142,25.9,70,544,6.5,Mustard,SYNTHETIC (generated from per-crop agro-climatic profiles)
333,20.9,131,22.8,69,823,6.7,Sunflower,SYNTHETIC (generated from per-crop agro-climatic profiles)
406,11.5,205,13.5,85,503,7.8,Potato,SYNTHETIC (generated from per-crop agro-climatic profiles)
334,14.8,228,18.1,70,770,7.3,Tomato,SYNTHETIC (generated from per-crop agro-climatic profiles)
335,17.2,130,14.5,47,883,7.0,Onion,SYNTHETIC (generated from per-crop agro-climatic profiles)
401,14.2,218,26.1,67,994,7.1,Banana,SYNTHETIC (generated from per-crop agro-climatic profiles)
311,22.2,187,26.5,54,581,6.7,Chilli,SYNTHETIC (generated from per-crop agro-climatic profiles)
434,14.9,145,26.1,61,1463,7.7,Turmeric,SYNTHETIC (generated from per-crop agro-climatic profiles)
391,14.4,244,28.2,51,462,6.1,Ragi,SYNTHETIC (generated from per-crop agro-climatic profiles)
195,19.5,221,26.5,90,417,7.8,Green gram,SYNTHETIC (generated from per-crop agro-climatic profiles)
347,12.7,191,27.1,77,1397,5.9,Rice,SYNTHETIC (generated from per-crop agro-climatic profiles)
350,12.2,129,22.0,62,921,6.8,Wheat,SYNTHETIC (generated from per-crop agro-climatic profiles)
402,19.8,199,30.7,76,641,6.4,Maize,SYNTHETIC (generated from per-crop agro-climatic profiles)
270,20.8,157,24.2,46,565,7.9,Sorghum,SYNTHETIC (generated from per-crop agro-climatic profiles)
332,5.4,100,27.6,53,385,6.6,Pearl millet,SYNTHETIC (generated from per-crop agro-climatic profiles)
419,7.0,191,25.8,45,756,7.4,Cotton,SYNTHETIC (generated from per-crop agro-climatic profiles)
396,7.3,225,28.1,68,1624,6.9,Sugarcane,SYNTHETIC (generated from per-crop agro-climatic profiles)
213,13.4,162,30.2,72,357,6.4,Groundnut,SYNTHETIC (generated from per-crop agro-climatic profiles)
298,13.1,230,32.2,79,680,7.0,Soybean,SYNTHETIC (generated from per-crop agro-climatic profiles)
241,6.8,272,16.2,48,460,6.1,Chickpea,SYNTHETIC (generated from per-crop agro-climatic profiles)
271,13.9,257,30.9,78,402,7.7,Pigeon pea,SYNTHETIC (generated from per-crop agro-climatic profiles)
196,21.8,156,23.1,58,446,6.4,Lentil,SYNTHETIC (generated from per-crop agro-climatic profiles)
420,12.0,155,20.3,70,519,6.3,Mustard,SYNTHETIC (generated from per-crop agro-climatic profiles)
395,19.7,131,24.1,64,792,7.6,Sunflower,SYNTHETIC (generated from per-crop agro-climatic profiles)
453,19.0,204,14.9,82,776,7.4,Potato,SYNTHETIC (generated from per-crop agro-climatic profiles)
382,12.6,235,19.7,69,667,7.4,Tomato,SYNTHETIC (generated from per-crop agro-climatic profiles)
428,23.0,128,16.1,39,1044,6.6,Onion,SYNTHETIC (generated from per-crop agro-climatic profiles)
349,14.4,195,30.6,75,937,6.9,Banana,SYNTHETIC (generated from per-crop agro-climatic profiles)
346,19.5,174,25.1,43,811,6.4,Chilli,SYNTHETIC (generated from per-crop agro-climatic profiles)
374,18.3,189,23.4,54,1252,7.1,Turmeric,SYNTHETIC (generated from per-crop agro-climatic profiles)
400,16.5,246,27.2,58,490,6.1,Ragi,SYNTHETIC (generated from per-crop agro-climatic profiles)
230,19.0,178,25.5,82,417,7.3,Green gram,SYNTHETIC (generated from per-crop agro-climatic profiles)
359,15.8,196,28.2,69,1545,6.2,Rice,SYNTHETIC (generated from per-crop agro-climatic profiles)
380,10.7,148,21.9,67,902,6.5,Wheat,SYNTHETIC (generated from per-crop agro-climatic profiles)
339,15.8,213,27.4,87,655,6.1,Maize,SYNTHETIC (generated from per-crop agro-climatic profiles)
289,22.5,168,26.1,38,557,7.5,Sorghum,SYNTHETIC (generated from per-crop agro-climatic profiles)
326,7.0,141,31.5,60,432,7.2,Pearl millet,SYNTHETIC (generated from per-crop agro-climatic profiles)
407,10.2,158,27.3,49,661,7.6,Cotton,SYNTHETIC (generated from per-crop agro-climatic profiles)
421,10.2,150,28.1,61,1752,6.9,Sugarcane,SYNTHETIC (generated from per-crop agro-climatic profiles)
244,12.0,190,29.0,70,368,6.4,Groundnut,SYNTHETIC (generated from per-crop agro-climatic profiles)
331,18.8,225,30.5,79,891,6.7,Soybean,SYNTHETIC (generated from per-crop agro-climatic profiles)
285,11.8,235,18.3,56,443,6.3,Chickpea,SYNTHETIC (generated from per-crop agro-climatic profiles)
224,7.5,249,28.8,82,350,7.3,Pigeon pea,SYNTHETIC (generated from per-crop agro-climatic profiles)
187,25.8,181,21.7,59,570,5.9,Lentil,SYNTHETIC (generated from per-crop agro-climatic profiles)
313,20.3,154,24.0,67,510,6.1,Mustard,SYNTHETIC (generated from per-crop agro-climatic profiles)
322,15.5,134,23.0,72,720,6.4,Sunflower,SYNTHETIC (generated from per-crop agro-climatic profiles)
352,13.4,145,17.3,87,752,7.1,Potato,SYNTHETIC (generated from per-crop agro-climatic profiles)
326,12.9,253,20.0,73,812,7.9,Tomato,SYNTHETIC (generated from per-crop agro-climatic profiles)
386,20.6,163,16.0,40,834,7.2,Onion,SYNTHETIC (generated from per-crop agro-climatic profiles)
425,19.1,196,31.0,65,732,5.7,Banana,SYNTHETIC (generated from per-crop agro-climatic profiles)
327,19.9,176,22.4,57,707,6.8,Chilli,SYNTHETIC (generated from per-crop agro-climatic profiles)
475,9.8,221,26.7,69,1691,7.5,Turmeric,SYNTHETIC (generated from per-crop agro-climatic profiles)
522,17.9,231,28.8,55,437,6.3,Ragi,SYNTHETIC (generated from per-crop agro-climatic profiles)
202,22.0,250,28.4,82,527,7.3,Green gram,SYNTHETIC (generated from per-crop agro-climatic profiles)
393,7.4,241,29.8,87,1399,6.4,Rice,SYNTHETIC (generated from per-crop agro-climatic profiles)
257,12.0,184,23.3,62,759,6.8,Wheat,SYNTHETIC (generated from per-crop agro-climatic profiles)
405,16.6,311,26.8,92,817,6.3,Maize,SYNTHETIC (generated from per-crop agro-climatic profiles)
323,20.0,143,28.8,58,538,7.5,Sorghum,SYNTHETIC (generated from per-crop agro-climatic profiles)
304,16.7,183,31.0,78,545,7.2,Pearl millet,SYNTHETIC (generated from per-crop agro-climatic profiles)
381,8.7,159,23.9,47,585,7.9,Cotton,SYNTHETIC (generated from per-crop agro-climatic profiles)
456,12.1,215,27.6,65,1281,7.1,Sugarcane,SYNTHETIC (generated from per-crop agro-climatic profiles)
119,14.6,205,29.9,75,444,6.3,Groundnut,SYNTHETIC (generated from per-crop agro-climatic profiles)
235,16.3,203,30.8,82,660,7.2,Soybean,SYNTHETIC (generated from per-crop agro-climatic profiles)
250,14.5,271,15.6,57,487,6.8,Chickpea,SYNTHETIC (generated from per-crop agro-climatic profiles)
270,19.3,246,28.9,72,451,7.5,Pigeon pea,SYNTHETIC (generated from per-crop agro-climatic profiles)
160,19.8,255,23.0,48,421,7.0,Lentil,SYNTHETIC (generated from per-crop agro-climatic profiles)
329,14.1,180,20.7,63,472,6.0,Mustard,SYNTHETIC (generated from per-crop agro-climatic profiles)
325,25.1,182,20.7,65,851,6.6,Sunflower,SYNTHETIC (generated from per-crop agro-climatic profiles)
348,17.7,200,14.7,80,589,7.3,Potato,SYNTHETIC (generated from per-crop agro-climatic profiles)
306,17.4,203,16.2,78,801,7.4,Tomato,SYNTHETIC (generated from per-crop agro-climatic profiles)
425,18.9,156,17.2,46,930,7.0,Onion,SYNTHETIC (generated from per-crop agro-climatic profiles)
372,14.9,232,26.6,72,888,6.7,Banana,SYNTHETIC (generated from per-crop agro-climatic profiles)
343,22.6,232,23.6,56,828,6.7,Chilli,SYNTHETIC (generated from per-crop agro-climatic profiles)
442,14.8,216,26.5,72,1557,7.1,Turmeric,SYNTHETIC (generated from per-crop agro-climatic profiles)
430,12.9,240,27.9,53,472,6.8,Ragi,SYNTHETIC (generated from per-crop agro-climatic profiles)
153,15.6,212,29.7,84,370,6.9,Green gram,SYNTHETIC (generated from per-crop agro-climatic profiles)
291,12.4,264,30.8,72,1500,6.3,Rice,SYNTHETIC (generated from per-crop agro-climatic profiles)
396,15.3,114,26.0,68,965,6.9,Wheat,SYNTHETIC (generated from per-crop agro-climatic profiles)
391,18.0,259,25.5,89,742,6.6,Maize,SYNTHETIC (generated from per-crop agro-climatic profiles)
354,11.0,111,24.6,43,462,8.0,Sorghum,SYNTHETIC (generated from per-crop agro-climatic profiles)
302,10.0,147,30.4,70,525,6.9,Pearl millet,SYNTHETIC (generated from per-crop agro-climatic profiles)
445,11.4,142,25.4,47,720,7.6,Cotton,SYNTHETIC (generated from per-crop agro-climatic profiles)
431,14.9,217,25.8,67,1404,7.2,Sugarcane,SYNTHETIC (generated from per-crop agro-climatic profiles)
231,12.4,135,30.7,70,381,6.1,Groundnut,SYNTHETIC (generated from per-crop agro-climatic profiles)
216,14.1,220,30.1,87,690,6.8,Soybean,SYNTHETIC (generated from per-crop agro-climatic profiles)
220,12.2,253,13.9,60,389,6.2,Chickpea,SYNTHETIC (generated from per-crop agro-climatic profiles)
329,4.6,211,32.1,87,554,7.5,Pigeon pea,SYNTHETIC (generated from per-crop agro-climatic profiles)
219,23.4,156,23.2,47,405,6.1,Lentil,SYNTHETIC (generated from per-crop agro-climatic profiles)
360,12.3,166,23.2,70,565,5.9,Mustard,SYNTHETIC (generated from per-crop agro-climatic profiles)
347,20.7,117,25.3,62,854,6.9,Sunflower,SYNTHETIC (generated from per-crop agro-climatic profiles)
369,19.9,158,16.8,76,611,7.4,Potato,SYNTHETIC (generated from per-crop agro-climatic profiles)
315,16.6,229,19.5,71,688,7.8,Tomato,SYNTHETIC (generated from per-crop agro-climatic profiles)
436,18.3,181,20.3,54,956,6.6,Onion,SYNTHETIC (generated from per-crop agro-climatic profiles)
362,17.5,201,29.7,65,1059,6.3,Banana,SYNTHETIC (generated from per-crop agro-climatic profiles)
302,20.8,174,24.3,57,659,6.9,Chilli,SYNTHETIC (generated from per-crop agro-climatic profiles)
445,15.1,190,25.4,59,1527,7.8,Turmeric,SYNTHETIC (generated from per-crop agro-climatic profiles)
437,18.3,244,32.5,63,487,7.0,Ragi,SYNTHETIC (generated from per-crop agro-climatic profiles)
253,19.5,236,28.0,96,440,6.9,Green gram,SYNTHETIC (generated from per-crop agro-climatic profiles)
320,11.4,224,27.1,83,1566,6.7,Rice,SYNTHETIC (generated from per-crop agro-climatic profiles)
352,15.6,160,21.9,59,986,7.1,Wheat,SYNTHETIC (generated from per-crop agro-climatic profiles)
425,14.9,301,27.7,85,741,6.5,Maize,SYNTHETIC (generated from per-crop agro-climatic profiles)
337,15.8,184,23.8,57,397,7.2,Sorghum,SYNTHETIC (generated from per-crop agro-climatic profiles)
344,8.8,169,29.0,56,371,6.7,Pearl millet,SYNTHETIC (generated from per-crop agro-climatic profiles)
487,7.7,149,27.2,51,637,7.3,Cotton,SYNTHETIC (generated from per-crop agro-climatic profiles)
391,8.1,215,30.5,68,1306,7.1,Sugarcane,SYNTHETIC (generated from per-crop agro-climatic profiles)
101,14.3,141,33.4,64,416,6.3,Groundnut,SYNTHETIC (generated from per-crop agro-climatic profiles)
276,18.5,221,28.9,86,794,7.0,Soybean,SYNTHETIC (generated from per-crop agro-climatic profiles)
222,12.2,212,18.1,58,373,6.6,Chickpea,SYNTHETIC (generated from per-crop agro-climatic profiles)
268,9.0,255,28.1,81,420,7.8,Pigeon pea,SYNTHETIC (generated from per-crop agro-climatic profiles)
254,21.7,202,22.4,55,497,6.1,Lentil,SYNTHETIC (generated from per-crop agro-climatic profiles)
335,11.3,172,23.0,71,467,6.2,Mustard,SYNTHETIC (generated from per-crop agro-climatic profiles)
347,19.8,135,21.4,73,827,7.1,Sunflower,SYNTHETIC (generated from per-crop agro-climatic profiles)
350,12.5,163,13.1,89,503,7.7,Potato,SYNTHETIC (generated from per-crop agro-climatic profiles)
291,10.2,209,19.4,62,733,7.1,Tomato,SYNTHETIC (generated from per-crop agro-climatic profiles)
420,18.7,147,18.5,44,961,7.3,Onion,SYNTHETIC (generated from per-crop agro-climatic profiles)
402,9.8,231,27.3,68,835,6.5,Banana,SYNTHETIC (generated from per-crop agro-climatic profiles)
333,19.8,218,25.2,53,800,7.1,Chilli,SYNTHETIC (generated from per-crop agro-climatic profiles)
495,19.5,148,25.0,67,1556,7.5,Turmeric,SYNTHETIC (generated from per-crop agro-climatic profiles)
442,10.9,262,31.5,52,474,6.3,Ragi,SYNTHETIC (generated from per-crop agro-climatic profiles)
180,14.7,219,28.2,82,432,7.4,Green gram,SYNTHETIC (generated from per-crop agro-climatic profiles)
270,16.6,302,29.2,84,1593,6.9,Rice,SYNTHETIC (generated from per-crop agro-climatic profiles)
249,14.3,85,21.1,63,823,7.2,Wheat,SYNTHETIC (generated from per-crop agro-climatic profiles)
463,17.8,326,26.2,79,667,6.8,Maize,SYNTHETIC (generated from per-crop agro-climatic profiles)
339,10.6,161,24.9,43,440,7.5,Sorghum,SYNTHETIC (generated from per-crop agro-climatic profiles)
291,12.2,202,26.9,67,488,6.9,Pearl millet,SYNTHETIC (generated from per-crop agro-climatic profiles)
348,10.3,145,25.0,49,801,8.3,Cotton,SYNTHETIC (generated from per-crop agro-climatic profiles)
408,9.9,155,26.9,72,1386,7.0,Sugarcane,SYNTHETIC (generated from per-crop agro-climatic profiles)
125,7.6,203,28.0,61,363,6.5,Groundnut,SYNTHETIC (generated from per-crop agro-climatic profiles)
347,16.1,186,32.6,78,770,7.3,Soybean,SYNTHETIC (generated from per-crop agro-climatic profiles)
213,10.1,258,16.5,54,456,6.7,Chickpea,SYNTHETIC (generated from per-crop agro-climatic profiles)
216,10.6,212,31.5,80,399,8.1,Pigeon pea,SYNTHETIC (generated from per-crop agro-climatic profiles)
167,20.6,182,26.2,46,471,6.4,Lentil,SYNTHETIC (generated from per-crop agro-climatic profiles)
342,18.1,179,23.2,72,488,5.8,Mustard,SYNTHETIC (generated from per-crop agro-climatic profiles)
347,26.7,158,21.6,56,664,6.4,Sunflower,SYNTHETIC (generated from per-crop agro-climatic profiles)
389,19.0,170,15.7,89,596,7.8,Potato,SYNTHETIC (generated from per-crop agro-climatic profiles)
328,14.6,223,18.9,64,784,7.7,Tomato,SYNTHETIC (generated from per-crop agro-climatic profiles)
378,20.3,170,17.7,43,780,7.0,Onion,SYNTHETIC (generated from per-crop agro-climatic profiles)
430,21.1,171,30.7,77,940,6.8,Banana,SYNTHETIC (generated from per-crop agro-climatic profiles)
344,21.1,168,25.1,56,693,6.4,Chilli,SYNTHETIC (generated from per-crop agro-climatic profiles)
419,15.3,230,27.9,62,1400,7.8,Turmeric,SYNTHETIC (generated from per-crop agro-climatic profiles)
389,16.0,281,32.3,57,481,6.2,Ragi,SYNTHETIC (generated from per-crop agro-climatic profiles)
161,20.3,211,27.2,83,439,7.1,Green gram,SYNTHETIC (generated from per-crop agro-climatic profiles)
350,12.5,270,30.0,80,1197,6.1,Rice,SYNTHETIC (generated from per-crop agro-climatic profiles)
362,16.3,162,20.9,72,785,6.3,Wheat,SYNTHETIC (generated from per-crop agro-climatic profiles)
403,16.3,286,29.7,82,677,6.4,Maize,SYNTHETIC (generated from per-crop agro-climatic profiles)
302,17.2,175,26.3,43,571,7.7,Sorghum,SYNTHETIC (generated from per-crop agro-climatic profiles)
282,7.3,131,28.6,58,435,7.1,Pearl millet,SYNTHETIC (generated from per-crop agro-climatic profiles)
417,9.6,189,25.1,38,507,7.6,Cotton,SYNTHETIC (generated from per-crop agro-climatic profiles)
378,5.7,196,25.0,77,1280,7.4,Sugarcane,SYNTHETIC (generated from per-crop agro-climatic profiles)
186,14.5,188,31.8,70,355,7.2,Groundnut,SYNTHETIC (generated from per-crop agro-climatic profiles)
223,12.7,218,32.0,78,825,6.8,Soybean,SYNTHETIC (generated from per-crop agro-climatic profiles)
268,11.2,315,18.0,58,455,6.8,Chickpea,SYNTHETIC (generated from per-crop agro-climatic profiles)
248,10.0,245,31.7,83,346,7.9,Pigeon pea,SYNTHETIC (generated from per-crop agro-climatic profiles)
227,21.2,211,22.7,54,394,6.7,Lentil,SYNTHETIC (generated from per-crop agro-climatic profiles)
420,19.1,150,24.3,74,526,6.0,Mustard,SYNTHETIC (generated from per-crop agro-climatic profiles)
324,15.7,115,26.1,68,666,6.9,Sunflower,SYNTHETIC (generated from per-crop agro-climatic profiles)
449,15.9,199,12.6,80,644,8.0,Potato,SYNTHETIC (generated from per-crop agro-climatic profiles)
341,18.2,238,18.7,68,803,8.2,Tomato,SYNTHETIC (generated from per-crop agro-climatic profiles)
322,18.2,141,16.7,51,990,6.8,Onion,SYNTHETIC (generated from per-crop agro-climatic profiles)
403,16.9,249,30.9,71,753,6.8,Banana,SYNTHETIC (generated from per-crop agro-climatic profiles)
339,23.0,278,25.7,52,617,7.2,Chilli,SYNTHETIC (generated from per-crop agro-climatic profiles)
347,15.8,222,26.1,56,1255,7.5,Turmeric,SYNTHETIC (generated from per-crop agro-climatic profiles)
438,14.9,220,31.7,69,429,5.9,Ragi,SYNTHETIC (generated from per-crop agro-climatic profiles)
252,18.2,222,29.0,74,467,7.3,Green gram,SYNTHETIC (generated from per-crop agro-climatic profiles)
297,9.7,220,26.4,68,1637,5.9,Rice,SYNTHETIC (generated from per-crop agro-climatic profiles)
288,12.2,142,21.7,71,1085,7.0,Wheat,SYNTHETIC (generated from per-crop agro-climatic profiles)
351,15.5,274,27.7,83,778,6.9,Maize,SYNTHETIC (generated from per-crop agro-climatic profiles)
243,15.5,127,27.0,48,444,7.8,Sorghum,SYNTHETIC (generated from per-crop agro-climatic profiles)
305,5.5,208,28.8,66,513,7.7,Pearl millet,SYNTHETIC (generated from per-crop agro-climatic profiles)
409,17.1,185,28.3,42,657,7.6,Cotton,SYNTHETIC (generated from per-crop agro-climatic profiles)
366,14.6,179,25.2,61,1294,6.2,Sugarcane,SYNTHETIC (generated from per-crop agro-climatic profiles)
173,7.3,140,29.9,68,442,6.3,Groundnut,SYNTHETIC (generated from per-crop agro-climatic profiles)
278,18.8,221,30.5,92,714,6.8,Soybean,SYNTHETIC (generated from per-crop agro-climatic profiles)
245,11.4,230,19.1,55,390,6.0,Chickpea,SYNTHETIC (generated from per-crop agro-climatic profiles)
225,17.0,234,30.1,76,444,7.6,Pigeon pea,SYNTHETIC (generated from per-crop agro-climatic profiles)
201,19.7,159,24.3,61,484,6.4,Lentil,SYNTHETIC (generated from per-crop agro-climatic profiles)
313,13.1,136,20.6,66,473,6.2,Mustard,SYNTHETIC (generated from per-crop agro-climatic profiles)
376,19.1,110,23.8,62,717,6.7,Sunflower,SYNTHETIC (generated from per-crop agro-climatic profiles)
397,13.6,141,15.7,79,554,7.3,Potato,SYNTHETIC (generated from per-crop agro-climatic profiles)
333,16.5,242,17.9,63,705,7.9,Tomato,SYNTHETIC (generated from per-crop agro-climatic profiles)
418,21.6,148,16.7,37,1008,6.8,Onion,SYNTHETIC (generated from per-crop agro-climatic profiles)
384,9.7,254,30.2,68,896,6.3,Banana,SYNTHETIC (generated from per-crop agro-climatic profiles)
331,13.6,210,24.8,50,638,6.6,Chilli,SYNTHETIC (generated from per-crop agro-climatic profiles)
443,16.5,192,26.3,62,1680,7.5,Turmeric,SYNTHETIC (generated from per-crop agro-climatic profiles)
416,19.3,240,28.7,68,363,6.0,Ragi,SYNTHETIC (generated from per-crop agro-climatic profiles)
208,11.2,222,28.1,75,445,8.0,Green gram,SYNTHETIC (generated from per-crop agro-climatic profiles)
322,17.6,226,30.6,74,1404,5.8,Rice,SYNTHETIC (generated from per-crop agro-climatic profiles)
388,11.2,151,23.1,53,861,6.8,Wheat,SYNTHETIC (generated from per-crop agro-climatic profiles)
373,19.8,262,27.1,76,834,6.1,Maize,SYNTHETIC (generated from per-crop agro-climatic profiles)
276,17.9,191,25.0,36,378,7.2,Sorghum,SYNTHETIC (generated from per-crop agro-climatic profiles)
300,7.9,138,30.8,66,398,7.2,Pearl millet,SYNTHETIC (generated from per-crop agro-climatic profiles)
394,10.6,148,23.9,51,907,7.8,Cotton,SYNTHETIC (generated from per-crop agro-climatic profiles)
400,11.5,181,27.5,64,1345,6.9,Sugarcane,SYNTHETIC (generated from per-crop agro-climatic profiles)
221,12.7,164,29.0,53,418,6.6,Groundnut,SYNTHETIC (generated from per-crop agro-climatic profiles)
296,16.5,209,27.5,83,732,7.4,Soybean,SYNTHETIC (generated from per-crop agro-climatic profiles)
261,13.2,234,15.0,58,418,6.3,Chickpea,SYNTHETIC (generated from per-crop agro-climatic profiles)
296,12.4,231,28.5,87,416,7.2,Pigeon pea,SYNTHETIC (generated from per-crop agro-climatic profiles)
197,17.0,190,22.9,40,340,6.4,Lentil,SYNTHETIC (generated from per-crop agro-climatic profiles)
265,14.1,221,25.2,67,520,6.3,Mustard,SYNTHETIC (generated from per-crop agro-climatic profiles)
366,15.7,180,24.9,66,639,6.3,Sunflower,SYNTHETIC (generated from per-crop agro-climatic profiles)
429,19.2,207,16.3,93,574,7.5,Potato,SYNTHETIC (generated from per-crop agro-climatic profiles)
338,14.3,235,18.9,69,684,8.0,Tomato,SYNTHETIC (generated from per-crop agro-climatic profiles)
431,25.2,154,18.3,44,992,7.2,Onion,SYNTHETIC (generated from per-crop agro-climatic profiles)
366,14.7,231,27.2,63,838,6.4,Banana,SYNTHETIC (generated from per-crop agro-climatic profiles)
303,21.1,254,27.0,58,557,6.6,Chilli,SYNTHETIC (generated from per-crop agro-climatic profiles)
477,13.7,183,27.6,65,1321,7.1,Turmeric,SYNTHETIC (generated from per-crop agro-climatic profiles)
399,16.0,302,28.2,54,556,6.0,Ragi,SYNTHETIC (generated from per-crop agro-climatic profiles)
254,16.8,274,26.7,87,410,7.5,Green gram,SYNTHETIC (generated from per-crop agro-climatic profiles)
286,7.7,233,28.6,79,1309,6.7,Rice,SYNTHETIC (generated from per-crop agro-climatic profiles)
344,7.6,141,22.7,62,909,6.7,Wheat,SYNTHETIC (generated from per-crop agro-climatic profiles)
344,11.8,267,26.4,86,694,6.2,Maize,SYNTHETIC (generated from per-crop agro-climatic profiles)
246,17.4,172,28.3,34,401,7.7,Sorghum,SYNTHETIC (generated from per-crop agro-climatic profiles)
288,11.3,141,28.2,65,413,7.4,Pearl millet,SYNTHETIC (generated from per-crop agro-climatic profiles)
324,4.5,175,27.7,43,786,7.9,Cotton,SYNTHETIC (generated from per-crop agro-climatic profiles)
437,3.5,209,24.1,70,1347,6.9,Sugarcane,SYNTHETIC (generated from per-crop agro-climatic profiles)
225,9.5,220,31.3,64,371,6.7,Groundnut,SYNTHETIC (generated from per-crop agro-climatic profiles)
191,17.9,220,32.8,81,866,7.7,Soybean,SYNTHETIC (generated from per-crop agro-climatic profiles)
251,11.5,273,16.8,64,501,6.3,Chickpea,SYNTHETIC (generated from per-crop agro-climatic profiles)
297,5.5,185,28.0,72,452,7.8,Pigeon pea,SYNTHETIC (generated from per-crop agro-climatic profiles)
216,19.0,227,25.7,51,498,6.3,Lentil,SYNTHETIC (generated from per-crop agro-climatic profiles)
317,11.6,132,24.0,74,402,5.7,Mustard,SYNTHETIC (generated from per-crop agro-climatic profiles)
325,19.4,149,24.1,60,616,6.8,Sunflower,SYNTHETIC (generated from per-crop agro-climatic profiles)
335,14.3,216,13.2,85,501,7.7,Potato,SYNTHETIC (generated from per-crop agro-climatic profiles)
376,13.7,216,17.6,70,882,7.7,Tomato,SYNTHETIC (generated from per-crop agro-climatic profiles)
440,12.7,168,17.5,49,847,6.2,Onion,SYNTHETIC (generated from per-crop agro-climatic profiles)
338,15.0,237,28.0,72,976,5.8,Banana,SYNTHETIC (generated from per-crop agro-climatic profiles)
318,22.6,265,26.7,46,800,6.6,Chilli,SYNTHETIC (generated from per-crop agro-climatic profiles)
415,11.1,249,24.2,60,1396,7.5,Turmeric,SYNTHETIC (generated from per-crop agro-climatic profiles)
451,12.9,274,30.2,63,514,6.2,Ragi,SYNTHETIC (generated from per-crop agro-climatic profiles)
222,22.2,177,28.2,97,428,7.5,Green gram,SYNTHETIC (generated from per-crop agro-climatic profiles)
293,13.0,210,31.0,79,1080,6.2,Rice,SYNTHETIC (generated from per-crop agro-climatic profiles)
339,13.6,214,21.5,66,584,7.2,Wheat,SYNTHETIC (generated from per-crop agro-climatic profiles)
345,13.9,249,28.7,79,925,6.4,Maize,SYNTHETIC (generated from per-crop agro-climatic profiles)
337,12.3,279,25.2,46,498,7.5,Sorghum,SYNTHETIC (generated from per-crop agro-climatic profiles)
356,9.7,141,28.9,60,438,6.5,Pearl millet,SYNTHETIC (generated from per-crop agro-climatic profiles)
355,10.9,160,27.7,50,733,7.3,Cotton,SYNTHETIC (generated from per-crop agro-climatic profiles)
415,8.6,190,22.9,71,1386,7.0,Sugarcane,SYNTHETIC (generated from per-crop agro-climatic profiles)
185,8.3,193,31.1,76,307,6.3,Groundnut,SYNTHETIC (generated from per-crop agro-climatic profiles)
305,12.0,239,32.5,87,635,6.9,Soybean,SYNTHETIC (generated from per-crop agro-climatic profiles)
241,12.6,307,18.1,50,504,7.0,Chickpea,SYNTHETIC (generated from per-crop agro-climatic profiles)
288,12.5,259,25.1,81,394,7.3,Pigeon pea,SYNTHETIC (generated from per-crop agro-climatic profiles)
223,21.3,210,23.9,54,488,6.3,Lentil,SYNTHETIC (generated from per-crop agro-climatic profiles)
306,21.8,191,24.5,71,540,6.2,Mustard,SYNTHETIC (generated from per-crop agro-climatic profiles)
361,11.8,171,23.1,64,769,6.8,Sunflower,SYNTHETIC (generated from per-crop agro-climatic profiles)
414,16.6,242,15.4,85,611,7.0,Potato,SYNTHETIC (generated from per-crop agro-climatic profiles)
363,15.2,248,20.2,70,972,7.2,Tomato,SYNTHETIC (generated from per-crop agro-climatic profiles)
343,16.5,133,16.6,50,866,6.9,Onion,SYNTHETIC (generated from per-crop agro-climatic profiles)
349,16.5,196,29.0,68,868,6.5,Banana,SYNTHETIC (generated from per-crop agro-climatic profiles)
361,26.1,214,26.7,57,608,6.7,Chilli,SYNTHETIC (generated from per-crop agro-climatic profiles)
407,21.9,212,24.3,59,1314,7.6,Turmeric,SYNTHETIC (generated from per-crop agro-climatic profiles)
410,14.0,225,29.5,68,499,5.9,Ragi,SYNTHETIC (generated from per-crop agro-climatic profiles)
218,14.5,226,27.3,80,369,7.2,Green gram,SYNTHETIC (generated from per-crop agro-climatic profiles)
342,11.4,262,27.1,73,1419,6.3,Rice,SYNTHETIC (generated from per-crop agro-climatic profiles)
385,15.5,189,24.4,53,637,6.6,Wheat,SYNTHETIC (generated from per-crop agro-climatic profiles)
420,19.0,260,27.9,87,733,6.8,Maize,SYNTHETIC (generated from per-crop agro-climatic profiles)
323,20.1,238,25.8,54,464,7.7,Sorghum,SYNTHETIC (generated from per-crop agro-climatic profiles)
358,14.6,176,29.1,65,535,7.2,Pearl millet,SYNTHETIC (generated from per-crop agro-climatic profiles)
417,9.9,170,24.7,48,646,7.5,Cotton,SYNTHETIC (generated from per-crop agro-climatic profiles)
401,9.9,187,25.8,71,1261,6.7,Sugarcane,SYNTHETIC (generated from per-crop agro-climatic profiles)
220,14.6,165,31.9,71,451,6.3,Groundnut,SYNTHETIC (generated from per-crop agro-climatic profiles)
269,16.2,209,30.8,83,633,7.2,Soybean,SYNTHETIC (generated from per-crop agro-climatic profiles)
258,11.6,256,18.1,46,468,6.5,Chickpea,SYNTHETIC (generated from per-crop agro-climatic profiles)
244,7.6,194,32.3,89,414,7.9,Pigeon pea,SYNTHETIC (generated from per-crop agro-climatic profiles)
202,17.3,184,22.0,48,439,6.3,Lentil,SYNTHETIC (generated from per-crop agro-climatic profiles)
365,10.1,74,24.4,64,482,5.6,Mustard,SYNTHETIC (generated from per-crop agro-climatic profiles)
315,21.8,131,22.1,70,865,6.5,Sunflower,SYNTHETIC (generated from per-crop agro-climatic profiles)
414,9.6,250,16.2,82,586,7.5,Potato,SYNTHETIC (generated from per-crop agro-climatic profiles)
357,14.8,272,20.5,70,707,7.6,Tomato,SYNTHETIC (generated from per-crop agro-climatic profiles)
407,17.5,143,18.1,52,825,6.1,Onion,SYNTHETIC (generated from per-crop agro-climatic profiles)
387,9.7,186,24.6,79,699,7.1,Banana,SYNTHETIC (generated from per-crop agro-climatic profiles)
274,23.1,185,26.8,57,604,7.1,Chilli,SYNTHETIC (generated from per-crop agro-climatic profiles)
377,14.1,248,26.7,61,1467,7.6,Turmeric,SYNTHETIC (generated from per-crop agro-climatic profiles)
450,15.6,228,30.8,49,497,6.1,Ragi,SYNTHETIC (generated from per-crop agro-climatic profiles)
204,20.1,236,25.7,83,377,7.4,Green gram,SYNTHETIC (generated from per-crop agro-climatic profiles)
270,9.3,259,28.6,76,1299,6.3,Rice,SYNTHETIC (generated from per-crop agro-climatic profiles)
284,11.6,151,22.9,63,858,6.5,Wheat,SYNTHETIC (generated from per-crop agro-climatic profiles)
339,16.1,246,26.6,72,909,6.5,Maize,SYNTHETIC (generated from per-crop agro-climatic profiles)
318,14.9,128,23.3,49,538,7.5,Sorghum,SYNTHETIC (generated from per-crop agro-climatic profiles)
350,2.0,104,29.2,67,419,7.6,Pearl millet,SYNTHETIC (generated from per-crop agro-climatic profiles)
352,10.8,155,24.8,49,679,6.7,Cotton,SYNTHETIC (generated from per-crop agro-climatic profiles)
392,11.9,150,27.2,70,1161,7.0,Sugarcane,SYNTHETIC (generated from per-crop agro-climatic profiles)
140,14.2,192,34.9,71,368,5.7,Groundnut,SYNTHETIC (generated from per-crop agro-climatic profiles)
281,14.4,118,29.5,76,877,6.8,Soybean,SYNTHETIC (generated from per-crop agro-climatic profiles)
224,9.8,251,18.8,57,405,6.2,Chickpea,SYNTHETIC (generated from per-crop agro-climatic profiles)
244,17.0,229,29.7,80,310,8.1,Pigeon pea,SYNTHETIC (generated from per-crop agro-climatic profiles)
169,19.7,203,21.2,49,480,7.0,Lentil,SYNTHETIC (generated from per-crop agro-climatic profiles)
291,16.2,192,21.3,70,549,6.6,Mustard,SYNTHETIC (generated from per-crop agro-climatic profiles)
295,18.5,195,21.5,73,858,7.2,Sunflower,SYNTHETIC (generated from per-crop agro-climatic profiles)
340,13.3,217,17.1,72,735,7.3,Potato,SYNTHETIC (generated from per-crop agro-climatic profiles)
302,19.2,210,21.5,71,784,7.5,Tomato,SYNTHETIC (generated from per-crop agro-climatic profiles)
351,20.9,175,18.3,49,1048,6.6,Onion,SYNTHETIC (generated from per-crop agro-climatic profiles)
441,17.4,214,27.7,68,773,6.7,Banana,SYNTHETIC (generated from per-crop agro-climatic profiles)
348,20.3,208,27.9,53,788,6.9,Chilli,SYNTHETIC (generated from per-crop agro-climatic profiles)
406,18.6,204,26.8,62,1193,6.9,Turmeric,SYNTHETIC (generated from per-crop agro-climatic profiles)
367,15.1,222,28.5,62,431,6.5,Ragi,SYNTHETIC (generated from per-crop agro-climatic profiles)
256,21.9,229,26.0,84,461,7.4,Green gram,SYNTHETIC (generated from per-crop agro-climatic profiles)
319,13.8,233,30.8,69,1458,6.1,Rice,SYNTHETIC (generated from per-crop agro-climatic profiles)
305,10.3,138,23.6,58,748,6.5,Wheat,SYNTHETIC (generated from per-crop agro-climatic profiles)
401,12.6,235,28.6,90,948,6.4,Maize,SYNTHETIC (generated from per-crop agro-climatic profiles)
319,16.1,174,24.2,49,509,7.5,Sorghum,SYNTHETIC (generated from per-crop agro-climatic profiles)
320,13.4,204,28.5,67,499,7.2,Pearl millet,SYNTHETIC (generated from per-crop agro-climatic profiles)
387,11.6,186,26.1,45,595,7.6,Cotton,SYNTHETIC (generated from per-crop agro-climatic profiles)
378,11.2,176,25.4,82,1454,6.2,Sugarcane,SYNTHETIC (generated from per-crop agro-climatic profiles)
234,9.6,144,30.8,75,433,5.8,Groundnut,SYNTHETIC (generated from per-crop agro-climatic profiles)
279,14.9,199,29.7,78,624,7.4,Soybean,SYNTHETIC (generated from per-crop agro-climatic profiles)
208,6.4,224,17.0,57,453,6.4,Chickpea,SYNTHETIC (generated from per-crop agro-climatic profiles)
243,7.4,259,30.2,83,417,7.7,Pigeon pea,SYNTHETIC (generated from per-crop agro-climatic profiles)
210,17.9,250,21.1,43,493,6.5,Lentil,SYNTHETIC (generated from per-crop agro-climatic profiles)
413,14.8,162,24.6,83,517,5.8,Mustard,SYNTHETIC (generated from per-crop agro-climatic profiles)
410,18.4,139,19.7,62,654,6.6,Sunflower,SYNTHETIC (generated from per-crop agro-climatic profiles)
412,8.6,128,18.5,87,599,7.7,Potato,SYNTHETIC (generated from per-crop agro-climatic profiles)
329,12.0,183,18.8,73,703,7.8,Tomato,SYNTHETIC (generated from per-crop agro-climatic profiles)
422,14.0,180,16.9,42,976,6.6,Onion,SYNTHETIC (generated from per-crop agro-climatic profiles)
333,13.4,192,28.0,73,810,6.8,Banana,SYNTHETIC (generated from per-crop agro-climatic profiles)
341,21.9,182,27.6,57,586,6.6,Chilli,SYNTHETIC (generated from per-crop agro-climatic profiles)
510,20.3,197,27.9,60,1651,7.2,Turmeric,SYNTHETIC (generated from per-crop agro-climatic profiles)
360,20.4,258,28.9,66,494,5.7,Ragi,SYNTHETIC (generated from per-crop agro-climatic profiles)
226,20.9,264,26.8,71,407,7.0,Green gram,SYNTHETIC (generated from per-crop agro-climatic profiles)
304,12.7,242,31.9,64,1048,6.0,Rice,SYNTHETIC (generated from per-crop agro-climatic profiles)
286,10.8,104,24.9,74,856,7.4,Wheat,SYNTHETIC (generated from per-crop agro-climatic profiles)
490,16.0,264,25.9,81,897,6.6,Maize,SYNTHETIC (generated from per-crop agro-climatic profiles)
294,16.3,213,27.1,45,454,7.6,Sorghum,SYNTHETIC (generated from per-crop agro-climatic profiles)
291,8.0,178,29.7,73,429,7.7,Pearl millet,SYNTHETIC (generated from per-crop agro-climatic profiles)
387,8.9,118,21.9,49,706,7.7,Cotton,SYNTHETIC (generated from per-crop agro-climatic profiles)
391,9.4,204,28.0,75,1692,7.1,Sugarcane,SYNTHETIC (generated from per-crop agro-climatic profiles)
167,20.9,211,31.3,73,447,6.0,Groundnut,SYNTHETIC (generated from per-crop agro-climatic profiles)
265,16.6,241,30.2,87,856,7.3,Soybean,SYNTHETIC (generated from per-crop agro-climatic profiles)
263,12.4,243,17.4,54,371,6.4,Chickpea,SYNTHETIC (generated from per-crop agro-climatic profiles)
242,11.5,267,32.4,77,416,7.5,Pigeon pea,SYNTHETIC (generated from per-crop agro-climatic profiles)
168,20.5,134,24.4,48,439,5.9,Lentil,SYNTHETIC (generated from per-crop agro-climatic profiles)
305,16.0,168,22.6,69,431,5.6,Mustard,SYNTHETIC (generated from per-crop agro-climatic profiles)
365,20.7,125,24.9,59,815,6.5,Sunflower,SYNTHETIC (generated from per-crop agro-climatic profiles)
366,10.6,223,17.7,82,587,7.9,Potato,SYNTHETIC (generated from per-crop agro-climatic profiles)
344,14.5,163,20.6,66,824,7.2,Tomato,SYNTHETIC (generated from per-crop agro-climatic profiles)
411,17.4,122,14.2,43,712,6.8,Onion,SYNTHETIC (generated from per-crop agro-climatic profiles)
413,15.9,198,27.1,74,1157,6.4,Banana,SYNTHETIC (generated from per-crop agro-climatic profiles)
361,19.1,196,24.6,55,535,5.9,Chilli,SYNTHETIC (generated from per-crop agro-climatic profiles)
419,18.4,214,27.1,74,1729,7.5,Turmeric,SYNTHETIC (generated from per-crop agro-climatic profiles)
397,8.7,241,32.5,69,541,6.2,Ragi,SYNTHETIC (generated from per-crop agro-climatic profiles)
200,19.9,236,27.2,87,425,7.3,Green gram,SYNTHETIC (generated from per-crop agro-climatic profiles)
302,12.9,243,29.0,71,1196,6.7,Rice,SYNTHETIC (generated from per-crop agro-climatic profiles)
357,11.8,191,22.6,72,795,6.5,Wheat,SYNTHETIC (generated from per-crop agro-climatic profiles)
359,15.4,188,27.8,80,730,6.6,Maize,SYNTHETIC (generated from per-crop agro-climatic profiles)
314,10.2,216,24.2,34,350,7.9,Sorghum,SYNTHETIC (generated from per-crop agro-climatic profiles)
337,12.3,218,28.5,73,413,7.0,Pearl millet,SYNTHETIC (generated from per-crop agro-climatic profiles)
437,6.8,110,23.6,39,607,7.3,Cotton,SYNTHETIC (generated from per-crop agro-climatic profiles)
427,11.3,182,26.8,81,1488,7.2,Sugarcane,SYNTHETIC (generated from per-crop agro-climatic profiles)
179,15.8,196,27.7,83,395,6.2,Groundnut,SYNTHETIC (generated from per-crop agro-climatic profiles)
259,21.8,153,31.6,82,758,7.0,Soybean,SYNTHETIC (generated from per-crop agro-climatic profiles)
231,8.1,250,16.1,55,459,7.1,Chickpea,SYNTHETIC (generated from per-crop agro-climatic profiles)
279,9.0,211,28.1,77,370,8.0,Pigeon pea,SYNTHETIC (generated from per-crop agro-climatic profiles)
207,19.3,201,24.8,45,458,6.9,Lentil,SYNTHETIC (generated from per-crop agro-climatic profiles)
300,11.4,178,22.3,65,495,5.9,Mustard,SYNTHETIC (generated from per-crop agro-climatic profiles)
355,24.6,91,21.4,79,679,6.6,Sunflower,SYNTHETIC (generated from per-crop agro-climatic profiles)
331,18.7,215,16.6,84,566,7.4,Potato,SYNTHETIC (generated from per-crop agro-climatic profiles)
360,12.0,268,21.0,77,827,7.8,Tomato,SYNTHETIC (generated from per-crop agro-climatic profiles)
460,16.8,176,15.1,47,943,7.0,Onion,SYNTHETIC (generated from per-crop agro-climatic profiles)
357,14.3,230,29.2,70,942,6.5,Banana,SYNTHETIC (generated from per-crop agro-climatic profiles)
313,19.9,157,25.2,50,624,6.6,Chilli,SYNTHETIC (generated from per-crop agro-climatic profiles)
413,18.4,228,22.7,61,1451,7.6,Turmeric,SYNTHETIC (generated from per-crop agro-climatic profiles)
407,12.0,266,30.7,70,436,5.8,Ragi,SYNTHETIC (generated from per-crop agro-climatic profiles)
253,19.4,192,26.5,74,443,7.1,Green gram,SYNTHETIC (generated from per-crop agro-climatic profiles)
257,8.2,228,30.0,65,1327,6.2,Rice,SYNTHETIC (generated from per-crop agro-climatic profiles)
392,12.3,151,23.6,62,698,6.7,Wheat,SYNTHETIC (generated from per-crop agro-climatic profiles)
430,19.3,224,24.7,83,802,6.7,Maize,SYNTHETIC (generated from per-crop agro-climatic profiles)
356,20.3,187,25.8,39,541,8.0,Sorghum,SYNTHETIC (generated from per-crop agro-climatic profiles)
259,10.3,162,31.1,66,465,7.4,Pearl millet,SYNTHETIC (generated from per-crop agro-climatic profiles)
390,7.7,155,24.9,45,944,7.7,Cotton,SYNTHETIC (generated from per-crop agro-climatic profiles)
367,8.2,236,26.0,76,1213,6.8,Sugarcane,SYNTHETIC (generated from per-crop agro-climatic profiles)
178,16.5,176,31.6,73,415,6.5,Groundnut,SYNTHETIC (generated from per-crop agro-climatic profiles)
260,20.7,186,29.5,82,619,6.8,Soybean,SYNTHETIC (generated from per-crop agro-climatic profiles)
230,15.1,256,17.5,53,508,6.1,Chickpea,SYNTHETIC (generated from per-crop agro-climatic profiles)
232,10.5,244,27.9,77,405,8.1,Pigeon pea,SYNTHETIC (generated from per-crop agro-climatic profiles)
148,21.9,223,26.1,43,403,6.2,Lentil,SYNTHETIC (generated from per-crop agro-climatic profiles)
294,17.4,171,23.2,71,550,5.4,Mustard,SYNTHETIC (generated from per-crop agro-climatic profiles)
350,19.1,151,20.7,66,650,7.1,Sunflower,SYNTHETIC (generated from per-crop agro-climatic profiles)
387,13.6,203,14.4,92,707,7.1,Potato,SYNTHETIC (generated from per-crop agro-climatic profiles)
382,20.3,199,17.4,67,857,8.1,Tomato,SYNTHETIC (generated from per-crop agro-climatic profiles)
376,20.3,164,16.3,42,913,6.8,Onion,SYNTHETIC (generated from per-crop agro-climatic profiles)
374,14.2,227,28.7,84,816,7.0,Banana,SYNTHETIC (generated from per-crop agro-climatic profiles)
356,20.1,280,26.1,45,718,7.0,Chilli,SYNTHETIC (generated from per-crop agro-climatic profiles)
446,17.3,184,26.1,58,1333,7.7,Turmeric,SYNTHETIC (generated from per-crop agro-climatic profiles)
443,12.1,227,32.2,56,428,5.7,Ragi,SYNTHETIC (generated from per-crop agro-climatic profiles)
196,18.5,238,27.2,87,394,6.9,Green gram,SYNTHETIC (generated from per-crop agro-climatic profiles)
270,14.6,218,32.3,88,1555,5.6,Rice,SYNTHETIC (generated from per-crop agro-climatic profiles)
329,12.8,166,19.3,58,746,6.8,Wheat,SYNTHETIC (generated from per-crop agro-climatic profiles)
413,17.7,227,28.3,86,717,6.6,Maize,SYNTHETIC (generated from per-crop agro-climatic profiles)
336,12.4,164,25.2,53,449,8.0,Sorghum,SYNTHETIC (generated from per-crop agro-climatic profiles)
372,4.2,162,29.1,60,447,7.4,Pearl millet,SYNTHETIC (generated from per-crop agro-climatic profiles)
396,14.4,133,25.7,45,619,7.1,Cotton,SYNTHETIC (generated from per-crop agro-climatic profiles)
406,8.2,149,26.0,68,1411,7.2,Sugarcane,SYNTHETIC (generated from per-crop agro-climatic profiles)
178,17.7,179,31.4,57,394,6.5,Groundnut,SYNTHETIC (generated from per-crop agro-climatic profiles)
262,12.9,188,32.4,85,752,7.5,Soybean,SYNTHETIC (generated from per-crop agro-climatic profiles)
248,11.1,228,18.8,51,474,6.7,Chickpea,SYNTHETIC (generated from per-crop agro-climatic profiles)
297,11.5,196,31.6,84,349,7.5,Pigeon pea,SYNTHETIC (generated from per-crop agro-climatic profiles)
207,22.7,143,23.4,52,416,6.6,Lentil,SYNTHETIC (generated from per-crop agro-climatic profiles)
343,15.8,135,23.8,71,447,6.0,Mustard,SYNTHETIC (generated from per-crop agro-climatic profiles)
296,15.2,116,23.0,70,770,7.0,Sunflower,SYNTHETIC (generated from per-crop agro-climatic profiles)
364,10.3,160,17.9,71,684,7.1,Potato,SYNTHETIC (generated from per-crop agro-climatic profiles)
348,19.3,226,19.1,67,814,7.7,Tomato,SYNTHETIC (generated from per-crop agro-climatic profiles)
467,18.4,229,15.5,48,876,6.7,Onion,SYNTHETIC (generated from per-crop agro-climatic profiles)
357,17.8,256,29.1,75,812,6.1,Banana,SYNTHETIC (generated from per-crop agro-climatic profiles)
367,21.3,240,26.3,41,666,7.0,Chilli,SYNTHETIC (generated from per-crop agro-climatic profiles)
403,15.4,165,27.8,62,1502,7.6,Turmeric,SYNTHETIC (generated from per-crop agro-climatic profiles)
426,11.3,273,30.7,65,504,6.2,Ragi,SYNTHETIC (generated from per-crop agro-climatic profiles)
234,17.4,252,23.9,86,435,7.9,Green gram,SYNTHETIC (generated from per-crop agro-climatic profiles)
325,15.0,186,27.6,76,1590,6.0,Rice,SYNTHETIC (generated from per-crop agro-climatic profiles)
378,12.8,231,21.9,72,915,6.9,Wheat,SYNTHETIC (generated from per-crop agro-climatic profiles)
384,17.7,224,28.1,77,857,6.4,Maize,SYNTHETIC (generated from per-crop agro-climatic profiles)
329,17.8,218,24.4,56,516,7.2,Sorghum,SYNTHETIC (generated from per-crop agro-climatic profiles)
321,9.8,161,32.3,60,451,7.1,Pearl millet,SYNTHETIC (generated from per-crop agro-climatic profiles)
398,16.6,168,26.9,50,736,7.8,Cotton,SYNTHETIC (generated from per-crop agro-climatic profiles)
419,10.9,187,26.4,74,1319,7.0,Sugarcane,SYNTHETIC (generated from per-crop agro-climatic profiles)
177,12.9,175,33.0,71,467,6.6,Groundnut,SYNTHETIC (generated from per-crop agro-climatic profiles)
315,14.8,200,31.6,89,776,7.2,Soybean,SYNTHETIC (generated from per-crop agro-climatic profiles)
314,12.9,273,15.4,51,354,6.2,Chickpea,SYNTHETIC (generated from per-crop agro-climatic profiles)
310,8.1,242,28.5,82,376,7.7,Pigeon pea,SYNTHETIC (generated from per-crop agro-climatic profiles)
175,18.8,158,21.5,51,441,6.1,Lentil,SYNTHETIC (generated from per-crop agro-climatic profiles)
326,8.3,138,23.2,65,440,5.9,Mustard,SYNTHETIC (generated from per-crop agro-climatic profiles)
363,14.0,106,21.8,73,883,7.0,Sunflower,SYNTHETIC (generated from per-crop agro-climatic profiles)
367,15.9,197,15.8,89,491,7.7,Potato,SYNTHETIC (generated from per-crop agro-climatic profiles)
363,12.8,202,17.8,78,808,7.3,Tomato,SYNTHETIC (generated from per-crop agro-climatic profiles)
416,17.1,114,18.5,48,909,7.3,Onion,SYNTHETIC (generated from per-crop agro-climatic profiles)
393,11.8,232,30.3,75,970,6.2,Banana,SYNTHETIC (generated from per-crop agro-climatic profiles)
290,20.4,169,24.8,51,787,6.9,Chilli,SYNTHETIC (generated from per-crop agro-climatic profiles)
371,18.1,189,25.3,63,1399,7.3,Turmeric,SYNTHETIC (generated from per-crop agro-climatic profiles)
425,15.7,266,29.8,75,499,6.1,Ragi,SYNTHETIC (generated from per-crop agro-climatic profiles)
255,15.6,178,27.8,71,433,7.4,Green gram,SYNTHETIC (generated from per-crop agro-climatic profiles)
365,12.3,273,27.0,77,1611,6.5,Rice,SYNTHETIC (generated from per-crop agro-climatic profiles)
315,15.4,211,21.5,68,799,6.8,Wheat,SYNTHETIC (generated from per-crop agro-climatic profiles)
452,13.3,258,26.8,98,742,6.5,Maize,SYNTHETIC (generated from per-crop agro-climatic profiles)
326,13.9,171,26.1,53,440,7.5,Sorghum,SYNTHETIC (generated from per-crop agro-climatic profiles)
334,11.7,150,27.8,57,413,7.4,Pearl millet,SYNTHETIC (generated from per-crop agro-climatic profiles)
409,10.6,160,26.0,49,617,6.9,Cotton,SYNTHETIC (generated from per-crop agro-climatic profiles)
380,7.4,156,25.8,63,1725,6.8,Sugarcane,SYNTHETIC (generated from per-crop agro-climatic profiles)
173,19.9,198,31.0,65,407,6.7,Groundnut,SYNTHETIC (generated from per-crop agro-climatic profiles)
252,17.6,220,31.9,82,839,7.0,Soybean,SYNTHETIC (generated from per-crop agro-climatic profiles)
285,11.0,249,17.6,58,483,7.1,Chickpea,SYNTHETIC (generated from per-crop agro-climatic profiles)
228,10.3,235,31.4,77,403,8.1,Pigeon pea,SYNTHETIC (generated from per-crop agro-climatic profiles)
197,17.0,258,20.1,48,512,6.5,Lentil,SYNTHETIC (generated from per-crop agro-climatic profiles)
336,9.8,163,21.6,67,446,6.1,Mustard,SYNTHETIC (generated from per-crop agro-climatic profiles)
320,22.3,207,22.3,76,635,7.0,Sunflower,SYNTHETIC (generated from per-crop agro-climatic profiles)
396,9.4,170,15.6,85,626,7.4,Potato,SYNTHETIC (generated from per-crop agro-climatic profiles)
300,9.4,207,18.5,82,794,7.4,Tomato,SYNTHETIC (generated from per-crop agro-climatic profiles)
445,20.3,142,14.5,40,916,6.7,Onion,SYNTHETIC (generated from per-crop agro-climatic profiles)
420,16.0,147,28.2,72,1066,6.0,Banana,SYNTHETIC (generated from per-crop agro-climatic profiles)
308,21.3,168,26.4,53,757,7.4,Chilli,SYNTHETIC (generated from per-crop agro-climatic profiles)
416,13.9,223,29.0,68,1678,7.5,Turmeric,SYNTHETIC (generated from per-crop agro-climatic profiles)
429,13.1,198,29.9,63,456,6.5,Ragi,SYNTHETIC (generated from per-crop agro-climatic profiles)
239,20.1,192,27.5,80,439,7.2,Green gram,SYNTHETIC (generated from per-crop agro-climatic profiles)
332,12.9,208,29.1,80,1554,5.8,Rice,SYNTHETIC (generated from per-crop agro-climatic profiles)
332,7.7,143,22.5,68,952,6.6,Wheat,SYNTHETIC (generated from per-crop agro-climatic profiles)
414,15.3,255,27.3,80,874,6.6,Maize,SYNTHETIC (generated from per-crop agro-climatic profiles)
322,17.8,174,25.4,43,519,8.1,Sorghum,SYNTHETIC (generated from per-crop agro-climatic profiles)
360,10.1,123,28.4,67,525,7.3,Pearl millet,SYNTHETIC (generated from per-crop agro-climatic profiles)
407,8.5,163,26.4,49,709,7.2,Cotton,SYNTHETIC (generated from per-crop agro-climatic profiles)
440,12.3,179,28.2,78,1460,6.8,Sugarcane,SYNTHETIC (generated from per-crop agro-climatic profiles)
175,13.6,108,31.7,69,404,6.2,Groundnut,SYNTHETIC (generated from per-crop agro-climatic profiles)
291,13.4,227,30.2,89,632,7.5,Soybean,SYNTHETIC (generated from per-crop agro-climatic profiles)
230,10.9,208,18.5,54,397,7.2,Chickpea,SYNTHETIC (generated from per-crop agro-climatic profiles)
335,5.4,226,26.4,75,332,7.6,Pigeon pea,SYNTHETIC (generated from per-crop agro-climatic profiles)
149,23.5,175,24.7,57,604,6.5,Lentil,SYNTHETIC (generated from per-crop agro-climatic profiles)
349,10.4,162,22.2,69,482,6.1,Mustard,SYNTHETIC (generated from per-crop agro-climatic profiles)
282,21.6,159,23.6,67,810,6.7,Sunflower,SYNTHETIC (generated from per-crop agro-climatic profiles)
442,14.5,219,16.2,82,614,7.5,Potato,SYNTHETIC (generated from per-crop agro-climatic profiles)
286,18.6,198,17.5,70,799,7.5,Tomato,SYNTHETIC (generated from per-crop agro-climatic profiles)
408,17.4,193,16.8,48,699,6.3,Onion,SYNTHETIC (generated from per-crop agro-climatic profiles)
369,13.2,213,30.1,58,965,6.3,Banana,SYNTHETIC (generated from per-crop agro-climatic profiles)
319,26.7,200,24.9,46,750,6.3,Chilli,SYNTHETIC (generated from per-crop agro-climatic profiles)
375,11.4,173,28.1,67,1323,7.7,Turmeric,SYNTHETIC (generated from per-crop agro-climatic profiles)
366,8.5,287,32.6,58,399,6.3,Ragi,SYNTHETIC (generated from per-crop agro-climatic profiles)
227,17.4,186,28.9,85,432,7.0,Green gram,SYNTHETIC (generated from per-crop agro-climatic profiles)
327,9.2,257,30.7,86,1291,5.9,Rice,SYNTHETIC (generated from per-crop agro-climatic profiles)
341,16.4,157,22.1,51,931,6.4,Wheat,SYNTHETIC (generated from per-crop agro-climatic profiles)
402,14.7,283,27.4,85,768,6.3,Maize,SYNTHETIC (generated from per-crop agro-climatic profiles)
351,29.2,156,24.8,42,492,7.6,Sorghum,SYNTHETIC (generated from per-crop agro-climatic profiles)
356,5.1,182,26.1,69,413,6.8,Pearl millet,SYNTHETIC (generated from per-crop agro-climatic profiles)
416,9.0,206,26.5,43,662,7.5,Cotton,SYNTHETIC (generated from per-crop agro-climatic profiles)
463,4.9,156,28.3,64,1458,7.1,Sugarcane,SYNTHETIC (generated from per-crop agro-climatic profiles)
176,15.9,108,31.6,80,426,6.6,Groundnut,SYNTHETIC (generated from per-crop agro-climatic profiles)
351,15.8,168,27.1,85,604,7.4,Soybean,SYNTHETIC (generated from per-crop agro-climatic profiles)
274,8.8,198,18.5,52,479,6.5,Chickpea,SYNTHETIC (generated from per-crop agro-climatic profiles)
285,12.1,226,30.3,90,342,7.3,Pigeon pea,SYNTHETIC (generated from per-crop agro-climatic profiles)
202,16.8,145,24.7,54,423,6.8,Lentil,SYNTHETIC (generated from per-crop agro-climatic profiles)
425,15.9,201,23.2,69,423,6.1,Mustard,SYNTHETIC (generated from per-crop agro-climatic profiles)
357,18.0,145,25.0,72,835,6.8,Sunflower,SYNTHETIC (generated from per-crop agro-climatic profiles)
358,9.5,171,15.6,81,636,8.2,Potato,SYNTHETIC (generated from per-crop agro-climatic profiles)
378,15.4,197,19.2,80,980,7.3,Tomato,SYNTHETIC (generated from per-crop agro-climatic profiles)
448,18.0,139,17.0,50,895,7.0,Onion,SYNTHETIC (generated from per-crop agro-climatic profiles)
419,16.3,225,28.5,67,1096,6.3,Banana,SYNTHETIC (generated from per-crop agro-climatic profiles)
373,25.4,206,26.2,46,584,6.2,Chilli,SYNTHETIC (generated from per-crop agro-climatic profiles)
435,12.7,175,26.6,65,1382,7.7,Turmeric,SYNTHETIC (generated from per-crop agro-climatic profiles)
375,9.8,233,32.4,57,530,6.1,Ragi,SYNTHETIC (generated from per-crop agro-climatic profiles)
240,23.9,168,26.8,85,509,7.3,Green gram,SYNTHETIC (generated from per-crop agro-climatic profiles)
345,13.0,260,29.4,67,1558,6.6,Rice,SYNTHETIC (generated from per-crop agro-climatic profiles)
335,14.2,225,22.4,65,916,6.4,Wheat,SYNTHETIC (generated from per-crop agro-climatic profiles)
383,18.7,201,27.9,92,731,6.1,Maize,SYNTHETIC (generated from per-crop agro-climatic profiles)
274,15.4,225,25.3,39,433,7.4,Sorghum,SYNTHETIC (generated from per-crop agro-climatic profiles)
356,8.4,129,29.2,68,417,7.4,Pearl millet,SYNTHETIC (generated from per-crop agro-climatic profiles)
454,9.1,189,25.5,44,708,7.8,Cotton,SYNTHETIC (generated from per-crop agro-climatic profiles)
361,8.8,205,26.6,82,1584,7.1,Sugarcane,SYNTHETIC (generated from per-crop agro-climatic profiles)
283,7.9,173,30.5,58,454,6.0,Groundnut,SYNTHETIC (generated from per-crop agro-climatic profiles)
218,18.1,187,32.3,82,732,7.7,Soybean,SYNTHETIC (generated from per-crop agro-climatic profiles)
289,9.6,225,17.5,56,411,6.9,Chickpea,SYNTHETIC (generated from per-crop agro-climatic profiles)
236,10.1,226,28.2,76,369,7.8,Pigeon pea,SYNTHETIC (generated from per-crop agro-climatic profiles)
221,17.0,138,23.5,55,489,6.0,Lentil,SYNTHETIC (generated from per-crop agro-climatic profiles)
395,13.5,165,22.6,68,436,5.8,Mustard,SYNTHETIC (generated from per-crop agro-climatic profiles)
398,15.5,172,22.4,82,835,6.7,Sunflower,SYNTHETIC (generated from per-crop agro-climatic profiles)
362,12.9,226,15.1,96,576,8.1,Potato,SYNTHETIC (generated from per-crop agro-climatic profiles)
337,15.8,247,19.3,69,710,7.4,Tomato,SYNTHETIC (generated from per-crop agro-climatic profiles)
352,17.1,153,15.0,39,899,6.4,Onion,SYNTHETIC (generated from per-crop agro-climatic profiles)
327,11.5,187,31.6,73,901,6.4,Banana,SYNTHETIC (generated from per-crop agro-climatic profiles)
305,19.3,205,26.8,47,693,6.9,Chilli,SYNTHETIC (generated from per-crop agro-climatic profiles)
412,12.4,209,27.0,60,1265,7.1,Turmeric,SYNTHETIC (generated from per-crop agro-climatic profiles)
405,12.4,272,29.6,75,506,6.0,Ragi,SYNTHETIC (generated from per-crop agro-climatic profiles)
219,23.1,243,26.8,75,451,8.1,Green gram,SYNTHETIC (generated from per-crop agro-climatic profiles)
329,16.2,225,29.0,78,1314,6.3,Rice,SYNTHETIC (generated from per-crop agro-climatic profiles)
312,15.6,193,24.8,62,982,6.7,Wheat,SYNTHETIC (generated from per-crop agro-climatic profiles)
440,17.8,252,29.8,80,779,6.7,Maize,SYNTHETIC (generated from per-crop agro-climatic profiles)
239,13.4,174,23.5,45,573,7.8,Sorghum,SYNTHETIC (generated from per-crop agro-climatic profiles)
306,11.6,188,27.6,67,459,7.2,Pearl millet,SYNTHETIC (generated from per-crop agro-climatic profiles)
411,12.8,147,25.8,33,661,6.9,Cotton,SYNTHETIC (generated from per-crop agro-climatic profiles)
382,6.5,195,24.8,66,1426,6.8,Sugarcane,SYNTHETIC (generated from per-crop agro-climatic profiles)
194,10.3,156,32.0,70,411,6.0,Groundnut,SYNTHETIC (generated from per-crop agro-climatic profiles)
221,14.4,177,29.4,81,669,7.2,Soybean,SYNTHETIC (generated from per-crop agro-climatic profiles)
201,7.9,206,17.2,60,450,6.0,Chickpea,SYNTHETIC (generated from per-crop agro-climatic profiles)
206,17.8,252,29.4,85,397,7.6,Pigeon pea,SYNTHETIC (generated from per-crop agro-climatic profiles)
177,19.4,200,22.9,50,371,6.7,Lentil,SYNTHETIC (generated from per-crop agro-climatic profiles)
362,9.1,139,20.7,76,565,6.2,Mustard,SYNTHETIC (generated from per-crop agro-climatic profiles)
334,20.2,158,25.3,74,787,6.7,Sunflower,SYNTHETIC (generated from per-crop agro-climatic profiles)
365,16.5,176,16.5,80,502,7.6,Potato,SYNTHETIC (generated from per-crop agro-climatic profiles)
372,12.2,199,19.3,70,801,7.6,Tomato,SYNTHETIC (generated from per-crop agro-climatic profiles)
451,22.1,179,18.8,48,1015,7.0,Onion,SYNTHETIC (generated from per-crop agro-climatic profiles)
332,16.6,263,29.1,66,1007,6.1,Banana,SYNTHETIC (generated from per-crop agro-climatic profiles)
344,22.0,261,27.3,53,739,6.2,Chilli,SYNTHETIC (generated from per-crop agro-climatic profiles)
423,11.7,259,25.4,58,1436,7.9,Turmeric,SYNTHETIC (generated from per-crop agro-climatic profiles)
407,12.7,240,30.7,56,518,6.4,Ragi,SYNTHETIC (generated from per-crop agro-climatic profiles)
253,17.0,210,28.6,91,536,7.0,Green gram,SYNTHETIC (generated from per-crop agro-climatic profiles)
321,11.9,269,28.8,81,1344,5.6,Rice,SYNTHETIC (generated from per-crop agro-climatic profiles)
323,10.9,137,21.4,55,796,6.6,Wheat,SYNTHETIC (generated from per-crop agro-climatic profiles)
433,14.6,254,28.4,81,979,6.6,Maize,SYNTHETIC (generated from per-crop agro-climatic profiles)
305,16.2,182,24.2,44,440,7.4,Sorghum,SYNTHETIC (generated from per-crop agro-climatic profiles)
331,3.4,155,28.7,67,576,6.8,Pearl millet,SYNTHETIC (generated from per-crop agro-climatic profiles)
363,10.5,221,23.2,45,643,7.5,Cotton,SYNTHETIC (generated from per-crop agro-climatic profiles)
350,9.1,209,25.2,75,1727,7.1,Sugarcane,SYNTHETIC (generated from per-crop agro-climatic profiles)
228,16.0,158,28.0,64,469,6.0,Groundnut,SYNTHETIC (generated from per-crop agro-climatic profiles)
258,16.3,175,32.9,87,835,7.6,Soybean,SYNTHETIC (generated from per-crop agro-climatic profiles)
266,4.8,214,17.2,53,411,6.4,Chickpea,SYNTHETIC (generated from per-crop agro-climatic profiles)
366,10.4,224,29.4,83,428,7.6,Pigeon pea,SYNTHETIC (generated from per-crop agro-climatic profiles)
184,17.9,193,22.5,44,392,6.6,Lentil,SYNTHETIC (generated from per-crop agro-climatic profiles)
299,14.7,213,20.3,67,443,6.1,Mustard,SYNTHETIC (generated from per-crop agro-climatic profiles)
291,15.6,162,24.6,68,640,6.6,Sunflower,SYNTHETIC (generated from per-crop agro-climatic profiles)
447,12.7,270,16.7,83,602,7.3,Potato,SYNTHETIC (generated from per-crop agro-climatic profiles)
328,18.3,269,17.3,74,596,7.2,Tomato,SYNTHETIC (generated from per-crop agro-climatic profiles)
407,19.2,171,17.4,44,690,6.8,Onion,SYNTHETIC (generated from per-crop agro-climatic profiles)
402,11.1,213,28.8,76,1108,6.0,Banana,SYNTHETIC (generated from per-crop agro-climatic profiles)
289,16.2,207,23.7,52,736,6.2,Chilli,SYNTHETIC (generated from per-crop agro-climatic profiles)
431,16.3,144,25.2,56,1459,7.2,Turmeric,SYNTHETIC (generated from per-crop agro-climatic profiles)
524,15.3,232,30.1,60,444,6.1,Ragi,SYNTHETIC (generated from per-crop agro-climatic profiles)
206,19.5,179,25.3,88,536,7.2,Green gram,SYNTHETIC (generated from per-crop agro-climatic profiles)
323,12.3,230,30.5,73,1589,6.0,Rice,SYNTHETIC (generated from per-crop agro-climatic profiles)
321,10.6,120,23.0,67,752,6.9,Wheat,SYNTHETIC (generated from per-crop agro-climatic profiles)
390,15.9,238,28.2,84,766,6.6,Maize,SYNTHETIC (generated from per-crop agro-climatic profiles)
312,12.2,212,26.8,43,375,7.2,Sorghum,SYNTHETIC (generated from per-crop agro-climatic profiles)
338,7.9,165,31.7,59,444,7.6,Pearl millet,SYNTHETIC (generated from per-crop agro-climatic profiles)
388,6.3,163,28.0,50,607,7.3,Cotton,SYNTHETIC (generated from per-crop agro-climatic profiles)
329,11.5,218,26.3,67,1435,6.5,Sugarcane,SYNTHETIC (generated from per-crop agro-climatic profiles)
175,15.3,187,31.4,58,355,6.2,Groundnut,SYNTHETIC (generated from per-crop agro-climatic profiles)
298,15.1,200,31.0,84,701,6.9,Soybean,SYNTHETIC (generated from per-crop agro-climatic profiles)
211,10.6,292,15.9,53,450,6.9,Chickpea,SYNTHETIC (generated from per-crop agro-climatic profiles)
303,6.7,218,28.5,73,402,8.1,Pigeon pea,SYNTHETIC (generated from per-crop agro-climatic profiles)
211,20.8,163,24.7,53,483,6.6,Lentil,SYNTHETIC (generated from per-crop agro-climatic profiles)
321,9.6,166,22.7,65,571,6.5,Mustard,SYNTHETIC (generated from per-crop agro-climatic profiles)
343,15.0,246,23.7,67,682,6.6,Sunflower,SYNTHETIC (generated from per-crop agro-climatic profiles)
350,10.5,186,17.7,83,411,8.0,Potato,SYNTHETIC (generated from per-crop agro-climatic profiles)
290,12.5,251,19.7,80,857,7.8,Tomato,SYNTHETIC (generated from per-crop agro-climatic profiles)
369,17.0,155,16.6,46,1051,7.0,Onion,SYNTHETIC (generated from per-crop agro-climatic profiles)
448,14.7,212,29.9,56,1037,6.4,Banana,SYNTHETIC (generated from per-crop agro-climatic profiles)
323,17.7,206,26.7,53,579,7.0,Chilli,SYNTHETIC (generated from per-crop agro-climatic profiles)
364,16.7,169,25.1,52,1212,8.0,Turmeric,SYNTHETIC (generated from per-crop agro-climatic profiles)
412,13.6,241,31.2,62,480,6.3,Ragi,SYNTHETIC (generated from per-crop agro-climatic profiles)
211,17.3,232,26.4,90,507,7.5,Green gram,SYNTHETIC (generated from per-crop agro-climatic profiles)
287,16.1,260,26.7,73,1775,6.0,Rice,SYNTHETIC (generated from per-crop agro-climatic profiles)
387,15.6,138,23.3,63,692,6.7,Wheat,SYNTHETIC (generated from per-crop agro-climatic profiles)
434,15.9,217,29.7,84,898,6.1,Maize,SYNTHETIC (generated from per-crop agro-climatic profiles)
354,16.6,208,26.2,46,404,7.2,Sorghum,SYNTHETIC (generated from per-crop agro-climatic profiles)
359,8.9,176,29.5,65,461,7.5,Pearl millet,SYNTHETIC (generated from per-crop agro-climatic profiles)
377,10.2,185,21.9,47,636,7.7,Cotton,SYNTHETIC (generated from per-crop agro-climatic profiles)
337,12.6,148,24.8,71,1251,6.9,Sugarcane,SYNTHETIC (generated from per-crop agro-climatic profiles)
150,12.3,191,31.4,77,402,6.6,Groundnut,SYNTHETIC (generated from per-crop agro-climatic profiles)
282,22.4,292,31.3,80,653,7.4,Soybean,SYNTHETIC (generated from per-crop agro-climatic profiles)
219,10.9,212,16.9,53,424,6.8,Chickpea,SYNTHETIC (generated from per-crop agro-climatic profiles)
288,12.9,243,27.4,84,362,7.4,Pigeon pea,SYNTHETIC (generated from per-crop agro-climatic profiles)
185,25.4,203,23.7,59,435,6.8,Lentil,SYNTHETIC (generated from per-crop agro-climatic profiles)
326,13.5,144,22.1,67,538,6.8,Mustard,SYNTHETIC (generated from per-crop agro-climatic profiles)
268,22.0,137,22.7,66,854,6.9,Sunflower,SYNTHETIC (generated from per-crop agro-climatic profiles)
361,16.4,189,15.3,76,541,7.6,Potato,SYNTHETIC (generated from per-crop agro-climatic profiles)
320,16.6,253,18.3,71,647,7.9,Tomato,SYNTHETIC (generated from per-crop agro-climatic profiles)
429,18.2,136,17.0,46,962,6.8,Onion,SYNTHETIC (generated from per-crop agro-climatic profiles)
399,17.5,234,31.2,76,776,6.4,Banana,SYNTHETIC (generated from per-crop agro-climatic profiles)
328,17.5,201,26.8,51,715,6.7,Chilli,SYNTHETIC (generated from per-crop agro-climatic profiles)
439,12.1,239,26.9,59,1847,7.4,Turmeric,SYNTHETIC (generated from per-crop agro-climatic profiles)
394,14.5,252,31.5,69,480,6.3,Ragi,SYNTHETIC (generated from per-crop agro-climatic profiles)
174,23.7,187,27.8,89,421,7.6,Green gram,SYNTHETIC (generated from per-crop agro-climatic profiles)
301,13.9,245,26.5,77,1348,6.6,Rice,SYNTHETIC (generated from per-crop agro-climatic profiles)
328,11.9,155,21.5,70,567,7.0,Wheat,SYNTHETIC (generated from per-crop agro-climatic profiles)
420,12.1,246,28.1,84,756,6.0,Maize,SYNTHETIC (generated from per-crop agro-climatic profiles)
277,17.2,191,24.3,46,480,7.5,Sorghum,SYNTHETIC (generated from per-crop agro-climatic profiles)
324,8.6,146,27.0,71,484,6.9,Pearl millet,SYNTHETIC (generated from per-crop agro-climatic profiles)
425,13.8,157,26.5,43,777,7.4,Cotton,SYNTHETIC (generated from per-crop agro-climatic profiles)
362,6.1,144,29.8,64,1446,6.8,Sugarcane,SYNTHETIC (generated from per-crop agro-climatic profiles)
201,19.8,160,29.5,67,431,6.5,Groundnut,SYNTHETIC (generated from per-crop agro-climatic profiles)
251,19.2,200,30.1,78,849,7.0,Soybean,SYNTHETIC (generated from per-crop agro-climatic profiles)
290,7.3,225,17.5,52,424,5.9,Chickpea,SYNTHETIC (generated from per-crop agro-climatic profiles)
233,12.0,245,27.9,79,340,7.8,Pigeon pea,SYNTHETIC (generated from per-crop agro-climatic profiles)
252,15.5,206,20.9,58,592,6.5,Lentil,SYNTHETIC (generated from per-crop agro-climatic profiles)
308,13.4,166,24.0,62,457,6.4,Mustard,SYNTHETIC (generated from per-crop agro-climatic profiles)
351,16.1,187,22.4,57,662,7.2,Sunflower,SYNTHETIC (generated from per-crop agro-climatic profiles)
418,15.9,222,17.2,79,539,7.3,Potato,SYNTHETIC (generated from per-crop agro-climatic profiles)
357,17.2,254,21.4,80,902,7.7,Tomato,SYNTHETIC (generated from per-crop agro-climatic profiles)
389,19.2,125,14.5,56,863,6.8,Onion,SYNTHETIC (generated from per-crop agro-climatic profiles)
406,15.1,197,27.1,59,940,6.9,Banana,SYNTHETIC (generated from per-crop agro-climatic profiles)
349,18.1,190,26.4,56,637,6.3,Chilli,SYNTHETIC (generated from per-crop agro-climatic profiles)
392,16.6,151,24.9,62,1769,7.4,Turmeric,SYNTHETIC (generated from per-crop agro-climatic profiles)
440,10.0,232,27.3,63,427,6.3,Ragi,SYNTHETIC (generated from per-crop agro-climatic profiles)
190,22.8,202,27.0,80,461,7.3,Green gram,SYNTHETIC (generated from per-crop agro-climatic profiles)
293,12.0,248,31.2,82,1510,6.5,Rice,SYNTHETIC (generated from per-crop agro-climatic profiles)
288,16.4,164,21.7,62,950,6.7,Wheat,SYNTHETIC (generated from per-crop agro-climatic profiles)
404,17.8,275,26.0,83,844,6.8,Maize,SYNTHETIC (generated from per-crop agro-climatic profiles)
273,20.3,191,23.3,49,459,7.3,Sorghum,SYNTHETIC (generated from per-crop agro-climatic profiles)
270,8.9,166,29.4,63,382,7.6,Pearl millet,SYNTHETIC (generated from per-crop agro-climatic profiles)
418,2.0,142,26.6,53,781,7.6,Cotton,SYNTHETIC (generated from per-crop agro-climatic profiles)
365,14.0,220,26.0,72,1440,6.7,Sugarcane,SYNTHETIC (generated from per-crop agro-climatic profiles)
181,15.7,168,31.1,64,466,6.5,Groundnut,SYNTHETIC (generated from per-crop agro-climatic profiles)
219,16.8,202,33.2,80,657,6.9,Soybean,SYNTHETIC (generated from per-crop agro-climatic profiles)
305,15.1,266,16.4,43,396,5.8,Chickpea,SYNTHETIC (generated from per-crop agro-climatic profiles)
224,8.1,241,29.8,82,463,7.5,Pigeon pea,SYNTHETIC (generated from per-crop agro-climatic profiles)
155,15.7,150,24.3,44,349,6.5,Lentil,SYNTHETIC (generated from per-crop agro-climatic profiles)
323,13.8,160,21.2,79,441,5.5,Mustard,SYNTHETIC (generated from per-crop agro-climatic profiles)
383,19.7,72,20.5,78,667,6.3,Sunflower,SYNTHETIC (generated from per-crop agro-climatic profiles)
417,19.3,149,16.8,89,519,7.4,Potato,SYNTHETIC (generated from per-crop agro-climatic profiles)
288,14.1,248,19.1,68,781,6.9,Tomato,SYNTHETIC (generated from per-crop agro-climatic profiles)
364,25.1,160,18.8,40,790,6.5,Onion,SYNTHETIC (generated from per-crop agro-climatic profiles)
403,19.8,235,28.3,73,1096,6.2,Banana,SYNTHETIC (generated from per-crop agro-climatic profiles)
401,21.9,246,26.1,62,726,6.9,Chilli,SYNTHETIC (generated from per-crop agro-climatic profiles)
445,16.2,162,25.6,68,1353,7.6,Turmeric,SYNTHETIC (generated from per-crop agro-climatic profiles)
427,7.4,192,31.9,69,482,6.1,Ragi,SYNTHETIC (generated from per-crop agro-climatic profiles)
201,16.8,192,26.9,93,431,7.3,Green gram,SYNTHETIC (generated from per-crop agro-climatic profiles)
257,10.1,223,29.1,74,1121,6.2,Rice,SYNTHETIC (generated from per-crop agro-climatic profiles)
349,17.8,150,22.8,62,860,6.9,Wheat,SYNTHETIC (generated from per-crop agro-climatic profiles)
432,17.7,221,26.4,81,689,6.2,Maize,SYNTHETIC (generated from per-crop agro-climatic profiles)
250,17.7,168,24.8,53,434,7.7,Sorghum,SYNTHETIC (generated from per-crop agro-climatic profiles)
374,4.6,160,30.3,64,386,7.2,Pearl millet,SYNTHETIC (generated from per-crop agro-climatic profiles)
450,8.3,176,24.6,53,690,7.1,Cotton,SYNTHETIC (generated from per-crop agro-climatic profiles)
396,6.8,190,26.8,70,1497,7.4,Sugarcane,SYNTHETIC (generated from per-crop agro-climatic profiles)
169,13.6,174,31.8,74,403,5.9,Groundnut,SYNTHETIC (generated from per-crop agro-climatic profiles)
277,16.2,254,30.5,84,688,6.6,Soybean,SYNTHETIC (generated from per-crop agro-climatic profiles)
228,8.4,172,17.4,53,324,6.2,Chickpea,SYNTHETIC (generated from per-crop agro-climatic profiles)
300,8.8,213,28.6,85,478,7.9,Pigeon pea,SYNTHETIC (generated from per-crop agro-climatic profiles)
223,24.3,170,24.7,57,345,6.6,Lentil,SYNTHETIC (generated from per-crop agro-climatic profiles)
414,15.7,203,23.1,65,481,6.2,Mustard,SYNTHETIC (generated from per-crop agro-climatic profiles)
314,18.4,141,23.6,79,820,6.7,Sunflower,SYNTHETIC (generated from per-crop agro-climatic profiles)
386,18.1,190,14.3,81,643,7.3,Potato,SYNTHETIC (generated from per-crop agro-climatic profiles)
337,16.3,221,16.3,72,766,7.3,Tomato,SYNTHETIC (generated from per-crop agro-climatic profiles)
402,17.9,128,16.6,40,926,6.5,Onion,SYNTHETIC (generated from per-crop agro-climatic profiles)
379,13.2,163,27.5,68,886,6.8,Banana,SYNTHETIC (generated from per-crop agro-climatic profiles)
347,20.0,208,25.6,55,636,6.6,Chilli,SYNTHETIC (generated from per-crop agro-climatic profiles)
391,14.9,178,27.7,64,1779,7.7,Turmeric,SYNTHETIC (generated from per-crop agro-climatic profiles)
472,18.5,226,31.6,67,369,5.9,Ragi,SYNTHETIC (generated from per-crop agro-climatic profiles)
190,16.7,213,27.6,80,381,7.4,Green gram,SYNTHETIC (generated from per-crop agro-climatic profiles)
250,9.1,229,26.1,75,1295,6.4,Rice,SYNTHETIC (generated from per-crop agro-climatic profiles)
286,13.9,180,23.5,66,958,6.8,Wheat,SYNTHETIC (generated from per-crop agro-climatic profiles)
370,21.6,269,28.3,86,764,6.5,Maize,SYNTHETIC (generated from per-crop agro-climatic profiles)
341,12.2,206,24.4,36,360,7.2,Sorghum,SYNTHETIC (generated from per-crop agro-climatic profiles)
293,4.5,160,27.7,71,528,7.5,Pearl millet,SYNTHETIC (generated from per-crop agro-climatic profiles)
437,16.9,162,26.0,48,795,7.2,Cotton,SYNTHETIC (generated from per-crop agro-climatic profiles)
411,7.0,251,26.3,72,1272,6.7,Sugarcane,SYNTHETIC (generated from per-crop agro-climatic profiles)
178,17.0,227,29.9,71,307,6.9,Groundnut,SYNTHETIC (generated from per-crop agro-climatic profiles)
226,17.5,253,28.6,81,784,6.9,Soybean,SYNTHETIC (generated from per-crop agro-climatic profiles)
201,13.0,259,16.3,68,325,6.0,Chickpea,SYNTHETIC (generated from per-crop agro-climatic profiles)
307,6.2,220,31.0,70,432,7.7,Pigeon pea,SYNTHETIC (generated from per-crop agro-climatic profiles)
212,29.0,214,24.0,54,420,6.7,Lentil,SYNTHETIC (generated from per-crop agro-climatic profiles)
356,12.0,155,22.4,64,490,6.0,Mustard,SYNTHETIC (generated from per-crop agro-climatic profiles)
322,17.6,121,22.3,69,779,6.4,Sunflower,SYNTHETIC (generated from per-crop agro-climatic profiles)
312,15.0,178,16.8,87,675,6.4,Potato,SYNTHETIC (generated from per-crop agro-climatic profiles)
395,13.0,177,17.4,61,840,7.9,Tomato,SYNTHETIC (generated from per-crop agro-climatic profiles)
373,21.0,157,17.7,35,955,7.1,Onion,SYNTHETIC (generated from per-crop agro-climatic profiles)
378,19.0,240,31.6,68,1004,6.7,Banana,SYNTHETIC (generated from per-crop agro-climatic profiles)
317,14.7,180,27.1,57,743,6.8,Chilli,SYNTHETIC (generated from per-crop agro-climatic profiles)
449,13.5,218,25.0,62,1408,7.9,Turmeric,SYNTHETIC (generated from per-crop agro-climatic profiles)
396,12.8,245,29.7,55,521,5.6,Ragi,SYNTHETIC (generated from per-crop agro-climatic profiles)
232,21.9,190,26.2,76,411,6.8,Green gram,SYNTHETIC (generated from per-crop agro-climatic profiles)
383,9.3,252,31.8,62,1605,5.9,Rice,SYNTHETIC (generated from per-crop agro-climatic profiles)
342,11.5,137,22.3,61,981,6.7,Wheat,SYNTHETIC (generated from per-crop agro-climatic profiles)
406,15.7,230,28.4,88,740,7.0,Maize,SYNTHETIC (generated from per-crop agro-climatic profiles)
320,17.7,208,28.4,52,578,7.8,Sorghum,SYNTHETIC (generated from per-crop agro-climatic profiles)
317,4.5,174,27.1,66,454,7.2,Pearl millet,SYNTHETIC (generated from per-crop agro-climatic profiles)
438,7.6,191,23.9,51,719,7.7,Cotton,SYNTHETIC (generated from per-crop agro-climatic profiles)
463,6.8,144,26.8,67,1602,6.7,Sugarcane,SYNTHETIC (generated from per-crop agro-climatic profiles)
219,14.6,149,32.8,63,426,6.2,Groundnut,SYNTHETIC (generated from per-crop agro-climatic profiles)
283,17.6,207,28.5,83,641,7.1,Soybean,SYNTHETIC (generated from per-crop agro-climatic profiles)
219,14.0,249,18.2,61,385,7.1,Chickpea,SYNTHETIC (generated from per-crop agro-climatic profiles)
273,5.8,241,29.9,75,530,7.1,Pigeon pea,SYNTHETIC (generated from per-crop agro-climatic profiles)
219,21.2,231,24.5,49,416,6.6,Lentil,SYNTHETIC (generated from per-crop agro-climatic profiles)
330,16.0,152,23.1,79,411,5.9,Mustard,SYNTHETIC (generated from per-crop agro-climatic profiles)
354,15.7,179,18.3,59,726,6.9,Sunflower,SYNTHETIC (generated from per-crop agro-climatic profiles)
369,14.6,236,17.8,83,625,7.4,Potato,SYNTHETIC (generated from per-crop agro-climatic profiles)
429,11.6,206,20.4,73,923,8.2,Tomato,SYNTHETIC (generated from per-crop agro-climatic profiles)
409,17.8,103,15.3,31,911,7.2,Onion,SYNTHETIC (generated from per-crop agro-climatic profiles)
367,17.3,235,26.7,76,908,7.0,Banana,SYNTHETIC (generated from per-crop agro-climatic profiles)
328,25.3,123,26.0,39,527,6.8,Chilli,SYNTHETIC (generated from per-crop agro-climatic profiles)
369,10.1,173,26.9,66,1520,7.6,Turmeric,SYNTHETIC (generated from per-crop agro-climatic profiles)
371,9.9,275,29.9,66,450,6.2,Ragi,SYNTHETIC (generated from per-crop agro-climatic profiles)
234,18.9,178,26.5,71,482,7.0,Green gram,SYNTHETIC (generated from per-crop agro-climatic profiles)
325,9.9,233,31.6,73,1471,6.4,Rice,SYNTHETIC (generated from per-crop agro-climatic profiles)
364,10.6,199,23.9,66,623,7.1,Wheat,SYNTHETIC (generated from per-crop agro-climatic profiles)
417,20.3,279,28.8,77,572,6.7,Maize,SYNTHETIC (generated from per-crop agro-climatic profiles)
328,13.4,165,24.1,44,446,7.7,Sorghum,SYNTHETIC (generated from per-crop agro-climatic profiles)
310,5.5,179,29.2,72,472,7.1,Pearl millet,SYNTHETIC (generated from per-crop agro-climatic profiles)
375,16.4,170,25.3,39,577,7.4,Cotton,SYNTHETIC (generated from per-crop agro-climatic profiles)
449,13.2,137,24.7,67,1380,7.1,Sugarcane,SYNTHETIC (generated from per-crop agro-climatic profiles)
138,16.0,158,31.3,71,404,6.4,Groundnut,SYNTHETIC (generated from per-crop agro-climatic profiles)
256,17.6,217,31.6,93,660,7.3,Soybean,SYNTHETIC (generated from per-crop agro-climatic profiles)
225,10.7,238,17.3,48,398,7.0,Chickpea,SYNTHETIC (generated from per-crop agro-climatic profiles)
359,12.3,209,30.7,92,378,7.6,Pigeon pea,SYNTHETIC (generated from per-crop agro-climatic profiles)
207,21.7,192,23.6,53,367,6.2,Lentil,SYNTHETIC (generated from per-crop agro-climatic profiles)
295,15.0,138,21.9,64,459,6.2,Mustard,SYNTHETIC (generated from per-crop agro-climatic profiles)
335,19.7,160,20.0,73,671,6.6,Sunflower,SYNTHETIC (generated from per-crop agro-climatic profiles)
440,12.7,201,15.5,85,718,7.4,Potato,SYNTHETIC (generated from per-crop agro-climatic profiles)
326,19.6,202,20.2,72,768,7.8,Tomato,SYNTHETIC (generated from per-crop agro-climatic profiles)
383,21.1,151,15.2,47,917,6.3,Onion,SYNTHETIC (generated from per-crop agro-climatic profiles)
377,16.9,216,26.1,82,978,6.0,Banana,SYNTHETIC (generated from per-crop agro-climatic profiles)
313,23.5,222,26.9,36,791,6.8,Chilli,SYNTHETIC (generated from per-crop agro-climatic profiles)
498,14.3,195,28.8,66,1154,7.8,Turmeric,SYNTHETIC (generated from per-crop agro-climatic profiles)
382,13.5,257,29.6,62,514,6.1,Ragi,SYNTHETIC (generated from per-crop agro-climatic profiles)
252,21.8,239,28.7,94,555,7.0,Green gram,SYNTHETIC (generated from per-crop agro-climatic profiles)
228,11.4,288,28.9,81,1481,5.9,Rice,SYNTHETIC (generated from per-crop agro-climatic profiles)
374,14.1,183,25.8,60,884,6.6,Wheat,SYNTHETIC (generated from per-crop agro-climatic profiles)
407,13.8,233,28.7,91,794,6.3,Maize,SYNTHETIC (generated from per-crop agro-climatic profiles)
305,15.3,155,26.2,47,438,7.7,Sorghum,SYNTHETIC (generated from per-crop agro-climatic profiles)
256,4.0,170,26.4,80,459,6.8,Pearl millet,SYNTHETIC (generated from per-crop agro-climatic profiles)
385,11.3,162,23.5,47,544,7.9,Cotton,SYNTHETIC (generated from per-crop agro-climatic profiles)
369,8.8,223,27.0,76,1544,7.0,Sugarcane,SYNTHETIC (generated from per-crop agro-climatic profiles)
144,8.6,170,30.7,73,378,6.0,Groundnut,SYNTHETIC (generated from per-crop agro-climatic profiles)
257,14.9,160,30.5,98,712,7.5,Soybean,SYNTHETIC (generated from per-crop agro-climatic profiles)
292,10.5,262,16.4,48,398,6.9,Chickpea,SYNTHETIC (generated from per-crop agro-climatic profiles)
259,10.3,208,29.6,85,496,7.0,Pigeon pea,SYNTHETIC (generated from per-crop agro-climatic profiles)
197,22.1,221,24.8,48,371,6.8,Lentil,SYNTHETIC (generated from per-crop agro-climatic profiles)
359,14.2,180,23.1,72,364,6.4,Mustard,SYNTHETIC (generated from per-crop agro-climatic profiles)
367,19.1,116,22.9,73,797,6.8,Sunflower,SYNTHETIC (generated from per-crop agro-climatic profiles)
405,15.9,176,16.2,90,612,7.2,Potato,SYNTHETIC (generated from per-crop agro-climatic profiles)
312,12.8,187,17.4,83,770,8.0,Tomato,SYNTHETIC (generated from per-crop agro-climatic profiles)
433,15.2,133,15.9,49,924,6.3,Onion,SYNTHETIC (generated from per-crop agro-climatic profiles)
391,15.4,226,26.9,67,919,6.5,Banana,SYNTHETIC (generated from per-crop agro-climatic profiles)
304,20.1,186,26.8,50,744,6.9,Chilli,SYNTHETIC (generated from per-crop agro-climatic profiles)
450,17.8,185,24.4,56,1557,8.1,Turmeric,SYNTHETIC (generated from per-crop agro-climatic profiles)
390,18.1,199,30.1,53,428,5.9,Ragi,SYNTHETIC (generated from per-crop agro-climatic profiles)
252,24.3,159,26.1,97,551,7.4,Green gram,SYNTHETIC (generated from per-crop agro-climatic profiles)
311,9.7,221,28.0,82,1386,6.2,Rice,SYNTHETIC (generated from per-crop agro-climatic profiles)
422,12.1,158,24.3,68,906,6.3,Wheat,SYNTHETIC (generated from per-crop agro-climatic profiles)
475,18.7,271,30.0,92,752,7.0,Maize,SYNTHETIC (generated from per-crop agro-climatic profiles)
274,9.1,177,23.3,49,434,7.6,Sorghum,SYNTHETIC (generated from per-crop agro-climatic profiles)
314,10.0,129,28.2,55,471,7.4,Pearl millet,SYNTHETIC (generated from per-crop agro-climatic profiles)
430,8.8,172,24.6,42,528,7.6,Cotton,SYNTHETIC (generated from per-crop agro-climatic profiles)
397,11.2,264,24.3,78,1491,6.7,Sugarcane,SYNTHETIC (generated from per-crop agro-climatic profiles)
220,13.8,179,29.8,67,359,6.6,Groundnut,SYNTHETIC (generated from per-crop agro-climatic profiles)
330,14.6,218,29.7,74,679,7.2,Soybean,SYNTHETIC (generated from per-crop agro-climatic profiles)
272,12.4,254,18.0,44,592,5.9,Chickpea,SYNTHETIC (generated from per-crop agro-climatic profiles)
325,7.4,233,31.3,90,403,7.4,Pigeon pea,SYNTHETIC (generated from per-crop agro-climatic profiles)
171,18.8,175,25.5,45,388,6.2,Lentil,SYNTHETIC (generated from per-crop agro-climatic profiles)
407,11.6,176,24.2,61,485,6.2,Mustard,SYNTHETIC (generated from per-crop agro-climatic profiles)
355,20.6,114,22.5,67,973,6.3,Sunflower,SYNTHETIC (generated from per-crop agro-climatic profiles)
377,14.7,166,17.3,78,604,7.1,Potato,SYNTHETIC (generated from per-crop agro-climatic profiles)
296,14.0,207,18.9,74,933,7.3,Tomato,SYNTHETIC (generated from per-crop agro-climatic profiles)
323,14.2,132,15.4,47,700,6.4,Onion,SYNTHETIC (generated from per-crop agro-climatic profiles)
359,12.9,193,28.4,72,892,6.4,Banana,SYNTHETIC (generated from per-crop agro-climatic profiles)
333,16.3,213,24.9,39,633,6.3,Chilli,SYNTHETIC (generated from per-crop agro-climatic profiles)
426,16.6,162,26.0,69,1337,7.6,Turmeric,SYNTHETIC (generated from per-crop agro-climatic profiles)
410,14.0,249,30.5,61,408,6.2,Ragi,SYNTHETIC (generated from per-crop agro-climatic profiles)
220,16.3,201,27.3,87,581,7.3,Green gram,SYNTHETIC (generated from per-crop agro-climatic profiles)
340,14.4,241,26.9,69,1372,5.8,Rice,SYNTHETIC (generated from per-crop agro-climatic profiles)
303,8.4,179,19.5,68,994,7.0,Wheat,SYNTHETIC (generated from per-crop agro-climatic profiles)
367,17.4,262,25.8,91,772,6.7,Maize,SYNTHETIC (generated from per-crop agro-climatic profiles)
241,18.0,212,28.9,42,333,7.8,Sorghum,SYNTHETIC (generated from per-crop agro-climatic profiles)
291,11.9,119,30.1,62,491,7.3,Pearl millet,SYNTHETIC (generated from per-crop agro-climatic profiles)
431,13.2,177,23.9,53,701,7.7,Cotton,SYNTHETIC (generated from per-crop agro-climatic profiles)
382,12.7,202,26.8,65,1566,7.0,Sugarcane,SYNTHETIC (generated from per-crop agro-climatic profiles)
132,11.5,180,32.2,74,367,6.4,Groundnut,SYNTHETIC (generated from per-crop agro-climatic profiles)
230,15.5,183,31.1,91,840,7.3,Soybean,SYNTHETIC (generated from per-crop agro-climatic profiles)
220,4.9,264,18.9,63,414,6.4,Chickpea,SYNTHETIC (generated from per-crop agro-climatic profiles)
286,10.8,197,27.4,86,470,7.4,Pigeon pea,SYNTHETIC (generated from per-crop agro-climatic profiles)
241,21.5,191,23.5,58,434,6.3,Lentil,SYNTHETIC (generated from per-crop agro-climatic profiles)
313,9.2,186,21.4,69,521,6.1,Mustard,SYNTHETIC (generated from per-crop agro-climatic profiles)
354,16.3,187,22.0,81,632,6.4,Sunflower,SYNTHETIC (generated from per-crop agro-climatic profiles)
364,16.4,179,19.2,83,656,7.5,Potato,SYNTHETIC (generated from per-crop agro-climatic profiles)
313,12.5,235,18.9,54,843,7.5,Tomato,SYNTHETIC (generated from per-crop agro-climatic profiles)
437,17.8,153,17.4,41,924,6.8,Onion,SYNTHETIC (generated from per-crop agro-climatic profiles)
442,13.2,191,30.3,78,803,6.4,Banana,SYNTHETIC (generated from per-crop agro-climatic profiles)
365,15.8,183,25.3,52,714,6.4,Chilli,SYNTHETIC (generated from per-crop agro-climatic profiles)
459,14.6,171,27.2,68,1525,8.0,Turmeric,SYNTHETIC (generated from per-crop agro-climatic profiles)
371,15.4,217,32.0,65,527,6.6,Ragi,SYNTHETIC (generated from per-crop agro-climatic profiles)
237,17.7,173,27.1,81,444,7.5,Green gram,SYNTHETIC (generated from per-crop agro-climatic profiles)
310,16.0,236,27.9,80,1348,6.3,Rice,SYNTHETIC (generated from per-crop agro-climatic profiles)
323,9.2,190,20.3,69,968,7.0,Wheat,SYNTHETIC (generated from per-crop agro-climatic profiles)
444,17.0,303,28.3,79,768,6.2,Maize,SYNTHETIC (generated from per-crop agro-climatic profiles)
329,16.2,175,27.2,48,518,7.4,Sorghum,SYNTHETIC (generated from per-crop agro-climatic profiles)
378,2.7,165,30.6,65,443,7.8,Pearl millet,SYNTHETIC (generated from per-crop agro-climatic profiles)
443,10.3,136,24.7,36,757,7.1,Cotton,SYNTHETIC (generated from per-crop agro-climatic profiles)
419,11.0,153,28.6,76,1351,6.5,Sugarcane,SYNTHETIC (generated from per-crop agro-climatic profiles)
138,14.5,194,31.0,65,354,6.8,Groundnut,SYNTHETIC (generated from per-crop agro-climatic profiles)
278,13.8,202,32.6,85,749,7.7,Soybean,SYNTHETIC (generated from per-crop agro-climatic profiles)
283,13.5,254,18.3,63,465,6.5,Chickpea,SYNTHETIC (generated from per-crop agro-climatic profiles)
255,12.6,180,27.6,86,478,7.7,Pigeon pea,SYNTHETIC (generated from per-crop agro-climatic profiles)
237,24.8,149,20.1,45,408,6.2,Lentil,SYNTHETIC (generated from per-crop agro-climatic profiles)
457,8.5,126,25.2,78,503,5.5,Mustard,SYNTHETIC (generated from per-crop agro-climatic profiles)
311,15.9,128,22.5,81,795,6.7,Sunflower,SYNTHETIC (generated from per-crop agro-climatic profiles)
384,8.6,141,19.5,81,450,7.7,Potato,SYNTHETIC (generated from per-crop agro-climatic profiles)
391,20.8,222,19.1,73,778,7.5,Tomato,SYNTHETIC (generated from per-crop agro-climatic profiles)
328,16.2,139,14.6,36,810,7.0,Onion,SYNTHETIC (generated from per-crop agro-climatic profiles)
379,14.1,199,28.7,68,843,7.1,Banana,SYNTHETIC (generated from per-crop agro-climatic profiles)
303,19.8,185,26.3,58,723,6.6,Chilli,SYNTHETIC (generated from per-crop agro-climatic profiles)
410,15.1,150,27.2,73,2115,7.7,Turmeric,SYNTHETIC (generated from per-crop agro-climatic profiles)
351,18.4,239,30.4,60,534,6.0,Ragi,SYNTHETIC (generated from per-crop agro-climatic profiles)
207,14.9,203,28.2,87,477,6.8,Green gram,SYNTHETIC (generated from per-crop agro-climatic profiles)
267,14.6,307,28.0,81,1416,6.3,Rice,SYNTHETIC (generated from per-crop agro-climatic profiles)
337,12.8,144,22.6,65,771,7.0,Wheat,SYNTHETIC (generated from per-crop agro-climatic profiles)
387,25.3,277,29.4,83,828,6.6,Maize,SYNTHETIC (generated from per-crop agro-climatic profiles)
235,16.1,251,22.5,57,552,7.2,Sorghum,SYNTHETIC (generated from per-crop agro-climatic profiles)
293,11.5,92,29.6,71,499,7.1,Pearl millet,SYNTHETIC (generated from per-crop agro-climatic profiles)
412,11.7,166,25.9,55,656,8.0,Cotton,SYNTHETIC (generated from per-crop agro-climatic profiles)
463,7.2,173,22.8,60,1248,6.7,Sugarcane,SYNTHETIC (generated from per-crop agro-climatic profiles)
201,11.3,153,33.6,78,435,7.0,Groundnut,SYNTHETIC (generated from per-crop agro-climatic profiles)
249,15.0,231,31.6,85,650,7.2,Soybean,SYNTHETIC (generated from per-crop agro-climatic profiles)
245,7.2,228,16.2,51,409,6.3,Chickpea,SYNTHETIC (generated from per-crop agro-climatic profiles)
230,8.8,246,30.2,81,379,7.4,Pigeon pea,SYNTHETIC (generated from per-crop agro-climatic profiles)
171,20.4,215,25.3,56,513,6.5,Lentil,SYNTHETIC (generated from per-crop agro-climatic profiles)
357,12.9,129,24.2,79,450,6.1,Mustard,SYNTHETIC (generated from per-crop agro-climatic profiles)
336,21.3,135,23.9,71,712,6.8,Sunflower,SYNTHETIC (generated from per-crop agro-climatic profiles)
344,19.9,220,18.6,85,593,7.0,Potato,SYNTHETIC (generated from per-crop agro-climatic profiles)
327,15.3,206,17.8,66,778,7.3,Tomato,SYNTHETIC (generated from per-crop agro-climatic profiles)
411,18.5,116,19.3,49,842,6.4,Onion,SYNTHETIC (generated from per-crop agro-climatic profiles)
415,17.8,208,29.8,70,988,6.7,Banana,SYNTHETIC (generated from per-crop agro-climatic profiles)
279,20.1,147,25.5,41,749,6.2,Chilli,SYNTHETIC (generated from per-crop agro-climatic profiles)
415,15.5,159,27.0,65,1415,7.8,Turmeric,SYNTHETIC (generated from per-crop agro-climatic profiles)
421,14.1,244,27.5,62,480,6.2,Ragi,SYNTHETIC (generated from per-crop agro-climatic profiles)
169,19.8,193,28.6,77,536,7.2,Green gram,SYNTHETIC (generated from per-crop agro-climatic profiles)
261,12.7,258,26.7,75,1057,6.5,Rice,SYNTHETIC (generated from per-crop agro-climatic profiles)
334,15.8,176,19.6,57,764,6.6,Wheat,SYNTHETIC (generated from per-crop agro-climatic profiles)
406,13.6,253,28.9,79,708,6.9,Maize,SYNTHETIC (generated from per-crop agro-climatic profiles)
318,13.7,219,24.6,49,388,7.8,Sorghum,SYNTHETIC (generated from per-crop agro-climatic profiles)
323,9.4,139,31.4,70,414,7.0,Pearl millet,SYNTHETIC (generated from per-crop agro-climatic profiles)
415,7.2,160,25.4,46,651,7.6,Cotton,SYNTHETIC (generated from per-crop agro-climatic profiles)
383,11.1,195,25.9,71,1145,6.7,Sugarcane,SYNTHETIC (generated from per-crop agro-climatic profiles)
173,14.2,166,32.2,87,408,6.5,Groundnut,SYNTHETIC (generated from per-crop agro-climatic profiles)
280,25.6,207,28.0,84,506,7.0,Soybean,SYNTHETIC (generated from per-crop agro-climatic profiles)
223,8.8,314,20.4,58,538,6.6,Chickpea,SYNTHETIC (generated from per-crop agro-climatic profiles)
329,7.7,235,30.3,91,467,7.4,Pigeon pea,SYNTHETIC (generated from per-crop agro-climatic profiles)
229,19.0,210,24.1,55,502,6.4,Lentil,SYNTHETIC (generated from per-crop agro-climatic profiles)
341,16.6,97,22.0,62,544,6.2,Mustard,SYNTHETIC (generated from per-crop agro-climatic profiles)
351,16.8,150,20.7,74,594,7.1,Sunflower,SYNTHETIC (generated from per-crop agro-climatic profiles)
294,11.5,168,18.2,90,540,8.1,Potato,SYNTHETIC (generated from per-crop agro-climatic profiles)
318,17.8,206,20.6,70,775,7.1,Tomato,SYNTHETIC (generated from per-crop agro-climatic profiles)
376,19.6,81,16.8,49,1062,6.9,Onion,SYNTHETIC (generated from per-crop agro-climatic profiles)
394,18.5,201,28.3,71,807,6.5,Banana,SYNTHETIC (generated from per-crop agro-climatic profiles)
327,18.7,185,27.9,54,661,6.6,Chilli,SYNTHETIC (generated from per-crop agro-climatic profiles)
404,16.9,209,26.8,61,1889,7.4,Turmeric,SYNTHETIC (generated from per-crop agro-climatic profiles)
382,13.4,250,28.3,59,477,6.1,Ragi,SYNTHETIC (generated from per-crop agro-climatic profiles)
217,16.5,225,26.4,88,378,7.5,Green gram,SYNTHETIC (generated from per-crop agro-climatic profiles)
265,15.7,265,29.0,74,1441,5.8,Rice,SYNTHETIC (generated from per-crop agro-climatic profiles)
357,16.2,145,22.2,54,947,6.7,Wheat,SYNTHETIC (generated from per-crop agro-climatic profiles)
410,16.7,236,28.6,91,700,6.6,Maize,SYNTHETIC (generated from per-crop agro-climatic profiles)
271,21.5,143,26.5,41,454,7.7,Sorghum,SYNTHETIC (generated from per-crop agro-climatic profiles)
282,13.0,143,27.7,57,490,7.3,Pearl millet,SYNTHETIC (generated from per-crop agro-climatic profiles)
450,12.4,124,25.2,55,702,7.7,Cotton,SYNTHETIC (generated from per-crop agro-climatic profiles)
402,9.4,184,26.2,77,1364,7.2,Sugarcane,SYNTHETIC (generated from per-crop agro-climatic profiles)
179,10.7,157,29.8,64,406,6.6,Groundnut,SYNTHETIC (generated from per-crop agro-climatic profiles)
248,13.3,192,30.4,82,645,7.1,Soybean,SYNTHETIC (generated from per-crop agro-climatic profiles)
189,6.3,209,19.3,60,421,6.7,Chickpea,SYNTHETIC (generated from per-crop agro-climatic profiles)
248,3.6,263,28.6,76,394,8.1,Pigeon pea,SYNTHETIC (generated from per-crop agro-climatic profiles)
202,26.7,191,21.0,60,412,6.4,Lentil,SYNTHETIC (generated from per-crop agro-climatic profiles)
302,12.8,140,23.4,70,485,6.1,Mustard,SYNTHETIC (generated from per-crop agro-climatic profiles)
330,19.0,162,25.0,70,702,6.5,Sunflower,SYNTHETIC (generated from per-crop agro-climatic profiles)
336,17.1,256,13.3,88,660,7.4,Potato,SYNTHETIC (generated from per-crop agro-climatic profiles)
364,13.3,245,18.4,73,860,8.2,Tomato,SYNTHETIC (generated from per-crop agro-climatic profiles)
441,13.6,131,16.3,39,813,7.3,Onion,SYNTHETIC (generated from per-crop agro-climatic profiles)
405,17.6,253,29.4,63,888,6.3,Banana,SYNTHETIC (generated from per-crop agro-climatic profiles)
307,24.1,210,22.4,47,681,6.3,Chilli,SYNTHETIC (generated from per-crop agro-climatic profiles)
473,14.5,107,30.9,61,1648,7.5,Turmeric,SYNTHETIC (generated from per-crop agro-climatic profiles)
394,12.9,270,30.5,54,531,6.2,Ragi,SYNTHETIC (generated from per-crop agro-climatic profiles)
208,19.7,287,27.4,83,436,7.3,Green gram,SYNTHETIC (generated from per-crop agro-climatic profiles)
339,14.4,236,29.9,75,1318,6.4,Rice,SYNTHETIC (generated from per-crop agro-climatic profiles)
332,11.1,126,23.0,64,701,6.2,Wheat,SYNTHETIC (generated from per-crop agro-climatic profiles)
424,15.7,271,28.9,76,511,6.5,Maize,SYNTHETIC (generated from per-crop agro-climatic profiles)
271,16.5,229,24.6,39,431,7.7,Sorghum,SYNTHETIC (generated from per-crop agro-climatic profiles)
389,6.1,145,27.9,62,513,6.9,Pearl millet,SYNTHETIC (generated from per-crop agro-climatic profiles)
431,10.3,138,27.7,41,786,7.3,Cotton,SYNTHETIC (generated from per-crop agro-climatic profiles)
430,9.5,221,24.8,62,1623,6.8,Sugarcane,SYNTHETIC (generated from per-crop agro-climatic profiles)
153,20.3,136,28.2,70,427,6.6,Groundnut,SYNTHETIC (generated from per-crop agro-climatic profiles)
304,15.5,220,30.9,77,727,7.6,Soybean,SYNTHETIC (generated from per-crop agro-climatic profiles)
269,8.6,257,18.5,48,445,6.0,Chickpea,SYNTHETIC (generated from per-crop agro-climatic profiles)
212,8.3,171,29.1,79,374,7.9,Pigeon pea,SYNTHETIC (generated from per-crop agro-climatic profiles)
223,20.7,198,21.3,52,410,5.9,Lentil,SYNTHETIC (generated from per-crop agro-climatic profiles)
326,8.2,110,23.9,68,412,6.3,Mustard,SYNTHETIC (generated from per-crop agro-climatic profiles)
340,13.4,113,23.7,71,791,6.6,Sunflower,SYNTHETIC (generated from per-crop agro-climatic profiles)
412,13.9,227,18.6,84,731,7.5,Potato,SYNTHETIC (generated from per-crop agro-climatic profiles)
306,21.2,233,18.9,80,916,7.5,Tomato,SYNTHETIC (generated from per-crop agro-climatic profiles)
387,13.1,175,18.1,46,789,7.4,Onion,SYNTHETIC (generated from per-crop agro-climatic profiles)
437,16.0,186,30.3,70,764,6.5,Banana,SYNTHETIC (generated from per-crop agro-climatic profiles)
322,19.7,219,29.3,48,676,6.9,Chilli,SYNTHETIC (generated from per-crop agro-climatic profiles)
456,17.7,238,24.3,65,1366,7.2,Turmeric,SYNTHETIC (generated from per-crop agro-climatic profiles)
440,12.0,227,30.3,56,579,6.4,Ragi,SYNTHETIC (generated from per-crop agro-climatic profiles)
205,18.2,241,26.0,75,471,7.5,Green gram,SYNTHETIC (generated from per-crop agro-climatic profiles)
325,9.5,306,27.6,74,1481,6.0,Rice,SYNTHETIC (generated from per-crop agro-climatic profiles)
362,15.8,150,18.8,64,979,7.0,Wheat,SYNTHETIC (generated from per-crop agro-climatic profiles)
423,14.6,283,28.2,88,865,6.6,Maize,SYNTHETIC (generated from per-crop agro-climatic profiles)
318,13.8,170,25.0,52,356,7.4,Sorghum,SYNTHETIC (generated from per-crop agro-climatic profiles)
279,10.3,113,27.4,60,457,7.4,Pearl millet,SYNTHETIC (generated from per-crop agro-climatic profiles)
385,10.4,203,24.9,48,862,7.6,Cotton,SYNTHETIC (generated from per-crop agro-climatic profiles)
417,14.0,281,28.2,85,1228,7.3,Sugarcane,SYNTHETIC (generated from per-crop agro-climatic profiles)
207,17.6,206,31.5,67,368,6.4,Groundnut,SYNTHETIC (generated from per-crop agro-climatic profiles)
221,16.8,242,30.0,77,809,6.8,Soybean,SYNTHETIC (generated from per-crop agro-climatic profiles)
222,8.7,249,17.3,57,430,6.2,Chickpea,SYNTHETIC (generated from per-crop agro-climatic profiles)
291,5.3,287,29.9,84,542,7.6,Pigeon pea,SYNTHETIC (generated from per-crop agro-climatic profiles)
194,20.9,227,23.2,46,449,6.4,Lentil,SYNTHETIC (generated from per-crop agro-climatic profiles)
340,11.8,157,21.8,75,521,7.0,Mustard,SYNTHETIC (generated from per-crop agro-climatic profiles)
320,15.3,136,23.8,61,802,6.4,Sunflower,SYNTHETIC (generated from per-crop agro-climatic profiles)
394,13.8,251,15.7,85,493,7.3,Potato,SYNTHETIC (generated from per-crop agro-climatic profiles)
340,17.6,216,20.2,66,802,7.5,Tomato,SYNTHETIC (generated from per-crop agro-climatic profiles)
403,18.6,175,15.8,38,842,6.6,Onion,SYNTHETIC (generated from per-crop agro-climatic profiles)
385,20.5,205,31.8,69,985,6.5,Banana,SYNTHETIC (generated from per-crop agro-climatic profiles)
312,18.9,226,22.7,51,579,6.9,Chilli,SYNTHETIC (generated from per-crop agro-climatic profiles)
368,10.3,188,25.5,65,1406,6.9,Turmeric,SYNTHETIC (generated from per-crop agro-climatic profiles)
301,12.9,312,27.6,75,447,6.0,Ragi,SYNTHETIC (generated from per-crop agro-climatic profiles)
224,19.8,199,26.2,83,423,7.3,Green gram,SYNTHETIC (generated from per-crop agro-climatic profiles)
295,16.1,203,26.6,80,1648,6.1,Rice,SYNTHETIC (generated from per-crop agro-climatic profiles)
309,9.8,136,23.6,72,872,6.6,Wheat,SYNTHETIC (generated from per-crop agro-climatic profiles)
371,14.5,248,27.3,82,670,6.0,Maize,SYNTHETIC (generated from per-crop agro-climatic profiles)
323,14.4,185,27.5,32,436,7.3,Sorghum,SYNTHETIC (generated from per-crop agro-climatic profiles)
335,3.7,205,26.5,66,403,7.6,Pearl millet,SYNTHETIC (generated from per-crop agro-climatic profiles)
424,8.0,160,27.6,45,544,7.7,Cotton,SYNTHETIC (generated from per-crop agro-climatic profiles)
438,6.5,189,24.6,64,1335,6.2,Sugarcane,SYNTHETIC (generated from per-crop agro-climatic profiles)
170,11.9,119,31.6,77,525,6.4,Groundnut,SYNTHETIC (generated from per-crop agro-climatic profiles)
214,18.1,232,29.7,90,618,7.0,Soybean,SYNTHETIC (generated from per-crop agro-climatic profiles)
192,9.2,258,16.6,60,412,7.2,Chickpea,SYNTHETIC (generated from per-crop agro-climatic profiles)
317,11.7,251,33.7,81,428,7.5,Pigeon pea,SYNTHETIC (generated from per-crop agro-climatic profiles)
176,18.2,190,23.2,52,523,6.7,Lentil,SYNTHETIC (generated from per-crop agro-climatic profiles)
424,8.9,166,24.8,64,452,6.6,Mustard,SYNTHETIC (generated from per-crop agro-climatic profiles)
395,17.9,129,23.8,60,768,6.1,Sunflower,SYNTHETIC (generated from per-crop agro-climatic profiles)
339,11.2,210,16.1,84,625,7.8,Potato,SYNTHETIC (generated from per-crop agro-climatic profiles)
349,18.2,241,16.6,77,610,7.6,Tomato,SYNTHETIC (generated from per-crop agro-climatic profiles)
353,19.0,119,16.6,46,969,6.7,Onion,SYNTHETIC (generated from per-crop agro-climatic profiles)
417,20.9,185,27.7,75,911,7.0,Banana,SYNTHETIC (generated from per-crop agro-climatic profiles)
334,18.2,173,27.2,56,573,6.5,Chilli,SYNTHETIC (generated from per-crop agro-climatic profiles)
437,15.0,216,23.0,60,1153,7.7,Turmeric,SYNTHETIC (generated from per-crop agro-climatic profiles)
451,13.0,212,29.9,69,450,6.0,Ragi,SYNTHETIC (generated from per-crop agro-climatic profiles)
234,20.7,196,29.1,82,338,7.1,Green gram,SYNTHETIC (generated from per-crop agro-climatic profiles)
298,8.6,253,27.1,76,943,6.0,Rice,SYNTHETIC (generated from per-crop agro-climatic profiles)
322,14.0,186,21.4,70,715,6.8,Wheat,SYNTHETIC (generated from per-crop agro-climatic profiles)
432,15.6,220,26.9,91,779,6.5,Maize,SYNTHETIC (generated from per-crop agro-climatic profiles)
307,16.3,158,24.6,48,522,7.7,Sorghum,SYNTHETIC (generated from per-crop agro-climatic profiles)
314,10.1,195,27.5,77,518,6.8,Pearl millet,SYNTHETIC (generated from per-crop agro-climatic profiles)
383,9.4,181,23.9,58,735,7.2,Cotton,SYNTHETIC (generated from per-crop agro-climatic profiles)
373,12.4,230,23.6,85,1065,6.5,Sugarcane,SYNTHETIC (generated from per-crop agro-climatic profiles)
219,13.4,173,31.1,61,390,6.5,Groundnut,SYNTHETIC (generated from per-crop agro-climatic profiles)
240,13.6,242,30.4,85,609,7.9,Soybean,SYNTHETIC (generated from per-crop agro-climatic profiles)
266,6.8,244,16.4,55,506,6.6,Chickpea,SYNTHETIC (generated from per-crop agro-climatic profiles)
340,8.4,250,26.6,83,290,7.1,Pigeon pea,SYNTHETIC (generated from per-crop agro-climatic profiles)
255,23.8,183,22.9,52,442,6.2,Lentil,SYNTHETIC (generated from per-crop agro-climatic profiles)
345,12.9,153,25.6,69,445,5.9,Mustard,SYNTHETIC (generated from per-crop agro-climatic profiles)
333,21.6,120,23.0,70,643,6.4,Sunflower,SYNTHETIC (generated from per-crop agro-climatic profiles)
346,15.8,214,16.3,78,627,7.5,Potato,SYNTHETIC (generated from per-crop agro-climatic profiles)
363,18.6,210,19.1,76,763,7.4,Tomato,SYNTHETIC (generated from per-crop agro-climatic profiles)
461,17.6,118,18.5,40,978,6.8,Onion,SYNTHETIC (generated from per-crop agro-climatic profiles)
436,16.9,197,28.4,73,1095,6.0,Banana,SYNTHETIC (generated from per-crop agro-climatic profiles)
385,22.9,238,25.2,43,765,7.2,Chilli,SYNTHETIC (generated from per-crop agro-climatic profiles)
453,9.6,191,25.9,65,1438,7.5,Turmeric,SYNTHETIC (generated from per-crop agro-climatic profiles)
416,12.2,191,29.3,66,440,6.4,Ragi,SYNTHETIC (generated from per-crop agro-climatic profiles)
212,20.8,195,30.1,80,477,7.2,Green gram,SYNTHETIC (generated from per-crop agro-climatic profiles)
316,9.8,188,31.3,75,1046,5.9,Rice,SYNTHETIC (generated from per-crop agro-climatic profiles)
295,16.1,174,21.7,70,880,7.1,Wheat,SYNTHETIC (generated from per-crop agro-climatic profiles)
413,19.0,266,26.5,87,782,6.8,Maize,SYNTHETIC (generated from per-crop agro-climatic profiles)
258,16.1,205,25.8,51,460,6.9,Sorghum,SYNTHETIC (generated from per-crop agro-climatic profiles)
373,3.7,109,27.9,67,510,7.4,Pearl millet,SYNTHETIC (generated from per-crop agro-climatic profiles)
362,9.7,138,26.9,51,551,7.5,Cotton,SYNTHETIC (generated from per-crop agro-climatic profiles)
392,6.4,220,26.1,72,1516,7.3,Sugarcane,SYNTHETIC (generated from per-crop agro-climatic profiles)
191,14.1,163,29.0,62,379,6.1,Groundnut,SYNTHETIC (generated from per-crop agro-climatic profiles)
220,20.4,205,30.0,82,761,7.2,Soybean,SYNTHETIC (generated from per-crop agro-climatic profiles)
290,6.3,292,15.5,52,443,6.4,Chickpea,SYNTHETIC (generated from per-crop agro-climatic profiles)
314,11.8,196,26.7,88,459,7.2,Pigeon pea,SYNTHETIC (generated from per-crop agro-climatic profiles)
182,21.7,170,22.4,51,404,6.6,Lentil,SYNTHETIC (generated from per-crop agro-climatic profiles)
417,13.3,107,24.0,65,395,5.7,Mustard,SYNTHETIC (generated from per-crop agro-climatic profiles)
370,16.7,132,22.7,70,699,6.5,Sunflower,SYNTHETIC (generated from per-crop agro-climatic profiles)
377,11.8,246,17.5,91,588,7.6,Potato,SYNTHETIC (generated from per-crop agro-climatic profiles)
366,18.3,189,20.0,72,1092,7.4,Tomato,SYNTHETIC (generated from per-crop agro-climatic profiles)
429,15.1,150,16.0,59,999,6.5,Onion,SYNTHETIC (generated from per-crop agro-climatic profiles)
422,16.3,234,27.6,62,827,5.9,Banana,SYNTHETIC (generated from per-crop agro-climatic profiles)
348,18.8,176,25.7,62,742,6.4,Chilli,SYNTHETIC (generated from per-crop agro-climatic profiles)
434,14.9,184,27.1,64,1461,8.0,Turmeric,SYNTHETIC (generated from per-crop agro-climatic profiles)
454,11.8,214,30.6,63,467,5.9,Ragi,SYNTHETIC (generated from per-crop agro-climatic profiles)
199,20.7,217,23.2,74,463,7.1,Green gram,SYNTHETIC (generated from per-crop agro-climatic profiles)
381,11.0,252,28.6,80,1629,6.2,Rice,SYNTHETIC (generated from per-crop agro-climatic profiles)
345,10.2,154,23.3,67,883,6.9,Wheat,SYNTHETIC (generated from per-crop agro-climatic profiles)
440,15.9,257,27.9,90,787,6.2,Maize,SYNTHETIC (generated from per-crop agro-climatic profiles)
307,17.5,173,26.3,49,532,7.3,Sorghum,SYNTHETIC (generated from per-crop agro-climatic profiles)
390,7.3,143,28.1,62,400,6.7,Pearl millet,SYNTHETIC (generated from per-crop agro-climatic profiles)
403,15.9,189,25.2,51,658,7.2,Cotton,SYNTHETIC (generated from per-crop agro-climatic profiles)
459,13.6,262,22.8,72,1682,7.1,Sugarcane,SYNTHETIC (generated from per-crop agro-climatic profiles)
190,13.9,178,31.3,83,470,6.4,Groundnut,SYNTHETIC (generated from per-crop agro-climatic profiles)
261,17.7,156,30.5,88,722,6.8,Soybean,SYNTHETIC (generated from per-crop agro-climatic profiles)
217,11.6,240,21.1,60,425,6.3,Chickpea,SYNTHETIC (generated from per-crop agro-climatic profiles)
224,11.1,258,31.1,82,312,7.7,Pigeon pea,SYNTHETIC (generated from per-crop agro-climatic profiles)
250,18.3,177,24.2,55,462,6.8,Lentil,SYNTHETIC (generated from per-crop agro-climatic profiles)
332,17.8,155,22.5,64,561,6.3,Mustard,SYNTHETIC (generated from per-crop agro-climatic profiles)
376,22.1,91,21.6,63,658,6.4,Sunflower,SYNTHETIC (generated from per-crop agro-climatic profiles)
387,9.3,189,17.7,91,705,7.3,Potato,SYNTHETIC (generated from per-crop agro-climatic profiles)
268,14.5,174,18.1,76,694,8.0,Tomato,SYNTHETIC (generated from per-crop agro-climatic profiles)
475,27.9,107,20.5,49,885,6.6,Onion,SYNTHETIC (generated from per-crop agro-climatic profiles)
382,12.1,209,29.4,68,947,6.7,Banana,SYNTHETIC (generated from per-crop agro-climatic profiles)
334,19.1,204,27.0,51,731,6.8,Chilli,SYNTHETIC (generated from per-crop agro-climatic profiles)
452,16.0,198,25.7,60,1732,7.5,Turmeric,SYNTHETIC (generated from per-crop agro-climatic profiles)
366,18.6,228,29.6,60,481,6.5,Ragi,SYNTHETIC (generated from per-crop agro-climatic profiles)
189,18.2,186,28.6,77,519,7.3,Green gram,SYNTHETIC (generated from per-crop agro-climatic profiles)
331,10.4,221,29.0,77,1595,6.5,Rice,SYNTHETIC (generated from per-crop agro-climatic profiles)
366,10.3,214,23.5,63,790,6.6,Wheat,SYNTHETIC (generated from per-crop agro-climatic profiles)
435,18.4,236,29.1,82,769,7.0,Maize,SYNTHETIC (generated from per-crop agro-climatic profiles)
265,15.7,197,24.7,51,334,7.6,Sorghum,SYNTHETIC (generated from per-crop agro-climatic profiles)
349,6.9,180,28.2,68,404,7.0,Pearl millet,SYNTHETIC (generated from per-crop agro-climatic profiles)
378,7.4,136,27.0,50,591,7.8,Cotton,SYNTHETIC (generated from per-crop agro-climatic profiles)
446,11.3,190,24.5,83,1281,6.8,Sugarcane,SYNTHETIC (generated from per-crop agro-climatic profiles)
116,17.1,150,28.0,65,452,6.4,Groundnut,SYNTHETIC (generated from per-crop agro-climatic profiles)
265,18.2,215,32.2,90,641,7.5,Soybean,SYNTHETIC (generated from per-crop agro-climatic profiles)
225,11.2,239,19.9,47,466,6.6,Chickpea,SYNTHETIC (generated from per-crop agro-climatic profiles)
280,6.9,196,29.8,74,505,7.7,Pigeon pea,SYNTHETIC (generated from per-crop agro-climatic profiles)
242,17.0,222,26.0,53,512,6.4,Lentil,SYNTHETIC (generated from per-crop agro-climatic profiles)
322,14.4,188,22.4,76,456,6.2,Mustard,SYNTHETIC (generated from per-crop agro-climatic profiles)
346,14.9,88,23.7,72,696,6.8,Sunflower,SYNTHETIC (generated from per-crop agro-climatic profiles)
324,9.8,158,15.9,82,643,7.2,Potato,SYNTHETIC (generated from per-crop agro-climatic profiles)
418,15.1,235,21.9,70,660,7.1,Tomato,SYNTHETIC (generated from per-crop agro-climatic profiles)
465,16.9,124,17.4,48,1115,6.7,Onion,SYNTHETIC (generated from per-crop agro-climatic profiles)
421,14.1,229,29.0,71,1133,6.9,Banana,SYNTHETIC (generated from per-crop agro-climatic profiles)
302,19.9,172,28.1,47,807,7.1,Chilli,SYNTHETIC (generated from per-crop agro-climatic profiles)
386,10.3,134,27.7,67,1568,7.9,Turmeric,SYNTHETIC (generated from per-crop agro-climatic profiles)
391,13.5,315,30.7,52,522,6.7,Ragi,SYNTHETIC (generated from per-crop agro-climatic profiles)
186,22.9,214,26.8,80,475,7.0,Green gram,SYNTHETIC (generated from per-crop agro-climatic profiles)
311,15.7,248,30.0,72,1413,6.3,Rice,SYNTHETIC (generated from per-crop agro-climatic profiles)
344,15.1,167,20.8,67,731,6.8,Wheat,SYNTHETIC (generated from per-crop agro-climatic profiles)
453,15.6,220,28.4,89,717,6.5,Maize,SYNTHETIC (generated from per-crop agro-climatic profiles)
322,10.3,195,25.3,42,520,8.1,Sorghum,SYNTHETIC (generated from per-crop agro-climatic profiles)
290,11.6,92,26.5,67,335,7.1,Pearl millet,SYNTHETIC (generated from per-crop agro-climatic profiles)
393,14.0,109,25.3,44,612,7.3,Cotton,SYNTHETIC (generated from per-crop agro-climatic profiles)
390,15.6,169,25.5,82,1435,6.8,Sugarcane,SYNTHETIC (generated from per-crop agro-climatic profiles)
239,9.7,193,27.7,60,447,6.1,Groundnut,SYNTHETIC (generated from per-crop agro-climatic profiles)
248,13.7,211,33.4,72,629,7.2,Soybean,SYNTHETIC (generated from per-crop agro-climatic profiles)
209,11.1,274,16.1,48,499,6.6,Chickpea,SYNTHETIC (generated from per-crop agro-climatic profiles)
294,11.0,268,28.3,83,468,7.9,Pigeon pea,SYNTHETIC (generated from per-crop agro-climatic profiles)
238,18.1,201,20.6,48,473,6.5,Lentil,SYNTHETIC (generated from per-crop agro-climatic profiles)
367,15.2,157,21.0,67,481,5.5,Mustard,SYNTHETIC (generated from per-crop agro-climatic profiles)
393,22.8,128,23.5,72,843,7.3,Sunflower,SYNTHETIC (generated from per-crop agro-climatic profiles)
437,15.3,186,17.9,86,602,6.8,Potato,SYNTHETIC (generated from per-crop agro-climatic profiles)
303,20.4,233,18.5,68,798,7.4,Tomato,SYNTHETIC (generated from per-crop agro-climatic profiles)
423,16.4,131,14.8,42,850,6.6,Onion,SYNTHETIC (generated from per-crop agro-climatic profiles)
438,13.3,263,29.1,73,853,6.4,Banana,SYNTHETIC (generated from per-crop agro-climatic profiles)
362,18.2,255,25.7,54,678,6.9,Chilli,SYNTHETIC (generated from per-crop agro-climatic profiles)
476,18.8,186,28.1,57,1371,7.7,Turmeric,SYNTHETIC (generated from per-crop agro-climatic profiles)
476,11.9,227,29.6,73,423,6.2,Ragi,SYNTHETIC (generated from per-crop agro-climatic profiles)
253,16.0,232,29.8,69,503,7.9,Green gram,SYNTHETIC (generated from per-crop agro-climatic profiles)
335,12.3,232,26.6,85,1368,6.4,Rice,SYNTHETIC (generated from per-crop agro-climatic profiles)
375,11.4,143,23.5,74,914,6.5,Wheat,SYNTHETIC (generated from per-crop agro-climatic profiles)
381,19.3,258,26.6,92,746,6.6,Maize,SYNTHETIC (generated from per-crop agro-climatic profiles)
249,16.0,163,24.8,45,429,7.7,Sorghum,SYNTHETIC (generated from per-crop agro-climatic profiles)
302,9.9,161,29.9,61,410,7.1,Pearl millet,SYNTHETIC (generated from per-crop agro-climatic profiles)
441,9.0,195,25.1,41,753,7.3,Cotton,SYNTHETIC (generated from per-crop agro-climatic profiles)
360,11.6,218,25.3,70,1211,6.5,Sugarcane,SYNTHETIC (generated from per-crop agro-climatic profiles)
146,13.2,114,32.2,67,497,6.3,Groundnut,SYNTHETIC (generated from per-crop agro-climatic profiles)
226,23.2,162,30.3,83,666,7.0,Soybean,SYNTHETIC (generated from per-crop agro-climatic profiles)
229,11.4,229,19.1,52,408,6.5,Chickpea,SYNTHETIC (generated from per-crop agro-climatic profiles)
287,11.9,235,27.4,76,418,7.3,Pigeon pea,SYNTHETIC (generated from per-crop agro-climatic profiles)
255,24.4,160,22.1,48,386,6.2,Lentil,SYNTHETIC (generated from per-crop agro-climatic profiles)
367,17.1,154,21.8,66,466,6.2,Mustard,SYNTHETIC (generated from per-crop agro-climatic profiles)
313,17.8,145,25.2,67,826,6.9,Sunflower,SYNTHETIC (generated from per-crop agro-climatic profiles)
391,14.8,185,17.8,80,669,7.3,Potato,SYNTHETIC (generated from per-crop agro-climatic profiles)
346,18.5,237,17.7,71,688,7.6,Tomato,SYNTHETIC (generated from per-crop agro-climatic profiles)
434,20.7,173,18.2,39,1006,6.3,Onion,SYNTHETIC (generated from per-crop agro-climatic profiles)
379,17.3,163,29.6,70,893,6.2,Banana,SYNTHETIC (generated from per-crop agro-climatic profiles)
257,19.8,216,27.8,56,844,6.6,Chilli,SYNTHETIC (generated from per-crop agro-climatic profiles)
395,16.7,241,26.5,55,1372,7.6,Turmeric,SYNTHETIC (generated from per-crop agro-climatic profiles)
429,13.4,225,28.7,60,468,6.3,Ragi,SYNTHETIC (generated from per-crop agro-climatic profiles)
181,20.4,181,26.2,80,486,7.7,Green gram,SYNTHETIC (generated from per-crop agro-climatic profiles)
288,15.3,208,30.6,76,1225,6.5,Rice,SYNTHETIC (generated from per-crop agro-climatic profiles)
310,10.2,169,21.7,62,830,7.2,Wheat,SYNTHETIC (generated from per-crop agro-climatic profiles)
340,13.3,262,28.9,85,618,6.4,Maize,SYNTHETIC (generated from per-crop agro-climatic profiles)
242,21.5,197,24.3,58,571,7.9,Sorghum,SYNTHETIC (generated from per-crop agro-climatic profiles)
365,7.7,180,28.1,71,471,7.6,Pearl millet,SYNTHETIC (generated from per-crop agro-climatic profiles)
422,12.0,136,23.3,39,467,7.5,Cotton,SYNTHETIC (generated from per-crop agro-climatic profiles)
399,6.6,240,27.7,71,1514,6.9,Sugarcane,SYNTHETIC (generated from per-crop agro-climatic profiles)
217,12.7,193,29.9,81,405,5.9,Groundnut,SYNTHETIC (generated from per-crop agro-climatic profiles)
218,17.7,216,29.0,89,721,7.4,Soybean,SYNTHETIC (generated from per-crop agro-climatic profiles)
212,9.5,268,20.2,49,420,5.7,Chickpea,SYNTHETIC (generated from per-crop agro-climatic profiles)
287,5.0,205,29.3,75,435,7.9,Pigeon pea,SYNTHETIC (generated from per-crop agro-climatic profiles)
198,18.2,150,23.0,47,437,6.7,Lentil,SYNTHETIC (generated from per-crop agro-climatic profiles)
320,8.4,135,21.9,56,606,5.9,Mustard,SYNTHETIC (generated from per-crop agro-climatic profiles)
327,19.7,170,23.7,75,625,6.5,Sunflower,SYNTHETIC (generated from per-crop agro-climatic profiles)
401,12.3,161,15.0,79,539,7.4,Potato,SYNTHETIC (generated from per-crop agro-climatic profiles)
278,11.0,228,17.7,71,706,7.8,Tomato,SYNTHETIC (generated from per-crop agro-climatic profiles)
355,16.6,170,18.2,47,899,6.8,Onion,SYNTHETIC (generated from per-crop agro-climatic profiles)
373,11.1,239,29.3,70,1015,6.7,Banana,SYNTHETIC (generated from per-crop agro-climatic profiles)
337,22.5,207,26.0,48,829,6.3,Chilli,SYNTHETIC (generated from per-crop agro-climatic profiles)
385,16.8,212,28.8,49,1582,7.6,Turmeric,SYNTHETIC (generated from per-crop agro-climatic profiles)
459,10.2,263,28.9,56,548,6.3,Ragi,SYNTHETIC (generated from per-crop agro-climatic profiles)
245,14.7,242,27.4,86,404,7.4,Green gram,SYNTHETIC (generated from per-crop agro-climatic profiles)
362,11.2,229,30.6,66,1637,5.8,Rice,SYNTHETIC (generated from per-crop agro-climatic profiles)
377,17.1,134,23.4,62,888,6.4,Wheat,SYNTHETIC (generated from per-crop agro-climatic profiles)
362,14.3,217,26.6,85,713,6.4,Maize,SYNTHETIC (generated from per-crop agro-climatic profiles)
302,14.9,146,25.0,40,519,6.9,Sorghum,SYNTHETIC (generated from per-crop agro-climatic profiles)
270,6.2,115,29.0,67,501,7.2,Pearl millet,SYNTHETIC (generated from per-crop agro-climatic profiles)
350,7.3,158,26.5,43,640,7.2,Cotton,SYNTHETIC (generated from per-crop agro-climatic profiles)
420,6.5,229,25.5,72,1362,7.2,Sugarcane,SYNTHETIC (generated from per-crop agro-climatic profiles)
162,12.4,175,32.0,71,412,6.2,Groundnut,SYNTHETIC (generated from per-crop agro-climatic profiles)
236,20.3,166,30.5,81,637,7.0,Soybean,SYNTHETIC (generated from per-crop agro-climatic profiles)
188,12.4,226,18.0,52,393,6.5,Chickpea,SYNTHETIC (generated from per-crop agro-climatic profiles)
324,10.9,247,30.9,87,387,7.6,Pigeon pea,SYNTHETIC (generated from per-crop agro-climatic profiles)
197,20.0,229,24.7,53,477,6.2,Lentil,SYNTHETIC (generated from per-crop agro-climatic profiles)
343,13.8,172,22.5,73,517,5.9,Mustard,SYNTHETIC (generated from per-crop agro-climatic profiles)
320,19.5,96,23.5,61,749,7.6,Sunflower,SYNTHETIC (generated from per-crop agro-climatic profiles)
364,17.1,169,15.7,90,479,6.8,Potato,SYNTHETIC (generated from per-crop agro-climatic profiles)
314,11.3,248,17.8,63,751,7.8,Tomato,SYNTHETIC (generated from per-crop agro-climatic profiles)
360,16.5,163,15.7,55,890,6.9,Onion,SYNTHETIC (generated from per-crop agro-climatic profiles)
375,15.3,268,30.5,69,765,6.4,Banana,SYNTHETIC (generated from per-crop agro-climatic profiles)
253,22.3,169,25.5,51,777,6.7,Chilli,SYNTHETIC (generated from per-crop agro-climatic profiles)
421,19.5,218,25.0,66,1396,7.4,Turmeric,SYNTHETIC (generated from per-crop agro-climatic profiles)
382,11.2,217,28.5,64,435,6.4,Ragi,SYNTHETIC (generated from per-crop agro-climatic profiles)
204,21.8,179,24.4,84,529,7.2,Green gram,SYNTHETIC (generated from per-crop agro-climatic profiles)
332,9.5,267,28.8,78,1272,5.9,Rice,SYNTHETIC (generated from per-crop agro-climatic profiles)
325,10.3,187,22.1,65,987,7.0,Wheat,SYNTHETIC (generated from per-crop agro-climatic profiles)
453,12.8,256,25.6,79,763,6.5,Maize,SYNTHETIC (generated from per-crop agro-climatic profiles)
303,15.2,253,24.4,41,616,8.1,Sorghum,SYNTHETIC (generated from per-crop agro-climatic profiles)
352,11.9,142,28.8,67,469,7.0,Pearl millet,SYNTHETIC (generated from per-crop agro-climatic profiles)
432,18.4,182,29.0,48,794,7.6,Cotton,SYNTHETIC (generated from per-crop agro-climatic profiles)
411,8.1,174,26.8,77,1567,7.3,Sugarcane,SYNTHETIC (generated from per-crop agro-climatic profiles)
135,14.2,195,27.4,71,420,6.5,Groundnut,SYNTHETIC (generated from per-crop agro-climatic profiles)
239,19.7,220,30.7,84,689,7.2,Soybean,SYNTHETIC (generated from per-crop agro-climatic profiles)
225,10.9,247,17.0,51,461,6.8,Chickpea,SYNTHETIC (generated from per-crop agro-climatic profiles)
322,11.7,257,28.7,81,415,7.8,Pigeon pea,SYNTHETIC (generated from per-crop agro-climatic profiles)
164,18.2,205,24.5,56,574,6.2,Lentil,SYNTHETIC (generated from per-crop agro-climatic profiles)
377,11.0,183,24.1,73,529,5.8,Mustard,SYNTHETIC (generated from per-crop agro-climatic profiles)
377,11.9,121,23.6,68,631,6.9,Sunflower,SYNTHETIC (generated from per-crop agro-climatic profiles)
463,15.0,195,14.6,76,534,7.7,Potato,SYNTHETIC (generated from per-crop agro-climatic profiles)
358,18.2,224,18.2,67,637,7.5,Tomato,SYNTHETIC (generated from per-crop agro-climatic profiles)
375,24.4,184,15.8,45,630,6.8,Onion,SYNTHETIC (generated from per-crop agro-climatic profiles)
414,16.4,239,28.6,69,917,6.2,Banana,SYNTHETIC (generated from per-crop agro-climatic profiles)
333,22.5,186,27.7,51,662,6.4,Chilli,SYNTHETIC (generated from per-crop agro-climatic profiles)
418,13.0,200,27.1,77,1341,7.5,Turmeric,SYNTHETIC (generated from per-crop agro-climatic profiles)
429,15.4,257,31.7,59,470,6.4,Ragi,SYNTHETIC (generated from per-crop agro-climatic profiles)
159,16.9,214,28.7,82,476,6.6,Green gram,SYNTHETIC (generated from per-crop agro-climatic profiles)
291,7.7,242,28.3,80,1466,6.0,Rice,SYNTHETIC (generated from per-crop agro-climatic profiles)
344,13.8,148,23.2,57,890,7.0,Wheat,SYNTHETIC (generated from per-crop agro-climatic profiles)
396,15.1,207,28.9,79,620,6.4,Maize,SYNTHETIC (generated from per-crop agro-climatic profiles)
253,11.0,206,25.7,49,569,7.6,Sorghum,SYNTHETIC (generated from per-crop agro-climatic profiles)
334,7.4,201,27.8,76,387,7.1,Pearl millet,SYNTHETIC (generated from per-crop agro-climatic profiles)
435,14.2,122,26.0,50,756,7.7,Cotton,SYNTHETIC (generated from per-crop agro-climatic profiles)
362,15.4,159,27.0,77,1651,7.3,Sugarcane,SYNTHETIC (generated from per-crop agro-climatic profiles)
234,18.1,165,30.2,76,469,6.6,Groundnut,SYNTHETIC (generated from per-crop agro-climatic profiles)
262,10.4,245,31.2,90,675,7.2,Soybean,SYNTHETIC (generated from per-crop agro-climatic profiles)
217,9.3,254,21.1,44,464,7.0,Chickpea,SYNTHETIC (generated from per-crop agro-climatic profiles)
312,15.6,183,27.9,83,519,7.5,Pigeon pea,SYNTHETIC (generated from per-crop agro-climatic profiles)
167,20.7,217,23.9,57,514,6.2,Lentil,SYNTHETIC (generated from per-crop agro-climatic profiles)
378,10.7,145,25.1,59,457,6.1,Mustard,SYNTHETIC (generated from per-crop agro-climatic profiles)
315,19.0,98,22.1,62,872,6.6,Sunflower,SYNTHETIC (generated from per-crop agro-climatic profiles)
432,7.3,197,17.9,86,650,7.2,Potato,SYNTHETIC (generated from per-crop agro-climatic profiles)
334,17.5,238,20.7,74,868,8.0,Tomato,SYNTHETIC (generated from per-crop agro-climatic profiles)
430,18.0,156,18.5,51,889,6.7,Onion,SYNTHETIC (generated from per-crop agro-climatic profiles)
364,17.3,234,29.4,70,1049,6.9,Banana,SYNTHETIC (generated from per-crop agro-climatic profiles)
341,17.9,139,23.8,57,621,6.8,Chilli,SYNTHETIC (generated from per-crop agro-climatic profiles)
392,11.3,208,26.0,59,1580,8.0,Turmeric,SYNTHETIC (generated from per-crop agro-climatic profiles)
392,13.8,225,30.7,63,445,6.8,Ragi,SYNTHETIC (generated from per-crop agro-climatic profiles)
163,18.9,231,26.9,86,474,7.6,Green gram,SYNTHETIC (generated from per-crop agro-climatic profiles)
362,12.2,265,31.4,78,1377,6.0,Rice,SYNTHETIC (generated from per-crop agro-climatic profiles)
360,10.1,147,23.0,59,861,7.1,Wheat,SYNTHETIC (generated from per-crop agro-climatic profiles)
364,17.6,269,30.0,85,764,6.4,Maize,SYNTHETIC (generated from per-crop agro-climatic profiles)
266,18.9,193,25.4,47,460,7.4,Sorghum,SYNTHETIC (generated from per-crop agro-climatic profiles)
319,6.8,148,28.4,64,373,7.6,Pearl millet,SYNTHETIC (generated from per-crop agro-climatic profiles)
409,9.7,150,27.8,42,801,7.3,Cotton,SYNTHETIC (generated from per-crop agro-climatic profiles)
416,12.0,235,26.5,69,1611,7.1,Sugarcane,SYNTHETIC (generated from per-crop agro-climatic profiles)
129,18.3,145,32.0,69,270,6.8,Groundnut,SYNTHETIC (generated from per-crop agro-climatic profiles)
298,15.2,277,30.3,83,674,7.4,Soybean,SYNTHETIC (generated from per-crop agro-climatic profiles)
256,9.9,235,18.6,51,467,6.5,Chickpea,SYNTHETIC (generated from per-crop agro-climatic profiles)
198,10.9,205,29.7,82,467,7.7,Pigeon pea,SYNTHETIC (generated from per-crop agro-climatic profiles)
221,18.3,185,25.0,47,438,6.3,Lentil,SYNTHETIC (generated from per-crop agro-climatic profiles)
400,12.0,221,25.4,76,456,6.1,Mustard,SYNTHETIC (generated from per-crop agro-climatic profiles)
323,20.8,137,23.2,65,800,6.7,Sunflower,SYNTHETIC (generated from per-crop agro-climatic profiles)
341,14.3,170,14.2,72,511,7.9,Potato,SYNTHETIC (generated from per-crop agro-climatic profiles)
301,17.1,284,17.2,71,960,7.9,Tomato,SYNTHETIC (generated from per-crop agro-climatic profiles)
447,17.5,175,16.3,42,1147,7.0,Onion,SYNTHETIC (generated from per-crop agro-climatic profiles)
453,11.0,199,26.3,70,1114,6.4,Banana,SYNTHETIC (generated from per-crop agro-climatic profiles)
345,22.0,202,25.6,49,684,6.7,Chilli,SYNTHETIC (generated from per-crop agro-climatic profiles)
442,19.4,174,27.4,62,1496,7.3,Turmeric,SYNTHETIC (generated from per-crop agro-climatic profiles)
414,13.9,256,28.2,56,532,5.9,Ragi,SYNTHETIC (generated from per-crop agro-climatic profiles)
213,16.6,212,27.4,85,402,7.0,Green gram,SYNTHETIC (generated from per-crop agro-climatic profiles)
376,17.3,202,29.6,68,1359,6.4,Rice,SYNTHETIC (generated from per-crop agro-climatic profiles)
314,16.0,108,24.0,65,904,6.5,Wheat,SYNTHETIC (generated from per-crop agro-climatic profiles)
350,15.1,335,27.2,80,734,6.5,Maize,SYNTHETIC (generated from per-crop agro-climatic profiles)
283,15.4,189,26.3,46,486,7.1,Sorghum,SYNTHETIC (generated from per-crop agro-climatic profiles)
311,7.5,133,29.6,61,398,7.6,Pearl millet,SYNTHETIC (generated from per-crop agro-climatic profiles)
397,13.1,147,24.3,37,840,7.7,Cotton,SYNTHETIC (generated from per-crop agro-climatic profiles)
368,16.4,144,26.3,63,1210,6.1,Sugarcane,SYNTHETIC (generated from per-crop agro-climatic profiles)
185,14.9,195,31.7,69,478,6.7,Groundnut,SYNTHETIC (generated from per-crop agro-climatic profiles)
237,18.5,229,29.0,85,589,7.1,Soybean,SYNTHETIC (generated from per-crop agro-climatic profiles)
257,12.6,222,17.5,61,426,6.4,Chickpea,SYNTHETIC (generated from per-crop agro-climatic profiles)
319,12.6,240,26.8,82,390,7.4,Pigeon pea,SYNTHETIC (generated from per-crop agro-climatic profiles)
208,23.8,260,24.4,45,446,6.3,Lentil,SYNTHETIC (generated from per-crop agro-climatic profiles)
313,16.1,147,21.1,69,582,6.3,Mustard,SYNTHETIC (generated from per-crop agro-climatic profiles)
315,23.2,131,23.3,68,894,6.7,Sunflower,SYNTHETIC (generated from per-crop agro-climatic profiles)
363,17.5,243,16.2,81,642,6.8,Potato,SYNTHETIC (generated from per-crop agro-climatic profiles)
326,11.5,176,16.6,72,709,7.2,Tomato,SYNTHETIC (generated from per-crop agro-climatic profiles)
395,18.1,159,17.9,43,985,6.6,Onion,SYNTHETIC (generated from per-crop agro-climatic profiles)
388,15.5,239,28.0,61,1028,6.2,Banana,SYNTHETIC (generated from per-crop agro-climatic profiles)
360,17.6,136,25.0,57,595,6.6,Chilli,SYNTHETIC (generated from per-crop agro-climatic profiles)
452,16.5,297,27.2,64,1411,7.4,Turmeric,SYNTHETIC (generated from per-crop agro-climatic profiles)
415,15.8,193,29.3,55,410,6.6,Ragi,SYNTHETIC (generated from per-crop agro-climatic profiles)
225,22.1,242,26.4,82,514,6.9,Green gram,SYNTHETIC (generated from per-crop agro-climatic profiles)
326,10.8,215,29.3,76,1329,6.2,Rice,SYNTHETIC (generated from per-crop agro-climatic profiles)
375,6.3,133,21.2,69,894,6.8,Wheat,SYNTHETIC (generated from per-crop agro-climatic profiles)
349,21.5,218,26.2,68,696,6.3,Maize,SYNTHETIC (generated from per-crop agro-climatic profiles)
281,16.8,194,26.0,40,522,7.6,Sorghum,SYNTHETIC (generated from per-crop agro-climatic profiles)
314,5.5,160,30.1,69,431,7.4,Pearl millet,SYNTHETIC (generated from per-crop agro-climatic profiles)
333,10.2,202,25.8,40,546,7.3,Cotton,SYNTHETIC (generated from per-crop agro-climatic profiles)
382,11.5,209,27.0,72,1498,7.2,Sugarcane,SYNTHETIC (generated from per-crop agro-climatic profiles)
207,14.5,169,31.3,69,403,7.2,Groundnut,SYNTHETIC (generated from per-crop agro-climatic profiles)
239,15.6,180,33.8,87,812,7.8,Soybean,SYNTHETIC (generated from per-crop agro-climatic profiles)
254,12.5,290,16.8,53,451,6.4,Chickpea,SYNTHETIC (generated from per-crop agro-climatic profiles)
252,10.0,244,29.7,75,384,7.5,Pigeon pea,SYNTHETIC (generated from per-crop agro-climatic profiles)
162,20.5,171,25.7,52,485,6.6,Lentil,SYNTHETIC (generated from per-crop agro-climatic profiles)
307,14.7,148,23.7,67,453,5.8,Mustard,SYNTHETIC (generated from per-crop agro-climatic profiles)
262,21.4,122,23.3,67,519,6.5,Sunflower,SYNTHETIC (generated from per-crop agro-climatic profiles)
400,17.0,192,14.6,89,706,7.6,Potato,SYNTHETIC (generated from per-crop agro-climatic profiles)
326,12.1,220,19.7,68,819,7.4,Tomato,SYNTHETIC (generated from per-crop agro-climatic profiles)
385,24.5,106,17.7,46,905,6.9,Onion,SYNTHETIC (generated from per-crop agro-climatic profiles)
415,15.4,203,29.4,65,905,6.6,Banana,SYNTHETIC (generated from per-crop agro-climatic profiles)
303,20.8,162,26.1,51,768,6.6,Chilli,SYNTHETIC (generated from per-crop agro-climatic profiles)
404,13.4,196,25.4,65,1754,7.2,Turmeric,SYNTHETIC (generated from per-crop agro-climatic profiles)
407,14.9,212,30.8,51,490,5.7,Ragi,SYNTHETIC (generated from per-crop agro-climatic profiles)
209,16.8,189,26.9,83,459,7.4,Green gram,SYNTHETIC (generated from per-crop agro-climatic profiles)
282,18.7,205,30.7,89,1694,6.1,Rice,SYNTHETIC (generated from per-crop agro-climatic profiles)
360,14.0,132,19.7,67,916,6.8,Wheat,SYNTHETIC (generated from per-crop agro-climatic profiles)
423,16.7,289,24.0,98,719,6.2,Maize,SYNTHETIC (generated from per-crop agro-climatic profiles)
354,12.4,218,27.7,52,544,7.8,Sorghum,SYNTHETIC (generated from per-crop agro-climatic profiles)
346,5.5,166,28.1,69,439,7.7,Pearl millet,SYNTHETIC (generated from per-crop agro-climatic profiles)
375,12.0,162,27.8,45,630,7.2,Cotton,SYNTHETIC (generated from per-crop agro-climatic profiles)
378,7.3,216,25.3,62,1415,6.3,Sugarcane,SYNTHETIC (generated from per-crop agro-climatic profiles)
231,12.2,217,32.3,68,469,5.9,Groundnut,SYNTHETIC (generated from per-crop agro-climatic profiles)
255,16.0,192,29.0,85,771,7.2,Soybean,SYNTHETIC (generated from per-crop agro-climatic profiles)
239,8.6,248,15.3,51,357,6.4,Chickpea,SYNTHETIC (generated from per-crop agro-climatic profiles)
308,9.0,205,29.0,80,390,7.4,Pigeon pea,SYNTHETIC (generated from per-crop agro-climatic profiles)
151,20.1,230,22.7,46,457,6.2,Lentil,SYNTHETIC (generated from per-crop agro-climatic profiles)
357,11.8,222,23.3,60,501,5.8,Mustard,SYNTHETIC (generated from per-crop agro-climatic profiles)
323,14.3,82,25.2,62,672,6.4,Sunflower,SYNTHETIC (generated from per-crop agro-climatic profiles)
367,15.0,162,15.2,82,464,7.7,Potato,SYNTHETIC (generated from per-crop agro-climatic profiles)
370,14.5,242,20.4,63,467,7.7,Tomato,SYNTHETIC (generated from per-crop agro-climatic profiles)
378,16.1,173,19.0,53,897,7.2,Onion,SYNTHETIC (generated from per-crop agro-climatic profiles)
373,12.1,211,28.3,75,952,6.1,Banana,SYNTHETIC (generated from per-crop agro-climatic profiles)
324,20.8,208,24.4,56,707,6.2,Chilli,SYNTHETIC (generated from per-crop agro-climatic profiles)
421,15.8,204,27.9,67,1774,7.9,Turmeric,SYNTHETIC (generated from per-crop agro-climatic profiles)
394,11.9,245,31.8,52,518,6.4,Ragi,SYNTHETIC (generated from per-crop agro-climatic profiles)
203,19.4,192,28.4,80,459,7.1,Green gram,SYNTHETIC (generated from per-crop agro-climatic profiles)
363,12.6,217,27.0,77,1143,6.2,Rice,SYNTHETIC (generated from per-crop agro-climatic profiles)
280,11.4,166,19.1,71,824,7.0,Wheat,SYNTHETIC (generated from per-crop agro-climatic profiles)
382,20.0,271,26.7,88,828,6.2,Maize,SYNTHETIC (generated from per-crop agro-climatic profiles)
318,14.2,244,23.8,50,490,7.6,Sorghum,SYNTHETIC (generated from per-crop agro-climatic profiles)
334,10.4,229,30.1,72,355,7.4,Pearl millet,SYNTHETIC (generated from per-crop agro-climatic profiles)
376,10.2,177,27.6,68,626,7.4,Cotton,SYNTHETIC (generated from per-crop agro-climatic profiles)
456,10.2,163,24.1,74,1485,7.0,Sugarcane,SYNTHETIC (generated from per-crop agro-climatic profiles)
104,10.1,219,32.0,68,422,6.6,Groundnut,SYNTHETIC (generated from per-crop agro-climatic profiles)
335,10.9,232,30.5,85,698,7.2,Soybean,SYNTHETIC (generated from per-crop agro-climatic profiles)
258,9.9,248,18.5,56,433,6.5,Chickpea,SYNTHETIC (generated from per-crop agro-climatic profiles)
316,8.2,253,30.0,84,449,7.3,Pigeon pea,SYNTHETIC (generated from per-crop agro-climatic profiles)
220,25.2,209,23.8,51,415,6.1,Lentil,SYNTHETIC (generated from per-crop agro-climatic profiles)
326,16.7,226,21.9,53,451,7.0,Mustard,SYNTHETIC (generated from per-crop agro-climatic profiles)
404,15.7,116,23.2,71,773,7.1,Sunflower,SYNTHETIC (generated from per-crop agro-climatic profiles)
407,19.5,202,18.0,82,605,7.6,Potato,SYNTHETIC (generated from per-crop agro-climatic profiles)
348,11.1,176,19.8,89,889,7.8,Tomato,SYNTHETIC (generated from per-crop agro-climatic profiles)
411,18.9,138,17.4,45,824,7.2,Onion,SYNTHETIC (generated from per-crop agro-climatic profiles)
412,13.2,217,27.3,76,999,6.3,Banana,SYNTHETIC (generated from per-crop agro-climatic profiles)
318,16.9,211,26.1,55,597,6.5,Chilli,SYNTHETIC (generated from per-crop agro-climatic profiles)
450,17.2,185,24.7,63,1648,7.6,Turmeric,SYNTHETIC (generated from per-crop agro-climatic profiles)
400,12.7,217,27.4,63,421,6.6,Ragi,SYNTHETIC (generated from per-crop agro-climatic profiles)
228,21.1,211,27.7,87,414,7.2,Green gram,SYNTHETIC (generated from per-crop agro-climatic profiles)
368,15.5,189,26.6,70,1185,6.2,Rice,SYNTHETIC (generated from per-crop agro-climatic profiles)
339,12.2,171,23.2,67,940,7.1,Wheat,SYNTHETIC (generated from per-crop agro-climatic profiles)
422,13.2,288,30.3,84,699,6.3,Maize,SYNTHETIC (generated from per-crop agro-climatic profiles)
279,21.2,153,26.9,57,555,7.6,Sorghum,SYNTHETIC (generated from per-crop agro-climatic profiles)
308,2.6,160,28.9,63,445,7.4,Pearl millet,SYNTHETIC (generated from per-crop agro-climatic profiles)
321,13.4,158,26.1,39,721,8.1,Cotton,SYNTHETIC (generated from per-crop agro-climatic profiles)
435,6.6,192,26.9,78,1352,7.3,Sugarcane,SYNTHETIC (generated from per-crop agro-climatic profiles)
159,13.3,210,30.5,63,438,6.3,Groundnut,SYNTHETIC (generated from per-crop agro-climatic profiles)
206,18.6,214,28.3,90,724,7.6,Soybean,SYNTHETIC (generated from per-crop agro-climatic profiles)
247,9.2,248,17.2,56,446,6.2,Chickpea,SYNTHETIC (generated from per-crop agro-climatic profiles)
272,13.4,240,27.2,87,380,7.0,Pigeon pea,SYNTHETIC (generated from per-crop agro-climatic profiles)
251,15.3,172,21.9,43,357,6.4,Lentil,SYNTHETIC (generated from per-crop agro-climatic profiles)
366,18.7,173,22.7,70,557,6.0,Mustard,SYNTHETIC (generated from per-crop agro-climatic profiles)
322,24.3,135,24.0,56,625,7.2,Sunflower,SYNTHETIC (generated from per-crop agro-climatic profiles)
399,6.7,182,17.1,76,548,7.4,Potato,SYNTHETIC (generated from per-crop agro-climatic profiles)
339,14.1,243,21.2,73,766,7.4,Tomato,SYNTHETIC (generated from per-crop agro-climatic profiles)
385,19.8,140,17.8,48,1000,7.0,Onion,SYNTHETIC (generated from per-crop agro-climatic profiles)
459,11.1,206,28.8,66,804,6.8,Banana,SYNTHETIC (generated from per-crop agro-climatic profiles)
369,21.2,200,27.0,58,637,6.6,Chilli,SYNTHETIC (generated from per-crop agro-climatic profiles)
437,14.1,162,23.7,66,1356,7.6,Turmeric,SYNTHETIC (generated from per-crop agro-climatic profiles)
418,15.2,238,30.0,56,424,6.4,Ragi,SYNTHETIC (generated from per-crop agro-climatic profiles)
197,17.1,259,28.1,84,468,7.4,Green gram,SYNTHETIC (generated from per-crop agro-climatic profiles)
355,16.0,278,28.5,78,1517,6.9,Rice,SYNTHETIC (generated from per-crop agro-climatic profiles)
367,14.7,149,21.1,69,998,7.0,Wheat,SYNTHETIC (generated from per-crop agro-climatic profiles)
361,18.0,271,26.4,91,786,6.9,Maize,SYNTHETIC (generated from per-crop agro-climatic profiles)
237,13.2,197,28.6,54,411,7.3,Sorghum,SYNTHETIC (generated from per-crop agro-climatic profiles)
342,7.5,104,28.8,68,433,7.2,Pearl millet,SYNTHETIC (generated from per-crop agro-climatic profiles)
405,10.9,157,23.9,48,623,7.4,Cotton,SYNTHETIC (generated from per-crop agro-climatic profiles)
390,6.6,201,24.9,66,1343,7.6,Sugarcane,SYNTHETIC (generated from per-crop agro-climatic profiles)
198,18.5,144,32.0,65,425,6.0,Groundnut,SYNTHETIC (generated from per-crop agro-climatic profiles)
273,17.9,220,30.8,81,528,6.6,Soybean,SYNTHETIC (generated from per-crop agro-climatic profiles)
207,11.0,216,15.1,60,386,6.3,Chickpea,SYNTHETIC (generated from per-crop agro-climatic profiles)
283,8.0,217,29.4,81,461,7.1,Pigeon pea,SYNTHETIC (generated from per-crop agro-climatic profiles)
129,20.5,231,22.8,49,434,6.6,Lentil,SYNTHETIC (generated from per-crop agro-climatic profiles)
327,12.6,157,21.4,69,362,6.3,Mustard,SYNTHETIC (generated from per-crop agro-climatic profiles)
347,19.5,106,24.3,67,815,6.7,Sunflower,SYNTHETIC (generated from per-crop agro-climatic profiles)
394,12.8,151,15.5,85,585,7.2,Potato,SYNTHETIC (generated from per-crop agro-climatic profiles)
330,13.4,222,20.8,82,742,7.6,Tomato,SYNTHETIC (generated from per-crop agro-climatic profiles)
316,18.4,119,17.3,34,847,6.3,Onion,SYNTHETIC (generated from per-crop agro-climatic profiles)
383,21.2,180,26.6,68,784,6.7,Banana,SYNTHETIC (generated from per-crop agro-climatic profiles)
298,15.3,207,27.1,52,620,6.7,Chilli,SYNTHETIC (generated from per-crop agro-climatic profiles)
439,18.1,202,22.8,61,1336,7.4,Turmeric,SYNTHETIC (generated from per-crop agro-climatic profiles)
311,11.7,195,30.5,60,476,6.4,Ragi,SYNTHETIC (generated from per-crop agro-climatic profiles)
190,18.6,225,30.0,93,481,7.0,Green gram,SYNTHETIC (generated from per-crop agro-climatic profiles)
402,16.0,265,30.9,73,1214,6.1,Rice,SYNTHETIC (generated from per-crop agro-climatic profiles)
348,12.0,137,25.7,70,827,7.7,Wheat,SYNTHETIC (generated from per-crop agro-climatic profiles)
341,13.3,277,29.2,76,815,6.2,Maize,SYNTHETIC (generated from per-crop agro-climatic profiles)
254,18.3,165,25.8,38,336,6.7,Sorghum,SYNTHETIC (generated from per-crop agro-climatic profiles)
349,6.6,134,28.1,60,452,7.6,Pearl millet,SYNTHETIC (generated from per-crop agro-climatic profiles)
353,8.7,195,23.7,41,702,7.3,Cotton,SYNTHETIC (generated from per-crop agro-climatic profiles)
335,7.1,192,25.7,70,1518,7.5,Sugarcane,SYNTHETIC (generated from per-crop agro-climatic profiles)
206,18.0,159,29.6,72,383,6.5,Groundnut,SYNTHETIC (generated from per-crop agro-climatic profiles)
292,15.2,200,30.1,81,626,7.1,Soybean,SYNTHETIC (generated from per-crop agro-climatic profiles)
234,3.6,241,17.0,43,475,6.7,Chickpea,SYNTHETIC (generated from per-crop agro-climatic profiles)
300,6.6,287,28.7,78,375,7.5,Pigeon pea,SYNTHETIC (generated from per-crop agro-climatic profiles)
247,21.1,188,23.3,35,451,6.0,Lentil,SYNTHETIC (generated from per-crop agro-climatic profiles)
311,15.6,171,21.8,71,490,6.3,Mustard,SYNTHETIC (generated from per-crop agro-climatic profiles)
328,14.4,104,22.7,64,704,6.9,Sunflower,SYNTHETIC (generated from per-crop agro-climatic profiles)
296,15.6,221,15.9,85,658,7.5,Potato,SYNTHETIC (generated from per-crop agro-climatic profiles)
343,13.6,183,16.3,78,720,7.4,Tomato,SYNTHETIC (generated from per-crop agro-climatic profiles)
343,18.7,173,14.9,47,923,6.4,Onion,SYNTHETIC (generated from per-crop agro-climatic profiles)
387,14.1,209,30.0,76,880,6.6,Banana,SYNTHETIC (generated from per-crop agro-climatic profiles)
313,16.1,190,25.6,54,655,7.0,Chilli,SYNTHETIC (generated from per-crop agro-climatic profiles)
433,15.5,163,27.4,59,1712,7.3,Turmeric,SYNTHETIC (generated from per-crop agro-climatic profiles)
432,20.9,280,31.4,68,419,6.2,Ragi,SYNTHETIC (generated from per-crop agro-climatic profiles)
220,21.7,255,28.1,84,420,7.2,Green gram,SYNTHETIC (generated from per-crop agro-climatic profiles)
365,12.0,199,29.6,77,1516,6.0,Rice,SYNTHETIC (generated from per-crop agro-climatic profiles)
300,12.3,169,24.8,67,911,6.8,Wheat,SYNTHETIC (generated from per-crop agro-climatic profiles)
372,15.7,245,30.2,78,786,6.2,Maize,SYNTHETIC (generated from per-crop agro-climatic profiles)
319,13.3,211,26.6,45,466,7.5,Sorghum,SYNTHETIC (generated from per-crop agro-climatic profiles)
312,6.9,171,31.3,69,487,7.2,Pearl millet,SYNTHETIC (generated from per-crop agro-climatic profiles)
415,9.7,188,25.8,49,842,7.6,Cotton,SYNTHETIC (generated from per-crop agro-climatic profiles)
407,8.0,215,25.2,74,1543,7.2,Sugarcane,SYNTHETIC (generated from per-crop agro-climatic profiles)
219,12.7,138,32.5,73,364,6.8,Groundnut,SYNTHETIC (generated from per-crop agro-climatic profiles)
279,17.5,169,28.7,91,757,7.7,Soybean,SYNTHETIC (generated from per-crop agro-climatic profiles)
288,5.8,225,15.7,44,457,5.9,Chickpea,SYNTHETIC (generated from per-crop agro-climatic profiles)
282,14.9,225,31.6,86,385,7.9,Pigeon pea,SYNTHETIC (generated from per-crop agro-climatic profiles)
255,29.9,203,23.8,62,467,6.7,Lentil,SYNTHETIC (generated from per-crop agro-climatic profiles)
348,15.9,112,24.6,65,583,5.8,Mustard,SYNTHETIC (generated from per-crop agro-climatic profiles)
380,20.4,160,24.4,59,805,6.9,Sunflower,SYNTHETIC (generated from per-crop agro-climatic profiles)
389,12.0,163,15.2,79,651,7.5,Potato,SYNTHETIC (generated from per-crop agro-climatic profiles)
340,19.6,231,19.6,78,892,7.9,Tomato,SYNTHETIC (generated from per-crop agro-climatic profiles)
413,20.9,169,18.3,30,852,7.2,Onion,SYNTHETIC (generated from per-crop agro-climatic profiles)
417,19.0,219,29.1,67,947,6.7,Banana,SYNTHETIC (generated from per-crop agro-climatic profiles)
288,16.2,214,27.6,49,642,6.4,Chilli,SYNTHETIC (generated from per-crop agro-climatic profiles)
435,14.2,233,25.5,57,1296,7.6,Turmeric,SYNTHETIC (generated from per-crop agro-climatic profiles)
418,13.5,226,29.8,73,358,6.0,Ragi,SYNTHETIC (generated from per-crop agro-climatic profiles)
188,16.5,225,26.7,76,410,7.3,Green gram,SYNTHETIC (generated from per-crop agro-climatic profiles)
330,13.5,211,28.2,77,1572,6.1,Rice,SYNTHETIC (generated from per-crop agro-climatic profiles)
265,18.3,167,22.0,58,1120,7.0,Wheat,SYNTHETIC (generated from per-crop agro-climatic profiles)
449,15.0,237,26.3,92,942,5.9,Maize,SYNTHETIC (generated from per-crop agro-climatic profiles)
279,20.5,167,24.4,49,557,7.7,Sorghum,SYNTHETIC (generated from per-crop agro-climatic profiles)
330,15.7,145,27.4,65,435,7.1,Pearl millet,SYNTHETIC (generated from per-crop agro-climatic profiles)
411,12.6,145,24.6,31,645,7.8,Cotton,SYNTHETIC (generated from per-crop agro-climatic profiles)
392,9.6,203,25.5,84,1282,7.2,Sugarcane,SYNTHETIC (generated from per-crop agro-climatic profiles)
232,12.7,200,29.8,65,450,6.2,Groundnut,SYNTHETIC (generated from per-crop agro-climatic profiles)
314,20.1,185,29.4,75,819,7.2,Soybean,SYNTHETIC (generated from per-crop agro-climatic profiles)
275,14.5,270,14.3,63,441,6.3,Chickpea,SYNTHETIC (generated from per-crop agro-climatic profiles)
263,7.4,223,27.0,82,435,8.1,Pigeon pea,SYNTHETIC (generated from per-crop agro-climatic profiles)
158,14.9,150,22.6,47,421,6.7,Lentil,SYNTHETIC (generated from per-crop agro-climatic profiles)
354,13.0,176,21.0,63,425,6.1,Mustard,SYNTHETIC (generated from per-crop agro-climatic profiles)
378,18.8,149,23.8,62,615,7.0,Sunflower,SYNTHETIC (generated from per-crop agro-climatic profiles)
373,17.9,212,16.2,98,595,7.0,Potato,SYNTHETIC (generated from per-crop agro-climatic profiles)
323,14.5,195,19.0,67,978,7.5,Tomato,SYNTHETIC (generated from per-crop agro-climatic profiles)
377,21.3,155,15.3,48,756,6.8,Onion,SYNTHETIC (generated from per-crop agro-climatic profiles)
354,18.0,243,28.8,68,886,6.1,Banana,SYNTHETIC (generated from per-crop agro-climatic profiles)
357,21.2,164,26.5,60,678,6.4,Chilli,SYNTHETIC (generated from per-crop agro-climatic profiles)
412,13.5,191,25.6,60,1447,7.7,Turmeric,SYNTHETIC (generated from per-crop agro-climatic profiles)
410,11.9,243,30.0,68,435,6.2,Ragi,SYNTHETIC (generated from per-crop agro-climatic profiles)
254,19.1,169,30.1,83,485,7.4,Green gram,SYNTHETIC (generated from per-crop agro-climatic profiles)
349,14.9,269,27.7,80,1261,5.8,Rice,SYNTHETIC (generated from per-crop agro-climatic profiles)
308,11.0,166,21.3,67,824,6.9,Wheat,SYNTHETIC (generated from per-crop agro-climatic profiles)
322,13.0,256,28.0,97,976,5.8,Maize,SYNTHETIC (generated from per-crop agro-climatic profiles)
253,12.2,144,24.7,52,502,7.8,Sorghum,SYNTHETIC (generated from per-crop agro-climatic profiles)
284,7.3,145,28.6,56,367,7.1,Pearl millet,SYNTHETIC (generated from per-crop agro-climatic profiles)
390,9.9,152,24.8,47,608,7.8,Cotton,SYNTHETIC (generated from per-crop agro-climatic profiles)
374,9.6,184,25.8,71,1543,6.9,Sugarcane,SYNTHETIC (generated from per-crop agro-climatic profiles)
185,15.4,141,29.6,72,463,6.5,Groundnut,SYNTHETIC (generated from per-crop agro-climatic profiles)
263,14.0,243,29.3,86,616,7.8,Soybean,SYNTHETIC (generated from per-crop agro-climatic profiles)
208,10.6,194,20.6,62,475,6.2,Chickpea,SYNTHETIC (generated from per-crop agro-climatic profiles)
301,7.7,256,26.8,76,343,7.6,Pigeon pea,SYNTHETIC (generated from per-crop agro-climatic profiles)
141,22.3,215,22.9,53,510,6.2,Lentil,SYNTHETIC (generated from per-crop agro-climatic profiles)
332,13.1,139,23.3,75,485,6.1,Mustard,SYNTHETIC (generated from per-crop agro-climatic profiles)
380,19.5,115,24.5,62,694,6.3,Sunflower,SYNTHETIC (generated from per-crop agro-climatic profiles)
432,16.1,224,16.5,71,698,7.7,Potato,SYNTHETIC (generated from per-crop agro-climatic profiles)
325,15.6,217,19.2,75,854,8.1,Tomato,SYNTHETIC (generated from per-crop agro-climatic profiles)
376,20.5,106,15.8,36,983,6.5,Onion,SYNTHETIC (generated from per-crop agro-climatic profiles)
408,17.3,222,27.7,61,805,6.6,Banana,SYNTHETIC (generated from per-crop agro-climatic profiles)
374,18.6,235,29.0,61,672,6.8,Chilli,SYNTHETIC (generated from per-crop agro-climatic profiles)
418,18.4,161,28.0,49,1665,7.3,Turmeric,SYNTHETIC (generated from per-crop agro-climatic profiles)
387,12.4,185,30.4,56,468,6.4,Ragi,SYNTHETIC (generated from per-crop agro-climatic profiles)
194,16.0,202,25.9,80,405,7.4,Green gram,SYNTHETIC (generated from per-crop agro-climatic profiles)
346,12.4,226,28.7,76,1682,5.5,Rice,SYNTHETIC (generated from per-crop agro-climatic profiles)
250,10.5,141,21.4,72,945,7.2,Wheat,SYNTHETIC (generated from per-crop agro-climatic profiles)
379,11.6,273,28.3,83,782,6.7,Maize,SYNTHETIC (generated from per-crop agro-climatic profiles)
340,14.6,205,28.2,47,430,7.4,Sorghum,SYNTHETIC (generated from per-crop agro-climatic profiles)
309,8.0,192,29.3,64,415,6.9,Pearl millet,SYNTHETIC (generated from per-crop agro-climatic profiles)
395,14.9,199,23.8,40,812,7.1,Cotton,SYNTHETIC (generated from per-crop agro-climatic profiles)
358,10.1,182,28.5,67,1317,7.0,Sugarcane,SYNTHETIC (generated from per-crop agro-climatic profiles)
214,13.5,182,32.2,64,449,6.0,Groundnut,SYNTHETIC (generated from per-crop agro-climatic profiles)
260,13.9,196,33.0,90,799,6.8,Soybean,SYNTHETIC (generated from per-crop agro-climatic profiles)
278,9.4,286,16.9,49,501,6.4,Chickpea,SYNTHETIC (generated from per-crop agro-climatic profiles)
228,6.9,242,28.3,79,524,7.3,Pigeon pea,SYNTHETIC (generated from per-crop agro-climatic profiles)
217,14.0,144,22.0,50,436,6.2,Lentil,SYNTHETIC (generated from per-crop agro-climatic profiles)
403,9.9,168,21.4,65,475,5.9,Mustard,SYNTHETIC (generated from per-crop agro-climatic profiles)
401,17.5,129,22.9,74,637,6.7,Sunflower,SYNTHETIC (generated from per-crop agro-climatic profiles)
433,11.6,219,16.0,91,716,7.3,Potato,SYNTHETIC (generated from per-crop agro-climatic profiles)
329,10.0,198,18.0,66,802,7.3,Tomato,SYNTHETIC (generated from per-crop agro-climatic profiles)
402,14.6,147,18.5,42,676,6.9,Onion,SYNTHETIC (generated from per-crop agro-climatic profiles)
427,15.0,184,30.0,71,964,6.7,Banana,SYNTHETIC (generated from per-crop agro-climatic profiles)
336,19.9,166,24.9,50,639,6.8,Chilli,SYNTHETIC (generated from per-crop agro-climatic profiles)
421,13.8,204,26.3,73,1679,7.2,Turmeric,SYNTHETIC (generated from per-crop agro-climatic profiles)
426,15.5,275,28.5,63,450,5.9,Ragi,SYNTHETIC (generated from per-crop agro-climatic profiles)
250,21.4,223,27.2,84,427,7.0,Green gram,SYNTHETIC (generated from per-crop agro-climatic profiles)
270,13.3,235,29.7,71,1065,6.1,Rice,SYNTHETIC (generated from per-crop agro-climatic profiles)
354,6.6,112,21.4,57,973,7.2,Wheat,SYNTHETIC (generated from per-crop agro-climatic profiles)
407,17.8,255,26.8,91,845,6.6,Maize,SYNTHETIC (generated from per-crop agro-climatic profiles)
314,11.9,188,25.3,48,461,7.3,Sorghum,SYNTHETIC (generated from per-crop agro-climatic profiles)
264,10.5,104,27.5,69,470,7.3,Pearl millet,SYNTHETIC (generated from per-crop agro-climatic profiles)
435,15.9,181,24.5,49,694,7.2,Cotton,SYNTHETIC (generated from per-crop agro-climatic profiles)
458,12.2,157,26.9,74,1357,6.7,Sugarcane,SYNTHETIC (generated from per-crop agro-climatic profiles)
201,7.7,219,26.6,72,384,6.1,Groundnut,SYNTHETIC (generated from per-crop agro-climatic profiles)
252,16.0,245,29.9,97,735,7.3,Soybean,SYNTHETIC (generated from per-crop agro-climatic profiles)
230,6.6,228,18.5,54,426,6.6,Chickpea,SYNTHETIC (generated from per-crop agro-climatic profiles)
256,4.1,208,29.4,80,345,7.9,Pigeon pea,SYNTHETIC (generated from per-crop agro-climatic profiles)
224,22.4,175,25.3,54,439,6.5,Lentil,SYNTHETIC (generated from per-crop agro-climatic profiles)
372,18.9,159,24.4,74,484,6.4,Mustard,SYNTHETIC (generated from per-crop agro-climatic profiles)
375,14.1,157,24.0,65,928,6.5,Sunflower,SYNTHETIC (generated from per-crop agro-climatic profiles)
421,19.1,190,18.6,80,451,7.2,Potato,SYNTHETIC (generated from per-crop agro-climatic profiles)
336,17.3,256,18.5,81,659,7.9,Tomato,SYNTHETIC (generated from per-crop agro-climatic profiles)
399,18.6,130,15.5,37,924,6.7,Onion,SYNTHETIC (generated from per-crop agro-climatic profiles)
380,12.6,201,31.7,62,729,6.2,Banana,SYNTHETIC (generated from per-crop agro-climatic profiles)
352,18.6,207,26.1,57,728,6.6,Chilli,SYNTHETIC (generated from per-crop agro-climatic profiles)
475,11.3,144,25.7,63,1516,7.5,Turmeric,SYNTHETIC (generated from per-crop agro-climatic profiles)
430,14.2,235,30.6,58,462,6.7,Ragi,SYNTHETIC (generated from per-crop agro-climatic profiles)
214,23.4,248,29.0,81,426,7.3,Green gram,SYNTHETIC (generated from per-crop agro-climatic profiles)
301,14.1,253,30.7,69,1210,5.7,Rice,SYNTHETIC (generated from per-crop agro-climatic profiles)
275,17.4,157,23.9,60,901,6.8,Wheat,SYNTHETIC (generated from per-crop agro-climatic profiles)
346,21.9,277,25.4,81,884,6.7,Maize,SYNTHETIC (generated from per-crop agro-climatic profiles)
283,21.3,196,23.1,52,417,7.7,Sorghum,SYNTHETIC (generated from per-crop agro-climatic profiles)
341,5.0,145,33.0,56,341,7.3,Pearl millet,SYNTHETIC (generated from per-crop agro-climatic profiles)
438,12.2,159,25.1,52,726,7.5,Cotton,SYNTHETIC (generated from per-crop agro-climatic profiles)
395,10.5,197,25.7,63,1316,6.4,Sugarcane,SYNTHETIC (generated from per-crop agro-climatic profiles)
174,16.7,200,29.9,79,464,6.8,Groundnut,SYNTHETIC (generated from per-crop agro-climatic profiles)
220,14.5,167,32.4,91,522,7.3,Soybean,SYNTHETIC (generated from per-crop agro-climatic profiles)
285,7.3,212,17.8,51,513,6.1,Chickpea,SYNTHETIC (generated from per-crop agro-climatic profiles)
299,10.5,229,30.3,76,344,7.3,Pigeon pea,SYNTHETIC (generated from per-crop agro-climatic profiles)
185,22.0,167,24.3,57,469,6.8,Lentil,SYNTHETIC (generated from per-crop agro-climatic profiles)
349,16.5,125,24.3,70,541,6.3,Mustard,SYNTHETIC (generated from per-crop agro-climatic profiles)
336,14.2,141,23.3,60,662,6.4,Sunflower,SYNTHETIC (generated from per-crop agro-climatic profiles)
394,12.3,190,17.2,84,622,7.8,Potato,SYNTHETIC (generated from per-crop agro-climatic profiles)
360,15.6,218,21.5,80,626,7.3,Tomato,SYNTHETIC (generated from per-crop agro-climatic profiles)
411,22.7,120,16.0,44,1002,6.7,Onion,SYNTHETIC (generated from per-crop agro-climatic profiles)
399,14.8,200,27.7,59,719,6.8,Banana,SYNTHETIC (generated from per-crop agro-climatic profiles)
336,18.8,177,22.6,53,567,6.4,Chilli,SYNTHETIC (generated from per-crop agro-climatic profiles)
411,12.3,221,27.1,59,1629,7.5,Turmeric,SYNTHETIC (generated from per-crop agro-climatic profiles)
479,12.1,235,30.5,67,588,6.5,Ragi,SYNTHETIC (generated from per-crop agro-climatic profiles)
257,24.7,242,29.0,87,363,7.1,Green gram,SYNTHETIC (generated from per-crop agro-climatic profiles)
343,12.9,174,29.4,76,1047,6.7,Rice,SYNTHETIC (generated from per-crop agro-climatic profiles)
329,11.4,116,23.0,66,882,6.3,Wheat,SYNTHETIC (generated from per-crop agro-climatic profiles)
429,14.9,268,29.6,82,700,6.0,Maize,SYNTHETIC (generated from per-crop agro-climatic profiles)
328,11.5,225,26.9,51,458,7.7,Sorghum,SYNTHETIC (generated from per-crop agro-climatic profiles)
341,8.9,139,28.7,60,498,7.9,Pearl millet,SYNTHETIC (generated from per-crop agro-climatic profiles)
378,12.4,177,27.8,45,667,7.3,Cotton,SYNTHETIC (generated from per-crop agro-climatic profiles)
458,13.9,162,28.4,71,1407,6.6,Sugarcane,SYNTHETIC (generated from per-crop agro-climatic profiles)
233,13.2,181,28.8,70,328,6.4,Groundnut,SYNTHETIC (generated from per-crop agro-climatic profiles)
246,13.4,228,29.4,87,713,7.2,Soybean,SYNTHETIC (generated from per-crop agro-climatic profiles)
312,12.4,272,16.9,55,354,6.2,Chickpea,SYNTHETIC (generated from per-crop agro-climatic profiles)
261,11.3,190,30.1,80,417,7.9,Pigeon pea,SYNTHETIC (generated from per-crop agro-climatic profiles)
166,19.4,189,22.1,51,450,6.4,Lentil,SYNTHETIC (generated from per-crop agro-climatic profiles)
330,10.2,141,21.6,60,483,6.1,Mustard,SYNTHETIC (generated from per-crop agro-climatic profiles)
341,18.5,162,25.4,68,584,6.6,Sunflower,SYNTHETIC (generated from per-crop agro-climatic profiles)
418,13.0,146,16.4,80,505,7.6,Potato,SYNTHETIC (generated from per-crop agro-climatic profiles)
315,19.2,207,21.7,69,915,7.5,Tomato,SYNTHETIC (generated from per-crop agro-climatic profiles)
448,19.6,170,20.0,30,1020,6.8,Onion,SYNTHETIC (generated from per-crop agro-climatic profiles)
421,11.6,229,31.9,71,854,6.6,Banana,SYNTHETIC (generated from per-crop agro-climatic profiles)
359,14.5,240,23.7,49,690,6.9,Chilli,SYNTHETIC (generated from per-crop agro-climatic profiles)
474,15.0,160,26.2,57,1196,7.2,Turmeric,SYNTHETIC (generated from per-crop agro-climatic profiles)
379,12.8,249,29.8,74,445,6.3,Ragi,SYNTHETIC (generated from per-crop agro-climatic profiles)
159,22.5,214,25.8,68,462,7.5,Green gram,SYNTHETIC (generated from per-crop agro-climatic profiles)
341,13.2,248,28.5,84,1481,5.8,Rice,SYNTHETIC (generated from per-crop agro-climatic profiles)
358,11.5,122,21.7,63,846,6.8,Wheat,SYNTHETIC (generated from per-crop agro-climatic profiles)
378,15.3,290,30.0,75,669,6.5,Maize,SYNTHETIC (generated from per-crop agro-climatic profiles)
289,14.5,151,25.3,38,568,8.0,Sorghum,SYNTHETIC (generated from per-crop agro-climatic profiles)
348,12.6,171,23.6,58,580,7.5,Pearl millet,SYNTHETIC (generated from per-crop agro-climatic profiles)
391,11.5,143,26.5,49,724,7.7,Cotton,SYNTHETIC (generated from per-crop agro-climatic profiles)
364,8.7,251,27.0,77,1453,7.0,Sugarcane,SYNTHETIC (generated from per-crop agro-climatic profiles)
243,9.2,173,29.9,74,506,6.6,Groundnut,SYNTHETIC (generated from per-crop agro-climatic profiles)
257,18.3,188,29.1,79,564,7.1,Soybean,SYNTHETIC (generated from per-crop agro-climatic profiles)
265,4.4,202,18.0,53,460,6.4,Chickpea,SYNTHETIC (generated from per-crop agro-climatic profiles)
249,13.7,240,30.2,75,349,7.9,Pigeon pea,SYNTHETIC (generated from per-crop agro-climatic profiles)
200,25.4,216,23.8,56,362,6.8,Lentil,SYNTHETIC (generated from per-crop agro-climatic profiles)
371,10.6,83,23.9,67,463,6.5,Mustard,SYNTHETIC (generated from per-crop agro-climatic profiles)
270,21.6,111,23.8,67,710,7.1,Sunflower,SYNTHETIC (generated from per-crop agro-climatic profiles)
393,14.7,199,17.7,93,604,7.9,Potato,SYNTHETIC (generated from per-crop agro-climatic profiles)
306,13.9,217,19.3,68,679,7.3,Tomato,SYNTHETIC (generated from per-crop agro-climatic profiles)
370,18.9,181,17.4,40,863,7.1,Onion,SYNTHETIC (generated from per-crop agro-climatic profiles)
400,11.6,194,32.6,65,775,6.2,Banana,SYNTHETIC (generated from per-crop agro-climatic profiles)
374,22.1,188,24.3,45,763,6.2,Chilli,SYNTHETIC (generated from per-crop agro-climatic profiles)
380,15.9,241,27.2,65,1314,8.0,Turmeric,SYNTHETIC (generated from per-crop agro-climatic profiles)
437,13.5,259,28.8,52,517,6.2,Ragi,SYNTHETIC (generated from per-crop agro-climatic profiles)
242,20.2,198,27.4,86,487,6.5,Green gram,SYNTHETIC (generated from per-crop agro-climatic profiles)
383,11.3,271,27.0,78,1417,6.3,Rice,SYNTHETIC (generated from per-crop agro-climatic profiles)
341,10.0,155,20.8,54,884,6.7,Wheat,SYNTHETIC (generated from per-crop agro-climatic profiles)
355,14.9,234,29.3,83,737,6.4,Maize,SYNTHETIC (generated from per-crop agro-climatic profiles)
257,16.8,185,26.0,41,463,7.1,Sorghum,SYNTHETIC (generated from per-crop agro-climatic profiles)
302,8.2,149,29.6,68,496,7.8,Pearl millet,SYNTHETIC (generated from per-crop agro-climatic profiles)
334,12.4,141,26.0,41,762,7.4,Cotton,SYNTHETIC (generated from per-crop agro-climatic profiles)
445,11.4,206,23.0,65,1582,7.2,Sugarcane,SYNTHETIC (generated from per-crop agro-climatic profiles)
167,13.5,134,31.0,67,456,6.5,Groundnut,SYNTHETIC (generated from per-crop agro-climatic profiles)
236,16.0,149,30.1,89,743,6.7,Soybean,SYNTHETIC (generated from per-crop agro-climatic profiles)
242,10.6,249,19.0,60,437,6.7,Chickpea,SYNTHETIC (generated from per-crop agro-climatic profiles)
301,6.9,209,29.4,82,405,7.4,Pigeon pea,SYNTHETIC (generated from per-crop agro-climatic profiles)
256,20.7,196,23.1,41,401,6.8,Lentil,SYNTHETIC (generated from per-crop agro-climatic profiles)
364,14.6,102,21.8,61,628,6.5,Mustard,SYNTHETIC (generated from per-crop agro-climatic profiles)
329,9.9,173,21.4,67,767,6.3,Sunflower,SYNTHETIC (generated from per-crop agro-climatic profiles)
413,16.8,228,19.1,77,608,7.6,Potato,SYNTHETIC (generated from per-crop agro-climatic profiles)
320,12.8,230,17.0,77,744,7.8,Tomato,SYNTHETIC (generated from per-crop agro-climatic profiles)
413,11.9,161,17.5,37,1114,7.0,Onion,SYNTHETIC (generated from per-crop agro-climatic profiles)
414,12.0,221,30.8,77,844,6.5,Banana,SYNTHETIC (generated from per-crop agro-climatic profiles)
409,17.7,237,25.8,52,652,6.5,Chilli,SYNTHETIC (generated from per-crop agro-climatic profiles)
399,19.0,178,24.9,72,1488,7.2,Turmeric,SYNTHETIC (generated from per-crop agro-climatic profiles)
441,15.3,236,30.2,64,472,6.6,Ragi,SYNTHETIC (generated from per-crop agro-climatic profiles)
205,18.7,233,26.9,76,374,6.8,Green gram,SYNTHETIC (generated from per-crop agro-climatic profiles)
278,8.9,252,26.2,73,1678,5.9,Rice,SYNTHETIC (generated from per-crop agro-climatic profiles)
390,16.0,123,21.7,63,818,6.7,Wheat,SYNTHETIC (generated from per-crop agro-climatic profiles)
418,17.8,193,28.8,92,747,6.2,Maize,SYNTHETIC (generated from per-crop agro-climatic profiles)
298,20.3,234,27.3,51,443,7.7,Sorghum,SYNTHETIC (generated from per-crop agro-climatic profiles)
318,10.9,177,28.3,64,451,7.0,Pearl millet,SYNTHETIC (generated from per-crop agro-climatic profiles)
355,14.5,156,27.9,51,819,7.8,Cotton,SYNTHETIC (generated from per-crop agro-climatic profiles)
422,11.5,208,27.0,72,1476,7.2,Sugarcane,SYNTHETIC (generated from per-crop agro-climatic profiles)
202,12.8,174,29.4,74,436,6.5,Groundnut,SYNTHETIC (generated from per-crop agro-climatic profiles)
245,16.4,140,29.6,79,681,7.1,Soybean,SYNTHETIC (generated from per-crop agro-climatic profiles)
259,9.5,276,14.2,58,473,6.9,Chickpea,SYNTHETIC (generated from per-crop agro-climatic profiles)
211,5.9,240,28.4,80,412,7.8,Pigeon pea,SYNTHETIC (generated from per-crop agro-climatic profiles)
235,23.5,208,21.6,61,585,6.4,Lentil,SYNTHETIC (generated from per-crop agro-climatic profiles)
349,16.5,135,25.2,67,408,6.2,Mustard,SYNTHETIC (generated from per-crop agro-climatic profiles)
324,17.0,105,22.4,78,624,6.5,Sunflower,SYNTHETIC (generated from per-crop agro-climatic profiles)
373,13.9,154,15.8,80,745,7.4,Potato,SYNTHETIC (generated from per-crop agro-climatic profiles)
349,17.5,224,20.5,74,1038,7.8,Tomato,SYNTHETIC (generated from per-crop agro-climatic profiles)
429,19.3,113,20.3,45,956,7.3,Onion,SYNTHETIC (generated from per-crop agro-climatic profiles)
478,15.8,248,26.8,73,930,6.8,Banana,SYNTHETIC (generated from per-crop agro-climatic profiles)
263,22.2,225,25.7,51,666,6.5,Chilli,SYNTHETIC (generated from per-crop agro-climatic profiles)
431,12.5,239,24.8,62,1589,7.0,Turmeric,SYNTHETIC (generated from per-crop agro-climatic profiles)
390,13.6,256,28.8,54,494,6.8,Ragi,SYNTHETIC (generated from per-crop agro-climatic profiles)
237,18.0,208,27.4,80,492,7.3,Green gram,SYNTHETIC (generated from per-crop agro-climatic profiles)
284,13.4,262,29.4,76,1246,6.8,Rice,SYNTHETIC (generated from per-crop agro-climatic profiles)
321,11.3,142,21.6,57,894,6.5,Wheat,SYNTHETIC (generated from per-crop agro-climatic profiles)
401,19.2,274,27.5,96,896,6.3,Maize,SYNTHETIC (generated from per-crop agro-climatic profiles)
370,15.3,210,22.4,46,412,7.7,Sorghum,SYNTHETIC (generated from per-crop agro-climatic profiles)
293,7.5,154,26.6,67,387,7.2,Pearl millet,SYNTHETIC (generated from per-crop agro-climatic profiles)
402,13.6,154,23.5,33,816,7.5,Cotton,SYNTHETIC (generated from per-crop agro-climatic profiles)
465,10.4,176,29.4,67,1359,7.6,Sugarcane,SYNTHETIC (generated from per-crop agro-climatic profiles)
204,14.3,185,32.3,82,381,6.4,Groundnut,SYNTHETIC (generated from per-crop agro-climatic profiles)
290,19.2,206,28.2,90,675,7.1,Soybean,SYNTHETIC (generated from per-crop agro-climatic profiles)
236,10.6,195,19.5,47,451,6.7,Chickpea,SYNTHETIC (generated from per-crop agro-climatic profiles)
195,10.5,239,28.6,85,383,7.2,Pigeon pea,SYNTHETIC (generated from per-crop agro-climatic profiles)
231,19.6,171,21.7,44,516,6.6,Lentil,SYNTHETIC (generated from per-crop agro-climatic profiles)
344,17.2,190,22.9,64,585,6.1,Mustard,SYNTHETIC (generated from per-crop agro-climatic profiles)
346,18.5,143,23.8,58,671,6.7,Sunflower,SYNTHETIC (generated from per-crop agro-climatic profiles)
362,13.5,144,16.0,86,620,7.6,Potato,SYNTHETIC (generated from per-crop agro-climatic profiles)
346,15.4,228,17.1,81,689,7.5,Tomato,SYNTHETIC (generated from per-crop agro-climatic profiles)
392,20.0,176,18.8,50,680,6.8,Onion,SYNTHETIC (generated from per-crop agro-climatic profiles)
386,18.5,234,30.3,71,944,6.9,Banana,SYNTHETIC (generated from per-crop agro-climatic profiles)
297,21.4,238,24.6,51,686,6.3,Chilli,SYNTHETIC (generated from per-crop agro-climatic profiles)
411,13.0,179,23.5,65,1521,7.3,Turmeric,SYNTHETIC (generated from per-crop agro-climatic profiles)
410,10.0,265,30.8,69,446,6.6,Ragi,SYNTHETIC (generated from per-crop agro-climatic profiles)
236,23.7,239,26.0,85,546,7.0,Green gram,SYNTHETIC (generated from per-crop agro-climatic profiles)
325,11.7,217,28.6,79,1382,5.6,Rice,SYNTHETIC (generated from per-crop agro-climatic profiles)
336,16.8,159,23.5,61,905,7.0,Wheat,SYNTHETIC (generated from per-crop agro-climatic profiles)
387,14.4,266,29.2,89,907,6.4,Maize,SYNTHETIC (generated from per-crop agro-climatic profiles)
312,14.7,166,25.8,46,491,7.9,Sorghum,SYNTHETIC (generated from per-crop agro-climatic profiles)
362,2.5,157,29.5,70,429,7.2,Pearl millet,SYNTHETIC (generated from per-crop agro-climatic profiles)
395,9.1,144,23.4,40,619,7.4,Cotton,SYNTHETIC (generated from per-crop agro-climatic profiles)
405,7.8,221,23.4,72,1298,6.9,Sugarcane,SYNTHETIC (generated from per-crop agro-climatic profiles)
192,14.1,200,30.3,66,372,6.2,Groundnut,SYNTHETIC (generated from per-crop agro-climatic profiles)
267,13.8,133,31.5,80,678,6.7,Soybean,SYNTHETIC (generated from per-crop agro-climatic profiles)
208,7.5,231,13.6,56,484,6.5,Chickpea,SYNTHETIC (generated from per-crop agro-climatic profiles)
279,10.5,254,26.6,91,417,7.9,Pigeon pea,SYNTHETIC (generated from per-crop agro-climatic profiles)
171,16.4,186,22.0,46,445,6.3,Lentil,SYNTHETIC (generated from per-crop agro-climatic profiles)
321,16.0,175,23.4,77,480,6.5,Mustard,SYNTHETIC (generated from per-crop agro-climatic profiles)
345,15.5,134,21.0,70,702,7.1,Sunflower,SYNTHETIC (generated from per-crop agro-climatic profiles)
352,12.8,160,17.3,92,638,7.3,Potato,SYNTHETIC (generated from per-crop agro-climatic profiles)
304,17.6,187,21.0,78,797,7.7,Tomato,SYNTHETIC (generated from per-crop agro-climatic profiles)
441,14.1,163,15.1,41,1041,6.9,Onion,SYNTHETIC (generated from per-crop agro-climatic profiles)
379,17.5,210,30.5,62,852,6.7,Banana,SYNTHETIC (generated from per-crop agro-climatic profiles)
338,13.6,127,25.7,66,665,6.7,Chilli,SYNTHETIC (generated from per-crop agro-climatic profiles)
481,15.6,156,25.4,62,1724,8.1,Turmeric,SYNTHETIC (generated from per-crop agro-climatic profiles)
461,19.5,274,30.1,60,538,5.8,Ragi,SYNTHETIC (generated from per-crop agro-climatic profiles)
239,16.2,218,25.5,98,385,7.0,Green gram,SYNTHETIC (generated from per-crop agro-climatic profiles)
335,14.4,243,28.2,76,1263,6.2,Rice,SYNTHETIC (generated from per-crop agro-climatic profiles)
338,10.5,171,21.2,62,798,6.8,Wheat,SYNTHETIC (generated from per-crop agro-climatic profiles)
329,18.2,234,25.8,87,619,6.0,Maize,SYNTHETIC (generated from per-crop agro-climatic profiles)
296,10.5,193,25.7,42,597,7.7,Sorghum,SYNTHETIC (generated from per-crop agro-climatic profiles)
357,7.8,104,30.9,64,391,7.3,Pearl millet,SYNTHETIC (generated from per-crop agro-climatic profiles)
427,16.6,119,25.0,54,655,8.3,Cotton,SYNTHETIC (generated from per-crop agro-climatic profiles)
372,3.9,144,28.8,73,1596,6.8,Sugarcane,SYNTHETIC (generated from per-crop agro-climatic profiles)
151,12.0,99,27.4,76,386,6.1,Groundnut,SYNTHETIC (generated from per-crop agro-climatic profiles)
228,20.3,175,31.7,79,814,7.4,Soybean,SYNTHETIC (generated from per-crop agro-climatic profiles)
189,8.7,214,17.1,55,453,6.6,Chickpea,SYNTHETIC (generated from per-crop agro-climatic profiles)
252,8.1,232,28.4,75,462,7.9,Pigeon pea,SYNTHETIC (generated from per-crop agro-climatic profiles)
217,21.3,180,22.6,49,381,6.3,Lentil,SYNTHETIC (generated from per-crop agro-climatic profiles)
355,15.2,95,24.2,69,386,6.1,Mustard,SYNTHETIC (generated from per-crop agro-climatic profiles)
303,18.2,68,24.5,63,747,6.4,Sunflower,SYNTHETIC (generated from per-crop agro-climatic profiles)
355,11.8,196,17.6,88,658,7.6,Potato,SYNTHETIC (generated from per-crop agro-climatic profiles)
330,19.2,200,17.5,76,706,7.2,Tomato,SYNTHETIC (generated from per-crop agro-climatic profiles)
418,21.7,122,16.4,47,861,6.9,Onion,SYNTHETIC (generated from per-crop agro-climatic profiles)
387,17.4,277,29.1,62,990,6.2,Banana,SYNTHETIC (generated from per-crop agro-climatic profiles)
319,15.7,215,24.8,51,719,6.2,Chilli,SYNTHETIC (generated from per-crop agro-climatic profiles)
395,16.4,206,25.8,63,1175,7.3,Turmeric,SYNTHETIC (generated from per-crop agro-climatic profiles)
437,14.2,279,30.5,62,572,6.0,Ragi,SYNTHETIC (generated from per-crop agro-climatic profiles)
237,14.0,209,25.3,76,427,7.3,Green gram,SYNTHETIC (generated from per-crop agro-climatic profiles)
316,15.3,166,30.3,69,1213,6.3,Rice,SYNTHETIC (generated from per-crop agro-climatic profiles)
331,11.1,198,23.4,67,701,6.7,Wheat,SYNTHETIC (generated from per-crop agro-climatic profiles)
414,12.3,248,26.5,86,805,6.5,Maize,SYNTHETIC (generated from per-crop agro-climatic profiles)
285,12.9,203,24.4,53,549,7.3,Sorghum,SYNTHETIC (generated from per-crop agro-climatic profiles)
356,11.2,120,27.5,59,403,7.5,Pearl millet,SYNTHETIC (generated from per-crop agro-climatic profiles)
460,3.3,177,26.7,50,808,7.2,Cotton,SYNTHETIC (generated from per-crop agro-climatic profiles)
390,12.1,207,26.3,70,1358,6.8,Sugarcane,SYNTHETIC (generated from per-crop agro-climatic profiles)
188,18.3,185,30.5,72,361,5.9,Groundnut,SYNTHETIC (generated from per-crop agro-climatic profiles)
264,21.1,298,30.9,79,660,7.2,Soybean,SYNTHETIC (generated from per-crop agro-climatic profiles)
226,7.2,196,19.8,67,460,6.6,Chickpea,SYNTHETIC (generated from per-crop agro-climatic profiles)
273,13.0,191,30.3,80,382,7.3,Pigeon pea,SYNTHETIC (generated from per-crop agro-climatic profiles)
181,20.0,191,20.2,48,467,6.5,Lentil,SYNTHETIC (generated from per-crop agro-climatic profiles)
320,18.5,171,25.6,74,521,6.1,Mustard,SYNTHETIC (generated from per-crop agro-climatic profiles)
360,19.9,157,20.9,79,806,7.1,Sunflower,SYNTHETIC (generated from per-crop agro-climatic profiles)
399,15.9,217,18.1,91,702,7.5,Potato,SYNTHETIC (generated from per-crop agro-climatic profiles)
300,12.0,198,20.1,65,964,8.1,Tomato,SYNTHETIC (generated from per-crop agro-climatic profiles)
340,19.2,122,16.2,41,739,7.0,Onion,SYNTHETIC (generated from per-crop agro-climatic profiles)
400,16.8,238,28.7,58,1032,6.7,Banana,SYNTHETIC (generated from per-crop agro-climatic profiles)
342,22.1,197,28.1,51,660,6.6,Chilli,SYNTHETIC (generated from per-crop agro-climatic profiles)
418,17.4,214,28.4,57,1505,7.4,Turmeric,SYNTHETIC (generated from per-crop agro-climatic profiles)
418,11.3,281,28.9,58,530,6.7,Ragi,SYNTHETIC (generated from per-crop agro-climatic profiles)
248,20.2,205,25.8,94,497,7.9,Green gram,SYNTHETIC (generated from per-crop agro-climatic profiles)
304,18.6,226,29.4,75,1696,5.9,Rice,SYNTHETIC (generated from per-crop agro-climatic profiles)
328,18.9,154,24.3,70,828,6.9,Wheat,SYNTHETIC (generated from per-crop agro-climatic profiles)
425,14.1,217,26.2,86,948,6.3,Maize,SYNTHETIC (generated from per-crop agro-climatic profiles)
289,18.0,221,24.7,46,439,7.4,Sorghum,SYNTHETIC (generated from per-crop agro-climatic profiles)
303,10.2,124,28.5,60,438,7.4,Pearl millet,SYNTHETIC (generated from per-crop agro-climatic profiles)
391,10.6,178,28.2,41,755,7.3,Cotton,SYNTHETIC (generated from per-crop agro-climatic profiles)
416,7.4,192,24.9,83,1360,6.8,Sugarcane,SYNTHETIC (generated from per-crop agro-climatic profiles)
130,14.6,142,30.0,56,409,5.9,Groundnut,SYNTHETIC (generated from per-crop agro-climatic profiles)
250,14.4,192,29.2,82,556,6.8,Soybean,SYNTHETIC (generated from per-crop agro-climatic profiles)
191,16.4,285,18.7,61,404,6.2,Chickpea,SYNTHETIC (generated from per-crop agro-climatic profiles)
324,13.9,253,28.9,88,408,7.3,Pigeon pea,SYNTHETIC (generated from per-crop agro-climatic profiles)
223,25.9,174,23.1,47,423,6.6,Lentil,SYNTHETIC (generated from per-crop agro-climatic profiles)
310,12.6,155,27.2,57,481,5.7,Mustard,SYNTHETIC (generated from per-crop agro-climatic profiles)
347,17.0,144,23.6,68,719,6.8,Sunflower,SYNTHETIC (generated from per-crop agro-climatic profiles)
393,22.9,219,18.3,75,652,7.4,Potato,SYNTHETIC (generated from per-crop agro-climatic profiles)
377,18.3,235,16.5,74,846,7.3,Tomato,SYNTHETIC (generated from per-crop agro-climatic profiles)
446,20.7,133,17.4,58,1072,7.1,Onion,SYNTHETIC (generated from per-crop agro-climatic profiles)
430,16.4,251,30.6,71,775,6.3,Banana,SYNTHETIC (generated from per-crop agro-climatic profiles)
276,16.9,175,23.5,53,817,7.4,Chilli,SYNTHETIC (generated from per-crop agro-climatic profiles)
409,11.2,210,28.5,66,1640,7.7,Turmeric,SYNTHETIC (generated from per-crop agro-climatic profiles)
446,13.3,235,27.8,49,488,6.5,Ragi,SYNTHETIC (generated from per-crop agro-climatic profiles)
195,19.8,255,26.9,78,509,7.8,Green gram,SYNTHETIC (generated from per-crop agro-climatic profiles)
337,12.9,197,26.9,83,1390,6.0,Rice,SYNTHETIC (generated from per-crop agro-climatic profiles)
308,13.6,186,21.6,64,901,6.7,Wheat,SYNTHETIC (generated from per-crop agro-climatic profiles)
381,14.6,228,28.0,87,801,6.2,Maize,SYNTHETIC (generated from per-crop agro-climatic profiles)
409,18.7,184,25.8,50,509,7.4,Sorghum,SYNTHETIC (generated from per-crop agro-climatic profiles)
358,14.3,173,29.2,69,434,7.7,Pearl millet,SYNTHETIC (generated from per-crop agro-climatic profiles)
394,8.0,162,24.1,46,668,7.6,Cotton,SYNTHETIC (generated from per-crop agro-climatic profiles)
319,8.8,209,26.8,77,1218,7.0,Sugarcane,SYNTHETIC (generated from per-crop agro-climatic profiles)
134,12.1,139,30.2,70,429,6.7,Groundnut,SYNTHETIC (generated from per-crop agro-climatic profiles)
251,12.9,206,33.5,72,784,7.8,Soybean,SYNTHETIC (generated from per-crop agro-climatic profiles)
206,8.8,268,16.1,68,358,6.5,Chickpea,SYNTHETIC (generated from per-crop agro-climatic profiles)
292,9.4,253,30.4,79,354,7.5,Pigeon pea,SYNTHETIC (generated from per-crop agro-climatic profiles)
243,22.6,199,23.5,52,483,6.4,Lentil,SYNTHETIC (generated from per-crop agro-climatic profiles)
315,20.3,188,23.7,66,470,6.2,Mustard,SYNTHETIC (generated from per-crop agro-climatic profiles)
395,15.4,138,22.1,60,870,6.6,Sunflower,SYNTHETIC (generated from per-crop agro-climatic profiles)
343,14.6,196,14.6,92,716,7.5,Potato,SYNTHETIC (generated from per-crop agro-climatic profiles)
379,13.2,202,21.4,74,826,7.2,Tomato,SYNTHETIC (generated from per-crop agro-climatic profiles)
348,22.4,71,18.3,58,911,7.0,Onion,SYNTHETIC (generated from per-crop agro-climatic profiles)
405,20.6,276,26.7,74,793,6.7,Banana,SYNTHETIC (generated from per-crop agro-climatic profiles)
346,21.8,252,23.7,59,571,6.8,Chilli,SYNTHETIC (generated from per-crop agro-climatic profiles)
443,20.7,181,24.5,76,1557,7.2,Turmeric,SYNTHETIC (generated from per-crop agro-climatic profiles)
445,14.1,218,30.7,71,452,6.0,Ragi,SYNTHETIC (generated from per-crop agro-climatic profiles)
192,17.1,179,28.2,88,470,7.3,Green gram,SYNTHETIC (generated from per-crop agro-climatic profiles)
359,9.8,244,30.0,75,1536,6.6,Rice,SYNTHETIC (generated from per-crop agro-climatic profiles)
312,13.6,155,25.4,56,779,7.1,Wheat,SYNTHETIC (generated from per-crop agro-climatic profiles)
412,14.7,218,28.0,89,650,6.7,Maize,SYNTHETIC (generated from per-crop agro-climatic profiles)
297,20.0,211,24.6,58,520,8.3,Sorghum,SYNTHETIC (generated from per-crop agro-climatic profiles)
288,10.4,139,28.1,65,438,7.3,Pearl millet,SYNTHETIC (generated from per-crop agro-climatic profiles)
425,11.2,180,27.2,37,605,7.3,Cotton,SYNTHETIC (generated from per-crop agro-climatic profiles)
362,11.8,239,24.2,61,1400,6.9,Sugarcane,SYNTHETIC (generated from per-crop agro-climatic profiles)
125,21.5,157,32.9,69,418,6.4,Groundnut,SYNTHETIC (generated from per-crop agro-climatic profiles)
296,17.1,221,29.9,88,644,7.4,Soybean,SYNTHETIC (generated from per-crop agro-climatic profiles)
314,10.5,257,15.3,64,401,6.9,Chickpea,SYNTHETIC (generated from per-crop agro-climatic profiles)
241,14.4,219,31.0,81,353,8.0,Pigeon pea,SYNTHETIC (generated from per-crop agro-climatic profiles)
220,16.3,220,23.9,49,455,6.6,Lentil,SYNTHETIC (generated from per-crop agro-climatic profiles)
318,12.4,162,21.4,69,414,6.3,Mustard,SYNTHETIC (generated from per-crop agro-climatic profiles)
309,17.1,172,22.8,59,780,6.5,Sunflower,SYNTHETIC (generated from per-crop agro-climatic profiles)
398,14.7,210,17.5,78,611,8.0,Potato,SYNTHETIC (generated from per-crop agro-climatic profiles)
319,13.9,199,19.4,71,680,7.7,Tomato,SYNTHETIC (generated from per-crop agro-climatic profiles)
386,18.3,155,18.3,50,826,7.0,Onion,SYNTHETIC (generated from per-crop agro-climatic profiles)
454,12.4,220,26.5,66,1011,6.3,Banana,SYNTHETIC (generated from per-crop agro-climatic profiles)
383,17.6,175,23.4,54,774,7.3,Chilli,SYNTHETIC (generated from per-crop agro-climatic profiles)
440,14.9,192,26.2,67,1556,7.6,Turmeric,SYNTHETIC (generated from per-crop agro-climatic profiles)
457,19.3,245,30.4,68,546,6.4,Ragi,SYNTHETIC (generated from per-crop agro-climatic profiles)
226,18.6,207,24.8,83,423,7.1,Green gram,SYNTHETIC (generated from per-crop agro-climatic profiles)
282,15.0,269,25.9,76,1487,6.5,Rice,SYNTHETIC (generated from per-crop agro-climatic profiles)
322,9.6,136,25.4,75,888,7.2,Wheat,SYNTHETIC (generated from per-crop agro-climatic profiles)
419,14.0,237,27.1,84,850,6.5,Maize,SYNTHETIC (generated from per-crop agro-climatic profiles)
306,12.4,198,27.0,45,377,7.2,Sorghum,SYNTHETIC (generated from per-crop agro-climatic profiles)
284,11.1,139,29.4,63,530,7.5,Pearl millet,SYNTHETIC (generated from per-crop agro-climatic profiles)
422,11.6,186,23.8,46,634,8.2,Cotton,SYNTHETIC (generated from per-crop agro-climatic profiles)
359,11.0,220,26.2,72,1370,6.7,Sugarcane,SYNTHETIC (generated from per-crop agro-climatic profiles)
184,17.9,197,31.5,80,539,6.5,Groundnut,SYNTHETIC (generated from per-crop agro-climatic profiles)
248,16.3,210,28.2,85,627,7.0,Soybean,SYNTHETIC (generated from per-crop agro-climatic profiles)
242,11.2,220,14.2,55,442,7.2,Chickpea,SYNTHETIC (generated from per-crop agro-climatic profiles)
274,12.0,220,28.4,88,341,7.6,Pigeon pea,SYNTHETIC (generated from per-crop agro-climatic profiles)
279,22.6,221,22.8,46,471,6.1,Lentil,SYNTHETIC (generated from per-crop agro-climatic profiles)
379,12.7,143,26.3,72,418,6.3,Mustard,SYNTHETIC (generated from per-crop agro-climatic profiles)
327,15.5,114,24.4,68,738,6.3,Sunflower,SYNTHETIC (generated from per-crop agro-climatic profiles)
433,9.9,177,13.5,87,562,7.7,Potato,SYNTHETIC (generated from per-crop agro-climatic profiles)
331,16.1,223,17.3,77,812,8.5,Tomato,SYNTHETIC (generated from per-crop agro-climatic profiles)
336,21.9,188,16.3,48,1050,7.2,Onion,SYNTHETIC (generated from per-crop agro-climatic profiles)
347,16.0,272,30.2,71,944,6.6,Banana,SYNTHETIC (generated from per-crop agro-climatic profiles)
354,19.2,167,24.9,52,659,6.5,Chilli,SYNTHETIC (generated from per-crop agro-climatic profiles)
466,16.2,189,26.8,58,1462,7.6,Turmeric,SYNTHETIC (generated from per-crop agro-climatic profiles)
393,17.0,238,29.2,57,429,5.9,Ragi,SYNTHETIC (generated from per-crop agro-climatic profiles)
252,19.8,213,27.1,74,490,7.0,Green gram,SYNTHETIC (generated from per-crop agro-climatic profiles)
276,15.7,239,25.4,69,1622,6.1,Rice,SYNTHETIC (generated from per-crop agro-climatic profiles)
308,13.8,129,22.3,78,1076,6.7,Wheat,SYNTHETIC (generated from per-crop agro-climatic profiles)
402,18.4,281,27.5,83,741,6.1,Maize,SYNTHETIC (generated from per-crop agro-climatic profiles)
258,15.0,167,24.8,51,481,7.5,Sorghum,SYNTHETIC (generated from per-crop agro-climatic profiles)
378,12.0,150,27.9,67,441,7.0,Pearl millet,SYNTHETIC (generated from per-crop agro-climatic profiles)
388,11.3,149,24.7,46,767,8.7,Cotton,SYNTHETIC (generated from per-crop agro-climatic profiles)
382,14.2,226,25.7,60,1396,6.5,Sugarcane,SYNTHETIC (generated from per-crop agro-climatic profiles)
177,12.5,181,29.4,71,433,6.3,Groundnut,SYNTHETIC (generated from per-crop agro-climatic profiles)
277,15.1,171,30.2,81,782,7.3,Soybean,SYNTHETIC (generated from per-crop agro-climatic profiles)
275,9.3,218,18.9,60,480,6.5,Chickpea,SYNTHETIC (generated from per-crop agro-climatic profiles)
270,11.8,239,31.0,86,399,7.7,Pigeon pea,SYNTHETIC (generated from per-crop agro-climatic profiles)
197,17.6,243,25.6,54,482,6.2,Lentil,SYNTHETIC (generated from per-crop agro-climatic profiles)
303,9.9,178,25.3,71,491,5.8,Mustard,SYNTHETIC (generated from per-crop agro-climatic profiles)
304,21.9,171,21.0,74,694,6.5,Sunflower,SYNTHETIC (generated from per-crop agro-climatic profiles)
361,16.7,168,17.2,84,627,7.3,Potato,SYNTHETIC (generated from per-crop agro-climatic profiles)
326,19.6,235,19.9,68,887,7.5,Tomato,SYNTHETIC (generated from per-crop agro-climatic profiles)
451,17.4,124,18.1,48,768,6.6,Onion,SYNTHETIC (generated from per-crop agro-climatic profiles)
408,15.9,224,27.8,78,773,6.8,Banana,SYNTHETIC (generated from per-crop agro-climatic profiles)
346,21.7,192,28.0,54,550,6.6,Chilli,SYNTHETIC (generated from per-crop agro-climatic profiles)
445,14.5,156,24.3,57,1659,7.5,Turmeric,SYNTHETIC (generated from per-crop agro-climatic profiles)
447,14.7,235,27.8,63,435,6.2,Ragi,SYNTHETIC (generated from per-crop agro-climatic profiles)
261,16.0,261,27.3,90,446,7.0,Green gram,SYNTHETIC (generated from per-crop agro-climatic profiles)
327,9.0,233,28.1,72,1640,6.4,Rice,SYNTHETIC (generated from per-crop agro-climatic profiles)
290,13.7,138,22.6,74,969,6.6,Wheat,SYNTHETIC (generated from per-crop agro-climatic profiles)
402,17.2,259,27.6,80,765,6.5,Maize,SYNTHETIC (generated from per-crop agro-climatic profiles)
284,13.9,198,23.2,37,454,7.8,Sorghum,SYNTHETIC (generated from per-crop agro-climatic profiles)
355,7.4,147,31.4,75,445,7.0,Pearl millet,SYNTHETIC (generated from per-crop agro-climatic profiles)
393,9.4,169,24.5,35,746,7.4,Cotton,SYNTHETIC (generated from per-crop agro-climatic profiles)
457,7.8,175,25.5,57,1442,6.8,Sugarcane,SYNTHETIC (generated from per-crop agro-climatic profiles)
209,15.6,163,31.3,70,264,7.0,Groundnut,SYNTHETIC (generated from per-crop agro-climatic profiles)
188,13.5,166,31.1,89,840,6.8,Soybean,SYNTHETIC (generated from per-crop agro-climatic profiles)
227,6.8,286,17.7,58,408,6.7,Chickpea,SYNTHETIC (generated from per-crop agro-climatic profiles)
321,10.3,211,27.5,80,409,7.8,Pigeon pea,SYNTHETIC (generated from per-crop agro-climatic profiles)
206,22.0,243,20.6,42,455,6.0,Lentil,SYNTHETIC (generated from per-crop agro-climatic profiles)
338,19.4,199,24.1,59,501,5.9,Mustard,SYNTHETIC (generated from per-crop agro-climatic profiles)
343,18.1,125,25.6,64,645,6.6,Sunflower,SYNTHETIC (generated from per-crop agro-climatic profiles)
362,15.2,212,15.4,91,534,7.3,Potato,SYNTHETIC (generated from per-crop agro-climatic profiles)
384,12.0,231,17.1,82,783,7.6,Tomato,SYNTHETIC (generated from per-crop agro-climatic profiles)
377,18.2,140,19.4,49,907,7.0,Onion,SYNTHETIC (generated from per-crop agro-climatic profiles)
350,15.4,229,28.6,69,815,6.5,Banana,SYNTHETIC (generated from per-crop agro-climatic profiles)
273,22.5,221,26.9,61,615,6.6,Chilli,SYNTHETIC (generated from per-crop agro-climatic profiles)
390,16.6,224,24.6,62,1647,7.7,Turmeric,SYNTHETIC (generated from per-crop agro-climatic profiles)
334,11.5,241,30.6,68,394,6.7,Ragi,SYNTHETIC (generated from per-crop agro-climatic profiles)
219,17.9,261,27.8,77,411,7.4,Green gram,SYNTHETIC (generated from per-crop agro-climatic profiles)
307,8.0,216,30.1,71,1412,7.0,Rice,SYNTHETIC (generated from per-crop agro-climatic profiles)
337,9.9,167,23.1,68,893,7.1,Wheat,SYNTHETIC (generated from per-crop agro-climatic profiles)
446,18.5,290,27.2,64,572,6.3,Maize,SYNTHETIC (generated from per-crop agro-climatic profiles)
267,16.6,162,27.0,35,497,7.8,Sorghum,SYNTHETIC (generated from per-crop agro-climatic profiles)
352,9.8,241,27.2,64,483,7.1,Pearl millet,SYNTHETIC (generated from per-crop agro-climatic profiles)
425,9.8,172,28.7,30,763,7.7,Cotton,SYNTHETIC (generated from per-crop agro-climatic profiles)
481,13.1,237,25.9,72,1715,7.1,Sugarcane,SYNTHETIC (generated from per-crop agro-climatic profiles)
138,13.2,170,30.8,66,382,6.2,Groundnut,SYNTHETIC (generated from per-crop agro-climatic profiles)
268,19.8,293,29.2,87,654,7.2,Soybean,SYNTHETIC (generated from per-crop agro-climatic profiles)
263,10.3,231,16.2,57,542,6.4,Chickpea,SYNTHETIC (generated from per-crop agro-climatic profiles)
283,7.1,254,29.3,86,413,7.5,Pigeon pea,SYNTHETIC (generated from per-crop agro-climatic profiles)
212,17.2,233,23.8,43,445,6.0,Lentil,SYNTHETIC (generated from per-crop agro-climatic profiles)
280,10.4,182,22.6,72,493,6.3,Mustard,SYNTHETIC (generated from per-crop agro-climatic profiles)
358,21.9,87,27.4,77,643,6.6,Sunflower,SYNTHETIC (generated from per-crop agro-climatic profiles)
407,19.9,205,19.9,96,640,7.6,Potato,SYNTHETIC (generated from per-crop agro-climatic profiles)
271,11.5,244,17.6,70,848,7.4,Tomato,SYNTHETIC (generated from per-crop agro-climatic profiles)
413,17.2,155,19.2,32,962,6.5,Onion,SYNTHETIC (generated from per-crop agro-climatic profiles)
447,16.2,176,27.7,67,917,6.3,Banana,SYNTHETIC (generated from per-crop agro-climatic profiles)
345,19.8,167,26.8,65,678,6.5,Chilli,SYNTHETIC (generated from per-crop agro-climatic profiles)
439,16.4,183,24.5,57,1392,7.9,Turmeric,SYNTHETIC (generated from per-crop agro-climatic profiles)
405,11.5,215,29.7,63,443,6.7,Ragi,SYNTHETIC (generated from per-crop agro-climatic profiles)
279,18.2,195,27.1,85,418,7.1,Green gram,SYNTHETIC (generated from per-crop agro-climatic profiles)
272,11.9,217,28.9,70,1473,6.0,Rice,SYNTHETIC (generated from per-crop agro-climatic profiles)
376,9.0,200,23.4,60,874,7.2,Wheat,SYNTHETIC (generated from per-crop agro-climatic profiles)
424,16.3,232,25.7,83,786,6.2,Maize,SYNTHETIC (generated from per-crop agro-climatic profiles)
218,20.0,203,28.7,46,502,7.6,Sorghum,SYNTHETIC (generated from per-crop agro-climatic profiles)
337,9.7,164,29.7,69,440,7.3,Pearl millet,SYNTHETIC (generated from per-crop agro-climatic profiles)
438,11.3,204,27.2,39,806,7.1,Cotton,SYNTHETIC (generated from per-crop agro-climatic profiles)
424,8.8,179,23.4,67,1532,6.7,Sugarcane,SYNTHETIC (generated from per-crop agro-climatic profiles)
172,13.5,140,32.9,66,410,6.6,Groundnut,SYNTHETIC (generated from per-crop agro-climatic profiles)
203,14.6,260,31.7,92,779,7.4,Soybean,SYNTHETIC (generated from per-crop agro-climatic profiles)
246,11.5,287,18.8,56,420,6.6,Chickpea,SYNTHETIC (generated from per-crop agro-climatic profiles)
229,7.9,207,29.0,84,396,7.7,Pigeon pea,SYNTHETIC (generated from per-crop agro-climatic profiles)
234,24.4,228,22.6,60,461,6.4,Lentil,SYNTHETIC (generated from per-crop agro-climatic profiles)
363,12.1,91,22.7,66,421,6.4,Mustard,SYNTHETIC (generated from per-crop agro-climatic profiles)
298,20.7,123,23.7,64,672,5.7,Sunflower,SYNTHETIC (generated from per-crop agro-climatic profiles)
416,14.6,204,15.4,79,685,7.6,Potato,SYNTHETIC (generated from per-crop agro-climatic profiles)
316,13.1,235,17.8,72,843,7.2,Tomato,SYNTHETIC (generated from per-crop agro-climatic profiles)
424,22.2,131,17.3,37,926,7.1,Onion,SYNTHETIC (generated from per-crop agro-climatic profiles)
390,13.5,237,28.4,62,847,6.6,Banana,SYNTHETIC (generated from per-crop agro-climatic profiles)
326,18.1,227,24.9,46,767,6.8,Chilli,SYNTHETIC (generated from per-crop agro-climatic profiles)
444,17.5,234,26.8,60,1492,7.2,Turmeric,SYNTHETIC (generated from per-crop agro-climatic profiles)
421,11.5,228,30.8,47,409,6.5,Ragi,SYNTHETIC (generated from per-crop agro-climatic profiles)
173,22.2,188,27.4,80,416,6.4,Green gram,SYNTHETIC (generated from per-crop agro-climatic profiles)
328,14.6,245,31.1,77,1487,6.0,Rice,SYNTHETIC (generated from per-crop agro-climatic profiles)
332,11.6,161,20.5,64,744,6.5,Wheat,SYNTHETIC (generated from per-crop agro-climatic profiles)
399,17.7,258,26.3,93,728,6.4,Maize,SYNTHETIC (generated from per-crop agro-climatic profiles)
284,13.4,171,27.9,57,484,7.6,Sorghum,SYNTHETIC (generated from per-crop agro-climatic profiles)
340,13.3,70,28.2,59,360,7.2,Pearl millet,SYNTHETIC (generated from per-crop agro-climatic profiles)
434,11.2,137,27.0,34,671,7.2,Cotton,SYNTHETIC (generated from per-crop agro-climatic profiles)
357,14.6,199,25.8,84,1509,7.0,Sugarcane,SYNTHETIC (generated from per-crop agro-climatic profiles)
152,13.0,197,33.0,75,474,6.2,Groundnut,SYNTHETIC (generated from per-crop agro-climatic profiles)
240,16.3,202,29.3,89,636,7.6,Soybean,SYNTHETIC (generated from per-crop agro-climatic profiles)
269,9.4,197,21.0,54,435,6.0,Chickpea,SYNTHETIC (generated from per-crop agro-climatic profiles)
258,9.5,252,26.0,75,421,7.2,Pigeon pea,SYNTHETIC (generated from per-crop agro-climatic profiles)
232,19.8,181,22.3,49,460,7.0,Lentil,SYNTHETIC (generated from per-crop agro-climatic profiles)
375,16.5,112,24.6,67,459,6.3,Mustard,SYNTHETIC (generated from per-crop agro-climatic profiles)
408,17.8,79,24.8,65,646,6.2,Sunflower,SYNTHETIC (generated from per-crop agro-climatic profiles)
359,14.4,159,14.4,81,606,7.5,Potato,SYNTHETIC (generated from per-crop agro-climatic profiles)
350,17.2,229,19.0,69,843,7.6,Tomato,SYNTHETIC (generated from per-crop agro-climatic profiles)
390,15.7,79,16.0,43,994,6.8,Onion,SYNTHETIC (generated from per-crop agro-climatic profiles)
388,14.8,158,27.8,66,793,6.2,Banana,SYNTHETIC (generated from per-crop agro-climatic profiles)
308,20.4,250,23.9,49,793,6.5,Chilli,SYNTHETIC (generated from per-crop agro-climatic profiles)
423,20.1,222,25.7,50,1344,7.6,Turmeric,SYNTHETIC (generated from per-crop agro-climatic profiles)
450,17.7,191,31.9,56,509,6.3,Ragi,SYNTHETIC (generated from per-crop agro-climatic profiles)
241,21.1,216,28.6,74,474,7.6,Green gram,SYNTHETIC (generated from per-crop agro-climatic profiles)
353,13.0,193,29.2,84,1312,6.1,Rice,SYNTHETIC (generated from per-crop agro-climatic profiles)
326,5.7,173,23.7,61,922,6.6,Wheat,SYNTHETIC (generated from per-crop agro-climatic profiles)
428,16.7,245,30.2,71,691,6.5,Maize,SYNTHETIC (generated from per-crop agro-climatic profiles)
299,12.1,182,25.5,47,502,8.0,Sorghum,SYNTHETIC (generated from per-crop agro-climatic profiles)
314,11.3,146,28.9,69,540,6.8,Pearl millet,SYNTHETIC (generated from per-crop agro-climatic profiles)
402,10.6,195,23.7,56,635,7.4,Cotton,SYNTHETIC (generated from per-crop agro-climatic profiles)
395,11.5,219,25.0,64,1127,6.7,Sugarcane,SYNTHETIC (generated from per-crop agro-climatic profiles)
237,11.1,152,29.1,65,376,6.0,Groundnut,SYNTHETIC (generated from per-crop agro-climatic profiles)
257,13.8,166,31.6,92,736,7.7,Soybean,SYNTHETIC (generated from per-crop agro-climatic profiles)
225,9.8,255,18.3,64,519,6.7,Chickpea,SYNTHETIC (generated from per-crop agro-climatic profiles)
392,12.3,235,27.5,80,409,8.0,Pigeon pea,SYNTHETIC (generated from per-crop agro-climatic profiles)
197,18.4,194,23.3,55,550,6.0,Lentil,SYNTHETIC (generated from per-crop agro-climatic profiles)
393,11.7,198,23.9,65,462,5.9,Mustard,SYNTHETIC (generated from per-crop agro-climatic profiles)
264,16.6,139,22.0,62,650,6.2,Sunflower,SYNTHETIC (generated from per-crop agro-climatic profiles)
367,18.2,207,17.4,87,672,7.8,Potato,SYNTHETIC (generated from per-crop agro-climatic profiles)
312,19.4,163,17.0,76,758,7.4,Tomato,SYNTHETIC (generated from per-crop agro-climatic profiles)
364,21.2,192,15.7,39,1257,7.0,Onion,SYNTHETIC (generated from per-crop agro-climatic profiles)
380,18.0,260,29.6,75,874,6.7,Banana,SYNTHETIC (generated from per-crop agro-climatic profiles)
375,19.5,174,25.4,49,733,6.0,Chilli,SYNTHETIC (generated from per-crop agro-climatic profiles)
436,16.7,153,28.4,60,1458,8.3,Turmeric,SYNTHETIC (generated from per-crop agro-climatic profiles)
428,11.2,273,33.0,69,525,6.2,Ragi,SYNTHETIC (generated from per-crop agro-climatic profiles)
241,22.7,208,28.9,94,410,7.3,Green gram,SYNTHETIC (generated from per-crop agro-climatic profiles)
348,15.4,267,29.3,79,1415,6.0,Rice,SYNTHETIC (generated from per-crop agro-climatic profiles)
342,11.4,186,20.5,58,864,7.4,Wheat,SYNTHETIC (generated from per-crop agro-climatic profiles)
307,14.9,200,30.7,82,666,6.7,Maize,SYNTHETIC (generated from per-crop agro-climatic profiles)
330,14.3,220,27.0,54,400,7.4,Sorghum,SYNTHETIC (generated from per-crop agro-climatic profiles)
320,6.8,160,26.9,71,524,6.7,Pearl millet,SYNTHETIC (generated from per-crop agro-climatic profiles)
509,12.3,185,27.5,47,661,7.4,Cotton,SYNTHETIC (generated from per-crop agro-climatic profiles)
432,11.1,141,27.6,65,1319,7.0,Sugarcane,SYNTHETIC (generated from per-crop agro-climatic profiles)
262,21.9,149,32.2,73,366,6.7,Groundnut,SYNTHETIC (generated from per-crop agro-climatic profiles)
208,23.0,160,30.3,90,802,7.1,Soybean,SYNTHETIC (generated from per-crop agro-climatic profiles)
266,10.8,298,16.9,55,469,6.2,Chickpea,SYNTHETIC (generated from per-crop agro-climatic profiles)
296,10.1,191,29.1,82,398,7.3,Pigeon pea,SYNTHETIC (generated from per-crop agro-climatic profiles)
252,16.4,186,21.4,42,488,6.4,Lentil,SYNTHETIC (generated from per-crop agro-climatic profiles)
281,9.9,177,22.6,76,505,5.9,Mustard,SYNTHETIC (generated from per-crop agro-climatic profiles)
387,17.9,181,22.6,65,797,7.2,Sunflower,SYNTHETIC (generated from per-crop agro-climatic profiles)
374,16.9,194,16.0,83,576,7.3,Potato,SYNTHETIC (generated from per-crop agro-climatic profiles)
430,14.6,213,21.7,74,797,7.8,Tomato,SYNTHETIC (generated from per-crop agro-climatic profiles)
402,18.6,178,14.2,44,890,6.8,Onion,SYNTHETIC (generated from per-crop agro-climatic profiles)
432,16.8,212,28.4,70,632,6.5,Banana,SYNTHETIC (generated from per-crop agro-climatic profiles)
310,19.8,228,26.0,50,692,6.8,Chilli,SYNTHETIC (generated from per-crop agro-climatic profiles)
401,12.8,238,26.3,65,1623,7.6,Turmeric,SYNTHETIC (generated from per-crop agro-climatic profiles)
431,12.8,255,27.9,61,413,6.6,Ragi,SYNTHETIC (generated from per-crop agro-climatic profiles)
129,15.7,197,30.2,86,424,7.6,Green gram,SYNTHETIC (generated from per-crop agro-climatic profiles)
277,12.0,236,29.8,69,1284,6.6,Rice,SYNTHETIC (generated from per-crop agro-climatic profiles)
363,8.6,166,21.0,80,981,7.1,Wheat,SYNTHETIC (generated from per-crop agro-climatic profiles)
372,16.0,273,27.4,82,663,6.3,Maize,SYNTHETIC (generated from per-crop agro-climatic profiles)
304,13.6,213,27.1,48,469,8.0,Sorghum,SYNTHETIC (generated from per-crop agro-climatic profiles)
339,7.8,129,31.5,73,497,7.3,Pearl millet,SYNTHETIC (generated from per-crop agro-climatic profiles)
400,8.6,174,23.6,57,821,8.0,Cotton,SYNTHETIC (generated from per-crop agro-climatic profiles)
368,12.5,241,24.9,69,1414,7.4,Sugarcane,SYNTHETIC (generated from per-crop agro-climatic profiles)
112,17.7,216,33.1,65,385,6.0,Groundnut,SYNTHETIC (generated from per-crop agro-climatic profiles)
292,17.7,140,31.9,86,777,7.4,Soybean,SYNTHETIC (generated from per-crop agro-climatic profiles)
226,10.0,242,18.0,59,385,6.3,Chickpea,SYNTHETIC (generated from per-crop agro-climatic profiles)
278,7.8,223,29.0,78,423,7.4,Pigeon pea,SYNTHETIC (generated from per-crop agro-climatic profiles)
228,17.9,220,22.8,55,522,6.0,Lentil,SYNTHETIC (generated from per-crop agro-climatic profiles)
350,13.1,173,27.1,67,569,6.0,Mustard,SYNTHETIC (generated from per-crop agro-climatic profiles)
324,15.6,162,21.8,54,775,7.0,Sunflower,SYNTHETIC (generated from per-crop agro-climatic profiles)
405,10.5,145,15.8,81,496,7.3,Potato,SYNTHETIC (generated from per-crop agro-climatic profiles)
361,13.0,229,19.9,63,754,7.5,Tomato,SYNTHETIC (generated from per-crop agro-climatic profiles)
297,21.5,169,16.9,45,829,6.7,Onion,SYNTHETIC (generated from per-crop agro-climatic profiles)
398,14.4,232,30.8,79,876,6.5,Banana,SYNTHETIC (generated from per-crop agro-climatic profiles)
343,20.3,176,26.3,55,669,7.3,Chilli,SYNTHETIC (generated from per-crop agro-climatic profiles)
454,19.6,174,26.3,53,1319,7.9,Turmeric,SYNTHETIC (generated from per-crop agro-climatic profiles)
447,9.0,222,29.5,60,435,6.0,Ragi,SYNTHETIC (generated from per-crop agro-climatic profiles)
231,18.4,157,28.7,82,503,7.3,Green gram,SYNTHETIC (generated from per-crop agro-climatic profiles)
369,8.5,229,30.0,77,1335,6.0,Rice,SYNTHETIC (generated from per-crop agro-climatic profiles)
287,16.4,144,23.1,66,965,7.4,Wheat,SYNTHETIC (generated from per-crop agro-climatic profiles)
379,20.8,283,25.8,81,888,6.4,Maize,SYNTHETIC (generated from per-crop agro-climatic profiles)
290,19.7,196,27.7,53,543,7.8,Sorghum,SYNTHETIC (generated from per-crop agro-climatic profiles)
358,9.1,194,28.0,63,415,7.4,Pearl millet,SYNTHETIC (generated from per-crop agro-climatic profiles)
389,9.5,121,25.8,51,537,7.6,Cotton,SYNTHETIC (generated from per-crop agro-climatic profiles)
363,9.1,207,27.4,73,1432,6.8,Sugarcane,SYNTHETIC (generated from per-crop agro-climatic profiles)
219,17.5,200,31.4,65,433,6.6,Groundnut,SYNTHETIC (generated from per-crop agro-climatic profiles)
261,14.8,240,29.6,98,673,7.2,Soybean,SYNTHETIC (generated from per-crop agro-climatic profiles)
236,4.3,262,17.3,49,429,6.5,Chickpea,SYNTHETIC (generated from per-crop agro-climatic profiles)
250,12.6,236,31.5,83,396,7.0,Pigeon pea,SYNTHETIC (generated from per-crop agro-climatic profiles)
200,19.4,264,21.7,57,486,6.1,Lentil,SYNTHETIC (generated from per-crop agro-climatic profiles)
350,14.5,165,24.6,71,538,6.8,Mustard,SYNTHETIC (generated from per-crop agro-climatic profiles)
378,12.8,108,24.1,71,732,6.5,Sunflower,SYNTHETIC (generated from per-crop agro-climatic profiles)
421,17.9,193,17.9,98,556,7.4,Potato,SYNTHETIC (generated from per-crop agro-climatic profiles)
277,9.1,232,21.3,74,913,8.6,Tomato,SYNTHETIC (generated from per-crop agro-climatic profiles)
400,15.8,190,18.4,55,905,6.9,Onion,SYNTHETIC (generated from per-crop agro-climatic profiles)
335,13.1,230,28.4,68,803,6.3,Banana,SYNTHETIC (generated from per-crop agro-climatic profiles)
299,21.8,187,25.5,48,709,7.0,Chilli,SYNTHETIC (generated from per-crop agro-climatic profiles)
432,11.6,172,28.3,60,1558,7.4,Turmeric,SYNTHETIC (generated from per-crop agro-climatic profiles)
331,11.4,210,33.7,58,566,6.6,Ragi,SYNTHETIC (generated from per-crop agro-climatic profiles)
221,17.9,221,25.0,86,497,7.9,Green gram,SYNTHETIC (generated from per-crop agro-climatic profiles)
346,10.1,224,29.7,71,1250,5.6,Rice,SYNTHETIC (generated from per-crop agro-climatic profiles)
364,11.6,142,21.8,75,882,6.9,Wheat,SYNTHETIC (generated from per-crop agro-climatic profiles)
493,16.0,283,29.1,83,774,6.5,Maize,SYNTHETIC (generated from per-crop agro-climatic profiles)
249,15.9,224,24.5,48,513,7.6,Sorghum,SYNTHETIC (generated from per-crop agro-climatic profiles)
285,5.7,193,30.2,69,495,7.0,Pearl millet,SYNTHETIC (generated from per-crop agro-climatic profiles)
460,5.4,178,24.3,48,584,7.9,Cotton,SYNTHETIC (generated from per-crop agro-climatic profiles)
374,9.2,214,29.4,66,1204,6.8,Sugarcane,SYNTHETIC (generated from per-crop agro-climatic profiles)
245,11.9,139,27.3,66,393,6.5,Groundnut,SYNTHETIC (generated from per-crop agro-climatic profiles)
263,13.9,168,30.7,82,736,7.0,Soybean,SYNTHETIC (generated from per-crop agro-climatic profiles)
237,10.3,222,17.0,60,440,6.5,Chickpea,SYNTHETIC (generated from per-crop agro-climatic profiles)
319,5.5,263,32.0,84,347,8.1,Pigeon pea,SYNTHETIC (generated from per-crop agro-climatic profiles)
189,22.0,171,23.5,56,429,6.3,Lentil,SYNTHETIC (generated from per-crop agro-climatic profiles)
335,14.2,127,22.1,53,464,6.2,Mustard,SYNTHETIC (generated from per-crop agro-climatic profiles)
294,18.7,188,21.4,55,681,6.8,Sunflower,SYNTHETIC (generated from per-crop agro-climatic profiles)
355,14.0,146,16.7,78,596,7.3,Potato,SYNTHETIC (generated from per-crop agro-climatic profiles)
297,17.0,226,15.8,63,693,8.0,Tomato,SYNTHETIC (generated from per-crop agro-climatic profiles)
422,19.5,155,16.6,51,972,6.5,Onion,SYNTHETIC (generated from per-crop agro-climatic profiles)
399,10.8,202,25.8,64,689,6.4,Banana,SYNTHETIC (generated from per-crop agro-climatic profiles)
349,16.1,181,25.3,58,578,7.0,Chilli,SYNTHETIC (generated from per-crop agro-climatic profiles)
490,14.8,224,25.7,65,1586,8.2,Turmeric,SYNTHETIC (generated from per-crop agro-climatic profiles)
449,12.4,298,31.0,61,469,6.3,Ragi,SYNTHETIC (generated from per-crop agro-climatic profiles)
199,19.4,198,28.4,79,486,7.9,Green gram,SYNTHETIC (generated from per-crop agro-climatic profiles)
373,11.8,238,25.3,77,1454,6.3,Rice,SYNTHETIC (generated from per-crop agro-climatic profiles)
352,8.8,177,22.3,56,872,7.0,Wheat,SYNTHETIC (generated from per-crop agro-climatic profiles)
430,17.5,257,29.7,73,697,5.8,Maize,SYNTHETIC (generated from per-crop agro-climatic profiles)
285,13.1,144,24.6,57,530,7.9,Sorghum,SYNTHETIC (generated from per-crop agro-climatic profiles)
353,6.1,103,27.0,64,460,7.2,Pearl millet,SYNTHETIC (generated from per-crop agro-climatic profiles)
409,12.8,183,25.9,43,769,7.4,Cotton,SYNTHETIC (generated from per-crop agro-climatic profiles)
361,7.4,212,27.3,73,1089,7.3,Sugarcane,SYNTHETIC (generated from per-crop agro-climatic profiles)
145,9.2,215,31.1,73,486,6.1,Groundnut,SYNTHETIC (generated from per-crop agro-climatic profiles)
295,20.0,239,30.4,85,719,7.8,Soybean,SYNTHETIC (generated from per-crop agro-climatic profiles)
237,11.2,197,17.8,59,360,6.9,Chickpea,SYNTHETIC (generated from per-crop agro-climatic profiles)
343,13.2,243,29.9,77,419,8.0,Pigeon pea,SYNTHETIC (generated from per-crop agro-climatic profiles)
213,18.6,212,24.2,42,521,6.1,Lentil,SYNTHETIC (generated from per-crop agro-climatic profiles)
314,16.6,146,20.7,59,484,5.6,Mustard,SYNTHETIC (generated from per-crop agro-climatic profiles)
347,20.0,135,22.3,65,675,7.1,Sunflower,SYNTHETIC (generated from per-crop agro-climatic profiles)
403,15.3,175,17.2,83,695,7.7,Potato,SYNTHETIC (generated from per-crop agro-climatic profiles)
331,12.8,242,18.3,78,720,7.5,Tomato,SYNTHETIC (generated from per-crop agro-climatic profiles)
411,20.1,158,15.7,36,988,6.9,Onion,SYNTHETIC (generated from per-crop agro-climatic profiles)
419,18.4,231,28.0,70,762,6.5,Banana,SYNTHETIC (generated from per-crop agro-climatic profiles)
379,18.2,221,24.0,59,679,6.4,Chilli,SYNTHETIC (generated from per-crop agro-climatic profiles)
415,9.0,193,27.6,66,1442,7.4,Turmeric,SYNTHETIC (generated from per-crop agro-climatic profiles)
411,10.8,261,29.3,56,536,6.1,Ragi,SYNTHETIC (generated from per-crop agro-climatic profiles)
231,16.4,231,25.8,80,485,6.9,Green gram,SYNTHETIC (generated from per-crop agro-climatic profiles)
273,9.2,250,29.2,75,1418,6.2,Rice,SYNTHETIC (generated from per-crop agro-climatic profiles)
311,16.7,119,24.4,60,950,6.5,Wheat,SYNTHETIC (generated from per-crop agro-climatic profiles)
387,14.8,259,29.1,86,933,6.6,Maize,SYNTHETIC (generated from per-crop agro-climatic profiles)
267,18.5,204,22.8,48,458,7.6,Sorghum,SYNTHETIC (generated from per-crop agro-climatic profiles)
321,7.7,72,28.7,62,426,7.5,Pearl millet,SYNTHETIC (generated from per-crop agro-climatic profiles)
400,3.8,99,23.4,57,602,7.7,Cotton,SYNTHETIC (generated from per-crop agro-climatic profiles)
366,12.9,254,25.8,77,1754,6.8,Sugarcane,SYNTHETIC (generated from per-crop agro-climatic profiles)
172,14.3,139,31.6,72,340,6.2,Groundnut,SYNTHETIC (generated from per-crop agro-climatic profiles)
221,8.4,201,29.1,87,868,7.2,Soybean,SYNTHETIC (generated from per-crop agro-climatic profiles)
288,10.9,258,18.9,54,407,6.1,Chickpea,SYNTHETIC (generated from per-crop agro-climatic profiles)
246,9.3,231,28.6,79,392,7.7,Pigeon pea,SYNTHETIC (generated from per-crop agro-climatic profiles)
219,25.8,192,24.8,47,556,6.6,Lentil,SYNTHETIC (generated from per-crop agro-climatic profiles)
332,11.0,135,24.8,62,467,6.4,Mustard,SYNTHETIC (generated from per-crop agro-climatic profiles)
314,17.7,157,24.7,71,797,6.7,Sunflower,SYNTHETIC (generated from per-crop agro-climatic profiles)
357,15.2,146,13.2,86,616,7.8,Potato,SYNTHETIC (generated from per-crop agro-climatic profiles)
373,9.1,251,20.7,73,794,7.3,Tomato,SYNTHETIC (generated from per-crop agro-climatic profiles)
453,18.7,125,15.7,43,1083,6.7,Onion,SYNTHETIC (generated from per-crop agro-climatic profiles)
401,12.4,252,26.7,65,785,6.0,Banana,SYNTHETIC (generated from per-crop agro-climatic profiles)
368,21.1,237,24.9,60,595,6.5,Chilli,SYNTHETIC (generated from per-crop agro-climatic profiles)
476,17.9,241,25.5,68,1240,7.9,Turmeric,SYNTHETIC (generated from per-crop agro-climatic profiles)
421,13.8,259,30.1,65,440,7.3,Ragi,SYNTHETIC (generated from per-crop agro-climatic profiles)
177,19.3,181,28.4,77,460,7.5,Green gram,SYNTHETIC (generated from per-crop agro-climatic profiles)
320,12.0,235,29.4,79,1259,6.6,Rice,SYNTHETIC (generated from per-crop agro-climatic profiles)
319,18.1,195,22.2,57,911,7.0,Wheat,SYNTHETIC (generated from per-crop agro-climatic profiles)
304,14.0,221,23.0,83,752,6.1,Maize,SYNTHETIC (generated from per-crop agro-climatic profiles)
302,8.6,204,26.3,33,480,7.3,Sorghum,SYNTHETIC (generated from per-crop agro-climatic profiles)
333,9.2,186,27.6,53,431,7.6,Pearl millet,SYNTHETIC (generated from per-crop agro-climatic profiles)
432,7.4,120,27.0,50,750,7.4,Cotton,SYNTHETIC (generated from per-crop agro-climatic profiles)
374,8.9,165,26.7,78,1409,7.0,Sugarcane,SYNTHETIC (generated from per-crop agro-climatic profiles)
205,15.8,157,31.2,79,338,6.3,Groundnut,SYNTHETIC (generated from per-crop agro-climatic profiles)
292,12.4,187,33.2,87,696,7.3,Soybean,SYNTHETIC (generated from per-crop agro-climatic profiles)
203,13.2,264,16.9,52,480,6.5,Chickpea,SYNTHETIC (generated from per-crop agro-climatic profiles)
329,9.4,256,28.3,76,393,8.2,Pigeon pea,SYNTHETIC (generated from per-crop agro-climatic profiles)
162,16.9,202,26.3,52,439,6.3,Lentil,SYNTHETIC (generated from per-crop agro-climatic profiles)
365,10.5,223,20.1,63,548,6.2,Mustard,SYNTHETIC (generated from per-crop agro-climatic profiles)
333,18.1,162,23.3,67,629,6.4,Sunflower,SYNTHETIC (generated from per-crop agro-climatic profiles)
411,16.8,180,16.2,89,530,7.9,Potato,SYNTHETIC (generated from per-crop agro-climatic profiles)
417,13.8,281,19.9,72,907,6.9,Tomato,SYNTHETIC (generated from per-crop agro-climatic profiles)
350,15.6,147,18.0,44,858,6.8,Onion,SYNTHETIC (generated from per-crop agro-climatic profiles)
397,13.7,215,30.1,79,1001,6.0,Banana,SYNTHETIC (generated from per-crop agro-climatic profiles)
398,14.7,194,24.6,61,704,6.7,Chilli,SYNTHETIC (generated from per-crop agro-climatic profiles)
417,12.4,143,26.2,62,1426,7.5,Turmeric,SYNTHETIC (generated from per-crop agro-climatic profiles)
430,11.9,227,32.8,67,468,5.9,Ragi,SYNTHETIC (generated from per-crop agro-climatic profiles)
231,15.8,169,29.2,94,376,7.2,Green gram,SYNTHETIC (generated from per-crop agro-climatic profiles)
329,11.3,246,29.9,78,1283,6.0,Rice,SYNTHETIC (generated from per-crop agro-climatic profiles)
318,10.2,134,22.4,52,748,7.5,Wheat,SYNTHETIC (generated from per-crop agro-climatic profiles)
391,11.1,317,28.2,77,821,6.5,Maize,SYNTHETIC (generated from per-crop agro-climatic profiles)
278,12.1,156,26.2,47,503,8.0,Sorghum,SYNTHETIC (generated from per-crop agro-climatic profiles)
309,14.4,147,30.1,63,495,7.9,Pearl millet,SYNTHETIC (generated from per-crop agro-climatic profiles)
474,14.2,182,23.9,41,601,7.1,Cotton,SYNTHETIC (generated from per-crop agro-climatic profiles)
399,8.4,228,26.3,71,1566,6.8,Sugarcane,SYNTHETIC (generated from per-crop agro-climatic profiles)
156,16.0,224,28.6,65,458,6.4,Groundnut,SYNTHETIC (generated from per-crop agro-climatic profiles)
211,14.5,230,31.5,82,744,6.3,Soybean,SYNTHETIC (generated from per-crop agro-climatic profiles)
238,11.2,208,18.4,54,408,6.4,Chickpea,SYNTHETIC (generated from per-crop agro-climatic profiles)
171,12.8,268,30.9,76,419,8.0,Pigeon pea,SYNTHETIC (generated from per-crop agro-climatic profiles)
182,21.1,191,22.9,63,454,6.5,Lentil,SYNTHETIC (generated from per-crop agro-climatic profiles)
362,23.7,135,21.7,67,443,6.4,Mustard,SYNTHETIC (generated from per-crop agro-climatic profiles)
347,14.5,129,23.5,78,746,6.6,Sunflower,SYNTHETIC (generated from per-crop agro-climatic profiles)
394,13.1,217,16.7,77,748,7.6,Potato,SYNTHETIC (generated from per-crop agro-climatic profiles)
317,13.5,257,16.9,73,775,7.9,Tomato,SYNTHETIC (generated from per-crop agro-climatic profiles)
401,18.9,139,17.0,50,854,6.9,Onion,SYNTHETIC (generated from per-crop agro-climatic profiles)
443,11.8,234,29.2,74,863,7.1,Banana,SYNTHETIC (generated from per-crop agro-climatic profiles)
329,26.2,217,28.3,65,730,7.1,Chilli,SYNTHETIC (generated from per-crop agro-climatic profiles)
492,19.9,158,25.5,63,1643,7.3,Turmeric,SYNTHETIC (generated from per-crop agro-climatic profiles)
382,14.9,232,28.3,62,475,6.5,Ragi,SYNTHETIC (generated from per-crop agro-climatic profiles)
201,15.3,247,27.5,86,386,7.2,Green gram,SYNTHETIC (generated from per-crop agro-climatic profiles)
317,11.2,226,26.5,78,1259,5.6,Rice,SYNTHETIC (generated from per-crop agro-climatic profiles)
346,11.3,177,25.4,66,720,6.9,Wheat,SYNTHETIC (generated from per-crop agro-climatic profiles)
316,17.7,308,27.9,93,792,6.1,Maize,SYNTHETIC (generated from per-crop agro-climatic profiles)
301,15.4,260,25.4,57,488,7.6,Sorghum,SYNTHETIC (generated from per-crop agro-climatic profiles)
264,13.7,117,29.0,64,478,7.3,Pearl millet,SYNTHETIC (generated from per-crop agro-climatic profiles)
438,9.9,185,26.1,42,761,8.1,Cotton,SYNTHETIC (generated from per-crop agro-climatic profiles)
439,12.3,193,21.6,67,1363,6.8,Sugarcane,SYNTHETIC (generated from per-crop agro-climatic profiles)
160,16.2,137,30.5,76,557,6.5,Groundnut,SYNTHETIC (generated from per-crop agro-climatic profiles)
190,18.0,248,30.9,94,738,7.4,Soybean,SYNTHETIC (generated from per-crop agro-climatic profiles)
267,9.2,248,17.5,52,392,6.8,Chickpea,SYNTHETIC (generated from per-crop agro-climatic profiles)
282,11.9,223,31.3,84,463,7.7,Pigeon pea,SYNTHETIC (generated from per-crop agro-climatic profiles)
182,20.8,177,24.5,48,480,6.3,Lentil,SYNTHETIC (generated from per-crop agro-climatic profiles)
324,13.7,182,20.6,63,458,5.9,Mustard,SYNTHETIC (generated from per-crop agro-climatic profiles)
312,20.0,153,23.1,64,623,7.1,Sunflower,SYNTHETIC (generated from per-crop agro-climatic profiles)
392,10.3,206,16.6,81,600,7.6,Potato,SYNTHETIC (generated from per-crop agro-climatic profiles)
322,12.6,236,19.3,64,665,6.9,Tomato,SYNTHETIC (generated from per-crop agro-climatic profiles)
342,18.0,119,17.7,41,748,6.4,Onion,SYNTHETIC (generated from per-crop agro-climatic profiles)
418,17.6,145,28.0,76,882,6.4,Banana,SYNTHETIC (generated from per-crop agro-climatic profiles)
426,19.3,262,24.7,55,666,7.3,Chilli,SYNTHETIC (generated from per-crop agro-climatic profiles)
403,15.2,173,28.2,65,1331,7.5,Turmeric,SYNTHETIC (generated from per-crop agro-climatic profiles)
399,16.1,211,26.1,66,545,6.3,Ragi,SYNTHETIC (generated from per-crop agro-climatic profiles)
215,14.7,201,27.0,85,409,7.6,Green gram,SYNTHETIC (generated from per-crop agro-climatic profiles)
331,15.4,245,27.2,76,1454,6.3,Rice,SYNTHETIC (generated from per-crop agro-climatic profiles)
300,18.1,155,21.7,58,843,6.6,Wheat,SYNTHETIC (generated from per-crop agro-climatic profiles)
398,19.4,234,28.2,85,700,5.7,Maize,SYNTHETIC (generated from per-crop agro-climatic profiles)
274,13.7,137,21.6,49,449,7.3,Sorghum,SYNTHETIC (generated from per-crop agro-climatic profiles)
277,8.3,174,28.8,61,461,7.5,Pearl millet,SYNTHETIC (generated from per-crop agro-climatic profiles)
371,13.5,123,26.0,39,631,7.4,Cotton,SYNTHETIC (generated from per-crop agro-climatic profiles)
410,11.1,225,24.7,69,1371,7.1,Sugarcane,SYNTHETIC (generated from per-crop agro-climatic profiles)
143,13.0,128,31.7,62,332,6.1,Groundnut,SYNTHETIC (generated from per-crop agro-climatic profiles)
295,14.9,262,30.7,89,828,7.1,Soybean,SYNTHETIC (generated from per-crop agro-climatic profiles)
250,6.5,239,16.4,60,490,6.8,Chickpea,SYNTHETIC (generated from per-crop agro-climatic profiles)
223,10.7,228,28.3,80,385,7.5,Pigeon pea,SYNTHETIC (generated from per-crop agro-climatic profiles)
223,18.4,174,20.3,51,500,6.2,Lentil,SYNTHETIC (generated from per-crop agro-climatic profiles)
312,14.0,134,22.9,64,518,5.9,Mustard,SYNTHETIC (generated from per-crop agro-climatic profiles)
412,17.4,88,22.1,74,849,6.7,Sunflower,SYNTHETIC (generated from per-crop agro-climatic profiles)
331,10.6,231,15.8,87,636,7.2,Potato,SYNTHETIC (generated from per-crop agro-climatic profiles)
323,14.4,206,18.5,73,794,7.3,Tomato,SYNTHETIC (generated from per-crop agro-climatic profiles)
378,22.7,142,17.1,41,881,6.6,Onion,SYNTHETIC (generated from per-crop agro-climatic profiles)
359,18.3,223,32.1,82,886,6.4,Banana,SYNTHETIC (generated from per-crop agro-climatic profiles)
303,15.4,202,25.3,54,593,7.5,Chilli,SYNTHETIC (generated from per-crop agro-climatic profiles)
470,11.8,154,25.5,62,1768,7.6,Turmeric,SYNTHETIC (generated from per-crop agro-climatic profiles)
404,9.5,222,31.1,59,394,6.2,Ragi,SYNTHETIC (generated from per-crop agro-climatic profiles)
234,19.7,247,27.4,90,411,7.1,Green gram,SYNTHETIC (generated from per-crop agro-climatic profiles)
331,8.8,234,27.7,78,1505,5.5,Rice,SYNTHETIC (generated from per-crop agro-climatic profiles)
386,10.3,157,20.5,60,937,6.5,Wheat,SYNTHETIC (generated from per-crop agro-climatic profiles)
412,16.2,267,25.0,93,863,6.5,Maize,SYNTHETIC (generated from per-crop agro-climatic profiles)
341,17.7,214,26.7,40,458,7.6,Sorghum,SYNTHETIC (generated from per-crop agro-climatic profiles)
299,10.4,155,29.4,57,374,7.3,Pearl millet,SYNTHETIC (generated from per-crop agro-climatic profiles)
395,8.1,151,25.5,46,724,7.4,Cotton,SYNTHETIC (generated from per-crop agro-climatic profiles)
376,6.5,171,25.4,63,1078,6.5,Sugarcane,SYNTHETIC (generated from per-crop agro-climatic profiles)
212,14.2,179,30.3,64,495,6.6,Groundnut,SYNTHETIC (generated from per-crop agro-climatic profiles)
301,10.4,251,30.7,82,745,7.5,Soybean,SYNTHETIC (generated from per-crop agro-climatic profiles)
259,12.1,237,15.5,53,522,6.2,Chickpea,SYNTHETIC (generated from per-crop agro-climatic profiles)
290,5.4,221,30.8,73,359,7.7,Pigeon pea,SYNTHETIC (generated from per-crop agro-climatic profiles)
201,20.8,220,21.1,44,531,6.1,Lentil,SYNTHETIC (generated from per-crop agro-climatic profiles)
372,13.5,220,22.7,75,450,6.1,Mustard,SYNTHETIC (generated from per-crop agro-climatic profiles)
342,21.0,139,26.1,76,822,7.0,Sunflower,SYNTHETIC (generated from per-crop agro-climatic profiles)
384,13.3,211,18.3,83,634,7.4,Potato,SYNTHETIC (generated from per-crop agro-climatic profiles)
328,15.0,253,17.0,79,821,7.6,Tomato,SYNTHETIC (generated from per-crop agro-climatic profiles)
435,21.3,175,18.3,45,1032,6.8,Onion,SYNTHETIC (generated from per-crop agro-climatic profiles)
389,14.2,154,28.7,69,872,6.7,Banana,SYNTHETIC (generated from per-crop agro-climatic profiles)
369,14.2,142,25.8,42,700,6.7,Chilli,SYNTHETIC (generated from per-crop agro-climatic profiles)
424,13.0,238,22.2,71,1493,6.9,Turmeric,SYNTHETIC (generated from per-crop agro-climatic profiles)
361,14.0,284,30.3,62,482,5.8,Ragi,SYNTHETIC (generated from per-crop agro-climatic profiles)
198,17.4,215,28.6,80,451,7.3,Green gram,SYNTHETIC (generated from per-crop agro-climatic profiles)
262,16.1,256,28.1,81,1477,6.1,Rice,SYNTHETIC (generated from per-crop agro-climatic profiles)
340,17.4,165,25.3,64,767,6.7,Wheat,SYNTHETIC (generated from per-crop agro-climatic profiles)
423,18.9,280,26.4,90,1023,6.2,Maize,SYNTHETIC (generated from per-crop agro-climatic profiles)
337,13.7,168,27.6,56,537,7.8,Sorghum,SYNTHETIC (generated from per-crop agro-climatic profiles)
295,11.4,125,28.2,66,460,7.0,Pearl millet,SYNTHETIC (generated from per-crop agro-climatic profiles)
384,9.4,151,25.1,59,571,7.2,Cotton,SYNTHETIC (generated from per-crop agro-climatic profiles)
366,11.3,259,26.1,71,1374,7.0,Sugarcane,SYNTHETIC (generated from per-crop agro-climatic profiles)
154,12.2,156,32.2,66,429,6.3,Groundnut,SYNTHETIC (generated from per-crop agro-climatic profiles)
238,18.6,173,32.3,90,855,7.0,Soybean,SYNTHETIC (generated from per-crop agro-climatic profiles)
255,7.7,257,17.1,52,397,6.9,Chickpea,SYNTHETIC (generated from per-crop agro-climatic profiles)
268,13.2,250,27.2,77,384,7.9,Pigeon pea,SYNTHETIC (generated from per-crop agro-climatic profiles)
197,25.2,212,23.0,46,556,6.4,Lentil,SYNTHETIC (generated from per-crop agro-climatic profiles)
335,19.6,202,22.7,61,435,6.2,Mustard,SYNTHETIC (generated from per-crop agro-climatic profiles)
325,18.5,67,21.6,62,778,6.8,Sunflower,SYNTHETIC (generated from per-crop agro-climatic profiles)
406,10.3,201,17.6,82,609,7.4,Potato,SYNTHETIC (generated from per-crop agro-climatic profiles)
355,15.0,243,18.6,72,730,8.2,Tomato,SYNTHETIC (generated from per-crop agro-climatic profiles)
354,20.0,84,16.9,42,855,6.5,Onion,SYNTHETIC (generated from per-crop agro-climatic profiles)
357,13.4,203,33.4,70,1080,6.2,Banana,SYNTHETIC (generated from per-crop agro-climatic profiles)
360,24.9,198,27.8,44,832,6.8,Chilli,SYNTHETIC (generated from per-crop agro-climatic profiles)
423,19.7,175,27.1,64,1548,7.8,Turmeric,SYNTHETIC (generated from per-crop agro-climatic profiles)
357,15.4,299,29.2,70,543,6.1,Ragi,SYNTHETIC (generated from per-crop agro-climatic profiles)
156,20.1,209,28.4,79,462,7.0,Green gram,SYNTHETIC (generated from per-crop agro-climatic profiles)
338,11.9,207,30.3,71,1544,6.2,Rice,SYNTHETIC (generated from per-crop agro-climatic profiles)
333,14.6,123,23.0,61,745,7.3,Wheat,SYNTHETIC (generated from per-crop agro-climatic profiles)
374,20.6,324,35.4,74,808,6.2,Maize,SYNTHETIC (generated from per-crop agro-climatic profiles)
344,15.8,243,26.2,49,503,7.1,Sorghum,SYNTHETIC (generated from per-crop agro-climatic profiles)
301,11.6,171,27.9,68,367,7.5,Pearl millet,SYNTHETIC (generated from per-crop agro-climatic profiles)
452,14.1,203,24.5,57,703,7.9,Cotton,SYNTHETIC (generated from per-crop agro-climatic profiles)
330,12.5,224,26.5,62,1518,6.4,Sugarcane,SYNTHETIC (generated from per-crop agro-climatic profiles)
115,13.9,177,34.6,73,448,6.1,Groundnut,SYNTHETIC (generated from per-crop agro-climatic profiles)
273,13.1,231,32.3,86,632,7.2,Soybean,SYNTHETIC (generated from per-crop agro-climatic profiles)
273,9.3,232,15.7,60,469,6.5,Chickpea,SYNTHETIC (generated from per-crop agro-climatic profiles)
290,6.6,227,28.0,72,398,7.7,Pigeon pea,SYNTHETIC (generated from per-crop agro-climatic profiles)
216,18.5,205,22.0,51,403,5.8,Lentil,SYNTHETIC (generated from per-crop agro-climatic profiles)
360,14.4,129,21.9,50,483,6.2,Mustard,SYNTHETIC (generated from per-crop agro-climatic profiles)
342,19.4,154,20.7,64,773,6.2,Sunflower,SYNTHETIC (generated from per-crop agro-climatic profiles)
354,17.8,166,16.1,86,642,7.7,Potato,SYNTHETIC (generated from per-crop agro-climatic profiles)
302,12.9,245,19.0,73,806,7.0,Tomato,SYNTHETIC (generated from per-crop agro-climatic profiles)
338,19.0,151,16.0,55,909,6.8,Onion,SYNTHETIC (generated from per-crop agro-climatic profiles)
361,15.4,178,27.0,75,883,6.2,Banana,SYNTHETIC (generated from per-crop agro-climatic profiles)
330,23.7,267,24.4,40,696,6.4,Chilli,SYNTHETIC (generated from per-crop agro-climatic profiles)
484,13.6,213,26.6,66,1440,8.0,Turmeric,SYNTHETIC (generated from per-crop agro-climatic profiles)
377,13.0,273,30.0,57,423,6.1,Ragi,SYNTHETIC (generated from per-crop agro-climatic profiles)
216,18.9,216,31.3,87,535,7.4,Green gram,SYNTHETIC (generated from per-crop agro-climatic profiles)
313,12.6,275,30.7,79,1588,6.3,Rice,SYNTHETIC (generated from per-crop agro-climatic profiles)
355,11.8,117,21.9,63,707,7.1,Wheat,SYNTHETIC (generated from per-crop agro-climatic profiles)
388,18.6,275,28.4,86,864,6.3,Maize,SYNTHETIC (generated from per-crop agro-climatic profiles)
277,14.0,224,24.4,55,492,7.5,Sorghum,SYNTHETIC (generated from per-crop agro-climatic profiles)
334,12.4,193,30.6,89,361,7.3,Pearl millet,SYNTHETIC (generated from per-crop agro-climatic profiles)
420,14.3,163,26.7,44,742,7.3,Cotton,SYNTHETIC (generated from per-crop agro-climatic profiles)
349,9.2,211,23.5,76,1241,7.1,Sugarcane,SYNTHETIC (generated from per-crop agro-climatic profiles)
195,9.0,129,32.5,74,369,6.2,Groundnut,SYNTHETIC (generated from per-crop agro-climatic profiles)
276,15.1,203,31.4,77,675,7.2,Soybean,SYNTHETIC (generated from per-crop agro-climatic profiles)
244,11.3,248,16.4,64,415,5.9,Chickpea,SYNTHETIC (generated from per-crop agro-climatic profiles)
201,9.6,265,30.5,83,539,7.4,Pigeon pea,SYNTHETIC (generated from per-crop agro-climatic profiles)
242,19.2,193,23.9,58,493,5.9,Lentil,SYNTHETIC (generated from per-crop agro-climatic profiles)
341,15.4,119,23.2,76,526,5.9,Mustard,SYNTHETIC (generated from per-crop agro-climatic profiles)
336,23.0,136,22.3,68,820,6.3,Sunflower,SYNTHETIC (generated from per-crop agro-climatic profiles)
372,14.5,228,16.2,87,533,7.5,Potato,SYNTHETIC (generated from per-crop agro-climatic profiles)
386,12.7,255,20.2,76,997,7.3,Tomato,SYNTHETIC (generated from per-crop agro-climatic profiles)
392,19.9,112,16.6,46,1016,6.6,Onion,SYNTHETIC (generated from per-crop agro-climatic profiles)
372,12.8,229,31.6,66,841,6.4,Banana,SYNTHETIC (generated from per-crop agro-climatic profiles)
372,17.3,246,29.1,57,625,6.7,Chilli,SYNTHETIC (generated from per-crop agro-climatic profiles)
449,9.2,277,27.8,72,1742,7.5,Turmeric,SYNTHETIC (generated from per-crop agro-climatic profiles)
415,12.7,220,31.7,59,476,6.4,Ragi,SYNTHETIC (generated from per-crop agro-climatic profiles)
252,14.9,257,29.3,91,466,7.0,Green gram,SYNTHETIC (generated from per-crop agro-climatic profiles)
316,9.3,213,30.7,78,1656,6.1,Rice,SYNTHETIC (generated from per-crop agro-climatic profiles)
329,12.6,192,24.5,71,676,7.5,Wheat,SYNTHETIC (generated from per-crop agro-climatic profiles)
427,11.7,241,30.9,84,746,6.0,Maize,SYNTHETIC (generated from per-crop agro-climatic profiles)
351,16.2,189,24.8,54,483,7.2,Sorghum,SYNTHETIC (generated from per-crop agro-climatic profiles)
341,11.1,99,31.0,60,438,6.8,Pearl millet,SYNTHETIC (generated from per-crop agro-climatic profiles)
421,9.9,194,23.8,43,820,7.0,Cotton,SYNTHETIC (generated from per-crop agro-climatic profiles)
414,15.6,194,27.3,68,1460,6.7,Sugarcane,SYNTHETIC (generated from per-crop agro-climatic profiles)
156,10.1,188,30.8,65,416,6.6,Groundnut,SYNTHETIC (generated from per-crop agro-climatic profiles)
276,12.1,223,28.7,94,694,7.3,Soybean,SYNTHETIC (generated from per-crop agro-climatic profiles)
163,10.0,206,15.6,56,459,6.6,Chickpea,SYNTHETIC (generated from per-crop agro-climatic profiles)
262,8.6,246,29.6,94,402,7.7,Pigeon pea,SYNTHETIC (generated from per-crop agro-climatic profiles)
253,19.3,161,20.7,55,493,6.4,Lentil,SYNTHETIC (generated from per-crop agro-climatic profiles)
314,13.9,186,20.9,72,469,6.1,Mustard,SYNTHETIC (generated from per-crop agro-climatic profiles)
299,19.7,92,23.4,70,723,7.0,Sunflower,SYNTHETIC (generated from per-crop agro-climatic profiles)
383,12.0,244,16.4,78,566,7.1,Potato,SYNTHETIC (generated from per-crop agro-climatic profiles)
327,13.7,226,19.7,73,905,7.7,Tomato,SYNTHETIC (generated from per-crop agro-climatic profiles)
367,20.5,188,15.9,47,905,6.7,Onion,SYNTHETIC (generated from per-crop agro-climatic profiles)
352,13.5,282,28.0,67,945,6.4,Banana,SYNTHETIC (generated from per-crop agro-climatic profiles)
329,19.7,201,22.6,59,743,7.4,Chilli,SYNTHETIC (generated from per-crop agro-climatic profiles)
449,15.9,183,23.5,61,1223,7.9,Turmeric,SYNTHETIC (generated from per-crop agro-climatic profiles)
432,13.1,236,30.3,68,455,6.1,Ragi,SYNTHETIC (generated from per-crop agro-climatic profiles)
199,22.2,194,25.5,89,403,7.2,Green gram,SYNTHETIC (generated from per-crop agro-climatic profiles)
379,12.3,194,27.7,76,1417,5.9,Rice,SYNTHETIC (generated from per-crop agro-climatic profiles)
240,14.5,203,20.1,60,724,6.9,Wheat,SYNTHETIC (generated from per-crop agro-climatic profiles)
449,15.1,284,25.8,90,821,6.0,Maize,SYNTHETIC (generated from per-crop agro-climatic profiles)
323,13.9,138,24.4,43,449,7.5,Sorghum,SYNTHETIC (generated from per-crop agro-climatic profiles)
366,8.1,115,32.4,64,447,6.9,Pearl millet,SYNTHETIC (generated from per-crop agro-climatic profiles)
382,7.6,156,27.0,35,696,7.7,Cotton,SYNTHETIC (generated from per-crop agro-climatic profiles)
345,12.1,192,25.1,66,1550,6.7,Sugarcane,SYNTHETIC (generated from per-crop agro-climatic profiles)
237,12.3,153,30.1,63,431,6.7,Groundnut,SYNTHETIC (generated from per-crop agro-climatic profiles)
232,18.5,237,30.9,88,725,7.0,Soybean,SYNTHETIC (generated from per-crop agro-climatic profiles)
177,12.0,218,16.7,59,380,6.6,Chickpea,SYNTHETIC (generated from per-crop agro-climatic profiles)
249,10.2,240,29.8,76,368,7.5,Pigeon pea,SYNTHETIC (generated from per-crop agro-climatic profiles)
201,23.3,160,22.1,46,407,5.8,Lentil,SYNTHETIC (generated from per-crop agro-climatic profiles)
409,16.9,105,22.3,64,449,6.5,Mustard,SYNTHETIC (generated from per-crop agro-climatic profiles)
347,11.7,171,21.9,68,714,7.0,Sunflower,SYNTHETIC (generated from per-crop agro-climatic profiles)
389,11.7,198,17.5,81,588,7.7,Potato,SYNTHETIC (generated from per-crop agro-climatic profiles)
351,9.9,242,17.0,68,672,7.4,Tomato,SYNTHETIC (generated from per-crop agro-climatic profiles)
435,15.8,146,15.6,44,823,6.7,Onion,SYNTHETIC (generated from per-crop agro-climatic profiles)
375,15.3,207,28.8,74,1066,6.0,Banana,SYNTHETIC (generated from per-crop agro-climatic profiles)
376,19.5,165,26.7,62,632,7.1,Chilli,SYNTHETIC (generated from per-crop agro-climatic profiles)
455,13.0,216,25.9,58,1627,7.2,Turmeric,SYNTHETIC (generated from per-crop agro-climatic profiles)
395,16.7,243,30.9,70,449,5.9,Ragi,SYNTHETIC (generated from per-crop agro-climatic profiles)
233,19.9,191,29.6,74,460,7.1,Green gram,SYNTHETIC (generated from per-crop agro-climatic profiles)
315,14.4,242,28.5,81,1671,5.8,Rice,SYNTHETIC (generated from per-crop agro-climatic profiles)
344,12.4,129,24.2,67,772,7.2,Wheat,SYNTHETIC (generated from per-crop agro-climatic profiles)
462,14.6,303,27.6,75,709,6.3,Maize,SYNTHETIC (generated from per-crop agro-climatic profiles)
263,12.6,177,25.3,38,444,7.8,Sorghum,SYNTHETIC (generated from per-crop agro-climatic profiles)
316,7.7,113,27.8,79,536,7.3,Pearl millet,SYNTHETIC (generated from per-crop agro-climatic profiles)
367,9.6,181,26.5,47,798,7.2,Cotton,SYNTHETIC (generated from per-crop agro-climatic profiles)
423,10.7,221,25.6,76,1569,6.8,Sugarcane,SYNTHETIC (generated from per-crop agro-climatic profiles)
207,15.2,201,30.2,72,469,6.5,Groundnut,SYNTHETIC (generated from per-crop agro-climatic profiles)
269,19.0,189,29.8,87,816,7.1,Soybean,SYNTHETIC (generated from per-crop agro-climatic profiles)
224,11.0,252,18.0,54,355,6.7,Chickpea,SYNTHETIC (generated from per-crop agro-climatic profiles)
290,11.9,229,30.9,77,428,7.3,Pigeon pea,SYNTHETIC (generated from per-crop agro-climatic profiles)
267,13.8,185,21.1,47,406,6.2,Lentil,SYNTHETIC (generated from per-crop agro-climatic profiles)
357,12.0,126,24.4,74,528,6.2,Mustard,SYNTHETIC (generated from per-crop agro-climatic profiles)
332,16.8,184,24.2,67,580,6.8,Sunflower,SYNTHETIC (generated from per-crop agro-climatic profiles)
326,14.4,216,17.8,80,561,7.0,Potato,SYNTHETIC (generated from per-crop agro-climatic profiles)
315,13.7,188,18.2,73,732,7.1,Tomato,SYNTHETIC (generated from per-crop agro-climatic profiles)
296,23.5,143,15.7,37,853,6.7,Onion,SYNTHETIC (generated from per-crop agro-climatic profiles)
402,18.4,189,28.8,77,767,6.6,Banana,SYNTHETIC (generated from per-crop agro-climatic profiles)
334,20.1,193,24.9,46,731,6.8,Chilli,SYNTHETIC (generated from per-crop agro-climatic profiles)
476,14.4,176,27.1,65,1655,7.1,Turmeric,SYNTHETIC (generated from per-crop agro-climatic profiles)
422,13.6,215,28.5,60,465,5.6,Ragi,SYNTHETIC (generated from per-crop agro-climatic profiles)
235,19.9,220,29.3,79,460,7.5,Green gram,SYNTHETIC (generated from per-crop agro-climatic profiles)
310,13.1,254,29.7,71,1540,6.5,Rice,SYNTHETIC (generated from per-crop agro-climatic profiles)
340,12.0,156,22.5,63,964,6.4,Wheat,SYNTHETIC (generated from per-crop agro-climatic profiles)
435,7.6,210,28.1,94,910,6.7,Maize,SYNTHETIC (generated from per-crop agro-climatic profiles)
309,16.0,180,23.0,43,456,7.3,Sorghum,SYNTHETIC (generated from per-crop agro-climatic profiles)
282,7.7,118,31.7,68,443,7.0,Pearl millet,SYNTHETIC (generated from per-crop agro-climatic profiles)
385,14.1,87,27.2,52,755,7.3,Cotton,SYNTHETIC (generated from per-crop agro-climatic profiles)
388,3.4,191,25.3,76,1671,7.1,Sugarcane,SYNTHETIC (generated from per-crop agro-climatic profiles)
187,14.8,160,32.4,68,479,6.2,Groundnut,SYNTHETIC (generated from per-crop agro-climatic profiles)
258,13.9,256,31.9,91,796,7.1,Soybean,SYNTHETIC (generated from per-crop agro-climatic profiles)
206,13.0,237,18.3,54,475,6.6,Chickpea,SYNTHETIC (generated from per-crop agro-climatic profiles)
250,6.2,219,29.8,75,406,7.6,Pigeon pea,SYNTHETIC (generated from per-crop agro-climatic profiles)
150,15.6,217,20.3,50,518,5.9,Lentil,SYNTHETIC (generated from per-crop agro-climatic profiles)
348,10.4,167,22.2,64,434,6.0,Mustard,SYNTHETIC (generated from per-crop agro-climatic profiles)
287,16.0,84,24.4,65,826,6.8,Sunflower,SYNTHETIC (generated from per-crop agro-climatic profiles)
380,10.7,163,16.5,95,506,7.7,Potato,SYNTHETIC (generated from per-crop agro-climatic profiles)
404,18.8,213,18.7,74,806,8.0,Tomato,SYNTHETIC (generated from per-crop agro-climatic profiles)
408,19.5,137,16.9,42,1010,6.6,Onion,SYNTHETIC (generated from per-crop agro-climatic profiles)
388,21.2,202,25.6,80,870,6.7,Banana,SYNTHETIC (generated from per-crop agro-climatic profiles)
403,16.1,179,26.1,44,634,6.6,Chilli,SYNTHETIC (generated from per-crop agro-climatic profiles)
450,14.5,161,23.4,67,1639,7.5,Turmeric,SYNTHETIC (generated from per-crop agro-climatic profiles)
422,14.0,211,30.6,71,474,6.4,Ragi,SYNTHETIC (generated from per-crop agro-climatic profiles)
176,17.2,213,29.2,79,485,7.4,Green gram,SYNTHETIC (generated from per-crop agro-climatic profiles)
348,10.5,253,29.6,79,1657,6.5,Rice,SYNTHETIC (generated from per-crop agro-climatic profiles)
341,10.2,160,20.9,65,1031,6.8,Wheat,SYNTHETIC (generated from per-crop agro-climatic profiles)
417,15.5,239,28.8,79,687,6.9,Maize,SYNTHETIC (generated from per-crop agro-climatic profiles)
246,14.3,257,28.0,46,531,7.5,Sorghum,SYNTHETIC (generated from per-crop agro-climatic profiles)
291,8.4,159,27.7,70,523,7.1,Pearl millet,SYNTHETIC (generated from per-crop agro-climatic profiles)
361,15.3,157,24.8,38,654,7.9,Cotton,SYNTHETIC (generated from per-crop agro-climatic profiles)
395,8.1,203,24.4,76,1392,7.2,Sugarcane,SYNTHETIC (generated from per-crop agro-climatic profiles)
184,16.9,175,30.2,78,386,6.5,Groundnut,SYNTHETIC (generated from per-crop agro-climatic profiles)
178,17.7,160,31.4,90,766,7.4,Soybean,SYNTHETIC (generated from per-crop agro-climatic profiles)
277,7.8,266,18.8,49,388,6.6,Chickpea,SYNTHETIC (generated from per-crop agro-climatic profiles)
287,14.7,226,29.2,76,370,7.3,Pigeon pea,SYNTHETIC (generated from per-crop agro-climatic profiles)
221,22.3,197,23.8,44,566,6.1,Lentil,SYNTHETIC (generated from per-crop agro-climatic profiles)
371,10.9,174,23.5,59,445,6.4,Mustard,SYNTHETIC (generated from per-crop agro-climatic profiles)
367,19.2,158,24.3,75,616,7.0,Sunflower,SYNTHETIC (generated from per-crop agro-climatic profiles)
430,17.0,178,16.5,77,672,7.4,Potato,SYNTHETIC (generated from per-crop agro-climatic profiles)
356,12.3,224,16.0,68,872,7.4,Tomato,SYNTHETIC (generated from per-crop agro-climatic profiles)
348,27.9,156,19.3,41,870,7.1,Onion,SYNTHETIC (generated from per-crop agro-climatic profiles)
417,9.3,286,28.0,64,997,6.1,Banana,SYNTHETIC (generated from per-crop agro-climatic profiles)
258,18.5,175,27.2,50,691,7.5,Chilli,SYNTHETIC (generated from per-crop agro-climatic profiles)
408,13.7,175,27.2,63,1344,7.8,Turmeric,SYNTHETIC (generated from per-crop agro-climatic profiles)
371,14.3,181,32.4,54,490,6.5,Ragi,SYNTHETIC (generated from per-crop agro-climatic profiles)
169,15.8,184,27.0,80,450,7.4,Green gram,SYNTHETIC (generated from per-crop agro-climatic profiles)
343,16.2,208,30.5,64,1097,6.3,Rice,SYNTHETIC (generated from per-crop agro-climatic profiles)
377,13.2,172,20.7,58,786,6.8,Wheat,SYNTHETIC (generated from per-crop agro-climatic profiles)
392,18.7,259,26.9,84,755,5.7,Maize,SYNTHETIC (generated from per-crop agro-climatic profiles)
250,20.0,198,27.7,52,550,7.4,Sorghum,SYNTHETIC (generated from per-crop agro-climatic profiles)
354,9.1,212,27.3,65,426,7.5,Pearl millet,SYNTHETIC (generated from per-crop agro-climatic profiles)
361,9.0,151,27.3,38,715,7.8,Cotton,SYNTHETIC (generated from per-crop agro-climatic profiles)
369,9.6,217,26.9,63,1592,7.3,Sugarcane,SYNTHETIC (generated from per-crop agro-climatic profiles)
215,14.8,219,29.5,69,395,6.5,Groundnut,SYNTHETIC (generated from per-crop agro-climatic profiles)
263,15.2,232,32.1,90,865,7.1,Soybean,SYNTHETIC (generated from per-crop agro-climatic profiles)
268,9.3,236,19.9,62,384,6.3,Chickpea,SYNTHETIC (generated from per-crop agro-climatic profiles)
292,9.6,207,31.4,70,466,7.3,Pigeon pea,SYNTHETIC (generated from per-crop agro-climatic profiles)
182,21.4,228,23.9,54,501,5.8,Lentil,SYNTHETIC (generated from per-crop agro-climatic profiles)
331,7.8,188,21.4,69,495,5.9,Mustard,SYNTHETIC (generated from per-crop agro-climatic profiles)
330,20.4,155,22.5,76,614,6.8,Sunflower,SYNTHETIC (generated from per-crop agro-climatic profiles)
404,10.3,200,18.1,84,644,7.6,Potato,SYNTHETIC (generated from per-crop agro-climatic profiles)
303,18.9,214,19.1,66,698,7.5,Tomato,SYNTHETIC (generated from per-crop agro-climatic profiles)
394,19.6,169,16.9,48,1069,6.6,Onion,SYNTHETIC (generated from per-crop agro-climatic profiles)
396,13.3,185,29.0,70,921,6.3,Banana,SYNTHETIC (generated from per-crop agro-climatic profiles)
293,18.1,189,27.9,70,703,6.5,Chilli,SYNTHETIC (generated from per-crop agro-climatic profiles)
434,15.9,164,26.3,66,1545,7.5,Turmeric,SYNTHETIC (generated from per-crop agro-climatic profiles)
397,15.2,275,29.8,72,523,6.5,Ragi,SYNTHETIC (generated from per-crop agro-climatic profiles)
244,17.7,173,27.2,88,451,7.1,Green gram,SYNTHETIC (generated from per-crop agro-climatic profiles)
351,17.8,271,31.4,72,1312,5.9,Rice,SYNTHETIC (generated from per-crop agro-climatic profiles)
306,10.3,176,23.5,57,926,6.7,Wheat,SYNTHETIC (generated from per-crop agro-climatic profiles)
428,15.1,277,26.6,89,733,6.5,Maize,SYNTHETIC (generated from per-crop agro-climatic profiles)
266,15.2,200,23.9,40,522,7.3,Sorghum,SYNTHETIC (generated from per-crop agro-climatic profiles)
319,9.3,133,31.8,62,445,6.8,Pearl millet,SYNTHETIC (generated from per-crop agro-climatic profiles)
442,5.4,141,23.7,41,641,7.3,Cotton,SYNTHETIC (generated from per-crop agro-climatic profiles)
426,11.2,137,27.9,74,1217,6.9,Sugarcane,SYNTHETIC (generated from per-crop agro-climatic profiles)
246,16.3,232,33.1,53,477,6.3,Groundnut,SYNTHETIC (generated from per-crop agro-climatic profiles)
248,12.0,195,33.9,94,619,6.8,Soybean,SYNTHETIC (generated from per-crop agro-climatic profiles)
274,7.1,235,16.5,60,443,5.9,Chickpea,SYNTHETIC (generated from per-crop agro-climatic profiles)
258,12.1,215,29.3,84,314,7.3,Pigeon pea,SYNTHETIC (generated from per-crop agro-climatic profiles)
289,19.0,196,23.0,46,415,6.6,Lentil,SYNTHETIC (generated from per-crop agro-climatic profiles)
371,12.4,148,22.6,55,497,5.8,Mustard,SYNTHETIC (generated from per-crop agro-climatic profiles)
380,19.0,119,23.4,74,526,6.8,Sunflower,SYNTHETIC (generated from per-crop agro-climatic profiles)
329,14.9,236,15.8,88,637,7.6,Potato,SYNTHETIC (generated from per-crop agro-climatic profiles)
332,12.5,228,19.4,77,763,7.5,Tomato,SYNTHETIC (generated from per-crop agro-climatic profiles)
411,21.8,135,16.3,54,816,6.5,Onion,SYNTHETIC (generated from per-crop agro-climatic profiles)
446,12.2,234,28.8,64,855,7.0,Banana,SYNTHETIC (generated from per-crop agro-climatic profiles)
391,24.6,275,28.2,63,742,6.6,Chilli,SYNTHETIC (generated from per-crop agro-climatic profiles)
410,11.7,203,27.2,63,1523,7.7,Turmeric,SYNTHETIC (generated from per-crop agro-climatic profiles)
390,14.1,225,30.1,65,503,6.2,Ragi,SYNTHETIC (generated from per-crop agro-climatic profiles)
244,17.6,197,26.0,86,450,7.3,Green gram,SYNTHETIC (generated from per-crop agro-climatic profiles)
293,15.2,229,27.8,74,1422,6.5,Rice,SYNTHETIC (generated from per-crop agro-climatic profiles)
358,8.4,158,22.7,64,744,6.7,Wheat,SYNTHETIC (generated from per-crop agro-climatic profiles)
379,14.7,233,27.1,89,615,7.0,Maize,SYNTHETIC (generated from per-crop agro-climatic profiles)
311,17.1,169,24.0,34,456,7.6,Sorghum,SYNTHETIC (generated from per-crop agro-climatic profiles)
317,9.1,155,30.4,76,440,7.4,Pearl millet,SYNTHETIC (generated from per-crop agro-climatic profiles)
339,6.9,137,22.8,45,664,7.5,Cotton,SYNTHETIC (generated from per-crop agro-climatic profiles)
422,12.7,157,25.5,67,1286,6.6,Sugarcane,SYNTHETIC (generated from per-crop agro-climatic profiles)
176,16.4,170,32.1,73,403,5.9,Groundnut,SYNTHETIC (generated from per-crop agro-climatic profiles)
186,11.7,166,32.9,82,588,7.2,Soybean,SYNTHETIC (generated from per-crop agro-climatic profiles)
180,5.3,265,19.0,48,433,6.1,Chickpea,SYNTHETIC (generated from per-crop agro-climatic profiles)
311,12.8,246,27.1,78,476,7.6,Pigeon pea,SYNTHETIC (generated from per-crop agro-climatic profiles)
274,21.7,160,22.4,42,543,6.4,Lentil,SYNTHETIC (generated from per-crop agro-climatic profiles)
362,16.6,140,21.2,78,456,6.1,Mustard,SYNTHETIC (generated from per-crop agro-climatic profiles)
336,20.5,91,24.3,74,692,6.3,Sunflower,SYNTHETIC (generated from per-crop agro-climatic profiles)
328,15.6,170,17.1,88,631,7.8,Potato,SYNTHETIC (generated from per-crop agro-climatic profiles)
322,12.9,218,18.9,70,956,7.0,Tomato,SYNTHETIC (generated from per-crop agro-climatic profiles)
407,14.0,147,18.9,31,936,6.9,Onion,SYNTHETIC (generated from per-crop agro-climatic profiles)
394,13.1,212,29.1,59,882,6.5,Banana,SYNTHETIC (generated from per-crop agro-climatic profiles)
359,26.1,217,25.7,50,630,6.6,Chilli,SYNTHETIC (generated from per-crop agro-climatic profiles)
413,13.7,204,28.6,70,1607,7.9,Turmeric,SYNTHETIC (generated from per-crop agro-climatic profiles)
404,11.9,269,29.3,57,547,5.9,Ragi,SYNTHETIC (generated from per-crop agro-climatic profiles)
207,20.4,225,26.6,85,394,7.5,Green gram,SYNTHETIC (generated from per-crop agro-climatic profiles)
317,15.5,251,31.8,76,1586,6.4,Rice,SYNTHETIC (generated from per-crop agro-climatic profiles)
347,10.5,131,20.8,73,791,6.7,Wheat,SYNTHETIC (generated from per-crop agro-climatic profiles)
415,18.6,256,28.4,90,857,6.3,Maize,SYNTHETIC (generated from per-crop agro-climatic profiles)
268,17.4,190,25.8,42,542,7.6,Sorghum,SYNTHETIC (generated from per-crop agro-climatic profiles)
354,10.6,113,28.8,63,427,6.7,Pearl millet,SYNTHETIC (generated from per-crop agro-climatic profiles)
458,12.8,161,24.2,39,680,7.5,Cotton,SYNTHETIC (generated from per-crop agro-climatic profiles)
326,13.0,204,25.0,76,1511,7.3,Sugarcane,SYNTHETIC (generated from per-crop agro-climatic profiles)
167,14.0,196,32.3,75,376,7.0,Groundnut,SYNTHETIC (generated from per-crop agro-climatic profiles)
248,10.9,188,29.6,78,913,6.9,Soybean,SYNTHETIC (generated from per-crop agro-climatic profiles)
234,7.6,262,16.2,44,413,6.7,Chickpea,SYNTHETIC (generated from per-crop agro-climatic profiles)
284,11.9,187,30.2,81,431,7.6,Pigeon pea,SYNTHETIC (generated from per-crop agro-climatic profiles)
202,20.7,149,24.6,55,480,6.5,Lentil,SYNTHETIC (generated from per-crop agro-climatic profiles)
364,15.7,124,25.8,72,559,6.2,Mustard,SYNTHETIC (generated from per-crop agro-climatic profiles)
343,17.3,154,22.0,65,871,6.4,Sunflower,SYNTHETIC (generated from per-crop agro-climatic profiles)
391,11.3,155,15.8,88,465,7.8,Potato,SYNTHETIC (generated from per-crop agro-climatic profiles)
390,10.6,248,20.1,86,665,7.3,Tomato,SYNTHETIC (generated from per-crop agro-climatic profiles)
365,18.0,101,18.8,46,757,7.0,Onion,SYNTHETIC (generated from per-crop agro-climatic profiles)
456,14.9,229,27.6,67,976,6.5,Banana,SYNTHETIC (generated from per-crop agro-climatic profiles)
315,16.5,228,26.9,56,856,7.0,Chilli,SYNTHETIC (generated from per-crop agro-climatic profiles)
386,15.0,197,21.9,53,1274,7.7,Turmeric,SYNTHETIC (generated from per-crop agro-climatic profiles)
434,13.9,301,30.1,68,461,6.1,Ragi,SYNTHETIC (generated from per-crop agro-climatic profiles)
219,21.1,246,25.9,82,405,7.2,Green gram,SYNTHETIC (generated from per-crop agro-climatic profiles)
390,14.5,250,31.4,70,1582,6.0,Rice,SYNTHETIC (generated from per-crop agro-climatic profiles)
296,11.1,168,22.3,63,734,7.4,Wheat,SYNTHETIC (generated from per-crop agro-climatic profiles)
443,16.6,294,28.7,83,719,6.4,Maize,SYNTHETIC (generated from per-crop agro-climatic profiles)
288,16.0,165,26.5,48,491,7.0,Sorghum,SYNTHETIC (generated from per-crop agro-climatic profiles)
331,3.8,135,28.3,55,432,6.7,Pearl millet,SYNTHETIC (generated from per-crop agro-climatic profiles)
399,9.2,195,25.7,49,641,7.2,Cotton,SYNTHETIC (generated from per-crop agro-climatic profiles)
343,7.0,214,25.4,76,1237,6.1,Sugarcane,SYNTHETIC (generated from per-crop agro-climatic profiles)
208,11.1,185,29.0,73,340,6.2,Groundnut,SYNTHETIC (generated from per-crop agro-climatic profiles)
192,18.3,163,30.2,93,583,7.3,Soybean,SYNTHETIC (generated from per-crop agro-climatic profiles)
237,11.4,234,17.1,50,463,6.5,Chickpea,SYNTHETIC (generated from per-crop agro-climatic profiles)
306,6.0,236,29.5,75,423,7.7,Pigeon pea,SYNTHETIC (generated from per-crop agro-climatic profiles)
180,21.0,161,24.2,53,549,6.6,Lentil,SYNTHETIC (generated from per-crop agro-climatic profiles)
425,16.1,158,22.1,65,580,6.4,Mustard,SYNTHETIC (generated from per-crop agro-climatic profiles)
282,23.8,177,21.7,63,750,6.7,Sunflower,SYNTHETIC (generated from per-crop agro-climatic profiles)
437,16.8,193,15.5,69,551,7.8,Potato,SYNTHETIC (generated from per-crop agro-climatic profiles)
366,15.5,229,17.6,62,867,6.9,Tomato,SYNTHETIC (generated from per-crop agro-climatic profiles)
415,24.6,108,17.2,40,776,6.3,Onion,SYNTHETIC (generated from per-crop agro-climatic profiles)
373,17.2,224,27.4,75,934,6.8,Banana,SYNTHETIC (generated from per-crop agro-climatic profiles)
377,19.3,226,24.8,46,681,6.7,Chilli,SYNTHETIC (generated from per-crop agro-climatic profiles)
424,14.9,207,23.9,68,1531,7.5,Turmeric,SYNTHETIC (generated from per-crop agro-climatic profiles)
490,13.7,198,25.2,69,436,6.3,Ragi,SYNTHETIC (generated from per-crop agro-climatic profiles)
268,22.8,210,28.3,79,473,7.1,Green gram,SYNTHETIC (generated from per-crop agro-climatic profiles)
288,11.8,215,28.6,73,1718,6.3,Rice,SYNTHETIC (generated from per-crop agro-climatic profiles)
340,12.9,195,19.3,57,918,6.4,Wheat,SYNTHETIC (generated from per-crop agro-climatic profiles)
442,20.1,233,27.8,84,983,6.8,Maize,SYNTHETIC (generated from per-crop agro-climatic profiles)
291,13.8,228,26.9,48,535,7.6,Sorghum,SYNTHETIC (generated from per-crop agro-climatic profiles)
269,9.1,115,27.0,72,452,6.7,Pearl millet,SYNTHETIC (generated from per-crop agro-climatic profiles)
412,9.8,132,27.9,42,502,7.7,Cotton,SYNTHETIC (generated from per-crop agro-climatic profiles)
367,12.6,210,23.9,71,1184,6.9,Sugarcane,SYNTHETIC (generated from per-crop agro-climatic profiles)
207,14.8,199,30.6,74,461,6.1,Groundnut,SYNTHETIC (generated from per-crop agro-climatic profiles)
204,17.4,222,30.9,88,751,6.8,Soybean,SYNTHETIC (generated from per-crop agro-climatic profiles)
291,2.0,215,19.6,62,452,6.7,Chickpea,SYNTHETIC (generated from per-crop agro-climatic profiles)
224,11.3,200,31.9,82,394,8.0,Pigeon pea,SYNTHETIC (generated from per-crop agro-climatic profiles)
218,20.4,241,22.7,47,374,6.2,Lentil,SYNTHETIC (generated from per-crop agro-climatic profiles)
327,12.2,119,23.9,69,472,5.6,Mustard,SYNTHETIC (generated from per-crop agro-climatic profiles)
289,16.9,72,22.5,71,875,6.5,Sunflower,SYNTHETIC (generated from per-crop agro-climatic profiles)
344,19.1,181,15.9,85,587,7.2,Potato,SYNTHETIC (generated from per-crop agro-climatic profiles)
305,16.6,209,19.6,76,913,7.5,Tomato,SYNTHETIC (generated from per-crop agro-climatic profiles)
336,16.8,76,15.7,46,1047,6.5,Onion,SYNTHETIC (generated from per-crop agro-climatic profiles)
413,11.4,208,28.8,73,894,6.0,Banana,SYNTHETIC (generated from per-crop agro-climatic profiles)
363,15.9,204,26.8,48,637,6.5,Chilli,SYNTHETIC (generated from per-crop agro-climatic profiles)
475,21.3,217,28.4,64,1867,7.3,Turmeric,SYNTHETIC (generated from per-crop agro-climatic profiles)
403,14.2,197,30.7,42,592,6.4,Ragi,SYNTHETIC (generated from per-crop agro-climatic profiles)
231,18.0,205,26.8,77,402,7.5,Green gram,SYNTHETIC (generated from per-crop agro-climatic profiles)
349,9.1,274,28.4,77,1328,5.6,Rice,SYNTHETIC (generated from per-crop agro-climatic profiles)
316,10.4,228,21.7,61,996,7.4,Wheat,SYNTHETIC (generated from per-crop agro-climatic profiles)
394,15.3,252,28.2,86,757,6.6,Maize,SYNTHETIC (generated from per-crop agro-climatic profiles)
273,18.8,196,25.4,51,560,7.2,Sorghum,SYNTHETIC (generated from per-crop agro-climatic profiles)
307,2.0,106,29.6,68,442,7.6,Pearl millet,SYNTHETIC (generated from per-crop agro-climatic profiles)
413,12.1,207,25.0,43,597,7.4,Cotton,SYNTHETIC (generated from per-crop agro-climatic profiles)
296,9.0,164,26.4,76,1458,6.8,Sugarcane,SYNTHETIC (generated from per-crop agro-climatic profiles)
210,14.9,176,31.8,77,405,6.4,Groundnut,SYNTHETIC (generated from per-crop agro-climatic profiles)
255,22.8,194,30.5,80,738,7.2,Soybean,SYNTHETIC (generated from per-crop agro-climatic profiles)
199,6.0,223,18.6,52,411,5.9,Chickpea,SYNTHETIC (generated from per-crop agro-climatic profiles)
259,13.3,294,30.1,79,311,7.3,Pigeon pea,SYNTHETIC (generated from per-crop agro-climatic profiles)
206,14.9,172,22.6,54,396,6.5,Lentil,SYNTHETIC (generated from per-crop agro-climatic profiles)
385,11.5,99,24.2,67,469,6.1,Mustard,SYNTHETIC (generated from per-crop agro-climatic profiles)
315,14.5,135,21.5,64,661,6.5,Sunflower,SYNTHETIC (generated from per-crop agro-climatic profiles)
387,14.4,198,16.8,73,751,7.5,Potato,SYNTHETIC (generated from per-crop agro-climatic profiles)
351,13.9,255,20.5,76,719,7.5,Tomato,SYNTHETIC (generated from per-crop agro-climatic profiles)
381,19.4,167,18.7,41,1024,6.5,Onion,SYNTHETIC (generated from per-crop agro-climatic profiles)
437,14.8,253,26.7,64,916,6.7,Banana,SYNTHETIC (generated from per-crop agro-climatic profiles)
339,19.2,223,31.1,55,713,6.7,Chilli,SYNTHETIC (generated from per-crop agro-climatic profiles)
425,15.0,204,25.8,60,1182,7.8,Turmeric,SYNTHETIC (generated from per-crop agro-climatic profiles)
441,18.8,260,28.0,66,449,6.1,Ragi,SYNTHETIC (generated from per-crop agro-climatic profiles)
182,17.3,206,27.7,87,476,7.2,Green gram,SYNTHETIC (generated from per-crop agro-climatic profiles)
256,6.9,261,28.0,73,1564,6.0,Rice,SYNTHETIC (generated from per-crop agro-climatic profiles)
330,12.2,88,23.0,60,738,7.0,Wheat,SYNTHETIC (generated from per-crop agro-climatic profiles)
426,14.6,253,28.9,97,676,6.0,Maize,SYNTHETIC (generated from per-crop agro-climatic profiles)
290,16.8,140,27.5,45,459,7.6,Sorghum,SYNTHETIC (generated from per-crop agro-climatic profiles)
287,5.3,113,29.5,73,387,7.7,Pearl millet,SYNTHETIC (generated from per-crop agro-climatic profiles)
421,8.9,154,26.0,46,725,7.0,Cotton,SYNTHETIC (generated from per-crop agro-climatic profiles)
381,2.4,234,27.4,73,1294,7.1,Sugarcane,SYNTHETIC (generated from per-crop agro-climatic profiles)
221,11.9,164,31.8,65,369,6.9,Groundnut,SYNTHETIC (generated from per-crop agro-climatic profiles)
273,16.1,300,30.6,85,556,6.9,Soybean,SYNTHETIC (generated from per-crop agro-climatic profiles)
246,4.4,226,17.8,50,400,6.7,Chickpea,SYNTHETIC (generated from per-crop agro-climatic profiles)
292,9.6,266,29.7,83,472,7.7,Pigeon pea,SYNTHETIC (generated from per-crop agro-climatic profiles)
186,23.9,201,20.1,48,518,6.7,Lentil,SYNTHETIC (generated from per-crop agro-climatic profiles)
416,14.8,171,24.3,63,565,5.3,Mustard,SYNTHETIC (generated from per-crop agro-climatic profiles)
294,22.9,133,22.3,80,793,6.8,Sunflower,SYNTHETIC (generated from per-crop agro-climatic profiles)
404,11.2,181,14.0,90,590,7.5,Potato,SYNTHETIC (generated from per-crop agro-climatic profiles)
360,14.1,200,18.7,75,989,7.1,Tomato,SYNTHETIC (generated from per-crop agro-climatic profiles)
379,21.7,170,17.3,44,956,6.8,Onion,SYNTHETIC (generated from per-crop agro-climatic profiles)
349,14.8,226,28.1,69,864,6.8,Banana,SYNTHETIC (generated from per-crop agro-climatic profiles)
347,21.0,185,27.2,45,616,7.0,Chilli,SYNTHETIC (generated from per-crop agro-climatic profiles)
414,15.2,240,27.3,63,1239,7.3,Turmeric,SYNTHETIC (generated from per-crop agro-climatic profiles)
452,10.1,249,32.0,62,325,6.5,Ragi,SYNTHETIC (generated from per-crop agro-climatic profiles)
191,13.9,204,28.8,80,494,7.6,Green gram,SYNTHETIC (generated from per-crop agro-climatic profiles)
304,17.8,264,29.8,81,1409,6.1,Rice,SYNTHETIC (generated from per-crop agro-climatic profiles)
274,10.4,151,25.3,70,851,6.8,Wheat,SYNTHETIC (generated from per-crop agro-climatic profiles)
391,17.6,274,28.1,84,732,6.3,Maize,SYNTHETIC (generated from per-crop agro-climatic profiles)
287,17.3,214,22.8,43,430,7.4,Sorghum,SYNTHETIC (generated from per-crop agro-climatic profiles)
325,6.2,164,30.0,71,424,7.6,Pearl millet,SYNTHETIC (generated from per-crop agro-climatic profiles)
397,10.1,132,26.1,36,697,7.4,Cotton,SYNTHETIC (generated from per-crop agro-climatic profiles)
380,5.9,188,27.7,83,1376,6.9,Sugarcane,SYNTHETIC (generated from per-crop agro-climatic profiles)
214,18.4,198,32.3,74,320,5.7,Groundnut,SYNTHETIC (generated from per-crop agro-climatic profiles)
279,16.5,135,30.2,78,604,7.8,Soybean,SYNTHETIC (generated from per-crop agro-climatic profiles)
236,6.5,236,20.3,55,358,7.0,Chickpea,SYNTHETIC (generated from per-crop agro-climatic profiles)
292,12.9,230,29.3,84,435,7.6,Pigeon pea,SYNTHETIC (generated from per-crop agro-climatic profiles)
192,22.6,218,22.0,52,452,5.9,Lentil,SYNTHETIC (generated from per-crop agro-climatic profiles)
266,12.7,111,24.6,65,486,6.9,Mustard,SYNTHETIC (generated from per-crop agro-climatic profiles)
310,16.4,168,22.9,72,721,6.8,Sunflower,SYNTHETIC (generated from per-crop agro-climatic profiles)
419,17.2,173,13.2,78,564,7.7,Potato,SYNTHETIC (generated from per-crop agro-climatic profiles)
352,17.3,245,19.3,72,735,7.3,Tomato,SYNTHETIC (generated from per-crop agro-climatic profiles)
396,16.7,129,17.6,45,773,6.2,Onion,SYNTHETIC (generated from per-crop agro-climatic profiles)
375,18.0,218,29.6,71,942,6.6,Banana,SYNTHETIC (generated from per-crop agro-climatic profiles)
297,17.2,230,26.3,48,676,6.7,Chilli,SYNTHETIC (generated from per-crop agro-climatic profiles)
422,22.6,197,26.4,65,1552,7.3,Turmeric,SYNTHETIC (generated from per-crop agro-climatic profiles)
400,15.6,267,30.4,51,500,6.4,Ragi,SYNTHETIC (generated from per-crop agro-climatic profiles)
209,17.0,246,27.0,90,404,7.2,Green gram,SYNTHETIC (generated from per-crop agro-climatic profiles)
388,21.0,226,28.9,82,1308,5.9,Rice,SYNTHETIC (generated from per-crop agro-climatic profiles)
306,17.0,156,22.2,64,822,6.8,Wheat,SYNTHETIC (generated from per-crop agro-climatic profiles)
414,10.7,227,28.7,83,783,6.1,Maize,SYNTHETIC (generated from per-crop agro-climatic profiles)
256,13.3,183,25.0,43,523,7.4,Sorghum,SYNTHETIC (generated from per-crop agro-climatic profiles)
300,6.0,161,29.4,73,429,7.3,Pearl millet,SYNTHETIC (generated from per-crop agro-climatic profiles)
462,11.3,155,25.4,53,780,7.0,Cotton,SYNTHETIC (generated from per-crop agro-climatic profiles)
410,8.9,205,26.1,72,1300,6.4,Sugarcane,SYNTHETIC (generated from per-crop agro-climatic profiles)
106,9.1,213,32.9,76,326,6.6,Groundnut,SYNTHETIC (generated from per-crop agro-climatic profiles)
284,12.5,242,31.0,96,821,6.8,Soybean,SYNTHETIC (generated from per-crop agro-climatic profiles)
235,10.9,244,19.4,49,447,6.1,Chickpea,SYNTHETIC (generated from per-crop agro-climatic profiles)
282,10.7,263,32.4,74,457,8.0,Pigeon pea,SYNTHETIC (generated from per-crop agro-climatic profiles)
145,21.5,245,22.4,52,421,6.3,Lentil,SYNTHETIC (generated from per-crop agro-climatic profiles)
373,9.4,180,22.9,68,494,6.5,Mustard,SYNTHETIC (generated from per-crop agro-climatic profiles)
400,20.2,160,25.7,65,790,6.9,Sunflower,SYNTHETIC (generated from per-crop agro-climatic profiles)
405,16.6,299,13.5,89,566,7.7,Potato,SYNTHETIC (generated from per-crop agro-climatic profiles)
325,14.2,275,20.5,74,626,7.8,Tomato,SYNTHETIC (generated from per-crop agro-climatic profiles)
435,16.2,200,16.9,44,918,7.4,Onion,SYNTHETIC (generated from per-crop agro-climatic profiles)
353,14.3,246,29.6,64,831,6.5,Banana,SYNTHETIC (generated from per-crop agro-climatic profiles)
365,26.1,206,27.0,40,640,6.6,Chilli,SYNTHETIC (generated from per-crop agro-climatic profiles)
401,17.7,190,22.5,57,1441,7.1,Turmeric,SYNTHETIC (generated from per-crop agro-climatic profiles)
423,14.4,290,30.3,67,441,5.6,Ragi,SYNTHETIC (generated from per-crop agro-climatic profiles)
203,13.1,175,28.3,86,519,7.3,Green gram,SYNTHETIC (generated from per-crop agro-climatic profiles)
325,14.4,180,31.6,67,1234,6.2,Rice,SYNTHETIC (generated from per-crop agro-climatic profiles)
307,10.6,192,22.2,58,844,6.8,Wheat,SYNTHETIC (generated from per-crop agro-climatic profiles)
415,17.2,265,27.4,88,905,6.3,Maize,SYNTHETIC (generated from per-crop agro-climatic profiles)
303,19.1,170,22.4,50,517,7.5,Sorghum,SYNTHETIC (generated from per-crop agro-climatic profiles)
307,11.6,162,29.4,53,433,7.2,Pearl millet,SYNTHETIC (generated from per-crop agro-climatic profiles)
367,13.1,175,26.6,42,682,7.2,Cotton,SYNTHETIC (generated from per-crop agro-climatic profiles)
366,11.7,132,25.7,75,1477,7.6,Sugarcane,SYNTHETIC (generated from per-crop agro-climatic profiles)
205,7.4,226,30.4,62,467,6.7,Groundnut,SYNTHETIC (generated from per-crop agro-climatic profiles)
330,19.0,203,30.1,83,793,7.1,Soybean,SYNTHETIC (generated from per-crop agro-climatic profiles)
284,13.6,251,16.2,49,504,6.6,Chickpea,SYNTHETIC (generated from per-crop agro-climatic profiles)
276,8.1,227,29.5,83,432,7.9,Pigeon pea,SYNTHETIC (generated from per-crop agro-climatic profiles)
244,22.3,152,23.0,56,499,6.8,Lentil,SYNTHETIC (generated from per-crop agro-climatic profiles)
277,12.0,151,23.4,70,514,6.5,Mustard,SYNTHETIC (generated from per-crop agro-climatic profiles)
313,17.1,109,21.8,76,688,6.5,Sunflower,SYNTHETIC (generated from per-crop agro-climatic profiles)
380,11.7,194,15.3,88,526,7.2,Potato,SYNTHETIC (generated from per-crop agro-climatic profiles)
339,15.1,242,21.3,68,785,7.7,Tomato,SYNTHETIC (generated from per-crop agro-climatic profiles)
400,16.7,125,14.6,43,828,6.7,Onion,SYNTHETIC (generated from per-crop agro-climatic profiles)
346,19.2,223,28.1,68,818,6.4,Banana,SYNTHETIC (generated from per-crop agro-climatic profiles)
329,20.1,219,26.5,51,731,7.2,Chilli,SYNTHETIC (generated from per-crop agro-climatic profiles)
441,16.4,216,26.4,67,1440,7.5,Turmeric,SYNTHETIC (generated from per-crop agro-climatic profiles)
426,18.8,245,29.7,70,460,5.9,Ragi,SYNTHETIC (generated from per-crop agro-climatic profiles)
200,16.6,193,28.9,76,470,7.1,Green gram,SYNTHETIC (generated from per-crop agro-climatic profiles)
313,10.9,200,29.4,79,1380,6.1,Rice,SYNTHETIC (generated from per-crop agro-climatic profiles)
354,10.7,130,26.5,60,1005,7.4,Wheat,SYNTHETIC (generated from per-crop agro-climatic profiles)
483,16.0,255,27.4,80,814,6.7,Maize,SYNTHETIC (generated from per-crop agro-climatic profiles)
321,17.0,199,26.3,53,530,7.4,Sorghum,SYNTHETIC (generated from per-crop agro-climatic profiles)
303,7.8,138,29.0,61,413,7.0,Pearl millet,SYNTHETIC (generated from per-crop agro-climatic profiles)
427,8.3,135,24.6,43,743,7.2,Cotton,SYNTHETIC (generated from per-crop agro-climatic profiles)
445,14.8,204,25.2,70,1536,6.6,Sugarcane,SYNTHETIC (generated from per-crop agro-climatic profiles)
204,7.5,170,32.5,72,405,6.5,Groundnut,SYNTHETIC (generated from per-crop agro-climatic profiles)
248,18.3,173,32.3,86,803,6.9,Soybean,SYNTHETIC (generated from per-crop agro-climatic profiles)
169,6.4,245,17.4,51,346,6.3,Chickpea,SYNTHETIC (generated from per-crop agro-climatic profiles)
255,6.3,269,28.2,78,484,7.5,Pigeon pea,SYNTHETIC (generated from per-crop agro-climatic profiles)
225,19.8,176,22.2,56,515,6.8,Lentil,SYNTHETIC (generated from per-crop agro-climatic profiles)
296,8.3,171,21.2,62,445,5.8,Mustard,SYNTHETIC (generated from per-crop agro-climatic profiles)
357,15.2,178,22.9,72,747,6.5,Sunflower,SYNTHETIC (generated from per-crop agro-climatic profiles)
403,13.6,217,16.3,87,573,7.9,Potato,SYNTHETIC (generated from per-crop agro-climatic profiles)
256,18.5,189,21.1,71,891,7.5,Tomato,SYNTHETIC (generated from per-crop agro-climatic profiles)
429,22.5,163,17.8,44,923,7.0,Onion,SYNTHETIC (generated from per-crop agro-climatic profiles)
422,16.5,179,29.7,59,849,6.6,Banana,SYNTHETIC (generated from per-crop agro-climatic profiles)
371,23.5,250,25.8,50,687,6.8,Chilli,SYNTHETIC (generated from per-crop agro-climatic profiles)
411,16.0,164,30.5,63,1683,7.3,Turmeric,SYNTHETIC (generated from per-crop agro-climatic profiles)
386,14.3,193,30.2,60,581,6.1,Ragi,SYNTHETIC (generated from per-crop agro-climatic profiles)
197,20.6,194,27.8,85,501,7.3,Green gram,SYNTHETIC (generated from per-crop agro-climatic profiles)
321,12.4,183,31.5,69,1333,6.0,Rice,SYNTHETIC (generated from per-crop agro-climatic profiles)
375,12.2,179,21.6,56,769,7.0,Wheat,SYNTHETIC (generated from per-crop agro-climatic profiles)
407,16.6,334,30.2,85,655,6.9,Maize,SYNTHETIC (generated from per-crop agro-climatic profiles)
322,9.9,177,24.7,49,490,7.6,Sorghum,SYNTHETIC (generated from per-crop agro-climatic profiles)
292,12.0,130,30.3,58,384,6.7,Pearl millet,SYNTHETIC (generated from per-crop agro-climatic profiles)
398,15.3,202,25.7,53,624,7.4,Cotton,SYNTHETIC (generated from per-crop agro-climatic profiles)
334,13.1,164,25.2,71,1359,6.6,Sugarcane,SYNTHETIC (generated from per-crop agro-climatic profiles)
167,7.5,160,29.8,74,387,6.3,Groundnut,SYNTHETIC (generated from per-crop agro-climatic profiles)
258,19.9,215,30.5,84,652,7.3,Soybean,SYNTHETIC (generated from per-crop agro-climatic profiles)
231,6.1,256,17.2,55,483,6.8,Chickpea,SYNTHETIC (generated from per-crop agro-climatic profiles)
299,7.7,210,28.3,74,378,7.5,Pigeon pea,SYNTHETIC (generated from per-crop agro-climatic profiles)
233,22.9,240,23.4,48,579,6.7,Lentil,SYNTHETIC (generated from per-crop agro-climatic profiles)
425,12.0,178,24.0,73,456,5.9,Mustard,SYNTHETIC (generated from per-crop agro-climatic profiles)
322,15.9,105,23.1,69,646,6.7,Sunflower,SYNTHETIC (generated from per-crop agro-climatic profiles)
339,10.5,202,16.0,89,654,7.7,Potato,SYNTHETIC (generated from per-crop agro-climatic profiles)
356,18.2,274,17.2,71,693,7.4,Tomato,SYNTHETIC (generated from per-crop agro-climatic profiles)
353,22.5,125,19.2,43,1005,6.9,Onion,SYNTHETIC (generated from per-crop agro-climatic profiles)
324,13.4,156,28.2,79,903,6.4,Banana,SYNTHETIC (generated from per-crop agro-climatic profiles)
378,11.4,144,25.6,44,656,6.7,Chilli,SYNTHETIC (generated from per-crop agro-climatic profiles)
451,19.0,215,26.0,57,1828,7.8,Turmeric,SYNTHETIC (generated from per-crop agro-climatic profiles)
382,19.5,228,31.1,65,438,5.4,Ragi,SYNTHETIC (generated from per-crop agro-climatic profiles)
188,23.4,210,29.7,80,472,7.4,Green gram,SYNTHETIC (generated from per-crop agro-climatic profiles)
336,12.6,227,25.7,82,1824,6.2,Rice,SYNTHETIC (generated from per-crop agro-climatic profiles)
342,12.7,82,21.8,64,937,6.5,Wheat,SYNTHETIC (generated from per-crop agro-climatic profiles)
390,11.7,285,28.1,94,670,6.6,Maize,SYNTHETIC (generated from per-crop agro-climatic profiles)
288,15.5,158,24.8,51,507,7.3,Sorghum,SYNTHETIC (generated from per-crop agro-climatic profiles)
369,11.2,162,26.0,67,408,7.1,Pearl millet,SYNTHETIC (generated from per-crop agro-climatic profiles)
382,3.9,184,25.9,43,781,7.5,Cotton,SYNTHETIC (generated from per-crop agro-climatic profiles)
367,14.8,221,25.8,69,1602,6.8,Sugarcane,SYNTHETIC (generated from per-crop agro-climatic profiles)
226,10.7,205,30.8,73,416,6.0,Groundnut,SYNTHETIC (generated from per-crop agro-climatic profiles)
287,15.5,154,29.7,78,836,7.3,Soybean,SYNTHETIC (generated from per-crop agro-climatic profiles)
265,12.8,210,18.3,54,364,6.6,Chickpea,SYNTHETIC (generated from per-crop agro-climatic profiles)
272,15.2,190,31.6,78,436,7.3,Pigeon pea,SYNTHETIC (generated from per-crop agro-climatic profiles)
311,20.8,170,22.8,42,483,6.0,Lentil,SYNTHETIC (generated from per-crop agro-climatic profiles)
336,11.2,197,25.5,68,489,6.2,Mustard,SYNTHETIC (generated from per-crop agro-climatic profiles)
325,18.2,166,23.4,64,839,6.5,Sunflower,SYNTHETIC (generated from per-crop agro-climatic profiles)
338,11.3,197,15.7,97,612,7.4,Potato,SYNTHETIC (generated from per-crop agro-climatic profiles)
387,14.0,229,21.4,76,903,7.4,Tomato,SYNTHETIC (generated from per-crop agro-climatic profiles)
320,18.0,159,20.6,38,1050,7.0,Onion,SYNTHETIC (generated from per-crop agro-climatic profiles)
413,15.0,236,29.0,70,857,6.7,Banana,SYNTHETIC (generated from per-crop agro-climatic profiles)
316,17.6,253,24.0,56,637,6.6,Chilli,SYNTHETIC (generated from per-crop agro-climatic profiles)
457,15.4,178,24.7,54,1579,7.9,Turmeric,SYNTHETIC (generated from per-crop agro-climatic profiles)
409,10.2,284,27.1,63,447,6.9,Ragi,SYNTHETIC (generated from per-crop agro-climatic profiles)
221,18.3,195,29.2,92,320,7.5,Green gram,SYNTHETIC (generated from per-crop agro-climatic profiles)
337,12.8,299,30.7,76,1320,5.5,Rice,SYNTHETIC (generated from per-crop agro-climatic profiles)
313,8.0,192,21.6,59,1048,6.8,Wheat,SYNTHETIC (generated from per-crop agro-climatic profiles)
373,18.9,204,27.0,85,661,6.5,Maize,SYNTHETIC (generated from per-crop agro-climatic profiles)
289,17.0,191,25.1,50,456,7.5,Sorghum,SYNTHETIC (generated from per-crop agro-climatic profiles)
346,12.0,117,30.0,63,462,7.6,Pearl millet,SYNTHETIC (generated from per-crop agro-climatic profiles)
381,6.9,140,26.3,49,805,7.4,Cotton,SYNTHETIC (generated from per-crop agro-climatic profiles)
437,9.3,156,25.4,73,1934,6.6,Sugarcane,SYNTHETIC (generated from per-crop agro-climatic profiles)
233,16.5,157,32.0,63,366,5.9,Groundnut,SYNTHETIC (generated from per-crop agro-climatic profiles)
239,16.5,148,31.8,87,693,7.2,Soybean,SYNTHETIC (generated from per-crop agro-climatic profiles)
293,8.9,226,16.6,55,369,6.7,Chickpea,SYNTHETIC (generated from per-crop agro-climatic profiles)
219,13.3,333,31.9,87,351,7.9,Pigeon pea,SYNTHETIC (generated from per-crop agro-climatic profiles)
192,22.9,222,22.7,44,448,6.2,Lentil,SYNTHETIC (generated from per-crop agro-climatic profiles)
359,17.0,156,21.9,66,532,6.1,Mustard,SYNTHETIC (generated from per-crop agro-climatic profiles)
340,18.4,92,21.6,63,788,6.6,Sunflower,SYNTHETIC (generated from per-crop agro-climatic profiles)
433,16.1,251,18.4,91,662,7.5,Potato,SYNTHETIC (generated from per-crop agro-climatic profiles)
387,17.2,290,19.3,71,798,7.5,Tomato,SYNTHETIC (generated from per-crop agro-climatic profiles)
361,23.5,140,18.4,31,918,6.8,Onion,SYNTHETIC (generated from per-crop agro-climatic profiles)
411,10.4,222,26.6,66,916,6.5,Banana,SYNTHETIC (generated from per-crop agro-climatic profiles)
313,20.7,217,28.8,54,646,7.1,Chilli,SYNTHETIC (generated from per-crop agro-climatic profiles)
448,18.5,164,24.9,53,1618,8.0,Turmeric,SYNTHETIC (generated from per-crop agro-climatic profiles)
388,15.8,266,30.4,69,468,6.0,Ragi,SYNTHETIC (generated from per-crop agro-climatic profiles)
168,19.7,175,28.6,81,399,7.4,Green gram,SYNTHETIC (generated from per-crop agro-climatic profiles)
311,13.6,227,29.4,73,1238,5.7,Rice,SYNTHETIC (generated from per-crop agro-climatic profiles)
299,11.0,193,22.3,61,767,6.2,Wheat,SYNTHETIC (generated from per-crop agro-climatic profiles)
441,14.0,240,27.8,83,1027,6.4,Maize,SYNTHETIC (generated from per-crop agro-climatic profiles)
277,17.2,184,23.3,50,442,7.5,Sorghum,SYNTHETIC (generated from per-crop agro-climatic profiles)
363,11.9,126,29.6,64,407,6.9,Pearl millet,SYNTHETIC (generated from per-crop agro-climatic profiles)
373,14.2,63,24.0,50,590,7.6,Cotton,SYNTHETIC (generated from per-crop agro-climatic profiles)
375,7.1,149,25.2,70,1288,7.0,Sugarcane,SYNTHETIC (generated from per-crop agro-climatic profiles)
239,18.5,154,29.4,67,435,6.3,Groundnut,SYNTHETIC (generated from per-crop agro-climatic profiles)
282,16.7,191,28.6,98,721,7.4,Soybean,SYNTHETIC (generated from per-crop agro-climatic profiles)
149,9.0,185,16.2,49,369,6.7,Chickpea,SYNTHETIC (generated from per-crop agro-climatic profiles)
301,7.7,283,26.9,88,439,7.7,Pigeon pea,SYNTHETIC (generated from per-crop agro-climatic profiles)
216,27.7,164,24.1,39,547,6.1,Lentil,SYNTHETIC (generated from per-crop agro-climatic profiles)
453,15.6,160,24.1,76,493,6.5,Mustard,SYNTHETIC (generated from per-crop agro-climatic profiles)
320,16.7,97,21.7,71,682,7.0,Sunflower,SYNTHETIC (generated from per-crop agro-climatic profiles)
425,10.1,224,17.4,87,675,7.5,Potato,SYNTHETIC (generated from per-crop agro-climatic profiles)
344,20.0,212,16.7,84,820,8.0,Tomato,SYNTHETIC (generated from per-crop agro-climatic profiles)
410,19.2,167,21.3,39,745,6.7,Onion,SYNTHETIC (generated from per-crop agro-climatic profiles)
452,12.7,185,26.8,79,1000,6.3,Banana,SYNTHETIC (generated from per-crop agro-climatic profiles)
367,19.0,159,28.1,47,552,6.4,Chilli,SYNTHETIC (generated from per-crop agro-climatic profiles)
445,18.7,203,27.8,67,1456,7.1,Turmeric,SYNTHETIC (generated from per-crop agro-climatic profiles)
421,13.2,276,28.2,68,361,6.7,Ragi,SYNTHETIC (generated from per-crop agro-climatic profiles)
227,16.6,223,29.6,89,443,7.7,Green gram,SYNTHETIC (generated from per-crop agro-climatic profiles)
347,14.5,214,29.2,88,1326,5.9,Rice,SYNTHETIC (generated from per-crop agro-climatic profiles)
296,14.0,152,19.7,68,879,7.2,Wheat,SYNTHETIC (generated from per-crop agro-climatic profiles)
389,15.6,290,29.7,90,817,6.8,Maize,SYNTHETIC (generated from per-crop agro-climatic profiles)
373,11.0,211,26.4,57,588,7.3,Sorghum,SYNTHETIC (generated from per-crop agro-climatic profiles)
298,7.9,177,29.1,67,450,7.5,Pearl millet,SYNTHETIC (generated from per-crop agro-climatic profiles)
473,7.6,171,27.3,44,589,8.0,Cotton,SYNTHETIC (generated from per-crop agro-climatic profiles)
407,13.7,250,23.6,71,1436,7.0,Sugarcane,SYNTHETIC (generated from per-crop agro-climatic profiles)
197,18.3,136,31.7,55,382,6.7,Groundnut,SYNTHETIC (generated from per-crop agro-climatic profiles)
266,11.9,164,30.7,91,586,7.5,Soybean,SYNTHETIC (generated from per-crop agro-climatic profiles)
240,4.1,242,17.4,52,475,6.6,Chickpea,SYNTHETIC (generated from per-crop agro-climatic profiles)
274,8.0,248,28.9,82,455,7.7,Pigeon pea,SYNTHETIC (generated from per-crop agro-climatic profiles)
224,23.7,231,22.9,45,435,6.7,Lentil,SYNTHETIC (generated from per-crop agro-climatic profiles)
369,18.0,172,23.8,65,401,5.5,Mustard,SYNTHETIC (generated from per-crop agro-climatic profiles)
319,15.5,113,26.9,63,606,6.5,Sunflower,SYNTHETIC (generated from per-crop agro-climatic profiles)
417,18.0,141,15.1,79,681,7.2,Potato,SYNTHETIC (generated from per-crop agro-climatic profiles)
308,13.7,234,16.5,65,808,7.2,Tomato,SYNTHETIC (generated from per-crop agro-climatic profiles)
502,15.7,164,18.4,44,828,7.1,Onion,SYNTHETIC (generated from per-crop agro-climatic profiles)
428,16.1,211,29.8,71,1050,7.0,Banana,SYNTHETIC (generated from per-crop agro-climatic profiles)
387,19.9,250,26.8,48,621,6.8,Chilli,SYNTHETIC (generated from per-crop agro-climatic profiles)
458,11.0,264,24.5,62,1407,7.4,Turmeric,SYNTHETIC (generated from per-crop agro-climatic profiles)
425,13.2,267,29.2,65,464,6.2,Ragi,SYNTHETIC (generated from per-crop agro-climatic profiles)
236,16.8,197,29.2,82,435,7.4,Green gram,SYNTHETIC (generated from per-crop agro-climatic profiles)
318,11.1,239,30.8,73,1394,6.2,Rice,SYNTHETIC (generated from per-crop agro-climatic profiles)
352,12.9,161,22.9,60,881,6.7,Wheat,SYNTHETIC (generated from per-crop agro-climatic profiles)
417,19.5,222,28.7,87,749,6.5,Maize,SYNTHETIC (generated from per-crop agro-climatic profiles)
325,16.5,140,21.8,41,569,8.0,Sorghum,SYNTHETIC (generated from per-crop agro-climatic profiles)
336,5.5,177,27.7,57,455,7.2,Pearl millet,SYNTHETIC (generated from per-crop agro-climatic profiles)
420,11.1,169,25.0,46,746,7.8,Cotton,SYNTHETIC (generated from per-crop agro-climatic profiles)
402,9.0,205,27.8,77,1274,7.2,Sugarcane,SYNTHETIC (generated from per-crop agro-climatic profiles)
189,12.5,155,29.4,73,452,6.2,Groundnut,SYNTHETIC (generated from per-crop agro-climatic profiles)
252,19.0,188,33.0,90,746,7.1,Soybean,SYNTHETIC (generated from per-crop agro-climatic profiles)
179,13.1,275,19.6,51,361,6.6,Chickpea,SYNTHETIC (generated from per-crop agro-climatic profiles)
343,11.7,250,28.5,75,428,7.4,Pigeon pea,SYNTHETIC (generated from per-crop agro-climatic profiles)
164,24.9,181,22.8,38,474,6.1,Lentil,SYNTHETIC (generated from per-crop agro-climatic profiles)
379,13.4,162,20.5,69,536,6.5,Mustard,SYNTHETIC (generated from per-crop agro-climatic profiles)
397,19.7,148,24.5,62,778,6.8,Sunflower,SYNTHETIC (generated from per-crop agro-climatic profiles)
418,15.6,167,16.0,74,601,7.3,Potato,SYNTHETIC (generated from per-crop agro-climatic profiles)
364,23.8,243,17.9,77,644,7.5,Tomato,SYNTHETIC (generated from per-crop agro-climatic profiles)
405,20.3,180,19.2,41,797,6.9,Onion,SYNTHETIC (generated from per-crop agro-climatic profiles)
340,16.0,161,28.8,70,947,6.6,Banana,SYNTHETIC (generated from per-crop agro-climatic profiles)
356,23.4,248,26.7,44,853,6.8,Chilli,SYNTHETIC (generated from per-crop agro-climatic profiles)
423,10.5,112,26.6,65,1546,7.7,Turmeric,SYNTHETIC (generated from per-crop agro-climatic profiles)
446,13.9,203,28.0,62,467,6.0,Ragi,SYNTHETIC (generated from per-crop agro-climatic profiles)
192,23.0,231,28.0,86,455,7.3,Green gram,SYNTHETIC (generated from per-crop agro-climatic profiles)
307,16.5,218,29.9,88,1840,6.5,Rice,SYNTHETIC (generated from per-crop agro-climatic profiles)
427,11.9,196,22.5,76,972,7.0,Wheat,SYNTHETIC (generated from per-crop agro-climatic profiles)
476,8.4,272,28.0,82,731,5.8,Maize,SYNTHETIC (generated from per-crop agro-climatic profiles)
302,12.8,204,24.2,54,399,8.0,Sorghum,SYNTHETIC (generated from per-crop agro-climatic profiles)
331,6.7,184,28.7,67,456,6.7,Pearl millet,SYNTHETIC (generated from per-crop agro-climatic profiles)
440,10.6,162,26.2,38,610,7.6,Cotton,SYNTHETIC (generated from per-crop agro-climatic profiles)
403,9.9,181,23.4,76,1473,6.9,Sugarcane,SYNTHETIC (generated from per-crop agro-climatic profiles)
223,11.6,185,32.8,69,426,6.5,Groundnut,SYNTHETIC (generated from per-crop agro-climatic profiles)
305,17.1,261,30.6,76,746,7.4,Soybean,SYNTHETIC (generated from per-crop agro-climatic profiles)
262,9.9,215,15.4,51,334,6.8,Chickpea,SYNTHETIC (generated from per-crop agro-climatic profiles)
266,15.3,273,29.8,92,417,7.9,Pigeon pea,SYNTHETIC (generated from per-crop agro-climatic profiles)
248,20.0,183,22.7,65,474,6.6,Lentil,SYNTHETIC (generated from per-crop agro-climatic profiles)
288,16.0,188,23.2,62,466,6.1,Mustard,SYNTHETIC (generated from per-crop agro-climatic profiles)
286,17.8,139,21.4,70,770,7.1,Sunflower,SYNTHETIC (generated from per-crop agro-climatic profiles)
339,15.3,206,16.1,89,535,8.1,Potato,SYNTHETIC (generated from per-crop agro-climatic profiles)
321,18.3,234,17.2,80,765,7.7,Tomato,SYNTHETIC (generated from per-crop agro-climatic profiles)
355,18.4,154,15.7,45,845,6.7,Onion,SYNTHETIC (generated from per-crop agro-climatic profiles)
428,14.5,229,28.6,71,908,6.8,Banana,SYNTHETIC (generated from per-crop agro-climatic profiles)
376,23.9,210,23.9,53,786,6.7,Chilli,SYNTHETIC (generated from per-crop agro-climatic profiles)
449,17.0,183,26.7,59,1722,7.5,Turmeric,SYNTHETIC (generated from per-crop agro-climatic profiles)
399,20.0,170,27.8,56,489,6.1,Ragi,SYNTHETIC (generated from per-crop agro-climatic profiles)
219,18.5,224,26.6,85,443,7.4,Green gram,SYNTHETIC (generated from per-crop agro-climatic profiles)
347,11.6,248,30.2,74,1624,6.4,Rice,SYNTHETIC (generated from per-crop agro-climatic profiles)
349,13.4,193,22.0,65,903,6.6,Wheat,SYNTHETIC (generated from per-crop agro-climatic profiles)
422,15.6,217,26.2,76,704,5.9,Maize,SYNTHETIC (generated from per-crop agro-climatic profiles)
284,12.9,148,27.1,43,589,7.1,Sorghum,SYNTHETIC (generated from per-crop agro-climatic profiles)
370,9.5,180,27.2,64,539,7.7,Pearl millet,SYNTHETIC (generated from per-crop agro-climatic profiles)
433,9.2,144,26.1,39,615,7.6,Cotton,SYNTHETIC (generated from per-crop agro-climatic profiles)
376,12.7,216,24.3,66,1325,6.6,Sugarcane,SYNTHETIC (generated from per-crop agro-climatic profiles)
159,11.2,152,31.4,54,428,6.5,Groundnut,SYNTHETIC (generated from per-crop agro-climatic profiles)
306,18.7,163,29.7,79,765,7.4,Soybean,SYNTHETIC (generated from per-crop agro-climatic profiles)
205,8.2,243,16.8,49,436,6.5,Chickpea,SYNTHETIC (generated from per-crop agro-climatic profiles)
321,15.8,189,30.4,88,324,7.4,Pigeon pea,SYNTHETIC (generated from per-crop agro-climatic profiles)
143,21.4,195,25.1,51,459,6.8,Lentil,SYNTHETIC (generated from per-crop agro-climatic profiles)
380,16.5,160,22.4,78,458,6.4,Mustard,SYNTHETIC (generated from per-crop agro-climatic profiles)
279,18.1,136,21.5,69,774,6.8,Sunflower,SYNTHETIC (generated from per-crop agro-climatic profiles)
352,15.0,227,13.6,87,620,7.3,Potato,SYNTHETIC (generated from per-crop agro-climatic profiles)
311,22.9,225,20.0,73,806,7.8,Tomato,SYNTHETIC (generated from per-crop agro-climatic profiles)
440,22.0,84,18.4,39,809,7.2,Onion,SYNTHETIC (generated from per-crop agro-climatic profiles)
404,10.9,225,29.8,77,801,6.2,Banana,SYNTHETIC (generated from per-crop agro-climatic profiles)
432,14.0,240,25.0,47,672,6.6,Chilli,SYNTHETIC (generated from per-crop agro-climatic profiles)
410,14.3,193,25.7,70,1448,7.5,Turmeric,SYNTHETIC (generated from per-crop agro-climatic profiles)
362,21.2,231,30.8,56,395,5.8,Ragi,SYNTHETIC (generated from per-crop agro-climatic profiles)
193,20.3,228,28.7,85,451,7.4,Green gram,SYNTHETIC (generated from per-crop agro-climatic profiles)
335,5.9,233,30.6,80,1151,6.1,Rice,SYNTHETIC (generated from per-crop agro-climatic profiles)
380,12.6,153,22.9,61,859,6.8,Wheat,SYNTHETIC (generated from per-crop agro-climatic profiles)
380,13.7,234,29.3,81,996,6.6,Maize,SYNTHETIC (generated from per-crop agro-climatic profiles)
312,13.8,242,24.7,50,440,7.5,Sorghum,SYNTHETIC (generated from per-crop agro-climatic profiles)
309,9.5,123,29.1,75,479,7.2,Pearl millet,SYNTHETIC (generated from per-crop agro-climatic profiles)
424,12.7,163,25.5,50,749,8.0,Cotton,SYNTHETIC (generated from per-crop agro-climatic profiles)
357,8.7,163,26.6,62,1353,7.4,Sugarcane,SYNTHETIC (generated from per-crop agro-climatic profiles)
231,11.1,204,31.2,73,464,6.3,Groundnut,SYNTHETIC (generated from per-crop agro-climatic profiles)
230,13.0,257,30.3,87,671,7.1,Soybean,SYNTHETIC (generated from per-crop agro-climatic profiles)
214,7.3,241,15.1,54,417,6.2,Chickpea,SYNTHETIC (generated from per-crop agro-climatic profiles)
209,8.0,270,31.6,73,450,7.8,Pigeon pea,SYNTHETIC (generated from per-crop agro-climatic profiles)
239,19.8,169,23.2,48,632,6.2,Lentil,SYNTHETIC (generated from per-crop agro-climatic profiles)
390,16.1,176,25.5,70,431,6.2,Mustard,SYNTHETIC (generated from per-crop agro-climatic profiles)
346,20.4,154,21.3,69,708,7.2,Sunflower,SYNTHETIC (generated from per-crop agro-climatic profiles)
418,16.2,157,17.0,84,690,7.2,Potato,SYNTHETIC (generated from per-crop agro-climatic profiles)
333,10.5,219,19.7,77,798,7.9,Tomato,SYNTHETIC (generated from per-crop agro-climatic profiles)
402,15.1,141,17.1,42,665,6.7,Onion,SYNTHETIC (generated from per-crop agro-climatic profiles)
344,17.6,233,28.5,64,824,6.5,Banana,SYNTHETIC (generated from per-crop agro-climatic profiles)
316,16.2,135,25.2,44,746,6.4,Chilli,SYNTHETIC (generated from per-crop agro-climatic profiles)
466,22.6,162,23.6,54,1501,7.0,Turmeric,SYNTHETIC (generated from per-crop agro-climatic profiles)
408,9.9,233,29.5,65,476,6.0,Ragi,SYNTHETIC (generated from per-crop agro-climatic profiles)
161,23.0,195,25.0,95,531,7.8,Green gram,SYNTHETIC (generated from per-crop agro-climatic profiles)
335,14.8,254,30.4,69,1680,6.3,Rice,SYNTHETIC (generated from per-crop agro-climatic profiles)
328,7.3,159,24.1,73,790,6.4,Wheat,SYNTHETIC (generated from per-crop agro-climatic profiles)
377,17.8,257,28.6,86,761,6.5,Maize,SYNTHETIC (generated from per-crop agro-climatic profiles)
299,16.7,173,23.9,40,411,7.7,Sorghum,SYNTHETIC (generated from per-crop agro-climatic profiles)
345,10.1,191,31.1,76,544,7.1,Pearl millet,SYNTHETIC (generated from per-crop agro-climatic profiles)
398,7.9,123,23.9,51,705,7.5,Cotton,SYNTHETIC (generated from per-crop agro-climatic profiles)
370,12.6,126,25.1,72,1482,6.7,Sugarcane,SYNTHETIC (generated from per-crop agro-climatic profiles)
176,10.7,184,31.4,67,410,6.4,Groundnut,SYNTHETIC (generated from per-crop agro-climatic profiles)
234,17.3,239,30.4,88,690,7.6,Soybean,SYNTHETIC (generated from per-crop agro-climatic profiles)
237,14.2,236,16.4,61,496,6.7,Chickpea,SYNTHETIC (generated from per-crop agro-climatic profiles)
319,5.0,215,28.7,75,409,7.5,Pigeon pea,SYNTHETIC (generated from per-crop agro-climatic profiles)
199,18.8,202,22.2,51,519,6.6,Lentil,SYNTHETIC (generated from per-crop agro-climatic profiles)
355,19.6,105,23.4,59,498,6.4,Mustard,SYNTHETIC (generated from per-crop agro-climatic profiles)
341,13.3,179,20.7,62,843,6.8,Sunflower,SYNTHETIC (generated from per-crop agro-climatic profiles)
305,14.4,202,17.7,90,656,7.5,Potato,SYNTHETIC (generated from per-crop agro-climatic profiles)
321,17.2,221,20.4,78,624,8.4,Tomato,SYNTHETIC (generated from per-crop agro-climatic profiles)
398,20.6,97,17.3,41,1033,6.6,Onion,SYNTHETIC (generated from per-crop agro-climatic profiles)
400,8.5,207,32.4,74,870,6.7,Banana,SYNTHETIC (generated from per-crop agro-climatic profiles)
318,20.8,224,26.9,70,565,6.7,Chilli,SYNTHETIC (generated from per-crop agro-climatic profiles)
456,17.7,224,24.9,59,1658,7.9,Turmeric,SYNTHETIC (generated from per-crop agro-climatic profiles)
371,8.3,258,30.5,60,537,6.4,Ragi,SYNTHETIC (generated from per-crop agro-climatic profiles)
271,18.1,242,27.1,97,530,6.7,Green gram,SYNTHETIC (generated from per-crop agro-climatic profiles)
303,12.2,217,28.8,75,1054,6.1,Rice,SYNTHETIC (generated from per-crop agro-climatic profiles)
340,8.3,159,23.5,62,930,7.0,Wheat,SYNTHETIC (generated from per-crop agro-climatic profiles)
325,14.3,275,27.5,93,618,6.1,Maize,SYNTHETIC (generated from per-crop agro-climatic profiles)
345,17.6,171,24.5,58,459,7.1,Sorghum,SYNTHETIC (generated from per-crop agro-climatic profiles)
380,3.5,130,26.7,76,440,6.7,Pearl millet,SYNTHETIC (generated from per-crop agro-climatic profiles)
437,13.5,127,28.3,34,745,8.0,Cotton,SYNTHETIC (generated from per-crop agro-climatic profiles)
461,13.0,172,26.7,65,1626,7.2,Sugarcane,SYNTHETIC (generated from per-crop agro-climatic profiles)
245,14.4,160,33.2,64,453,6.4,Groundnut,SYNTHETIC (generated from per-crop agro-climatic profiles)
302,16.7,221,28.5,80,676,7.4,Soybean,SYNTHETIC (generated from per-crop agro-climatic profiles)
227,9.3,294,18.0,53,469,6.2,Chickpea,SYNTHETIC (generated from per-crop agro-climatic profiles)
310,11.2,257,27.5,79,327,7.2,Pigeon pea,SYNTHETIC (generated from per-crop agro-climatic profiles)
157,24.7,240,21.9,55,452,6.8,Lentil,SYNTHETIC (generated from per-crop agro-climatic profiles)
410,10.7,138,20.7,75,494,5.8,Mustard,SYNTHETIC (generated from per-crop agro-climatic profiles)
384,14.9,105,23.6,57,672,6.9,Sunflower,SYNTHETIC (generated from per-crop agro-climatic profiles)
325,15.5,243,16.9,86,651,7.4,Potato,SYNTHETIC (generated from per-crop agro-climatic profiles)
348,17.4,226,20.2,74,679,7.4,Tomato,SYNTHETIC (generated from per-crop agro-climatic profiles)
373,17.5,146,14.4,52,960,6.7,Onion,SYNTHETIC (generated from per-crop agro-climatic profiles)
420,14.2,230,29.2,70,882,6.7,Banana,SYNTHETIC (generated from per-crop agro-climatic profiles)
369,21.8,209,27.7,55,600,6.5,Chilli,SYNTHETIC (generated from per-crop agro-climatic profiles)
454,13.4,234,27.8,58,1228,7.6,Turmeric,SYNTHETIC (generated from per-crop agro-climatic profiles)
344,13.3,287,27.9,52,475,6.0,Ragi,SYNTHETIC (generated from per-crop agro-climatic profiles)
196,23.1,208,28.0,90,405,7.1,Green gram,SYNTHETIC (generated from per-crop agro-climatic profiles)
