report_id,district_id,soil_texture,crop,rain_30d_mm,rain_90d_mm,temp_30d_c,rain_anomaly_z,leach_risk,OC_pct,pH,ew_N_def,ew_P_def,ew_K_def
1,12,loam,Rice,19.4,41.2,27.6,0.58,0.0,0.62,6.53,0,0,1
2,6,clay,Pigeon pea,306.0,871.7,26.0,0.04,1.5,0.66,8.24,0,1,0
3,15,clay,Rice,141.0,471.7,29.9,0.14,0.6819476784846903,1.02,8.61,0,0,0
4,4,sandy,Maize,20.0,41.7,25.1,-0.18,0.6317886557446731,0.3,6.83,0,0,0
5,12,loam,Banana,45.4,127.8,26.0,1.17,0.3443751581048047,0.5,8.18,0,0,0
6,4,sandy,Chilli,84.9,180.8,30.5,-1.05,0.6467224303929108,0.66,7.05,0,0,1
7,11,loam,Wheat,53.8,185.5,27.1,-2.0,0.029494841067971372,0.74,6.18,0,1,0
8,2,loam,Cotton,25.6,59.9,29.7,-1.66,0.04331103767450807,0.37,6.43,1,0,0
9,11,loam,Potato,20.6,47.5,26.7,0.77,0.7069935684926232,0.31,7.39,1,0,0
10,7,clay,Onion,20.3,66.5,23.6,-0.66,0.6410912666440912,0.6,7.72,0,0,1
11,9,clay,Wheat,358.7,727.5,20.3,-0.52,1.5,0.97,7.9,0,1,0
12,1,clay,Green gram,137.5,360.6,30.1,0.88,0.9917242212340831,0.73,7.38,0,0,0
13,6,clay,Cotton,15.9,48.9,28.6,0.99,0.0,0.79,9.2,0,0,0
14,3,sandy,Chilli,24.4,62.3,27.9,0.49,0.4960384001583029,0.21,5.84,1,0,0
15,10,sandy,Wheat,1.9,5.3,23.4,-0.07,0.3548139842395028,0.35,7.54,0,1,0
16,1,clay,Rice,69.5,217.0,32.2,0.83,0.7333472034644299,0.97,7.96,0,0,0
17,14,clay,Sorghum,126.1,425.4,34.6,1.94,0.9245692147061306,0.65,7.39,0,0,0
18,3,sandy,Cotton,218.4,523.6,28.6,2.05,1.5,0.55,6.39,0,0,0
19,8,clay,Chilli,69.2,165.5,27.2,1.24,0.4024244439391103,1.02,7.12,0,0,0
20,15,clay,Rice,53.5,179.1,27.1,1.59,0.808187196608529,0.68,8.21,0,0,0
21,7,clay,Maize,18.3,60.4,19.7,0.91,0.3013434646474511,0.98,7.44,0,0,0
22,9,clay,Chickpea,140.2,484.6,26.4,0.97,1.0486779976003897,0.73,7.5,0,1,0
23,15,clay,Maize,46.0,92.1,28.4,-1.83,0.13330963677203406,0.91,8.47,0,0,0
24,2,loam,Cotton,48.8,149.4,29.4,-1.62,0.0,0.68,7.31,0,0,0
25,9,clay,Soybean,14.5,36.3,27.1,0.41,0.0,0.6,8.3,0,0,0
26,9,clay,Soybean,30.8,84.5,23.5,0.69,0.0,0.71,7.47,0,0,0
27,11,loam,Wheat,14.3,46.5,32.2,-0.35,0.0,0.4,6.77,1,0,0
28,10,sandy,Tomato,44.1,130.6,25.8,1.1,0.5350223298359721,0.46,7.77,1,0,0
29,8,clay,Rice,44.3,104.4,27.1,0.51,0.209382600928091,0.52,7.93,0,0,0
30,9,clay,Potato,109.4,335.5,23.8,0.05,0.8133683506249046,0.43,9.2,1,0,1
31,5,loam,Rice,13.8,31.3,21.8,0.54,0.07027032882724257,0.64,7.13,1,0,0
32,6,clay,Soybean,94.8,289.8,35.2,0.29,0.51977877264765,0.58,7.75,0,0,0
33,15,clay,Green gram,57.3,136.1,26.4,-0.88,0.407131373032967,0.51,9.2,0,0,0
34,10,sandy,Mustard,102.1,298.4,25.8,1.18,0.8069066811514483,0.29,7.32,0,0,0
35,11,loam,Sunflower,26.8,81.9,26.5,1.79,0.0,0.45,6.41,0,0,0
36,3,sandy,Cotton,17.6,59.8,30.7,0.15,0.0,0.53,6.68,0,0,0
37,6,clay,Soybean,71.2,165.2,19.6,0.51,0.6055862505640439,0.69,7.89,0,0,1
38,4,sandy,Maize,27.4,88.9,26.5,0.66,1.2235727587560286,0.32,5.18,1,0,0
39,15,clay,Rice,149.8,515.9,19.4,-1.18,0.7124586035396424,0.89,7.34,0,1,0
40,15,clay,Turmeric,24.5,62.4,23.6,0.26,0.20332590439117845,0.96,6.67,0,1,0
41,6,clay,Pearl millet,25.4,76.6,22.8,-1.03,0.0,0.79,7.66,0,0,0
42,7,clay,Maize,197.0,572.1,28.4,-1.09,0.7637094412906764,0.24,8.78,0,1,0
43,11,loam,Sorghum,85.5,261.6,30.6,0.96,0.6384248840683844,0.35,6.8,0,0,0
44,3,sandy,Sorghum,62.4,149.5,34.3,-0.07,1.2743302155102634,0.31,5.43,1,1,1
45,9,clay,Chickpea,43.2,139.7,31.2,-0.87,0.19470041078071812,0.56,6.78,0,0,0
46,4,sandy,Lentil,51.0,136.6,26.4,1.39,0.31864955829218267,0.44,6.44,0,1,0
47,8,clay,Chilli,6.5,21.1,31.5,-1.97,0.0,0.62,8.56,0,0,0
48,11,loam,Rice,94.4,249.5,24.4,0.13,0.12277089490311216,0.35,6.36,0,0,1
49,12,loam,Turmeric,118.5,391.0,26.7,-1.68,0.7908719179112595,0.56,6.08,0,1,0
50,2,loam,Sorghum,20.3,72.0,25.3,0.73,0.0,0.59,6.48,0,0,0
51,5,loam,Rice,86.8,263.5,22.1,-0.82,0.8546283350900925,0.49,7.3,0,1,0
52,6,clay,Pigeon pea,61.2,210.6,30.2,0.18,0.0,0.69,6.82,0,0,0
53,11,loam,Rice,213.9,568.9,27.7,0.31,0.9728433431355321,0.88,5.79,0,0,0
54,5,loam,Sugarcane,27.1,61.3,19.8,0.19,0.7333058934387262,0.26,6.68,0,1,0
55,7,clay,Onion,5.4,18.8,21.0,-0.8,0.0,0.61,6.01,0,0,0
56,4,sandy,Sorghum,68.1,238.2,28.6,-0.86,1.1714442241398493,0.5,5.19,0,0,0
57,6,clay,Soybean,33.1,83.8,27.7,-0.67,0.0,0.52,8.16,0,0,0
58,8,clay,Cotton,89.7,266.5,28.9,-0.67,0.10900971086595762,0.65,7.23,0,0,0
59,4,sandy,Wheat,195.0,661.7,20.4,-1.23,1.5,0.58,6.56,0,1,0
60,2,loam,Lentil,163.9,461.2,29.1,0.7,1.0974742355971139,0.56,8.49,0,0,0
61,3,sandy,Ragi,19.3,61.0,30.3,0.01,0.09175632564403119,0.33,6.59,1,0,0
62,7,clay,Maize,75.1,226.0,22.3,0.45,0.2557215719174138,0.56,9.1,0,1,0
63,3,sandy,Cotton,72.9,154.2,25.7,0.81,0.33289628484680756,0.57,7.26,1,0,0
64,1,clay,Pearl millet,6.7,22.5,27.8,1.34,0.0,0.79,5.1,0,1,0
65,13,sandy,Tomato,86.7,271.7,25.8,-0.39,1.003277269548179,0.37,6.21,0,0,1
66,15,clay,Rice,313.4,1067.7,22.5,-1.84,1.5,0.61,8.55,0,1,0
67,8,clay,Chilli,22.8,65.6,32.1,0.93,0.6734312589538154,0.52,6.75,0,0,0
68,10,sandy,Lentil,1.8,5.2,27.8,-0.79,0.07244008366268684,0.29,6.63,1,0,0
69,3,sandy,Sunflower,7.3,17.8,34.4,1.02,0.1739982014725725,0.1,6.8,1,0,0
70,2,loam,Maize,10.7,33.2,29.5,-0.54,0.0,0.36,7.3,0,0,1
71,2,loam,Sorghum,114.5,244.3,21.1,0.33,0.48696365433302036,0.62,7.52,0,0,0
72,3,sandy,Rice,23.7,85.2,27.7,0.08,0.29377322134963235,0.56,6.79,0,0,0
73,2,loam,Cotton,79.5,231.2,18.7,-0.25,0.07714320384051132,0.57,5.96,0,0,0
74,12,loam,Lentil,20.8,66.4,29.6,-0.11,0.06904416475213446,0.58,6.4,0,1,0
75,12,loam,Rice,83.1,286.8,27.3,0.25,0.404253460912038,0.45,7.49,0,0,1
76,11,loam,Potato,61.9,133.4,28.6,-0.74,0.6992452736115218,0.5,7.29,1,1,0
77,5,loam,Wheat,45.2,101.2,23.0,0.04,1.010686182936924,0.1,6.67,0,0,0
78,6,clay,Cotton,151.4,526.1,29.1,0.06,0.599269330457802,0.91,9.2,0,1,0
79,6,clay,Pigeon pea,22.2,72.0,32.1,-0.81,0.0,0.91,7.43,0,1,0
80,3,sandy,Chilli,38.4,96.8,29.8,-0.63,1.4252751522048661,0.37,6.58,0,0,1
81,8,clay,Pearl millet,42.7,110.5,28.4,-0.16,0.0,0.77,6.65,0,0,0
82,9,clay,Chickpea,67.8,176.2,29.9,0.8,0.938087184418699,0.81,7.1,0,0,0
83,4,sandy,Chickpea,116.8,234.0,24.3,-0.07,1.3976217216738909,0.1,7.61,1,0,0
84,5,loam,Turmeric,2.8,7.9,26.0,-1.42,0.0,0.43,8.39,1,1,1
85,8,clay,Rice,60.8,182.5,26.5,0.23,0.14398179510460793,0.47,7.0,1,0,0
86,2,loam,Maize,67.1,239.6,23.4,0.39,1.0689121631047147,0.5,6.72,0,1,0
87,9,clay,Sugarcane,88.6,215.9,26.6,-0.08,0.6523302817096794,0.42,7.82,0,0,0
88,6,clay,Sorghum,112.6,371.9,31.2,0.54,0.5042892344824873,0.53,7.91,0,0,0
89,11,loam,Wheat,155.6,338.2,26.2,-1.36,0.5729229561091362,0.49,8.22,0,0,1
90,12,loam,Rice,162.3,493.8,27.6,-0.13,0.39298335966131803,0.39,8.4,1,0,0
91,6,clay,Cotton,24.9,55.9,24.5,0.32,0.14149931695383763,0.82,8.67,0,0,0
92,6,clay,Chilli,65.8,231.0,32.5,-1.49,0.7216915259315434,0.57,8.87,0,0,0
93,8,clay,Rice,49.7,131.9,31.1,0.63,0.4491569927531087,0.88,8.33,0,0,0
94,1,clay,Soybean,47.5,98.1,28.9,-0.45,0.1922848399583258,0.47,7.63,0,0,0
95,3,sandy,Chilli,231.2,802.3,27.5,-0.11,1.5,0.75,5.49,0,0,0
96,2,loam,Onion,11.7,29.1,29.9,-0.1,0.0,0.37,6.36,0,0,1
97,5,loam,Groundnut,125.3,382.5,23.8,0.06,0.9151799775948828,0.61,7.08,0,0,0
98,9,clay,Chickpea,168.4,359.2,23.1,-0.94,0.41732416311299303,0.71,6.29,0,0,0
99,4,sandy,Wheat,42.1,94.3,21.2,-0.69,0.11633619703620957,0.54,6.34,0,1,1
100,8,clay,Turmeric,87.2,260.4,27.9,0.2,0.20548861505077837,0.76,8.58,0,1,0
101,11,loam,Groundnut,82.0,243.0,22.7,-1.58,0.0,0.58,7.61,0,0,0
102,11,loam,Rice,65.2,179.7,24.3,-0.83,0.8838588173351921,0.51,7.14,0,0,0
103,8,clay,Chilli,41.6,103.4,30.2,-0.3,0.011436228194294018,0.6,7.35,0,0,0
104,9,clay,Banana,202.2,567.7,28.0,-0.07,1.1634865115095736,0.76,7.95,0,0,0
105,7,clay,Sugarcane,80.9,234.4,23.8,-0.84,0.7245384612346966,0.6,7.84,0,0,0
106,8,clay,Chilli,38.1,123.7,25.4,0.03,0.0,0.68,7.62,0,0,0
107,12,loam,Maize,48.6,144.4,20.9,0.5,0.0,0.57,7.49,0,0,0
108,8,clay,Cotton,5.2,13.9,27.4,-0.13,0.0,0.75,6.51,0,1,0
109,6,clay,Sugarcane,146.6,387.3,28.1,-1.43,0.6744321056792254,0.52,7.99,0,0,0
110,15,clay,Rice,230.3,696.8,25.2,0.13,1.4951627517318333,0.7,7.54,0,0,0
111,14,clay,Sorghum,71.0,245.5,22.0,0.87,0.1065706571588973,0.77,8.22,0,0,0
112,13,sandy,Tomato,66.1,223.1,21.2,-0.49,0.7273964876635888,0.28,5.6,1,0,0
113,13,sandy,Ragi,198.8,682.6,27.5,0.05,1.5,0.4,6.96,0,1,0
114,6,clay,Cotton,116.1,247.8,27.1,-0.54,0.5968652711891357,0.41,7.29,1,1,0
115,15,clay,Potato,80.1,211.2,27.9,0.13,0.9141697989524673,0.95,8.35,0,0,0
116,10,sandy,Pearl millet,18.9,50.4,23.6,-0.74,0.5556303340353494,0.47,6.16,1,0,0
117,14,clay,Green gram,22.9,74.3,26.8,0.68,0.16831853672187067,0.69,8.47,0,0,0
118,1,clay,Sugarcane,45.8,163.1,26.6,0.14,0.5638858964021204,0.8,9.09,0,0,0
119,2,loam,Banana,37.6,128.4,26.7,0.41,0.369037057306425,0.51,5.45,0,0,0
120,1,clay,Rice,201.4,555.8,32.4,0.64,0.5664106239938418,0.15,7.84,0,0,0
121,15,clay,Mustard,105.7,322.0,28.4,-0.87,1.070953480788639,0.43,7.22,0,0,0
122,5,loam,Green gram,78.8,172.2,27.7,0.08,0.06760442468297428,0.48,8.71,0,0,0
123,1,clay,Turmeric,82.2,283.4,25.7,-0.89,0.4540699419206399,0.54,7.91,1,0,0
124,12,loam,Chilli,206.4,421.0,29.5,0.53,1.003918177191467,0.47,6.96,1,0,0
125,12,loam,Rice,69.2,210.4,24.0,1.45,0.5976947795491432,0.89,7.24,0,0,0
126,14,clay,Sorghum,186.9,428.6,26.6,-0.24,0.7170295586306424,0.94,7.29,0,0,0
127,9,clay,Onion,20.2,66.6,24.8,0.34,0.03895092803830766,0.72,6.36,0,0,0
128,11,loam,Sorghum,82.2,225.4,23.1,0.76,0.8607129651240357,0.48,6.92,0,0,1
129,10,sandy,Mustard,78.5,248.5,29.4,1.81,0.7362693486592464,0.16,6.15,1,0,0
130,11,loam,Potato,98.3,320.1,19.8,-0.95,0.19249346879569956,0.62,6.1,0,1,0
131,8,clay,Banana,25.8,58.1,27.7,0.93,0.0,0.62,7.5,0,1,0
132,1,clay,Groundnut,119.7,334.5,26.1,-0.57,1.203276191457973,0.66,8.4,0,0,0
133,3,sandy,Lentil,49.0,159.6,27.8,-1.26,0.5600595597136591,0.4,7.66,1,0,0
134,14,clay,Cotton,87.4,304.9,23.6,-0.51,0.38751361589101746,0.5,7.94,0,0,0
135,1,clay,Groundnut,37.9,120.1,28.5,-1.9,0.0,0.75,6.96,0,0,0
136,2,loam,Green gram,27.4,91.2,29.1,-0.62,0.0,0.36,6.61,0,1,0
137,13,sandy,Maize,131.5,365.4,28.5,-0.12,0.449601202180952,0.58,7.21,0,0,0
138,15,clay,Wheat,155.3,516.9,26.3,-0.01,1.1492755149904037,0.36,6.58,1,0,0
139,7,clay,Sugarcane,16.8,51.4,18.6,1.44,0.0,0.61,6.84,0,0,1
140,3,sandy,Rice,73.1,161.2,26.8,0.34,0.8326067868621156,0.47,5.41,0,0,0
141,9,clay,Chickpea,83.0,284.8,17.6,-1.22,0.5198982875927962,0.73,9.2,0,0,0
142,1,clay,Banana,81.4,259.4,26.5,-1.0,1.157166124400527,0.86,7.58,0,1,0
143,6,clay,Turmeric,16.2,48.8,28.1,-0.14,0.0,0.44,7.5,0,0,0
144,9,clay,Soybean,9.9,33.4,29.7,-0.42,0.0,0.56,7.68,0,0,1
145,14,clay,Cotton,84.7,220.7,24.3,0.03,0.3184678684508929,0.47,5.55,1,0,0
146,2,loam,Sorghum,33.1,83.6,31.2,2.26,0.0,0.55,7.06,0,1,1
147,10,sandy,Lentil,30.3,90.5,26.9,-0.43,1.4178728301868408,0.31,6.8,0,0,1
148,1,clay,Rice,70.7,197.5,26.9,0.52,0.05565527085215355,0.62,7.63,0,0,1
149,7,clay,Maize,112.5,269.5,23.2,0.92,0.7653057773200136,0.69,7.07,0,0,0
150,11,loam,Potato,27.5,88.7,22.2,0.33,0.0825902494755784,0.65,6.48,0,1,0
151,1,clay,Groundnut,56.4,176.6,28.6,-0.61,0.3911084094125048,0.41,8.9,0,1,0
152,12,loam,Maize,26.9,64.3,32.5,-0.72,1.3687069524629072,0.7,7.68,0,0,0
153,15,clay,Potato,113.8,247.3,24.6,1.35,0.923316553846994,0.61,6.82,0,1,0
154,5,loam,Sugarcane,26.9,63.6,22.6,0.94,0.1492646018512063,0.41,6.53,1,1,0
155,12,loam,Rice,70.2,205.3,26.3,-1.53,0.506381156005518,0.42,5.92,0,0,0
156,9,clay,Soybean,129.1,407.2,23.1,-0.46,0.7408810522353803,0.67,6.73,0,1,0
157,14,clay,Sorghum,120.1,306.0,21.9,0.52,1.0695339235042305,0.78,6.3,0,0,0
158,9,clay,Soybean,234.3,736.3,23.3,0.55,1.5,0.48,7.63,0,0,0
159,13,sandy,Ragi,49.6,105.1,27.4,0.51,0.7437252665452817,0.33,7.7,0,1,0
160,3,sandy,Rice,32.2,114.0,31.2,-1.21,0.7857328038225059,0.17,7.49,1,1,0
161,4,sandy,Maize,29.9,83.8,25.1,0.9,1.1203670181556835,0.54,4.78,0,0,0
162,7,clay,Sugarcane,183.1,568.9,25.4,0.24,1.095130572875705,0.77,9.02,0,0,1
163,14,clay,Chilli,60.5,130.0,23.1,0.34,0.6485862259934277,0.71,7.48,0,0,0
164,10,sandy,Mustard,12.7,26.0,24.9,-0.78,0.34191928111766245,0.15,5.76,1,1,1
165,4,sandy,Sugarcane,80.4,243.9,22.9,1.03,1.2039720248810144,0.15,7.84,1,0,1
166,14,clay,Sorghum,108.6,330.8,17.7,-0.67,0.16630642837345533,0.68,8.01,0,0,0
167,10,sandy,Chickpea,6.3,16.9,25.8,1.44,0.23730140202667394,0.38,5.62,0,0,0
168,7,clay,Onion,30.5,95.1,28.7,-0.94,0.5916863753421068,0.72,7.52,0,0,0
169,6,clay,Turmeric,185.7,652.0,25.9,0.49,1.2030690821829764,0.84,8.72,0,0,1
170,11,loam,Potato,79.1,209.2,25.2,-0.09,0.3188254969827206,0.84,6.42,0,0,0
171,14,clay,Sorghum,133.8,326.3,23.5,-0.7,1.2340449128448245,0.55,7.47,0,0,1
172,8,clay,Rice,66.1,141.6,27.9,-1.15,0.5250554575161797,0.71,6.85,0,1,0
173,13,sandy,Tomato,209.5,581.0,26.1,-0.2,1.5,0.89,5.03,0,0,1
174,11,loam,Rice,222.3,777.5,23.8,-0.48,1.1981253592887475,0.66,5.72,0,0,0
175,2,loam,Sorghum,141.1,349.9,25.6,-0.35,1.028289860767192,0.62,7.58,0,0,0
176,12,loam,Rice,15.5,49.5,26.0,-0.77,0.20962507271493885,0.53,7.24,1,0,0
177,9,clay,Cotton,195.1,652.1,24.1,-1.76,1.185169607355158,1.11,8.69,0,1,0
178,8,clay,Rice,18.0,50.4,28.5,-0.52,0.7091857348900733,0.79,7.24,0,0,0
179,10,sandy,Chilli,145.6,499.7,23.7,-0.55,1.0256036524098395,0.37,6.77,0,0,0
180,1,clay,Groundnut,109.4,263.9,27.5,-1.08,0.7031813476231139,0.81,8.77,0,1,0
181,14,clay,Cotton,50.1,125.7,29.0,1.26,0.2387418519504873,0.96,9.2,0,1,0
182,14,clay,Cotton,46.1,129.1,26.6,-0.27,0.0,0.72,8.0,0,1,0
183,15,clay,Onion,175.7,492.3,28.0,-0.18,0.9108642207900945,0.63,7.31,0,1,0
184,10,sandy,Mustard,53.6,191.5,27.9,-1.3,0.7637860186202176,0.51,7.1,0,1,0
185,4,sandy,Rice,29.2,68.3,18.9,-0.22,0.21012860529881994,0.61,6.39,1,0,0
186,10,sandy,Mustard,48.6,127.7,25.6,-0.13,0.4001827013669953,0.27,6.39,1,0,0
187,5,loam,Wheat,35.2,122.6,25.2,0.09,0.0,0.72,8.8,0,1,1
188,8,clay,Pearl millet,43.4,102.8,29.5,-0.91,0.5629881262253283,0.48,7.68,0,1,0
189,13,sandy,Pearl millet,22.5,66.0,28.4,1.44,0.7815598045734986,0.49,7.61,1,0,0
190,3,sandy,Rice,223.1,542.7,28.8,-0.41,1.5,0.32,6.53,0,1,0
191,7,clay,Onion,96.2,333.3,26.7,0.63,0.32499474676932727,0.24,7.47,0,0,0
192,8,clay,Chilli,60.9,217.6,27.7,-2.09,0.3390063836351031,0.81,8.28,0,1,0
193,14,clay,Chilli,19.1,48.2,19.2,-1.37,0.1625390189733584,0.23,7.59,0,0,1
194,9,clay,Pearl millet,51.6,120.3,23.4,-0.17,0.29471738459546215,0.6,5.95,0,0,0
195,6,clay,Pigeon pea,86.6,271.3,26.9,-1.38,0.3012501024970783,0.6,7.74,0,0,0
196,6,clay,Cotton,28.9,92.9,29.7,0.36,0.0,0.51,6.1,0,1,0
197,5,loam,Pigeon pea,50.9,180.6,21.7,-0.65,0.3567962759308476,0.61,7.83,0,0,0
198,3,sandy,Potato,30.8,104.9,26.1,1.52,0.7114441360229256,0.23,6.65,1,0,0
199,11,loam,Rice,12.2,32.4,19.9,-1.06,0.0,0.58,7.3,0,0,0
200,12,loam,Maize,257.0,568.6,22.9,1.24,1.491276776596683,0.36,7.61,0,0,0
201,3,sandy,Chilli,7.7,23.1,30.2,-2.22,0.3335047186026997,0.15,6.26,1,1,0
202,7,clay,Sugarcane,39.1,110.5,24.0,0.04,0.6062917336021396,0.47,7.23,1,1,0
203,12,loam,Rice,46.2,108.7,25.4,-1.67,0.48640545770253985,0.54,6.7,0,0,0
204,11,loam,Potato,72.7,229.3,29.7,-0.62,0.35267322756899383,0.93,6.04,0,0,1
205,2,loam,Cotton,61.7,154.7,28.0,0.02,0.4314355970898024,0.63,6.32,0,1,0
206,1,clay,Chilli,106.1,358.8,26.0,0.22,0.13095187154339127,0.41,6.89,0,0,0
207,2,loam,Maize,5.9,20.6,29.5,1.67,0.91958203743777,0.22,7.66,0,0,1
208,8,clay,Groundnut,156.9,509.3,31.5,-0.02,1.5,0.86,6.86,0,0,0
209,14,clay,Chilli,243.0,780.8,24.5,0.71,1.2773482352488907,0.39,9.02,0,0,0
210,2,loam,Banana,50.5,116.5,25.3,1.13,0.2977854466547379,0.51,7.83,0,1,0
211,11,loam,Potato,67.6,222.8,23.2,0.31,0.4782313787828788,0.69,7.79,0,0,0
212,12,loam,Rice,88.0,188.8,32.5,0.75,0.7771943047190292,0.39,8.09,0,0,1
213,15,clay,Green gram,49.1,111.0,32.8,0.18,0.0,0.85,7.3,0,0,0
214,9,clay,Chickpea,108.9,366.1,24.7,1.92,0.9157160230866251,0.78,6.1,0,0,0
215,15,clay,Potato,106.5,271.8,28.2,0.65,0.7927977277205366,0.93,8.12,0,0,0
216,7,clay,Maize,57.2,131.8,29.5,0.29,0.0,0.59,7.54,0,0,0
217,4,sandy,Rice,11.5,27.5,29.5,-0.03,0.34217557221180994,0.12,6.45,1,0,0
218,15,clay,Rice,39.2,127.3,23.7,1.59,0.688266485201876,0.65,7.35,0,0,0
219,8,clay,Pearl millet,44.6,127.8,22.9,0.15,0.5713222841405661,0.81,6.94,0,0,0
220,5,loam,Sorghum,34.0,69.2,26.5,-0.22,0.35272973100351335,0.54,7.55,0,0,0
221,10,sandy,Lentil,42.1,115.7,29.3,1.13,0.9202818509730093,0.84,6.26,0,0,1
222,7,clay,Onion,29.1,85.9,20.3,0.5,0.06137347312969377,0.66,8.1,0,0,0
223,12,loam,Wheat,129.0,440.2,21.9,-1.1,0.6611174776765096,0.58,7.35,0,1,0
224,12,loam,Mustard,108.8,286.4,24.8,-1.33,0.6966062211472944,0.43,6.85,0,1,0
225,1,clay,Rice,110.1,386.9,27.1,-0.12,0.3692003395653497,0.39,6.8,0,0,1
226,8,clay,Sugarcane,5.9,16.5,21.5,-0.21,0.0,0.73,7.9,0,1,0
227,13,sandy,Sunflower,40.1,120.7,21.0,1.29,0.8056915509656328,0.41,6.78,0,0,1
228,10,sandy,Rice,21.0,59.2,22.8,1.11,1.2044079891433914,0.12,4.9,1,0,1
229,11,loam,Potato,71.7,174.1,26.1,-1.26,1.1209078515801716,0.25,6.68,1,0,0
230,15,clay,Rice,58.0,200.0,24.1,0.23,0.9747577688070049,0.61,7.2,0,0,0
231,6,clay,Pearl millet,67.8,241.6,25.9,-0.74,0.0,0.64,7.47,0,1,0
232,11,loam,Wheat,142.6,318.0,23.4,-1.47,1.4073640390586624,0.2,7.88,0,1,0
233,1,clay,Rice,162.2,438.0,28.0,-0.11,0.9800237276851743,0.91,7.45,0,1,0
234,3,sandy,Chilli,132.3,367.0,25.5,1.23,1.1605922890503158,0.54,6.07,0,1,0
235,11,loam,Wheat,124.9,395.0,26.4,-0.35,0.5752883834816406,0.8,6.69,0,0,0
236,4,sandy,Lentil,18.9,51.8,25.5,-0.48,0.0,0.29,6.13,1,0,0
237,12,loam,Wheat,57.4,127.7,22.8,0.18,0.3044110802342897,0.5,6.96,0,0,0
238,14,clay,Sorghum,115.6,384.9,20.7,0.39,0.9972665402024095,0.57,7.72,0,0,0
239,14,clay,Chilli,89.6,296.2,27.4,0.19,0.12014768943168158,0.52,7.57,0,0,0
240,1,clay,Rice,116.7,341.2,32.0,-0.13,0.35036728689371044,0.69,7.43,0,1,0
241,5,loam,Sugarcane,42.0,141.4,28.9,0.81,0.19663089871527606,0.57,6.34,0,0,0
242,8,clay,Cotton,8.2,25.0,25.0,-0.05,0.47826787055420417,0.65,7.61,0,0,0
243,1,clay,Green gram,47.2,145.0,30.2,0.03,0.0,0.64,7.17,1,0,0
244,14,clay,Cotton,33.4,97.8,26.9,-0.29,0.31926983573764056,0.51,6.99,0,0,0
245,15,clay,Potato,327.6,659.9,26.7,-2.56,1.5,0.64,8.14,0,0,0
246,12,loam,Rice,193.2,518.2,31.4,-1.12,1.3578544538653918,0.58,8.25,0,1,0
247,5,loam,Wheat,91.9,237.6,27.6,-0.36,0.0,0.45,8.07,0,1,0
248,2,loam,Sorghum,41.5,132.0,22.5,1.26,0.010294193517873584,0.89,6.08,0,0,0
249,13,sandy,Tomato,28.6,95.6,26.3,1.0,0.4379624888209546,0.57,5.49,0,0,0
250,12,loam,Rice,83.7,199.7,19.7,0.42,0.0,0.59,7.65,0,1,0
251,15,clay,Ragi,148.9,449.1,28.5,-0.04,1.5,0.6,6.75,0,1,0
252,6,clay,Pigeon pea,89.9,194.4,26.0,-0.26,0.6629064172006213,0.84,6.67,0,0,0
253,3,sandy,Wheat,1.1,3.5,23.7,-0.02,0.5642633861215794,0.89,6.8,0,0,1
254,14,clay,Chickpea,27.7,59.1,25.2,0.66,0.41755520555480263,0.64,7.6,0,0,0
255,2,loam,Pigeon pea,47.1,142.6,27.8,0.32,0.0,0.27,6.38,1,1,1
256,9,clay,Groundnut,111.5,381.3,22.6,-2.04,0.06426265017286581,0.57,8.68,0,1,0
257,8,clay,Cotton,57.9,166.0,26.3,0.55,0.7089535248636869,0.72,7.93,0,0,0
258,9,clay,Wheat,62.0,158.5,30.2,0.92,0.04730142604269605,0.5,8.29,0,1,0
259,7,clay,Maize,24.3,75.8,24.1,-0.83,0.2019927856268302,0.46,7.4,1,0,0
260,1,clay,Rice,98.7,200.8,28.1,-1.35,0.12470553638498288,0.81,7.79,0,0,0
261,10,sandy,Onion,27.7,68.1,30.7,1.28,0.4458345945904611,0.12,5.49,1,0,1
262,4,sandy,Rice,53.9,157.1,26.1,-0.93,0.6099144922423143,0.55,5.87,0,1,1
263,2,loam,Maize,50.5,170.4,26.0,0.44,0.0,0.68,7.65,0,0,0
264,7,clay,Onion,26.8,59.2,22.4,0.01,0.0,0.59,7.01,0,0,0
265,5,loam,Wheat,13.8,41.2,23.3,-0.34,0.07533959414445746,0.2,7.75,0,0,0
266,11,loam,Rice,127.5,351.4,23.8,-0.44,1.5,0.56,8.04,0,0,0
267,6,clay,Mustard,31.0,100.3,25.8,2.55,0.7328010572670933,0.48,7.54,0,0,0
268,8,clay,Chickpea,106.9,218.6,27.2,0.34,0.1103472562034164,1.14,7.07,0,0,0
269,8,clay,Tomato,39.1,115.5,23.9,-0.62,0.0,0.82,6.09,0,1,0
270,13,sandy,Maize,37.6,106.0,24.8,0.6,0.5566467642051477,0.57,6.15,0,0,0
271,2,loam,Sorghum,49.6,117.6,25.3,0.54,0.2632803914594876,0.8,8.79,0,0,0
272,1,clay,Tomato,69.1,243.8,24.2,-0.82,0.0,1.0,7.8,0,0,0
273,14,clay,Chilli,20.3,67.1,21.6,0.23,0.43343116216762084,0.81,7.64,0,1,0
274,5,loam,Ragi,19.8,58.5,26.2,0.09,0.0,0.46,7.17,0,1,0
275,11,loam,Pigeon pea,39.6,133.4,18.9,-0.38,0.19776910326845265,0.51,7.69,0,0,0
276,9,clay,Chickpea,198.3,473.9,25.5,-0.53,1.5,0.36,7.12,1,1,0
277,12,loam,Rice,240.1,584.3,29.6,1.61,1.5,0.45,7.69,1,1,1
278,10,sandy,Maize,17.9,43.1,21.7,-0.14,1.1664693505175106,0.49,6.17,0,0,1
279,4,sandy,Maize,6.7,23.5,26.9,0.1,0.5400441377654661,0.32,7.18,0,0,1
280,8,clay,Lentil,59.4,207.5,25.9,-0.22,0.10804639633284405,0.5,8.37,0,0,0
281,5,loam,Wheat,14.7,52.5,28.9,1.74,0.17638985493173287,0.41,7.31,0,1,0
282,6,clay,Soybean,89.5,274.2,29.2,1.0,0.43984121447760327,0.45,9.2,0,0,0
283,9,clay,Soybean,11.2,26.1,33.1,-0.09,0.0,0.86,7.5,0,0,0
284,2,loam,Banana,31.8,75.6,22.0,-0.24,0.0,0.63,6.19,1,0,0
285,1,clay,Groundnut,23.1,59.2,30.6,0.47,0.0,0.42,7.3,1,0,0
286,11,loam,Potato,29.0,72.0,24.4,-1.02,0.0,0.45,7.97,0,0,0
287,2,loam,Cotton,32.8,82.0,23.6,1.93,0.031057136427171894,0.57,7.63,0,0,0
288,14,clay,Cotton,13.4,36.6,25.3,1.55,0.5931633946613322,0.67,7.24,0,0,0
289,10,sandy,Mustard,48.6,101.0,24.6,1.3,0.6912915201394148,0.32,6.69,0,1,0
290,13,sandy,Chilli,25.3,62.5,25.2,-1.03,1.0394371655517411,0.49,7.02,0,1,1
291,8,clay,Chilli,23.3,51.6,29.1,0.51,0.0,0.73,7.74,0,0,0
292,11,loam,Pearl millet,15.3,51.3,25.1,-1.77,0.3293554272381227,0.39,6.14,0,0,1
293,3,sandy,Chilli,150.4,494.8,31.3,1.05,1.4030810408563554,0.52,6.45,0,0,1
294,10,sandy,Mustard,6.4,17.4,27.9,0.39,0.21765106203773188,0.64,6.5,0,0,0
295,5,loam,Ragi,20.9,42.1,24.2,1.78,0.8372907040368143,0.37,7.69,0,0,0
296,12,loam,Sunflower,20.6,41.5,26.5,-2.22,0.7627907126638782,0.72,8.42,0,1,0
297,6,clay,Cotton,162.1,538.4,21.7,-2.06,0.8019559598394892,0.64,7.32,0,0,0
298,12,loam,Rice,79.7,257.2,28.1,0.58,0.10045453664495596,0.63,5.5,0,0,0
299,14,clay,Sorghum,64.5,134.6,24.7,-0.8,0.3003606326194042,0.56,7.28,0,0,0
300,1,clay,Rice,137.7,476.9,29.5,-1.42,0.9163908806346878,0.58,9.2,1,0,0
301,1,clay,Green gram,22.2,68.7,26.3,-1.07,0.2823289623960215,0.36,7.38,0,0,0
302,6,clay,Pigeon pea,61.7,130.5,19.9,1.39,0.5079133897394932,0.76,8.59,0,0,0
303,9,clay,Banana,113.7,357.5,26.0,-0.36,0.3527823236719246,0.47,6.44,0,0,0
304,14,clay,Cotton,145.9,295.1,24.9,-0.1,1.5,0.81,6.49,0,1,0
305,7,clay,Onion,106.2,256.7,19.5,0.42,0.3331413468097923,0.63,7.83,1,0,0
306,13,sandy,Tomato,59.9,207.8,19.9,0.94,0.7493597841850453,0.63,5.94,0,1,1
307,11,loam,Ragi,130.2,320.5,19.5,-1.15,1.078387715944051,0.96,7.7,0,0,1
308,11,loam,Wheat,139.0,396.2,22.4,-1.42,0.44818699049405797,0.56,8.15,0,1,0
309,14,clay,Sugarcane,29.0,90.9,24.5,-0.66,0.03834185127550232,0.74,8.36,0,0,0
310,5,loam,Wheat,36.3,76.3,20.9,0.54,0.39334254656396467,0.68,7.02,0,0,0
311,11,loam,Rice,46.2,97.6,21.6,0.75,0.4647395884703921,0.13,7.69,1,0,1
312,12,loam,Maize,122.5,337.2,27.5,1.55,1.078040209190667,0.67,8.13,0,0,0
313,15,clay,Potato,27.9,73.6,28.0,-0.63,0.0,0.74,9.01,0,0,0
314,4,sandy,Banana,18.5,57.2,24.6,-0.99,0.5565482434950135,0.33,6.65,0,0,1
315,12,loam,Wheat,18.0,39.7,29.0,-0.89,0.0,0.71,6.34,0,0,0
316,4,sandy,Rice,105.7,326.6,29.5,-0.25,0.4335379932760255,0.39,6.62,0,0,0
317,15,clay,Potato,15.1,49.8,29.5,0.61,0.0,0.4,7.77,0,0,0
318,9,clay,Chickpea,59.0,129.7,29.2,-0.83,0.2594150328809239,0.7,7.62,0,1,0
319,14,clay,Turmeric,18.5,44.7,30.7,0.23,0.22128041608623272,0.66,9.19,0,0,0
320,9,clay,Pearl millet,30.6,90.2,25.9,-0.6,0.4948502721279546,0.72,7.48,0,0,0
321,2,loam,Sorghum,33.8,67.8,24.3,-1.45,0.6787288822887493,0.48,7.28,0,0,1
322,6,clay,Cotton,47.8,135.8,27.3,0.36,0.0,0.34,7.33,0,0,0
323,10,sandy,Wheat,74.1,151.0,26.5,1.01,0.5573054165395772,0.64,6.51,0,0,0
324,10,sandy,Wheat,43.0,123.9,19.3,-0.14,0.3737845859819058,0.74,7.83,0,0,0
325,9,clay,Chickpea,24.1,74.9,22.5,-0.5,0.17691397850747015,0.47,7.94,0,0,0
326,11,loam,Green gram,19.9,68.3,30.4,-1.32,0.0,0.82,7.8,0,1,0
327,9,clay,Soybean,97.4,325.4,26.9,0.22,0.8100711382675366,0.59,8.42,0,1,0
328,3,sandy,Rice,52.6,129.1,28.7,-1.33,0.837972907860987,0.18,6.19,1,0,1
329,2,loam,Banana,28.3,74.8,24.7,0.09,0.335877420379622,0.56,6.21,0,1,0
330,5,loam,Mustard,156.1,453.4,23.4,-0.69,0.47448195676814575,0.27,8.74,0,1,0
331,3,sandy,Cotton,143.4,491.6,31.5,-0.55,1.3247769345771354,0.33,7.02,0,0,0
332,11,loam,Rice,30.7,109.0,24.4,-1.76,0.10707361486665981,0.81,6.22,0,0,0
333,15,clay,Mustard,289.4,872.7,25.2,0.54,1.5,0.51,8.42,1,1,0
334,14,clay,Cotton,41.8,116.8,28.6,-0.33,0.1793516971835783,0.43,8.61,0,0,0
335,9,clay,Chickpea,172.4,460.7,22.2,-1.25,1.5,0.67,8.16,0,0,0
336,14,clay,Sorghum,156.1,352.7,22.5,-0.09,0.9940174132792563,0.26,7.77,1,0,0
337,10,sandy,Tomato,30.2,103.7,31.6,-1.12,0.06404863604175637,0.68,7.36,0,1,1
338,2,loam,Ragi,74.0,237.6,27.6,-0.82,0.018575515361697437,0.37,7.26,0,1,0
339,9,clay,Chickpea,64.2,133.2,25.6,-0.36,0.10498274646428324,0.65,7.67,1,0,0
340,9,clay,Wheat,170.0,430.5,26.2,-0.52,0.5468513435346267,0.92,7.72,0,1,0
341,9,clay,Wheat,40.1,114.2,28.7,0.03,0.8243842416227727,0.28,7.22,0,0,0
342,13,sandy,Tomato,39.3,86.7,17.2,-0.32,1.1457472548878687,0.18,6.81,0,1,0
343,15,clay,Pearl millet,139.2,394.7,29.7,-1.79,0.5994378081429169,0.66,7.24,0,0,0
344,4,sandy,Rice,17.4,44.4,20.1,-0.04,0.5778480595476359,0.43,5.29,0,0,1
345,1,clay,Green gram,54.2,160.7,29.9,-0.96,0.12676969138317215,0.6,8.13,0,0,0
346,10,sandy,Pearl millet,47.0,118.5,25.0,-0.1,0.5695237002580557,0.31,6.59,0,0,0
347,2,loam,Maize,153.6,380.9,26.0,-0.39,0.6733241758186524,0.58,7.12,0,0,0
348,7,clay,Maize,46.6,166.4,23.7,-0.74,0.3117839804332924,0.99,7.89,0,0,0
349,14,clay,Tomato,7.1,14.5,21.2,-0.32,0.0,0.57,8.19,0,0,0
350,10,sandy,Mustard,61.1,131.7,29.3,0.36,0.5920442684084397,0.66,8.06,0,0,0
351,15,clay,Rice,82.0,193.4,27.7,0.87,0.3816216507130309,0.75,7.24,0,0,0
352,1,clay,Turmeric,60.9,202.8,29.6,1.16,0.8473256897678774,0.53,7.09,0,1,0
353,11,loam,Banana,84.3,295.7,25.5,0.69,0.2534204329748733,0.54,7.23,0,1,0
354,5,loam,Rice,10.6,21.9,29.6,0.88,0.0,0.58,6.86,0,1,0
355,2,loam,Banana,36.5,89.5,26.4,-0.1,0.0,0.31,7.64,0,1,0
356,5,loam,Rice,88.7,231.2,25.1,0.37,0.7554867714052844,0.73,7.46,0,0,0
357,15,clay,Mustard,61.3,140.5,23.2,-1.31,0.886113806516154,0.47,7.7,0,0,0
358,7,clay,Onion,35.2,115.2,29.4,0.8,0.0,0.78,6.79,0,0,1
359,14,clay,Cotton,133.0,397.4,22.1,-1.74,1.222750876081065,0.85,8.01,0,0,0
360,2,loam,Cotton,38.1,122.1,27.2,0.17,0.5742831332293539,0.55,7.63,1,1,0
361,10,sandy,Pearl millet,10.1,30.0,24.8,1.83,0.2974586653443279,0.46,6.75,0,0,0
362,7,clay,Maize,119.8,266.5,25.4,0.45,0.8166929306613021,0.63,8.44,0,0,0
363,5,loam,Wheat,46.0,160.2,23.5,-0.06,0.0,0.62,7.6,0,1,0
364,9,clay,Chickpea,9.6,28.2,23.7,0.06,0.0,0.64,7.89,0,0,0
365,10,sandy,Wheat,95.2,218.5,26.8,0.97,0.6340310037398144,0.21,5.97,0,0,1
366,1,clay,Rice,66.8,147.9,34.0,-0.39,0.13691359146230708,0.78,8.08,0,0,0
367,10,sandy,Mustard,28.0,71.0,26.7,1.14,0.5028164599365109,0.79,4.81,0,0,0
368,5,loam,Rice,30.7,66.4,22.6,-2.46,0.0,0.67,6.3,0,0,0
369,13,sandy,Chickpea,107.6,289.9,30.6,0.64,1.2590526681229102,0.48,5.65,0,1,1
370,3,sandy,Chickpea,100.2,338.5,28.9,0.72,1.5,0.22,5.76,0,0,1
371,5,loam,Wheat,100.6,323.9,24.7,0.16,0.7866680178684649,0.44,6.94,0,0,0
372,15,clay,Sorghum,76.7,232.2,35.5,-0.51,0.0,0.69,6.64,0,0,0
373,4,sandy,Tomato,44.6,91.6,25.2,-0.3,1.1067491188873388,0.1,6.8,1,0,0
374,2,loam,Cotton,5.9,16.7,31.1,-1.29,0.0,0.63,9.07,0,1,0
375,9,clay,Wheat,51.2,166.3,24.6,-0.56,0.0,0.94,6.74,0,0,0
376,10,sandy,Wheat,66.9,184.2,24.3,0.87,0.8625397383896458,0.23,7.56,0,0,1
377,9,clay,Potato,16.1,49.9,32.3,-0.08,0.42847880774638364,0.61,8.87,0,1,0
378,7,clay,Sorghum,45.9,155.6,17.7,2.33,0.48563983741939754,0.8,6.93,0,1,0
379,2,loam,Sorghum,9.0,18.5,31.3,1.0,0.0,0.62,8.83,0,0,0
380,5,loam,Sugarcane,12.1,41.2,25.8,-1.22,0.00495868638470863,0.15,8.2,1,0,0
381,1,clay,Green gram,57.9,158.1,31.2,-0.82,0.0,0.17,6.52,1,0,0
382,13,sandy,Sunflower,5.9,14.0,22.2,0.68,0.0977536533031339,0.76,5.32,0,0,1
383,4,sandy,Maize,51.1,143.5,21.2,-2.33,0.8454669333369599,0.54,6.37,0,0,0
384,10,sandy,Pigeon pea,14.8,44.8,24.6,1.16,0.4801375223103533,0.66,5.97,0,0,1
385,4,sandy,Soybean,93.0,298.9,24.3,-0.12,0.753025821767642,0.67,6.43,1,0,1
386,10,sandy,Ragi,93.3,243.7,28.3,0.24,0.961681340175405,0.41,6.28,1,0,0
387,2,loam,Pigeon pea,28.8,95.4,25.3,0.25,0.44495527722753314,0.21,7.5,1,0,0
388,2,loam,Groundnut,15.2,36.0,22.5,-0.06,0.9243119999508294,0.49,8.66,0,1,0
389,5,loam,Rice,7.8,24.6,25.0,0.12,0.0,0.28,5.88,0,0,0
390,4,sandy,Maize,12.5,37.2,21.5,-0.77,0.3821642609743447,0.37,7.0,0,0,0
391,5,loam,Sugarcane,27.1,87.2,27.5,1.24,0.17873578006538043,0.32,7.0,0,0,0
392,5,loam,Wheat,102.6,267.3,23.8,0.13,1.0347082812731132,0.53,7.42,0,0,0
393,11,loam,Wheat,140.0,418.2,23.3,1.23,0.9050218935132388,0.79,7.03,0,1,0
394,7,clay,Onion,18.7,56.2,28.2,-0.46,0.0,0.49,6.89,0,1,0
395,3,sandy,Turmeric,23.6,53.7,32.6,-0.33,0.36312599476706425,0.44,6.81,0,0,1
396,14,clay,Chilli,77.4,158.4,26.7,-0.24,0.9303268966567824,0.39,7.82,0,0,0
397,10,sandy,Rice,76.9,226.6,26.9,0.51,0.2906531386561303,0.33,6.38,0,0,0
398,7,clay,Sugarcane,52.8,172.4,26.4,-0.24,0.285117241977212,0.76,7.76,0,0,0
399,8,clay,Groundnut,87.4,309.6,24.8,-1.41,0.6496291100981526,0.34,7.84,0,0,0
400,5,loam,Wheat,67.6,140.4,17.8,-0.73,0.9668571958537363,0.26,8.26,1,1,0
401,6,clay,Rice,57.4,148.4,35.2,-0.24,0.0,0.74,9.2,0,1,0
402,2,loam,Maize,24.4,54.2,23.6,-0.64,0.0,0.22,7.29,0,1,1
403,13,sandy,Ragi,22.7,76.0,23.6,0.87,0.7397976020904311,0.5,6.21,0,0,0
404,6,clay,Cotton,99.5,297.3,29.5,-1.55,0.40297402562573736,0.6,8.24,0,0,0
405,11,loam,Mustard,44.5,98.7,21.2,1.24,0.0,0.83,6.77,0,0,1
406,1,clay,Green gram,171.5,545.2,23.9,-1.81,1.3179451027002493,0.71,7.8,0,0,0
407,2,loam,Wheat,29.6,78.1,32.0,-0.19,0.10837190672276302,0.48,6.77,0,0,0
408,6,clay,Soybean,25.6,63.3,27.3,-0.19,0.0,0.35,7.18,1,1,0
409,1,clay,Groundnut,154.8,527.9,26.1,-0.89,0.5375560116296356,0.59,7.68,0,0,0
410,15,clay,Lentil,51.5,135.0,26.6,-2.31,0.2638017548279965,0.94,7.08,0,1,0
411,1,clay,Groundnut,175.8,400.1,25.5,-0.35,0.6378854239997847,0.42,8.32,1,0,0
412,9,clay,Wheat,277.6,784.2,29.3,0.3,1.5,0.78,8.44,0,0,0
413,6,clay,Sugarcane,54.8,160.5,29.3,0.9,1.4345290563329613,0.52,6.37,0,1,0
414,4,sandy,Wheat,106.9,219.1,22.8,-0.05,0.6277310327617869,0.29,7.05,0,0,0
415,3,sandy,Cotton,10.9,38.3,23.5,-1.38,1.0389147902514704,0.14,6.21,1,0,0
416,5,loam,Turmeric,48.7,118.7,27.3,0.97,0.7869915397974563,0.57,8.09,0,1,0
417,1,clay,Rice,37.2,129.7,31.0,0.09,0.0,0.57,6.7,1,0,0
418,9,clay,Soybean,146.6,448.3,23.6,1.02,0.8949698411391902,0.59,6.16,0,0,0
419,4,sandy,Chilli,253.5,725.3,23.6,-0.22,1.5,0.46,6.25,0,0,0
420,1,clay,Green gram,61.2,124.9,30.6,-0.32,0.4614800254136127,0.33,6.99,0,1,0
421,2,loam,Cotton,50.5,147.9,27.6,-0.11,0.2947181933845847,0.31,6.89,0,0,1
422,14,clay,Sorghum,8.7,20.6,25.5,-1.92,0.0,0.66,7.31,0,1,0
423,4,sandy,Rice,29.6,69.5,22.2,-0.72,0.32408155688925866,0.13,6.83,1,0,1
424,9,clay,Chickpea,28.5,99.8,28.8,2.39,0.18776747620122186,0.52,7.82,0,0,0
425,7,clay,Onion,27.3,74.5,29.4,0.27,0.40650702852000214,0.54,9.17,0,1,0
426,8,clay,Maize,64.7,147.0,33.8,0.22,0.0,0.92,6.4,0,1,0
427,13,sandy,Tomato,24.4,72.9,21.4,1.05,0.3866710635287404,0.55,7.54,0,1,0
428,11,loam,Wheat,100.9,272.4,28.5,1.27,0.9299701754452785,0.99,6.75,0,0,0
429,9,clay,Chickpea,56.1,184.1,27.3,0.52,0.1753378657664407,0.64,7.78,0,1,0
430,4,sandy,Green gram,95.4,271.8,21.5,-0.22,0.6519697926027552,0.66,6.56,0,0,0
431,13,sandy,Tomato,19.4,68.3,27.8,0.08,0.3074344872313671,0.46,6.26,0,1,0
432,1,clay,Chilli,27.7,73.0,28.0,-1.03,0.6537538802149394,0.87,8.62,0,0,0
433,9,clay,Green gram,80.1,177.2,26.7,-0.75,0.0,0.92,8.16,0,0,0
434,10,sandy,Mustard,102.9,265.6,28.2,-0.27,1.4283370948810092,0.39,6.81,0,0,0
435,15,clay,Chilli,24.7,71.6,28.4,-0.25,0.0,0.64,6.99,0,1,0
436,3,sandy,Cotton,91.6,277.3,26.8,-1.71,1.0496222720270412,0.46,6.44,0,0,0
437,5,loam,Soybean,73.1,227.9,26.2,1.53,0.4107357741741626,0.57,6.96,1,1,0
438,1,clay,Mustard,140.5,418.1,25.9,-1.37,1.109319588479574,0.67,8.25,0,0,0
439,4,sandy,Wheat,33.7,71.6,21.8,-0.72,0.11179570562931629,0.22,8.41,1,0,1
440,14,clay,Chilli,53.1,121.2,29.2,-0.73,0.0,0.67,8.41,0,1,0
441,1,clay,Rice,30.3,87.2,23.3,-0.17,0.0,0.94,6.42,0,1,0
442,12,loam,Banana,121.1,370.9,24.1,-0.5,0.76617289442295,0.7,7.67,0,0,0
443,15,clay,Mustard,57.6,200.5,24.7,-0.12,0.23657462516096595,0.76,6.92,0,0,0
444,2,loam,Tomato,74.7,232.7,23.1,1.94,0.0,0.98,6.62,0,1,0
445,6,clay,Pigeon pea,175.3,380.0,26.6,0.34,0.7709279138027862,0.39,8.6,0,0,0
446,14,clay,Cotton,123.0,353.1,23.0,2.1,1.5,0.31,6.71,0,1,0
447,11,loam,Rice,38.4,92.4,26.5,-1.35,0.10666994604309175,0.76,8.81,0,1,0
448,2,loam,Maize,24.4,77.0,28.3,-0.42,0.0,0.76,6.03,0,0,0
449,13,sandy,Ragi,18.9,60.8,21.6,-1.08,0.6401017202926468,0.48,7.03,0,0,0
450,13,sandy,Ragi,205.8,429.7,21.3,0.45,1.5,0.58,7.46,1,0,0
451,5,loam,Wheat,45.1,105.2,20.5,-0.05,0.3937896858523464,0.1,6.77,1,0,0
452,7,clay,Sugarcane,20.1,63.5,22.2,-1.2,0.16168115964811144,0.78,7.44,0,0,0
453,5,loam,Sugarcane,124.0,393.1,24.3,0.91,0.4668374954714569,0.75,7.04,0,1,0
454,8,clay,Rice,130.7,341.2,27.3,-0.39,0.8809444905910784,0.67,8.51,1,0,0
455,12,loam,Wheat,44.5,92.1,22.7,0.22,0.5331127635791525,0.54,7.98,0,0,0
456,11,loam,Wheat,100.6,358.7,21.4,0.54,0.4789531457865204,0.81,7.35,0,0,0
457,15,clay,Potato,35.4,91.9,22.9,-0.7,0.5126745908681782,0.74,8.25,0,0,0
458,2,loam,Sorghum,20.0,50.2,28.8,1.12,0.0,0.46,5.6,0,0,0
459,14,clay,Sorghum,154.8,548.5,27.9,0.06,1.181873534690642,0.43,9.2,1,1,0
460,14,clay,Sorghum,68.3,143.2,20.2,0.41,0.0,0.85,7.7,0,0,0
461,6,clay,Pigeon pea,97.8,249.2,21.6,-1.1,0.0,0.81,8.62,0,1,0
462,3,sandy,Lentil,5.8,15.7,32.6,0.97,0.10569898098570019,0.1,6.03,1,0,0
463,4,sandy,Wheat,41.4,90.0,23.5,0.12,0.01701596884130885,0.14,7.23,1,0,0
464,15,clay,Cotton,216.3,654.7,26.0,-0.08,1.5,0.46,8.78,1,1,0
465,1,clay,Turmeric,31.7,110.9,32.5,0.51,0.0,0.54,7.38,1,0,0
466,2,loam,Wheat,26.9,63.0,25.3,1.21,0.3848560642207018,0.64,6.15,0,0,0
467,2,loam,Cotton,13.0,40.2,26.8,-0.61,0.0,0.56,6.61,0,1,1
468,3,sandy,Rice,2.5,8.3,30.5,0.14,0.9648053998882989,0.25,8.18,1,0,0
469,12,loam,Rice,108.9,382.9,24.0,0.8,0.5426573393205996,0.55,7.65,0,1,0
470,1,clay,Groundnut,112.5,320.4,30.8,0.75,0.920963964541925,0.17,7.46,0,0,0
471,15,clay,Soybean,118.2,272.1,23.9,-1.11,0.39193515004201657,0.55,6.9,0,1,0
472,6,clay,Lentil,55.0,125.1,30.9,-0.72,0.4592490639725009,0.76,7.85,0,0,0
473,8,clay,Cotton,107.7,227.1,24.6,-0.68,0.5040503399956211,0.73,8.5,0,1,0
474,9,clay,Soybean,216.4,438.7,27.7,-0.2,1.5,0.64,7.19,0,0,0
475,13,sandy,Maize,40.9,118.4,27.6,-0.27,0.0727369791000384,0.27,5.04,1,1,0
476,10,sandy,Maize,35.8,126.9,24.0,0.52,0.8490834806753256,0.1,5.83,1,0,0
477,1,clay,Green gram,21.0,69.6,26.1,-0.96,0.037672600544668075,0.63,8.47,0,0,0
478,13,sandy,Cotton,15.0,40.2,23.7,1.48,0.11331021210370296,0.12,5.65,0,0,1
479,2,loam,Banana,178.5,574.0,25.7,-0.35,0.3616984457350453,0.51,6.28,0,0,1
480,8,clay,Cotton,11.7,24.7,26.9,-1.12,0.4044224242264498,0.69,7.68,0,1,0
481,13,sandy,Ragi,151.6,332.6,26.2,-0.23,1.4700100162060996,0.55,8.16,0,0,1
482,8,clay,Cotton,124.3,381.7,26.8,-0.37,0.8349146858939317,0.84,7.2,0,0,0
483,7,clay,Maize,39.5,83.3,24.3,-2.64,0.6496304208815731,0.78,6.94,0,1,0
484,5,loam,Rice,13.2,32.9,27.4,-0.62,0.24675423916183217,0.66,8.07,0,0,0
485,12,loam,Wheat,137.4,399.5,28.8,0.5,1.34671747675744,0.55,8.14,0,1,0
486,10,sandy,Pearl millet,29.7,88.9,25.1,0.77,0.2967483095724479,0.1,6.56,1,0,0
487,13,sandy,Mustard,49.5,111.9,25.1,-1.13,0.642963267886866,0.43,6.79,0,0,0
488,14,clay,Sorghum,40.5,129.1,20.7,-0.9,1.095908955156331,0.47,7.21,0,0,0
489,9,clay,Banana,235.6,841.5,29.8,-0.59,1.5,0.79,7.97,0,0,0
490,6,clay,Soybean,204.7,604.3,32.5,-1.04,0.16176970422894077,0.7,8.48,0,0,0
491,9,clay,Wheat,54.6,122.9,23.9,0.93,0.46577712287086287,0.56,8.3,0,0,0
492,6,clay,Onion,56.8,152.9,29.1,1.24,0.2420743644493168,0.56,7.99,0,0,0
493,4,sandy,Rice,5.7,19.5,25.3,0.24,0.045897229039302156,0.52,7.06,0,0,1
494,6,clay,Soybean,54.2,194.6,24.1,0.61,0.6832837968241472,0.9,7.99,0,0,0
495,8,clay,Lentil,36.1,122.4,23.4,0.05,0.0,0.72,8.58,0,1,0
496,4,sandy,Maize,44.1,139.1,20.4,-2.01,0.622456619573012,0.85,7.16,0,1,0
497,5,loam,Rice,8.1,28.9,25.5,-1.57,0.0,0.65,5.95,1,0,0
498,9,clay,Soybean,70.3,241.5,23.7,-1.02,0.4422892194263119,0.63,6.36,0,0,0
499,3,sandy,Chilli,154.5,431.2,32.4,-0.94,1.5,0.1,6.71,1,1,0
500,2,loam,Banana,91.4,194.6,25.4,-0.87,0.5628453844419964,0.79,6.47,0,0,1
501,12,loam,Maize,164.4,365.6,22.4,-2.23,0.8290869793413718,0.71,7.27,0,0,0
502,13,sandy,Potato,91.1,309.5,22.8,-0.04,1.0434724435152127,0.37,4.5,0,0,1
503,5,loam,Onion,54.3,120.0,28.7,-0.13,0.9425184643283221,0.62,7.92,0,0,0
504,3,sandy,Rice,6.6,22.8,28.0,-0.52,0.6407108811787912,0.62,6.5,0,0,1
505,7,clay,Sugarcane,22.1,53.2,23.5,-0.65,0.0,0.34,7.68,0,0,0
506,3,sandy,Cotton,97.9,210.8,25.6,-2.52,0.5771617976553904,0.48,5.75,0,0,0
507,14,clay,Chilli,38.6,86.3,21.7,-1.29,0.0,0.67,9.2,0,0,1
508,2,loam,Sorghum,21.4,76.8,27.7,1.44,0.0,0.3,6.85,0,0,0
509,8,clay,Soybean,141.2,395.4,28.0,-0.35,0.18647447012394147,0.8,7.31,0,0,0
510,6,clay,Cotton,58.8,149.5,26.7,1.27,0.0,0.79,8.41,0,0,0
511,7,clay,Pigeon pea,78.8,173.7,24.6,1.77,0.8242474880140398,0.57,7.3,0,0,0
512,12,loam,Wheat,256.3,630.2,29.6,1.05,1.5,0.8,6.99,0,0,0
513,4,sandy,Tomato,51.9,123.5,22.0,-1.86,0.49659149014570714,0.38,6.45,0,0,0
514,14,clay,Potato,92.6,228.8,27.0,0.96,0.6532603912114268,0.67,9.0,0,1,0
515,15,clay,Turmeric,214.2,548.2,27.8,-0.54,1.5,0.57,7.99,1,0,0
516,7,clay,Onion,20.5,64.7,21.0,-0.08,0.21830835323367906,0.6,7.9,0,1,0
517,6,clay,Pigeon pea,133.2,432.3,26.5,-0.27,0.9270124720158766,0.58,7.8,0,0,0
518,4,sandy,Rice,87.6,309.8,24.6,-1.62,1.2984151879791739,0.26,5.73,0,0,0
519,13,sandy,Potato,73.5,181.2,23.8,0.05,1.0326198897736387,0.37,5.64,0,0,0
520,11,loam,Rice,90.4,197.3,26.4,0.57,0.27038589921936346,0.55,8.74,0,0,0
521,7,clay,Sugarcane,41.3,146.2,30.3,0.04,0.195488165568252,0.93,8.89,0,0,0
522,11,loam,Rice,35.4,125.1,27.5,-0.99,0.8258863888691135,0.31,6.65,0,0,0
523,6,clay,Sunflower,45.7,140.3,28.5,-0.3,0.09176140740209293,0.66,7.11,0,0,0
524,11,loam,Wheat,48.4,142.1,25.6,0.59,0.5609586713069235,0.5,7.01,0,1,1
525,13,sandy,Maize,10.4,29.0,27.0,-0.12,1.0844994872848077,0.3,5.78,0,1,0
526,7,clay,Maize,208.9,449.7,24.4,-1.54,1.0159948587540217,0.98,8.68,0,1,0
527,10,sandy,Pearl millet,8.6,20.0,25.1,-2.07,0.0,0.28,7.12,0,0,0
528,9,clay,Ragi,84.9,214.0,28.9,-0.22,0.4083783819911229,0.74,7.08,0,0,0
529,2,loam,Lentil,30.3,95.1,28.6,-0.52,0.0,0.63,6.2,1,0,0
530,1,clay,Lentil,125.8,402.4,29.9,0.18,0.7652618933537836,0.61,7.54,0,0,0
531,4,sandy,Maize,106.0,228.0,24.3,-0.22,0.6575583010191408,0.1,5.48,0,1,1
532,4,sandy,Pearl millet,133.6,396.5,21.9,-0.2,0.8342443450518482,0.25,4.95,1,0,0
533,3,sandy,Rice,34.7,121.7,29.1,-1.77,0.4882200688355391,0.42,5.87,1,0,1
534,14,clay,Sorghum,26.7,69.9,27.8,0.41,0.0,0.6,6.88,0,0,0
535,10,sandy,Pearl millet,88.0,286.8,26.5,-1.26,1.5,0.1,6.55,1,1,1
536,1,clay,Green gram,62.4,223.3,25.2,1.48,0.24673592278287002,0.72,7.98,0,1,0
537,14,clay,Chilli,18.2,41.3,23.3,-1.0,0.0,0.85,7.05,0,1,0
538,5,loam,Sugarcane,59.9,206.2,26.0,-1.39,0.4170370303673674,0.76,6.9,0,1,1
539,15,clay,Potato,23.8,73.0,30.6,-0.84,0.950887194219399,0.72,8.28,0,0,0
540,4,sandy,Banana,58.3,179.3,26.1,-0.53,0.666888586652691,0.23,6.0,1,0,0
541,2,loam,Cotton,69.9,208.2,23.1,1.69,0.93209647544183,0.66,6.67,0,1,0
542,2,loam,Mustard,205.8,570.2,24.1,-0.36,1.1491673675307619,0.38,7.41,0,0,0
543,6,clay,Pigeon pea,118.2,246.7,22.8,-0.66,0.22752655950319156,0.52,8.86,0,0,0
544,14,clay,Sorghum,11.8,39.8,25.5,-0.92,0.0,0.76,8.61,0,0,0
545,9,clay,Wheat,152.4,367.3,30.6,-0.74,0.7479241922227788,0.81,7.68,0,0,0
546,2,loam,Maize,103.8,362.3,27.9,0.91,1.2930855489626252,0.7,7.44,0,1,0
547,5,loam,Pearl millet,44.6,137.4,25.5,1.88,0.7639343927201487,0.59,7.24,0,0,0
548,8,clay,Pearl millet,114.0,330.9,28.2,0.47,0.9115889327635593,0.94,6.34,0,0,0
549,9,clay,Soybean,42.0,127.4,27.4,1.54,0.2026444117361935,0.78,7.28,0,0,0
550,13,sandy,Sunflower,67.9,191.1,22.1,1.5,0.7592836673578741,0.57,6.4,0,0,0
551,1,clay,Groundnut,42.0,124.5,27.5,-0.3,0.0,0.85,6.9,0,0,0
552,1,clay,Rice,5.7,17.2,27.7,2.07,0.5358379683622315,0.39,7.81,0,0,0
553,11,loam,Potato,3.7,9.2,24.6,2.61,0.6624045369582454,0.53,6.58,0,0,0
554,2,loam,Maize,17.5,51.4,31.3,0.08,0.32987376068934093,0.63,6.07,0,0,0
555,11,loam,Rice,49.1,154.3,21.0,-0.83,0.0,0.46,7.57,0,0,0
556,6,clay,Cotton,73.3,165.3,30.6,-0.16,0.05307690015214095,0.7,8.11,0,1,0
557,6,clay,Rice,99.4,283.5,30.4,-1.11,1.267340666831879,0.59,7.95,0,0,0
558,3,sandy,Rice,261.5,938.8,29.7,-1.38,1.5,0.74,6.77,0,0,0
559,12,loam,Maize,165.6,399.2,24.9,0.58,1.463804691432245,0.56,7.03,0,0,0
560,3,sandy,Rice,131.3,394.7,22.3,0.64,1.2188664408607544,0.53,6.9,0,0,1
561,1,clay,Green gram,98.6,339.2,28.1,-0.44,0.8475620782610531,0.57,8.61,0,0,0
562,9,clay,Soybean,66.9,163.0,29.1,-0.64,0.21610573240505307,0.45,8.25,0,0,0
563,3,sandy,Cotton,185.8,646.4,35.4,-1.55,1.5,0.52,5.53,0,0,0
564,3,sandy,Cotton,73.6,247.9,28.5,0.89,0.9412643873294717,0.23,6.24,0,1,0
565,4,sandy,Wheat,123.1,276.4,26.7,-0.11,1.0372832975933537,0.74,7.43,0,0,0
566,10,sandy,Mustard,54.8,145.5,28.6,1.01,0.8683459674982712,0.27,6.66,0,0,1
567,12,loam,Rice,44.3,134.3,23.7,0.43,0.0,0.55,6.29,0,1,0
568,14,clay,Sunflower,227.8,671.5,28.7,1.15,1.1565432996464475,0.56,8.72,0,0,0
569,15,clay,Chilli,42.9,147.7,26.9,-1.23,0.560192447094483,0.65,9.13,0,1,0
570,4,sandy,Rice,64.9,154.6,24.0,1.56,1.165910602726466,0.59,7.82,0,0,0
571,4,sandy,Onion,42.3,114.9,18.9,-0.45,0.7580633165940691,0.59,6.93,0,1,0
572,4,sandy,Maize,19.1,58.9,25.0,-0.78,0.02835439387233929,0.17,5.58,0,0,1
573,3,sandy,Cotton,29.9,106.5,29.2,0.61,0.4897752000469634,0.1,7.25,1,1,0
574,1,clay,Groundnut,63.2,227.2,30.5,0.09,0.6753469021433887,0.76,7.94,0,0,0
575,9,clay,Wheat,71.5,256.5,24.5,-0.98,0.0,0.66,8.49,0,0,0
576,1,clay,Soybean,96.2,311.5,29.7,-1.13,0.2085892683856459,0.91,7.21,0,0,0
577,1,clay,Groundnut,323.0,695.9,30.4,1.13,1.5,1.02,7.99,0,0,0
578,6,clay,Mustard,170.0,386.2,24.2,0.08,1.231688135573709,0.62,7.51,0,1,0
579,13,sandy,Tomato,48.8,110.8,19.6,0.51,0.46875675535697725,0.46,7.01,0,0,0
580,8,clay,Rice,85.4,194.8,35.6,-1.68,0.8204218257382387,0.92,7.6,0,0,0
581,6,clay,Cotton,41.7,91.9,24.4,-0.79,0.16138252940198633,0.85,6.96,0,1,0
582,3,sandy,Green gram,8.0,23.7,27.0,-1.43,0.5207373905633282,0.35,7.2,0,0,1
583,11,loam,Wheat,93.4,313.3,23.5,-0.75,0.7319624344831437,0.32,7.35,0,0,0
584,5,loam,Wheat,35.7,105.9,25.3,-0.64,0.6215144549914071,0.71,6.45,0,0,1
585,15,clay,Potato,35.1,74.5,22.3,-0.85,0.389094293572391,0.36,9.01,0,0,0
586,3,sandy,Maize,4.8,15.0,33.5,0.77,0.864145570587016,0.41,6.82,1,0,0
587,12,loam,Rice,153.3,541.9,28.2,0.95,0.8394724890577666,0.55,7.28,0,1,0
588,11,loam,Banana,12.8,35.7,24.8,-1.1,0.0,0.56,6.18,0,0,0
589,6,clay,Cotton,68.2,204.6,30.4,-0.54,0.0,0.63,8.66,0,0,0
590,6,clay,Chilli,321.3,648.5,25.7,1.87,1.5,0.71,7.3,0,0,0
591,15,clay,Mustard,118.5,355.9,30.2,-0.42,0.504154989748002,0.71,7.83,0,0,0
592,12,loam,Maize,47.8,168.3,25.1,-1.0,0.16956542342236028,0.54,6.51,0,0,0
593,1,clay,Groundnut,17.9,42.4,24.8,-0.0,0.0,0.72,6.18,0,0,1
594,9,clay,Soybean,200.5,533.2,29.8,0.69,1.4965635819534353,0.56,7.01,0,0,0
595,12,loam,Maize,79.3,238.9,25.0,-0.25,0.2158340440591969,0.57,7.16,0,1,0
596,6,clay,Pigeon pea,122.5,282.1,22.7,0.66,0.8783730931124688,0.77,9.03,0,0,0
597,11,loam,Wheat,83.1,276.1,26.5,-0.39,0.004998936616852745,0.61,7.26,0,1,0
598,10,sandy,Pearl millet,30.3,80.1,32.9,-0.68,0.9154487928043105,0.54,5.81,1,0,0
599,5,loam,Sunflower,9.5,27.1,22.2,0.59,0.0,0.84,7.76,0,0,1
600,1,clay,Groundnut,43.0,100.0,28.3,0.96,0.0,0.61,6.36,0,0,0
601,1,clay,Rice,258.6,882.4,32.5,1.9,1.5,0.73,7.93,0,0,0
602,11,loam,Onion,140.7,340.3,26.8,1.01,1.2045833442487524,0.46,5.8,0,0,0
603,12,loam,Rice,68.1,240.3,22.2,0.14,0.5815062354473082,0.54,6.86,0,1,0
604,6,clay,Soybean,25.3,61.5,30.8,-0.37,0.0,0.65,8.07,0,0,0
605,8,clay,Cotton,130.1,442.5,28.9,0.79,0.0,0.67,7.07,0,0,0
606,8,clay,Cotton,47.8,135.7,25.3,-0.46,0.6547037963576132,0.71,7.87,0,0,0
607,14,clay,Chilli,23.7,51.9,28.1,0.94,0.18570729459486152,0.59,8.77,0,0,0
608,8,clay,Sorghum,97.5,288.5,33.9,-0.83,0.6806204927377912,0.9,8.29,0,0,0
609,9,clay,Maize,195.6,466.7,28.8,-1.24,0.8572527901034158,0.69,9.02,0,0,0
610,9,clay,Soybean,43.9,144.2,23.5,-1.48,0.1923888469090571,0.44,7.88,0,0,0
611,2,loam,Sorghum,143.9,397.8,28.7,-0.34,0.3251581631847168,0.35,6.15,1,0,0
612,11,loam,Wheat,69.9,200.2,28.8,-0.85,0.29893516439464984,0.32,7.08,0,1,0
613,14,clay,Cotton,334.7,1071.5,23.7,-0.59,1.5,0.78,8.19,0,0,0
614,2,loam,Chickpea,12.2,26.3,27.9,1.27,0.0,0.55,8.31,0,1,1
615,2,loam,Maize,25.3,88.0,28.7,-0.85,0.8057204390752138,0.63,6.41,0,0,0
616,8,clay,Cotton,36.0,76.4,27.8,-0.94,0.0,0.44,7.81,0,0,0
617,12,loam,Rice,325.1,784.5,22.4,1.84,1.5,0.35,6.44,1,1,0
618,2,loam,Cotton,46.6,148.2,30.7,-0.66,0.11671409871506255,0.36,7.06,0,1,0
619,12,loam,Sunflower,82.4,165.5,27.0,-0.87,1.2331282862445374,0.34,7.2,0,0,0
620,4,sandy,Maize,17.1,37.2,22.8,-0.32,0.3963385783394485,0.17,6.85,1,0,0
621,3,sandy,Pigeon pea,242.1,574.1,35.5,-0.03,1.5,0.42,6.87,1,0,0
622,3,sandy,Chilli,172.2,619.8,27.8,-0.93,1.083117691463433,0.29,6.34,0,1,1
623,8,clay,Rice,40.6,120.0,26.0,0.55,0.07073003729146743,0.46,5.67,1,1,0
624,9,clay,Wheat,45.6,122.3,31.3,-0.8,0.2114406770995578,0.54,8.14,0,0,0
625,7,clay,Cotton,45.7,129.0,30.5,-1.34,0.0,0.6,7.85,0,0,0
626,10,sandy,Mustard,16.3,41.9,24.5,-0.3,0.001439377883212356,0.41,6.12,0,1,1
627,13,sandy,Ragi,29.0,63.4,23.9,0.0,0.3403523306274928,0.3,7.32,0,1,0
628,13,sandy,Tomato,59.8,154.1,28.5,0.01,0.903885485227393,0.33,6.21,0,0,1
629,11,loam,Sugarcane,151.6,523.2,25.9,-0.07,0.9236093339887683,0.36,7.78,1,0,0
630,8,clay,Rice,104.9,356.8,31.9,0.44,0.8192219954378934,0.93,8.2,0,1,0
631,4,sandy,Maize,58.3,150.1,27.3,1.22,0.5930012714680754,0.34,6.61,0,1,1
632,12,loam,Ragi,52.4,147.9,26.8,-1.02,0.6741400775121347,0.61,7.62,0,0,0
633,11,loam,Wheat,60.5,150.5,28.8,-1.25,0.5078840674678365,0.66,7.52,0,0,0
634,14,clay,Sorghum,29.3,98.6,23.6,1.14,0.02962232768574552,1.05,7.54,0,0,0
635,11,loam,Potato,63.7,175.4,23.5,1.13,0.2969566718798362,0.62,6.76,0,0,0
636,3,sandy,Green gram,100.3,269.5,29.0,0.5,0.9381491684833416,0.15,5.97,1,1,0
637,9,clay,Soybean,13.6,30.9,28.8,0.54,0.0,0.72,7.57,0,0,0
638,11,loam,Wheat,131.6,448.1,25.2,1.22,0.7277558738829744,0.74,6.64,0,0,0
639,15,clay,Sunflower,358.8,844.5,24.0,0.2,1.5,0.89,8.03,0,0,0
640,5,loam,Wheat,103.8,244.1,29.2,1.27,0.8629400317433009,0.48,7.53,0,0,1
641,13,sandy,Maize,24.7,78.4,17.3,0.48,0.8710587449006348,0.31,6.01,0,1,1
642,5,loam,Wheat,71.1,192.2,25.6,-0.4,0.4266996664065912,0.58,6.3,0,1,1
643,6,clay,Pigeon pea,75.8,248.9,29.9,0.46,0.02551822755163724,0.37,9.06,1,0,0
644,15,clay,Potato,76.5,239.6,26.2,1.03,0.47765976819150946,0.67,7.95,0,0,0
645,3,sandy,Rice,162.6,340.2,28.5,0.48,1.5,0.57,6.54,0,1,0
646,4,sandy,Rice,146.7,457.9,23.4,-1.04,1.5,0.1,6.0,1,1,1
647,13,sandy,Sugarcane,68.0,166.6,21.9,-0.18,0.8102842648155182,0.11,6.53,1,1,0
648,14,clay,Chilli,26.7,60.5,22.0,0.67,0.2137508924123271,0.23,7.4,1,1,0
649,2,loam,Maize,52.6,172.9,29.9,-0.02,0.22536461942221914,0.36,8.39,1,1,0
650,13,sandy,Ragi,101.6,313.5,25.1,-0.22,1.0932996870849552,0.33,7.3,0,0,1
651,9,clay,Wheat,15.9,42.4,27.4,-0.43,0.0,0.74,8.69,0,0,0
652,14,clay,Sorghum,59.0,135.3,20.1,-2.4,0.5501814447976302,0.88,7.61,0,1,0
653,8,clay,Chilli,100.2,261.6,27.1,-0.28,0.6842444229903372,0.35,5.5,0,1,0
654,9,clay,Chickpea,25.9,76.9,24.3,0.82,0.9922430958616215,0.51,5.99,0,0,0
655,4,sandy,Pearl millet,92.6,301.0,28.2,2.2,1.2389534927455677,0.43,7.26,1,1,1
656,9,clay,Chickpea,132.3,349.8,30.1,-0.86,0.9731991612312729,0.96,8.5,0,1,0
657,7,clay,Onion,41.2,108.2,26.5,1.34,0.22263933142940495,0.5,7.89,0,0,0
658,7,clay,Onion,91.6,249.1,27.4,-0.8,0.5695701957575319,0.72,6.62,0,1,0
659,5,loam,Wheat,84.2,268.3,25.0,-0.85,0.6935993760917806,0.36,7.04,0,0,0
660,7,clay,Sugarcane,72.4,242.9,24.9,1.54,1.1818519266917327,0.87,8.34,0,0,0
661,3,sandy,Pearl millet,74.3,264.6,29.8,0.02,0.6923691542606902,0.36,6.15,1,0,0
662,13,sandy,Cotton,118.8,255.1,21.4,1.82,1.2300804040937858,0.44,7.39,0,0,1
663,7,clay,Maize,61.1,138.2,29.3,-1.06,0.2733112946184912,0.72,7.04,1,1,0
664,6,clay,Sunflower,25.4,66.2,34.0,-0.5,0.0,0.63,6.56,0,0,0
665,15,clay,Green gram,399.0,1063.1,29.1,0.35,1.5,0.79,9.2,0,0,0
666,8,clay,Groundnut,101.8,366.0,29.1,-3.22,0.4980884944203783,0.8,8.87,0,0,0
667,11,loam,Cotton,84.3,277.0,28.8,-0.35,0.6007408172096504,0.6,5.53,0,0,0
668,15,clay,Rice,71.6,187.2,29.2,0.53,0.24464727848486048,0.73,8.82,0,0,0
669,13,sandy,Ragi,14.8,47.3,27.1,0.32,0.45172593250917525,0.29,6.17,0,0,0
670,6,clay,Cotton,156.0,547.7,24.5,-0.72,1.125353923473091,0.67,7.71,0,0,0
671,8,clay,Onion,34.1,102.9,27.7,-0.17,0.3031544680178915,0.44,7.77,0,0,0
672,13,sandy,Ragi,188.2,383.1,25.4,1.65,1.4635779369875548,0.44,7.37,0,0,1
673,8,clay,Cotton,28.0,69.9,30.4,-2.85,0.32312092751453175,0.82,8.68,0,0,0
674,5,loam,Wheat,47.8,162.2,24.2,1.01,0.44026899088071464,0.52,5.91,0,0,0
675,8,clay,Chilli,7.0,20.3,30.0,-0.48,0.0,0.59,8.44,0,0,0
676,1,clay,Chilli,6.1,20.0,22.4,-1.29,0.0,0.55,8.47,0,0,0
677,14,clay,Cotton,20.0,42.9,27.3,0.63,0.30040901517166374,0.66,7.09,0,0,0
678,9,clay,Soybean,64.4,222.2,27.4,0.35,0.0302155360733668,0.39,7.99,0,1,0
679,4,sandy,Wheat,22.5,71.3,18.6,0.61,0.159662138899889,0.4,5.5,1,1,0
680,8,clay,Cotton,54.7,118.2,23.8,2.08,0.9566618825014254,0.51,7.3,1,0,0
681,1,clay,Groundnut,3.4,10.9,31.1,-0.27,0.0,0.73,8.18,0,0,0
682,12,loam,Wheat,115.8,330.8,25.6,-0.7,0.818015308265003,0.62,7.4,0,1,0
683,8,clay,Cotton,56.8,142.6,29.8,1.01,0.30323049710769034,0.7,9.2,0,0,0
684,1,clay,Green gram,112.8,255.6,29.5,-0.61,0.8243630858137576,0.6,7.86,0,0,0
685,7,clay,Sugarcane,114.3,394.2,27.3,2.01,0.7059847907611886,0.56,7.18,0,0,0
686,2,loam,Pearl millet,25.3,66.8,25.7,-0.52,0.13079931496448002,0.98,7.51,0,0,0
687,6,clay,Cotton,150.4,472.6,29.3,0.91,0.6329459338809529,0.63,7.77,0,0,0
688,13,sandy,Tomato,62.6,137.0,23.6,-0.3,1.1160586086511515,0.32,5.22,1,0,0
689,10,sandy,Pearl millet,23.1,68.0,21.3,0.34,0.8204239119611636,0.58,6.56,0,0,0
690,8,clay,Mustard,107.7,324.0,24.7,2.05,0.8173202996630154,0.5,7.93,0,0,1
691,8,clay,Rice,48.4,164.2,25.3,1.85,0.33984950353752585,0.48,8.12,0,0,0
692,8,clay,Chilli,40.0,103.2,28.5,0.83,0.3992829958015591,0.98,8.72,0,0,0
693,2,loam,Maize,33.3,107.1,33.3,-0.35,0.0,0.71,6.94,0,0,1
694,4,sandy,Maize,66.2,170.0,27.2,0.81,0.6996339837435307,0.2,7.19,1,1,0
695,13,sandy,Sugarcane,139.7,350.1,26.7,0.15,1.5,0.36,7.76,0,0,0
696,14,clay,Sorghum,17.6,43.9,23.3,0.13,0.0,0.7,8.91,0,0,0
697,3,sandy,Sunflower,131.0,265.5,32.0,0.65,1.4209911424210426,0.2,5.77,0,0,0
698,14,clay,Cotton,163.7,530.1,27.3,0.28,0.5322148499213601,0.68,8.48,0,0,0
699,1,clay,Green gram,22.6,52.7,27.2,0.59,0.26342850696230924,0.78,7.9,0,0,0
700,8,clay,Cotton,51.0,141.4,32.4,-0.22,0.7961699197218293,0.4,8.15,1,0,0
701,13,sandy,Potato,29.5,97.3,27.8,0.8,0.6872980515615177,0.62,8.31,0,0,0
702,4,sandy,Lentil,167.5,563.2,20.3,-0.58,1.5,0.4,7.3,1,0,1
703,15,clay,Banana,152.0,404.6,33.2,1.59,0.8942964868599041,0.61,6.7,0,0,0
704,15,clay,Rice,148.9,393.7,20.9,0.31,1.5,0.67,8.07,0,0,0
705,7,clay,Sugarcane,30.3,85.6,21.7,-0.46,0.04056219203838435,0.67,8.74,0,0,0
706,14,clay,Cotton,131.9,426.7,23.3,0.12,0.4400159220649684,0.61,8.12,0,0,0
707,2,loam,Cotton,11.0,34.9,21.5,0.19,0.0,0.68,7.58,0,0,1
708,8,clay,Cotton,49.7,102.4,30.5,-0.56,0.42711770884553507,0.72,7.69,0,0,0
709,5,loam,Tomato,20.4,44.9,26.2,-2.25,0.4393518525706245,0.52,6.68,1,1,1
710,10,sandy,Wheat,30.5,64.4,26.6,1.27,0.10287972278401436,0.39,7.77,0,0,0
711,4,sandy,Wheat,9.5,25.4,20.5,0.8,0.6376222378898648,0.67,7.16,0,0,1
712,7,clay,Onion,83.2,243.0,27.0,-1.68,0.3704928792216182,0.52,6.87,1,1,0
713,11,loam,Sunflower,9.3,21.1,25.7,-0.47,0.3453212649650983,0.46,7.59,0,1,0
714,4,sandy,Maize,36.0,76.9,22.6,0.21,0.33170836401198195,0.4,5.59,0,0,0
715,13,sandy,Ragi,67.5,159.3,19.6,0.44,1.0916203607492116,0.32,7.21,0,0,0
716,11,loam,Potato,51.9,168.6,25.9,1.27,1.135925734826363,0.37,7.22,1,0,1
717,4,sandy,Maize,109.5,350.1,22.4,-0.28,0.886309234460576,0.27,7.65,0,1,1
718,11,loam,Rice,64.5,137.8,27.9,0.86,0.0634836671711454,0.92,6.76,0,0,0
719,5,loam,Wheat,33.0,114.0,21.9,-1.19,0.7936329281854947,0.5,5.86,0,0,0
720,9,clay,Soybean,204.3,450.1,21.9,-0.12,1.283176930564263,0.57,7.87,0,0,0
721,10,sandy,Pearl millet,13.0,26.4,26.5,-0.85,0.3079905957947772,0.59,6.23,0,0,1
722,13,sandy,Maize,9.1,29.6,28.2,-0.21,0.15398713610769652,0.38,4.89,0,1,1
723,6,clay,Soybean,80.1,235.6,21.1,-0.49,0.8450174808382391,0.53,8.71,0,0,0
724,7,clay,Onion,5.2,18.3,27.6,-0.12,0.0,0.9,9.05,0,0,0
725,7,clay,Maize,36.8,128.0,29.5,-1.29,0.07725168258702142,0.53,9.2,0,0,0
726,13,sandy,Maize,113.3,262.9,23.4,-0.27,0.9295969902157593,0.24,6.3,0,0,1
727,13,sandy,Maize,146.9,496.8,25.9,0.8,1.3858408226614234,0.65,5.03,0,0,1
728,4,sandy,Cotton,222.3,610.7,26.7,-2.33,1.5,0.45,6.94,0,0,1
729,2,loam,Maize,26.1,57.5,30.2,-0.43,0.5739210171150197,0.17,6.42,1,0,1
730,15,clay,Lentil,186.1,656.5,23.8,0.21,0.7318452893347998,0.65,7.17,0,1,0
731,3,sandy,Cotton,243.5,523.0,25.5,-0.41,1.5,0.44,6.95,0,0,0
732,4,sandy,Maize,11.0,38.7,22.5,-0.81,0.9920077631477616,0.52,7.13,0,1,0
733,2,loam,Cotton,81.4,187.1,28.3,0.34,0.5597407795331691,0.36,5.81,1,0,0
734,3,sandy,Sugarcane,22.2,56.7,32.3,-1.18,0.698209241658903,0.36,6.99,0,1,0
735,1,clay,Green gram,132.6,305.6,28.8,0.45,0.7901923021808983,0.25,7.31,1,0,0
736,10,sandy,Mustard,87.1,278.4,22.7,-0.08,0.7598995803678772,0.59,6.54,0,0,1
737,8,clay,Rice,168.7,585.6,27.9,-0.6,1.2630045971437087,0.8,7.54,0,1,0
738,2,loam,Soybean,90.0,243.0,25.9,0.99,0.5105722261003538,0.66,9.2,0,1,0
739,10,sandy,Wheat,26.3,91.1,25.9,-0.96,0.7523497604675822,0.31,6.48,1,0,1
740,3,sandy,Sugarcane,41.8,125.1,29.3,0.03,0.9488810320131128,0.52,6.54,0,1,0
741,9,clay,Sorghum,58.8,198.9,27.0,-0.12,0.0,0.74,6.3,0,1,0
742,11,loam,Wheat,17.0,58.9,21.1,1.1,0.21657114599967145,0.44,8.05,1,1,0
743,7,clay,Onion,55.4,114.5,25.5,-0.13,0.22701448130823057,0.6,8.27,0,0,0
744,5,loam,Sugarcane,36.4,126.9,22.9,-0.63,0.39915149421048013,0.19,6.67,1,0,0
745,14,clay,Sorghum,64.1,179.9,25.3,0.52,0.8672639111431301,0.31,7.9,1,0,0
746,13,sandy,Lentil,42.4,106.6,27.0,1.21,0.6560012725390051,0.23,7.05,1,1,0
747,13,sandy,Pearl millet,147.6,470.6,26.5,0.86,1.5,0.35,6.44,1,0,0
748,3,sandy,Chilli,68.6,170.1,26.8,-0.41,1.135166969898757,0.2,5.99,1,0,1
749,5,loam,Sugarcane,84.1,266.3,23.3,0.19,0.4598123914162197,0.92,7.33,0,0,0
750,6,clay,Cotton,134.3,340.9,29.2,0.3,0.8965737915393965,0.7,7.63,0,0,0
751,3,sandy,Rice,123.5,285.1,27.1,0.15,1.1175106376420663,0.3,7.12,1,0,1
752,6,clay,Cotton,113.4,291.5,24.8,0.71,0.3951017397286623,0.91,9.2,0,0,0
753,4,sandy,Maize,124.6,447.1,25.3,-0.9,1.3892745574526062,0.48,7.01,0,1,1
754,8,clay,Cotton,9.2,27.6,30.2,-1.06,0.0452199772438234,0.62,7.24,0,1,0
755,11,loam,Rice,270.8,656.8,31.6,-0.61,1.5,0.4,6.15,0,1,1
756,7,clay,Sugarcane,15.4,32.3,20.4,1.24,0.6137729039642279,0.57,8.15,0,0,0
757,11,loam,Potato,10.8,33.3,25.1,2.22,0.09897029621921571,0.46,7.6,0,1,0
758,6,clay,Pigeon pea,102.9,355.7,22.0,0.28,0.5234196075577903,0.56,8.21,0,0,0
759,8,clay,Cotton,90.5,324.2,32.1,-1.55,0.0,0.81,7.25,0,1,0
760,5,loam,Sugarcane,27.0,76.9,28.1,0.95,0.37134113236807836,0.59,6.52,0,0,0
761,2,loam,Cotton,7.1,25.3,25.0,-0.07,0.0,0.69,6.74,0,0,0
762,1,clay,Chilli,52.6,131.8,25.3,-1.53,0.25437378205030864,0.78,8.34,0,0,0
763,3,sandy,Chilli,52.1,182.9,29.4,-1.61,0.10452100936610786,0.42,6.58,1,0,1
764,10,sandy,Sugarcane,50.6,145.8,28.3,1.27,0.8788987957892678,0.5,6.94,0,0,0
765,2,loam,Pigeon pea,37.4,98.5,30.4,0.78,0.33002436598850615,0.58,7.69,0,0,0
766,8,clay,Rice,159.0,405.9,30.1,-0.3,0.9090772967215246,0.5,8.57,0,0,0
767,2,loam,Cotton,58.5,171.2,27.5,-0.85,0.2084490580352381,0.5,6.85,0,1,0
768,6,clay,Pigeon pea,39.8,85.7,28.3,-0.16,0.0,0.52,6.74,0,1,0
769,5,loam,Sunflower,26.4,75.5,19.8,-0.08,0.5952856667131043,0.42,7.17,1,1,0
770,4,sandy,Chilli,62.4,163.4,19.8,-0.66,0.4401698549573888,0.17,6.43,1,0,1
771,8,clay,Tomato,19.8,51.7,25.3,0.14,0.614336781091934,0.72,7.38,0,1,0
772,14,clay,Sorghum,59.9,152.8,21.7,-1.04,0.19376232217261802,0.57,7.95,0,0,0
773,10,sandy,Mustard,16.1,41.8,26.4,1.84,1.2267595858092384,0.4,7.13,0,0,1
774,4,sandy,Rice,105.9,218.4,20.3,-0.41,1.0990439245913386,0.21,7.16,1,0,0
775,13,sandy,Banana,245.5,790.7,24.1,0.79,1.5,0.27,7.39,0,0,1
776,14,clay,Chilli,19.2,52.8,20.5,-0.24,0.0,0.6,8.16,0,1,0
777,12,loam,Wheat,30.7,108.9,31.9,0.09,0.0,0.62,7.07,0,0,0
778,4,sandy,Wheat,84.1,183.4,22.2,1.51,1.5,0.36,7.69,1,1,0
779,3,sandy,Rice,50.2,157.3,33.1,-0.17,1.2104602935215742,0.29,6.94,1,0,1
780,15,clay,Potato,13.6,40.8,32.7,-0.93,0.0,0.36,8.32,0,0,1
781,14,clay,Ragi,17.9,37.6,22.8,0.56,0.6740446029591041,0.78,6.88,0,0,0
782,7,clay,Maize,26.8,95.0,19.7,1.04,0.0,0.65,7.29,0,0,0
783,7,clay,Onion,28.5,61.8,28.8,0.23,0.024572983620518858,0.98,7.07,0,0,0
784,8,clay,Chilli,40.1,85.2,28.3,0.04,0.0,0.53,8.57,0,0,0
785,14,clay,Ragi,22.9,46.7,25.6,-1.49,0.0,0.74,8.22,0,0,0
786,5,loam,Wheat,78.2,164.2,24.9,0.3,0.9406870591760593,0.38,7.15,0,0,0
787,11,loam,Potato,10.3,29.7,27.0,0.62,0.0,0.49,4.97,0,0,0
788,15,clay,Rice,154.3,332.9,26.7,0.29,1.0410727802375428,0.57,8.53,0,0,0
789,5,loam,Pearl millet,16.3,38.4,23.7,-0.25,0.0,0.53,7.51,0,1,0
790,5,loam,Rice,47.8,111.5,22.2,-0.48,0.0,0.74,7.87,0,0,0
791,3,sandy,Chilli,72.4,185.2,35.5,-0.2,0.9792450695951946,0.31,5.87,0,0,1
792,11,loam,Potato,126.1,287.5,23.7,-1.59,0.7780553968307625,0.36,6.9,0,0,0
793,5,loam,Wheat,15.5,38.1,25.8,0.13,0.0944365318694277,0.45,6.81,0,1,0
794,1,clay,Rice,35.9,89.8,32.2,-0.47,0.0,0.58,7.43,0,0,0
795,8,clay,Chilli,76.5,232.6,25.6,-0.21,0.7826501365119126,0.73,8.71,0,0,0
796,9,clay,Soybean,58.5,130.2,24.9,1.6,0.24520674042803164,0.55,8.68,0,0,0
797,1,clay,Groundnut,44.5,141.2,24.4,0.04,0.45840922266626594,0.9,6.67,0,1,0
798,12,loam,Maize,174.6,609.6,24.1,-0.23,1.034904608828153,0.42,8.06,0,0,0
799,9,clay,Soybean,43.0,92.7,24.8,0.86,0.609615223804019,0.64,8.54,0,1,0
800,8,clay,Chilli,48.9,101.6,30.2,0.16,0.792199268043492,0.95,9.2,0,0,0
801,6,clay,Cotton,16.2,36.8,27.1,-0.17,0.0,0.49,7.43,0,1,0
802,10,sandy,Mustard,125.7,253.1,23.8,1.73,1.5,0.62,6.38,0,0,0
803,12,loam,Maize,10.2,30.7,23.6,-1.49,0.17392924810322297,0.64,7.89,0,1,0
804,12,loam,Rice,76.5,256.4,23.3,-0.75,0.4664144409627264,0.7,7.76,0,0,0
805,6,clay,Cotton,18.3,45.1,28.2,2.33,0.0,0.38,7.13,1,0,0
806,8,clay,Chilli,60.7,189.8,29.1,-1.7,0.08929681163168679,0.68,6.64,0,0,0
807,4,sandy,Wheat,189.9,561.7,23.8,0.43,1.5,0.8,8.63,0,0,0
808,4,sandy,Rice,36.0,98.7,21.2,0.89,0.4983324348009467,0.87,6.08,0,1,0
809,13,sandy,Ragi,4.6,13.2,25.6,1.22,0.6568046402517121,0.48,5.87,0,1,0
810,6,clay,Pigeon pea,107.0,264.4,26.6,-0.24,0.6527882848706764,0.9,7.34,0,0,0
811,5,loam,Sugarcane,43.0,135.3,25.2,1.89,0.10452711837924422,0.4,7.59,1,1,1
812,11,loam,Wheat,27.3,55.9,27.8,1.13,0.02068165002389402,0.78,8.34,0,0,0
813,11,loam,Cotton,10.1,25.2,22.2,0.11,0.38853619281351387,0.84,7.8,0,1,0
814,5,loam,Mustard,74.2,261.2,20.0,0.22,0.2577362271125606,0.47,7.37,1,0,0
815,3,sandy,Chilli,42.0,143.6,23.3,1.02,0.3028292283565505,0.43,6.67,0,0,0
816,10,sandy,Mustard,32.1,105.7,30.2,-0.06,0.2984445182199687,0.1,6.23,0,0,1
817,14,clay,Cotton,66.3,137.3,23.1,-1.06,0.5626187274499537,0.77,6.84,0,0,0
818,3,sandy,Rice,187.3,558.2,34.1,0.0,1.3402944212283725,0.64,6.91,0,0,0
819,4,sandy,Rice,52.6,186.5,21.4,-0.52,0.22798847739487177,0.24,6.89,1,1,0
820,14,clay,Sorghum,38.2,88.7,27.9,-0.51,0.054368369212898976,0.38,8.52,0,0,0
821,11,loam,Wheat,61.0,199.8,22.2,-1.81,0.42211112474276763,0.92,7.83,0,0,0
822,10,sandy,Wheat,48.8,135.6,27.7,-0.89,0.40026152321244535,0.3,6.92,0,1,1
823,6,clay,Groundnut,146.6,367.0,24.4,-1.4,1.0653731553337673,0.41,7.41,0,0,0
824,8,clay,Cotton,28.5,89.0,32.2,-0.52,0.14900043564643212,0.78,8.75,0,0,0
825,3,sandy,Rice,52.6,149.2,33.6,0.63,0.866934835537087,0.23,6.24,1,0,1
826,13,sandy,Tomato,57.8,135.9,17.7,0.86,0.5008622101125153,0.48,6.73,0,1,0
827,8,clay,Rice,232.8,474.3,30.4,1.09,1.1818357335255625,0.64,7.14,0,0,0
828,12,loam,Rice,19.9,54.5,28.6,0.09,0.4692408785232752,0.37,6.57,0,0,0
829,14,clay,Cotton,51.3,175.6,23.1,-1.43,0.4531771152437698,0.62,6.98,0,0,0
830,2,loam,Sorghum,62.7,176.3,27.8,-0.94,0.43114242878705683,0.52,6.05,0,1,0
831,13,sandy,Turmeric,46.4,136.7,24.6,0.67,0.8562263391213869,0.4,5.97,0,0,0
832,5,loam,Mustard,70.0,190.1,24.4,-1.1,0.5883688701387022,0.66,6.69,0,1,0
833,5,loam,Ragi,53.8,125.8,26.5,1.36,0.24889256466438525,0.57,5.88,0,0,0
834,7,clay,Groundnut,23.4,76.9,28.0,1.07,0.5429812548427086,0.57,7.86,0,0,0
835,5,loam,Rice,7.0,25.1,26.6,0.71,0.0,0.83,6.41,0,0,0
836,6,clay,Pigeon pea,62.1,193.5,27.6,1.55,0.45662632310821133,0.58,7.82,0,0,0
837,11,loam,Chickpea,41.0,135.6,27.4,0.32,0.6944680364835191,0.93,7.16,0,0,0
838,5,loam,Wheat,24.7,88.7,22.0,1.1,0.4318483630805998,0.63,7.28,0,0,0
839,10,sandy,Mustard,32.4,112.9,26.6,-1.77,0.30383885726997967,0.38,6.46,0,0,1
840,6,clay,Pigeon pea,42.9,118.2,25.2,0.65,0.435033773981222,0.65,6.93,0,0,0
841,5,loam,Wheat,13.4,48.4,25.1,1.14,0.0,0.94,6.37,0,1,0
842,3,sandy,Chilli,20.4,49.4,31.2,-0.56,0.4597817206862283,0.39,6.52,0,0,0
843,13,sandy,Sugarcane,15.5,41.4,23.9,-1.0,0.45041145229035656,0.77,6.18,0,0,1
844,2,loam,Potato,209.1,420.4,28.7,1.26,0.8523924771146877,0.73,6.22,0,0,0
845,9,clay,Chickpea,82.5,204.1,29.1,0.18,0.24996786552132663,0.85,8.24,0,0,0
846,4,sandy,Wheat,33.8,98.5,19.6,-0.75,0.46498282587753115,0.22,7.65,0,1,1
847,15,clay,Sorghum,63.5,224.1,23.9,-0.42,0.3177685485001724,0.8,8.62,0,0,0
848,2,loam,Sorghum,56.9,151.9,22.1,-1.15,0.0,0.52,6.04,0,0,0
849,7,clay,Maize,144.0,430.6,23.5,-0.96,0.2847959505700358,0.66,7.9,0,0,0
850,8,clay,Soybean,32.9,77.9,28.0,-0.24,0.19927104015968464,0.37,6.69,1,0,0
851,15,clay,Mustard,87.2,250.0,25.1,0.5,0.9412710095167323,0.63,8.39,0,0,0
852,3,sandy,Chilli,11.1,31.7,28.0,-0.82,0.5315374170309239,0.21,7.08,1,1,1
853,13,sandy,Ragi,5.1,15.1,22.7,1.41,1.4697795678330283,0.36,4.86,0,1,0
854,2,loam,Sunflower,179.5,361.4,20.7,-0.77,0.9715249966400085,0.84,7.64,0,0,0
855,5,loam,Rice,170.0,516.2,24.9,0.3,1.067383273431917,0.39,6.89,0,0,0
856,13,sandy,Tomato,41.9,84.3,20.5,1.82,0.547767884545664,0.71,6.37,0,1,1
857,6,clay,Soybean,99.7,306.5,27.5,0.93,1.1851715111243408,0.54,8.7,0,1,0
858,9,clay,Chickpea,137.2,361.2,29.1,0.66,0.5895062547766308,0.86,8.07,0,1,1
859,6,clay,Pigeon pea,159.7,462.5,25.6,1.17,1.1070139601552431,0.84,8.38,0,0,0
860,14,clay,Groundnut,59.9,148.9,18.5,0.47,0.0,1.0,8.0,0,0,0
861,2,loam,Maize,157.4,560.1,21.7,0.61,1.4508929506240305,0.79,6.6,0,1,0
862,15,clay,Banana,208.5,530.3,33.3,0.02,1.5,0.62,6.02,0,0,0
863,4,sandy,Onion,77.3,206.8,25.4,-0.36,0.7428830666155993,0.5,5.44,0,0,1
864,9,clay,Soybean,69.3,239.3,23.1,-0.92,0.2805380459024379,0.61,8.77,0,1,0
865,4,sandy,Rice,114.6,302.1,20.1,-0.28,1.2374882484535854,0.18,5.53,0,0,1
866,12,loam,Maize,350.2,861.4,25.9,-0.63,1.5,0.46,7.54,0,0,0
867,11,loam,Rice,34.7,101.5,25.1,-0.13,0.0,0.69,6.86,0,0,0
868,3,sandy,Cotton,32.4,110.0,27.7,3.62,1.2064954960846086,0.38,7.2,1,0,1
869,4,sandy,Maize,198.3,423.1,26.9,-1.22,1.1655343932726727,0.56,7.3,1,0,1
870,11,loam,Potato,112.8,322.9,27.7,0.03,0.991213480561888,0.55,5.5,0,0,0
871,8,clay,Rice,90.9,257.9,32.4,1.66,1.1735067158016974,0.54,7.11,0,1,0
872,9,clay,Chickpea,121.3,319.9,28.2,-1.77,0.35291248022171456,0.78,6.41,0,1,0
873,6,clay,Soybean,15.1,50.2,23.4,-0.21,0.0,0.51,7.65,0,0,0
874,11,loam,Onion,15.7,48.7,29.9,0.11,0.45708735520169064,0.6,7.36,0,0,0
875,14,clay,Sorghum,68.6,230.1,19.3,0.33,0.47764033825292174,0.54,6.4,0,0,0
876,2,loam,Banana,53.4,129.8,26.8,1.89,0.003925433690363245,0.61,6.58,0,1,0
877,11,loam,Wheat,27.7,82.6,28.6,1.43,0.6925768087803084,0.46,5.98,0,0,0
878,15,clay,Potato,107.2,268.2,28.4,0.95,0.5973607451866131,0.65,8.25,0,1,0
879,4,sandy,Potato,41.2,114.7,29.5,-0.33,0.19891672136887484,0.48,6.92,0,0,0
880,7,clay,Maize,43.7,144.6,27.7,-0.44,0.4832541169339318,0.26,7.34,1,1,0
881,9,clay,Wheat,44.3,105.1,22.7,0.38,0.977652339329937,0.91,8.76,0,0,0
882,12,loam,Wheat,479.5,1449.5,25.5,-0.41,1.5,0.72,7.49,0,0,0
883,11,loam,Wheat,54.3,159.7,27.9,-0.53,0.19429527153960435,0.52,6.59,1,0,0
884,15,clay,Pearl millet,40.6,118.1,27.2,0.21,0.0,0.7,9.2,0,1,0
885,9,clay,Chickpea,204.7,464.9,26.1,0.34,0.8011584321049519,0.75,7.78,0,0,0
886,14,clay,Cotton,31.7,93.2,23.4,0.07,0.0,0.79,7.61,0,0,0
887,8,clay,Cotton,80.1,215.1,32.5,-0.19,0.09295194004402763,0.66,9.2,0,0,0
888,5,loam,Sugarcane,67.9,242.4,22.6,0.97,0.2255964626002615,0.48,5.7,0,1,1
889,11,loam,Wheat,51.3,183.7,25.6,-0.05,0.0,0.57,7.39,1,1,0
890,7,clay,Onion,10.4,22.6,21.2,-0.65,0.0,0.69,8.34,0,0,0
891,10,sandy,Mustard,68.5,208.1,23.0,-1.09,0.7543083764645452,0.4,5.87,1,0,0
892,10,sandy,Pearl millet,125.1,321.5,25.1,-0.24,0.8291755157229894,0.1,7.13,1,0,0
893,2,loam,Sorghum,23.6,79.8,23.2,-0.37,0.0,0.61,7.89,0,0,0
894,9,clay,Soybean,76.1,250.1,21.7,0.94,0.7471663209087865,0.59,8.72,0,1,0
895,1,clay,Cotton,179.4,538.4,23.1,-0.03,1.4125848520399016,0.68,7.81,0,1,0
896,7,clay,Sugarcane,104.5,337.5,27.4,-0.1,0.7100132883854507,0.73,8.8,0,1,0
897,10,sandy,Banana,38.5,111.3,25.6,0.31,1.0575133293725762,0.6,6.31,0,1,0
898,10,sandy,Wheat,25.3,66.9,25.8,-0.33,0.0,0.66,7.59,0,0,0
899,2,loam,Cotton,16.8,51.3,26.7,-0.64,0.0,0.77,7.1,0,1,0
900,14,clay,Pigeon pea,28.2,80.6,25.7,0.93,0.38674369509409606,0.64,8.4,0,0,0
901,12,loam,Rice,49.0,152.0,26.8,-0.2,0.8509325085093665,0.1,8.36,0,1,0
902,5,loam,Sugarcane,18.8,38.8,24.5,1.11,0.0,0.77,5.95,0,1,0
903,7,clay,Maize,23.4,78.0,22.8,-0.67,0.0,0.81,8.86,0,0,0
904,2,loam,Sorghum,70.3,162.2,28.6,1.25,0.4228341013981718,0.36,6.8,0,0,1
905,6,clay,Pigeon pea,95.0,338.2,21.7,-0.33,1.106073194839407,0.6,7.78,0,0,0
906,11,loam,Wheat,17.4,47.3,30.0,0.06,0.1478853494604192,0.76,6.62,0,0,0
907,14,clay,Onion,18.2,49.4,28.1,-2.0,0.021560865440356458,0.19,7.49,1,0,0
908,9,clay,Ragi,131.6,264.3,23.8,-1.33,1.1162376348462562,0.76,7.91,0,0,0
909,5,loam,Wheat,19.7,67.5,24.9,-1.52,0.046848297250114766,0.73,7.24,0,0,0
910,14,clay,Chickpea,34.0,74.7,30.3,0.35,0.0,0.27,8.94,1,0,0
911,9,clay,Soybean,35.9,99.5,25.4,1.07,0.7003762245774705,0.49,8.39,0,0,0
912,12,loam,Rice,200.2,471.6,24.3,2.15,0.9889411404311312,0.64,7.13,0,0,0
913,11,loam,Wheat,143.6,346.0,24.3,-1.25,0.7377839932017974,0.63,7.35,0,0,0
914,6,clay,Pigeon pea,248.6,754.8,29.1,1.21,1.5,0.88,7.32,0,0,0
915,1,clay,Green gram,62.2,150.3,23.6,0.7,1.2633777864657567,0.52,7.51,0,0,1
916,10,sandy,Chickpea,32.7,79.5,27.3,0.31,0.049663617711109165,0.27,7.15,0,0,0
917,14,clay,Green gram,27.6,56.6,27.7,1.0,0.0,0.62,8.83,0,0,0
918,13,sandy,Soybean,78.0,238.1,24.7,-1.54,1.148023649507961,0.34,6.28,0,0,0
919,13,sandy,Lentil,225.7,721.5,25.1,0.58,1.5,0.76,7.53,0,0,0
920,6,clay,Cotton,143.4,305.1,20.5,0.76,1.132480324072764,0.25,8.49,0,0,0
921,14,clay,Chilli,82.4,197.0,25.6,1.23,0.524078933004726,0.53,6.94,0,0,0
922,1,clay,Green gram,132.0,366.8,27.6,1.1,0.6373307167743649,0.75,7.04,0,0,0
923,5,loam,Rice,164.7,484.1,21.7,0.39,1.1231328069311797,0.37,7.06,0,0,0
924,10,sandy,Mustard,61.8,186.4,27.4,1.75,1.2614678084261641,0.1,7.75,1,1,0
925,5,loam,Sugarcane,20.2,45.9,20.7,0.07,0.0,0.92,7.01,0,0,0
926,1,clay,Groundnut,94.7,207.9,30.5,1.76,0.28621031023623666,0.92,6.71,0,1,0
927,3,sandy,Turmeric,281.4,929.4,31.2,0.94,1.5,0.37,6.49,0,0,1
928,15,clay,Rice,140.7,436.0,27.1,0.29,0.6661081409665466,0.56,7.64,0,0,0
929,7,clay,Sugarcane,130.4,447.5,25.0,0.3,0.9747662351376793,0.68,8.6,0,0,0
930,3,sandy,Chickpea,41.1,106.0,24.9,-1.28,0.643812229653549,0.35,5.69,1,0,1
931,10,sandy,Pearl millet,109.6,262.3,25.1,0.18,1.1892237732749829,0.48,6.58,0,0,0
932,6,clay,Green gram,146.1,518.9,23.2,-0.13,0.824055142837512,0.66,7.15,1,0,0
933,6,clay,Pigeon pea,118.7,259.3,27.7,0.05,0.4509172328963751,0.69,6.79,0,0,0
934,15,clay,Lentil,117.2,339.6,27.7,1.37,1.394830774344046,0.57,8.43,0,0,0
935,9,clay,Lentil,35.3,126.0,26.6,-0.03,0.18243358893499317,0.74,6.59,0,1,0
936,2,loam,Maize,57.3,171.5,25.9,0.05,0.0,0.42,6.67,0,0,1
937,15,clay,Rice,92.1,314.6,27.8,1.28,0.8049406725575381,0.74,6.57,0,1,0
938,1,clay,Chilli,166.1,497.9,30.6,-1.44,0.4730804833793901,0.72,7.34,0,0,0
939,11,loam,Rice,19.7,56.1,21.9,-0.98,0.14464958026019042,0.62,7.73,0,0,0
940,2,loam,Cotton,83.1,171.6,26.8,-0.53,0.9299632683034741,0.45,6.19,0,0,0
941,5,loam,Rice,90.6,295.6,27.6,-1.69,0.5459165280587757,0.57,7.23,0,0,0
942,15,clay,Mustard,47.7,105.7,30.6,0.28,0.9847467974422817,0.64,8.52,0,0,0
943,3,sandy,Rice,9.9,28.0,28.8,1.7,0.20906302139148486,0.13,6.69,0,0,0
944,15,clay,Chilli,153.2,469.3,33.1,0.69,1.3214480717688772,0.51,7.22,0,1,0
945,5,loam,Rice,69.6,203.8,26.9,-1.39,0.2364910167602446,0.61,7.56,0,0,0
946,6,clay,Cotton,116.4,343.1,32.8,0.86,0.41863497093843033,0.55,5.89,0,0,0
947,15,clay,Chickpea,28.0,75.2,27.9,-1.26,0.616912933408181,0.54,6.93,0,1,0
948,12,loam,Chickpea,226.4,484.3,30.3,-0.43,1.3125413445484533,0.58,6.36,0,0,0
949,5,loam,Sugarcane,16.3,46.3,19.2,-1.02,0.04199631860607229,0.35,6.82,1,0,1
950,12,loam,Rice,45.7,114.7,21.6,0.13,0.1576461026404617,0.77,6.79,0,0,1
951,8,clay,Cotton,67.6,240.8,26.8,-0.43,1.2381848243259568,0.55,7.56,0,0,0
952,2,loam,Cotton,164.5,537.3,23.3,1.03,1.3622128956780986,0.67,8.47,0,1,0
953,4,sandy,Wheat,90.1,200.6,25.2,1.2,1.4979215664352574,0.47,7.33,0,0,1
954,4,sandy,Wheat,44.6,93.8,20.3,1.26,0.48504930121458784,0.51,8.6,0,0,0
955,8,clay,Cotton,23.1,61.0,27.9,-0.29,0.0,0.74,8.5,0,0,0
956,14,clay,Cotton,24.2,49.3,24.1,-0.1,0.0,0.9,8.77,0,0,0
957,9,clay,Sunflower,115.7,301.9,26.6,1.8,0.8697805944383235,0.12,7.58,1,0,0
958,3,sandy,Sorghum,95.5,219.1,26.2,-0.77,0.5788851673842947,0.45,6.97,0,0,1
959,10,sandy,Maize,304.1,854.6,25.1,-0.25,1.5,0.7,6.13,0,1,1
960,8,clay,Ragi,265.9,938.3,28.8,-1.05,1.5,0.64,8.77,0,0,0
961,6,clay,Cotton,56.4,164.7,29.1,0.3,0.2798844924653548,0.82,7.59,0,1,0
962,4,sandy,Rice,185.9,388.6,22.6,-0.35,0.8362903173656062,0.6,8.01,0,0,1
963,11,loam,Wheat,130.9,457.5,24.9,-0.23,1.2456743082648565,0.65,7.35,0,1,0
964,9,clay,Soybean,24.6,84.0,23.9,0.71,0.0,0.82,7.7,0,0,0
965,7,clay,Sugarcane,11.7,30.1,27.9,1.63,0.5998604008738255,0.73,8.45,0,0,1
966,3,sandy,Chilli,200.2,692.9,24.7,-1.82,1.5,0.42,5.5,1,1,0
967,2,loam,Sorghum,47.8,167.9,22.2,1.53,1.35595896381338,0.57,8.04,0,0,0
968,4,sandy,Wheat,63.4,206.7,28.4,-0.49,1.3086467675773386,0.52,6.35,0,1,0
969,10,sandy,Sugarcane,37.4,83.1,23.3,0.3,0.8586231845584044,0.33,7.57,0,1,0
970,1,clay,Rice,87.3,299.3,27.5,-0.62,0.4401301192744677,0.64,7.42,0,0,0
971,2,loam,Maize,27.4,65.9,28.0,0.23,0.6061173417076815,0.65,6.83,0,0,0
972,15,clay,Mustard,120.4,396.6,24.7,-1.08,0.70444122858563,0.74,6.85,0,1,0
973,5,loam,Sugarcane,6.3,18.5,23.0,-1.61,0.18083921136138292,0.3,7.49,1,1,0
974,2,loam,Cotton,24.3,72.4,24.9,1.05,0.27490406488325075,0.56,6.59,0,0,0
975,15,clay,Mustard,119.9,407.5,26.1,-0.52,0.47564632601548895,0.43,7.13,0,0,0
976,7,clay,Ragi,50.7,159.0,27.1,0.49,0.4416675348900969,0.46,6.77,0,1,0
977,1,clay,Soybean,108.2,354.4,31.9,1.19,0.5226377895789411,0.5,8.11,0,0,0
978,7,clay,Banana,141.4,389.0,26.1,0.2,1.1595889569370537,0.39,7.01,0,0,0
979,1,clay,Soybean,95.7,203.4,26.5,0.56,0.5735494580665761,0.74,8.74,0,1,0
980,5,loam,Wheat,29.0,69.2,20.9,-0.83,0.0,0.57,7.14,0,0,0
981,15,clay,Tomato,20.9,64.2,24.6,-0.96,0.0,0.42,7.85,0,0,0
982,12,loam,Maize,228.5,801.8,21.7,-1.2,1.5,0.44,5.41,0,1,0
983,7,clay,Onion,68.8,244.4,20.8,0.31,0.01231768769345376,0.55,6.74,0,0,0
984,6,clay,Soybean,250.7,706.1,32.3,0.48,1.5,1.01,7.96,0,1,0
985,9,clay,Wheat,140.5,464.7,30.7,1.89,0.6858951093288259,0.61,9.08,0,0,0
986,10,sandy,Mustard,37.5,122.4,21.6,-0.39,0.7049880254202443,0.5,5.58,0,0,1
987,12,loam,Rice,71.7,178.6,29.3,-0.4,0.1970401808566621,0.82,7.07,0,0,0
988,9,clay,Chickpea,113.6,229.2,28.2,-1.79,0.6495717144842739,0.69,8.79,0,1,0
989,2,loam,Sorghum,30.5,81.0,28.9,-1.05,0.0,0.66,6.07,0,1,1
990,13,sandy,Ragi,20.3,47.6,26.5,-0.12,0.0,0.24,6.72,0,0,0
991,6,clay,Turmeric,24.5,52.1,25.5,0.23,0.17677255897527197,0.72,7.85,0,0,1
992,13,sandy,Maize,33.9,103.6,24.2,-1.45,0.6302186228274662,0.46,7.72,1,0,0
993,13,sandy,Ragi,28.4,70.5,24.5,-1.01,0.10436485703934689,0.55,6.18,0,0,0
994,4,sandy,Cotton,90.5,291.2,22.8,-0.76,0.8567239819860442,0.84,7.15,0,0,0
995,8,clay,Banana,58.3,132.9,26.3,-0.51,0.3205617017877924,0.84,7.77,0,1,0
996,12,loam,Pearl millet,24.9,60.1,25.3,-0.1,0.17939600818885423,0.61,6.84,0,0,0
997,6,clay,Cotton,3.1,9.7,26.9,0.83,0.11766908185651605,0.25,6.95,0,1,0
998,12,loam,Maize,133.6,430.3,27.8,2.22,0.867283212065384,0.54,7.18,0,0,0
999,8,clay,Rice,182.1,514.2,29.7,-0.4,1.367572198469557,0.62,8.55,0,0,0
1000,14,clay,Cotton,36.9,84.1,24.5,0.64,0.3205849626443209,0.69,7.93,0,0,0
1001,14,clay,Cotton,55.4,123.9,18.9,-1.32,0.0,0.87,6.97,0,1,0
1002,15,clay,Potato,8.5,17.6,30.3,1.47,0.0,0.65,8.47,0,1,0
1003,4,sandy,Sorghum,39.0,125.1,22.6,-0.81,0.8263382045810841,0.31,7.44,1,0,0
1004,12,loam,Wheat,283.9,824.7,22.9,1.61,1.5,0.46,8.64,0,0,0
1005,12,loam,Chilli,28.9,77.2,23.5,-0.79,0.11735383533862367,0.74,6.14,0,0,0
1006,7,clay,Maize,8.2,23.3,28.2,-1.25,0.0,0.86,8.34,0,0,0
1007,3,sandy,Rice,40.0,140.2,27.9,0.18,0.014089173716229086,0.46,6.96,0,0,0
1008,5,loam,Potato,29.1,99.6,22.7,-0.0,0.08208848630513756,0.7,5.28,0,1,1
1009,8,clay,Chilli,134.3,326.5,31.1,-0.46,0.6719738083780753,0.82,6.51,0,0,0
1010,13,sandy,Maize,24.0,67.7,26.8,-1.29,0.5350456719420034,0.76,5.83,0,0,1
1011,14,clay,Cotton,56.1,143.8,27.6,0.62,0.0,0.53,8.37,0,0,0
1012,14,clay,Chilli,41.9,102.5,24.7,-0.97,0.2109816385334979,0.74,6.6,0,0,0
1013,15,clay,Rice,202.3,610.8,25.4,1.96,1.4929410631377489,0.59,6.14,0,0,0
1014,2,loam,Cotton,60.2,213.9,23.4,-0.86,0.0,0.71,7.22,0,0,0
1015,15,clay,Sorghum,164.3,466.7,33.0,0.69,1.5,0.65,7.57,0,0,0
1016,9,clay,Chickpea,23.6,54.4,22.4,-0.93,0.3664958443806083,0.46,7.18,0,0,0
1017,2,loam,Sorghum,139.3,402.9,30.1,-0.84,0.8027767001851038,0.4,7.82,0,0,1
1018,2,loam,Maize,0.2,0.6,25.7,0.59,0.0,0.47,8.5,0,0,0
1019,4,sandy,Wheat,27.6,62.8,20.5,0.79,0.7795217328605717,0.47,6.23,0,0,1
1020,4,sandy,Pigeon pea,69.7,177.1,25.4,0.88,0.6494184002278165,0.54,5.7,0,1,1
1021,2,loam,Wheat,75.5,205.8,29.6,0.75,0.7022330719067049,0.73,7.09,0,0,0
1022,6,clay,Pigeon pea,36.4,112.0,30.5,1.72,0.53520968444908,0.54,9.2,0,0,0
1023,9,clay,Wheat,33.4,76.3,22.8,0.3,0.0,0.88,6.85,0,1,0
1024,5,loam,Rice,113.1,343.3,28.9,0.12,0.7112237547072572,0.25,7.67,0,1,1
1025,11,loam,Rice,86.2,296.6,21.5,-1.32,0.8000549268306563,0.58,6.64,0,1,0
1026,11,loam,Rice,30.7,73.3,21.7,1.12,0.0,0.26,7.63,1,0,1
1027,6,clay,Soybean,46.5,106.2,24.8,0.95,0.4349801120233836,0.68,8.53,0,1,0
1028,2,loam,Maize,12.5,36.6,25.0,-0.73,0.5858919923234097,0.41,7.55,0,0,0
1029,5,loam,Rice,95.8,335.9,25.6,0.29,0.22304260641216334,0.39,6.35,1,0,0
1030,10,sandy,Pearl millet,31.2,68.2,22.9,1.54,0.18752761787459415,0.21,7.25,1,0,0
1031,6,clay,Potato,43.8,89.4,25.1,-0.04,1.1130475892454044,0.62,7.37,0,0,0
1032,9,clay,Soybean,41.2,93.6,23.3,1.55,0.0,0.24,7.55,1,0,0
1033,13,sandy,Tomato,278.9,752.3,26.0,2.09,1.5,0.48,5.96,0,1,0
1034,12,loam,Wheat,87.5,273.0,29.8,1.9,1.1848775103292946,0.5,5.74,0,1,0
1035,10,sandy,Chilli,46.2,117.9,24.8,-0.04,1.1108859183375033,0.34,6.96,0,0,0
1036,2,loam,Sorghum,47.8,141.0,21.4,-0.38,0.26348007948405344,0.8,7.9,0,0,0
1037,12,loam,Pigeon pea,144.7,365.5,25.7,-2.04,1.3298333625025132,0.8,7.97,0,0,0
1038,5,loam,Rice,52.8,128.6,28.6,1.4,0.3868063626267355,0.47,7.29,0,0,1
1039,7,clay,Onion,64.2,175.5,28.5,-0.06,0.14096905795956888,0.61,6.6,0,0,0
1040,11,loam,Onion,81.3,263.6,28.4,-1.45,0.4735016362140687,0.58,7.54,0,0,0
1041,13,sandy,Tomato,101.6,329.4,28.3,0.08,1.1093068645993063,0.61,6.87,0,1,0
1042,11,loam,Rice,13.7,37.2,24.6,0.61,0.20574398652427064,0.68,8.48,0,1,1
1043,5,loam,Green gram,85.8,179.5,24.7,-2.29,0.06891753161202274,0.84,7.68,0,1,1
1044,7,clay,Onion,17.0,45.3,21.7,-0.52,0.04434123524648999,0.5,9.2,0,0,0
1045,6,clay,Cotton,61.9,163.2,30.5,0.81,0.05193197268611405,0.56,8.03,0,0,0
1046,7,clay,Sugarcane,110.3,266.1,27.3,0.2,0.6103733699458385,0.49,7.83,1,1,0
1047,12,loam,Rice,38.3,79.6,27.8,0.41,0.4161858970691594,0.54,8.07,0,0,0
1048,15,clay,Mustard,31.8,87.6,24.2,0.36,0.3438737149228773,0.55,8.01,1,1,0
1049,6,clay,Maize,61.5,212.7,27.1,0.21,1.057872194633386,0.34,7.13,0,1,0
1050,5,loam,Ragi,10.4,22.6,22.9,-1.37,0.0,0.46,7.33,0,1,0
1051,14,clay,Soybean,67.3,162.8,20.0,3.15,1.100324417520343,0.95,8.1,0,0,1
1052,3,sandy,Soybean,189.7,489.8,34.4,-0.17,1.5,0.51,6.68,0,0,1
1053,6,clay,Sunflower,31.7,96.7,27.6,-1.11,0.9056490335151559,0.57,8.06,1,1,0
1054,15,clay,Rice,44.7,113.6,25.3,-0.96,0.5202273346018388,0.73,6.42,0,0,0
1055,14,clay,Cotton,165.3,574.1,23.8,-0.46,0.5055491579995632,0.54,9.15,0,1,0
1056,13,sandy,Ragi,33.4,110.0,31.0,1.01,0.40769043566163676,0.1,6.33,1,0,1
1057,14,clay,Cotton,22.4,49.4,23.4,-0.74,0.0,0.8,8.02,0,0,0
1058,4,sandy,Wheat,141.0,386.4,22.2,-0.49,1.2635969521020136,0.62,7.32,0,0,0
1059,1,clay,Groundnut,79.4,176.2,26.9,-0.85,1.0504462843087243,0.75,8.6,0,0,0
1060,13,sandy,Green gram,199.4,616.8,28.4,-0.27,1.5,0.48,7.23,0,1,0
1061,8,clay,Rice,16.3,56.1,27.5,0.7,0.0,0.6,7.96,0,0,0
1062,4,sandy,Rice,30.7,96.4,24.4,1.19,1.1937411592496474,0.1,6.22,0,0,1
1063,8,clay,Sunflower,151.7,463.4,29.3,0.16,0.6653972814103915,1.01,7.52,0,0,0
1064,13,sandy,Ragi,166.0,463.7,21.6,-0.28,1.5,0.5,6.27,0,1,0
1065,8,clay,Cotton,5.6,13.4,28.4,0.04,0.0,0.44,7.15,1,1,0
1066,10,sandy,Pearl millet,67.3,166.2,27.6,1.04,1.2821630846521446,0.21,6.2,0,0,0
1067,8,clay,Chilli,47.6,141.3,25.6,-1.38,0.27405993767805625,0.69,9.2,0,0,0
1068,8,clay,Cotton,146.9,455.1,27.7,0.5,0.76387008494229,0.94,7.49,0,0,0
1069,15,clay,Mustard,59.0,158.8,28.7,-1.23,0.0,0.49,7.67,0,0,0
1070,14,clay,Cotton,148.1,498.6,24.1,-0.13,0.914896148008679,0.45,8.4,0,0,0
1071,7,clay,Maize,50.2,108.2,23.9,0.79,0.0,0.47,8.5,0,1,0
1072,13,sandy,Maize,30.8,64.9,27.3,0.82,0.8004954466241512,0.29,7.31,1,0,0
1073,11,loam,Rice,167.3,395.2,25.5,0.22,1.3118786355006213,0.83,6.66,0,1,0
1074,2,loam,Sugarcane,5.2,10.6,29.4,-0.48,0.12228081084823232,0.56,7.21,0,0,0
1075,13,sandy,Maize,24.2,84.4,22.0,-1.2,0.46583573898103875,0.4,6.8,0,0,0
1076,11,loam,Rice,25.7,83.2,26.6,-0.8,0.04187221460503171,0.55,5.94,0,0,0
1077,13,sandy,Sugarcane,39.0,113.1,25.4,-1.35,0.8177116013435133,0.48,7.34,0,0,1
1078,12,loam,Wheat,69.7,176.2,26.2,2.1,0.48497988419749166,0.41,7.59,0,0,0
1079,15,clay,Mustard,20.5,58.0,22.9,-1.05,0.0,1.1,7.99,0,0,0
1080,9,clay,Chickpea,97.0,220.7,24.6,0.32,0.0383414659452167,0.86,8.56,0,0,0
1081,1,clay,Rice,28.1,84.0,28.3,0.98,0.0,0.63,9.01,0,0,0
1082,5,loam,Rice,112.7,270.2,27.5,1.73,0.9570055896434869,0.71,9.13,0,1,0
1083,3,sandy,Cotton,27.6,80.3,26.7,-1.5,0.0331362210814094,0.41,8.23,0,0,0
1084,4,sandy,Maize,18.9,50.2,24.0,0.3,0.5547727970857081,0.43,6.2,0,1,1
1085,9,clay,Chilli,150.6,515.7,29.0,-0.34,1.0931026252215599,0.69,7.84,0,0,0
1086,15,clay,Wheat,227.1,577.6,25.6,2.72,1.5,0.26,8.68,1,0,0
1087,12,loam,Rice,148.9,377.6,26.5,0.02,0.998531898962093,0.58,6.71,0,1,0
1088,7,clay,Maize,47.4,158.5,26.1,3.32,0.24008308567164915,0.5,7.6,0,0,0
1089,8,clay,Wheat,120.1,259.9,33.2,0.37,0.8782572445202079,0.68,9.2,0,1,0
1090,8,clay,Rice,71.1,200.5,25.1,0.9,0.29394767573842195,0.77,8.56,0,0,0
1091,7,clay,Sugarcane,5.3,14.4,22.9,-0.78,0.0,0.57,6.65,0,0,0
1092,9,clay,Chickpea,72.1,190.2,28.0,0.52,0.2877430551921661,0.72,8.87,0,0,0
1093,15,clay,Lentil,486.0,1361.1,25.1,-0.7,1.5,0.66,7.24,0,0,0
1094,2,loam,Banana,14.6,51.8,25.9,0.32,0.33750363360732866,0.38,6.81,0,1,1
1095,6,clay,Cotton,25.4,56.9,29.2,-0.12,0.0755889814556184,0.69,8.91,0,0,0
1096,2,loam,Cotton,26.5,62.1,26.0,-2.87,0.44180518911235306,0.49,6.9,0,1,0
1097,13,sandy,Onion,46.9,109.4,28.8,0.97,0.1530915843021099,0.36,6.4,1,0,0
1098,3,sandy,Chilli,18.7,42.7,29.4,0.46,0.8242695611973174,0.41,6.41,0,0,0
1099,10,sandy,Mustard,3.3,8.5,20.9,-0.41,0.0,0.21,5.79,1,0,1
1100,1,clay,Onion,32.1,89.5,23.2,-0.37,0.07450226488294984,0.6,6.77,0,0,0
1101,8,clay,Cotton,23.6,61.1,30.1,-0.36,0.8190336119346702,0.88,5.61,0,0,0
1102,14,clay,Chilli,62.0,178.6,19.3,-0.25,0.0,0.66,8.36,0,0,0
1103,15,clay,Rice,153.2,501.4,28.7,0.65,0.986283074829173,0.66,7.46,0,0,0
1104,3,sandy,Cotton,90.3,323.9,30.5,-0.69,0.5638911491223819,0.34,7.07,1,1,0
1105,10,sandy,Banana,52.6,179.9,30.7,-0.12,0.4498274280431208,0.47,6.6,0,1,0
1106,4,sandy,Maize,41.0,95.3,23.9,-0.74,0.2903843526409226,0.16,8.32,1,0,0
1107,11,loam,Potato,16.3,57.2,23.1,1.43,0.0,0.62,7.9,1,1,0
1108,9,clay,Chickpea,117.0,246.1,26.6,-0.18,0.8134413182254983,0.73,7.27,0,0,0
1109,12,loam,Rice,63.2,149.9,27.2,-0.73,0.30122155494381175,0.63,6.68,0,0,0
1110,14,clay,Soybean,48.2,156.7,24.5,-0.28,0.0,0.81,6.81,0,0,0
1111,6,clay,Cotton,92.0,230.5,23.7,0.95,1.0588531526682206,0.67,8.13,0,1,0
1112,1,clay,Rice,66.6,152.2,27.9,0.8,0.6270586099149571,0.62,7.93,0,0,0
1113,5,loam,Wheat,176.1,433.3,22.3,-0.13,1.0931569940950123,0.41,6.68,1,1,0
1114,4,sandy,Rice,9.7,20.5,22.7,-0.68,0.4895329112805199,0.81,6.31,0,0,1
1115,2,loam,Cotton,25.2,55.9,25.4,1.43,0.44578387782454365,0.63,7.08,0,0,0
1116,11,loam,Wheat,88.9,267.1,27.3,0.58,0.5852365120203179,0.4,6.16,1,0,0
1117,14,clay,Chilli,323.7,1086.8,23.7,-0.89,1.5,0.49,7.62,0,0,1
1118,8,clay,Pigeon pea,111.0,248.4,26.6,-0.0,0.7736060463503434,0.25,9.13,1,1,0
1119,8,clay,Ragi,161.9,528.5,25.2,-0.13,0.8667847235393322,0.4,8.33,0,1,0
1120,9,clay,Chickpea,273.6,895.0,29.7,0.3,1.5,0.54,6.78,0,1,0
1121,14,clay,Sorghum,100.8,328.3,19.3,1.01,0.4488240392338576,0.67,8.03,0,0,0
1122,1,clay,Green gram,40.9,112.9,28.6,-0.85,0.0,0.61,7.65,0,0,0
1123,8,clay,Chilli,20.3,58.1,32.2,-0.09,0.0,0.89,7.37,0,0,0
1124,14,clay,Chilli,17.2,43.3,28.5,-0.56,0.2110175259002523,0.41,7.29,0,1,0
1125,3,sandy,Cotton,60.2,206.4,30.6,0.27,1.0438389762240072,0.57,8.0,0,0,1
1126,9,clay,Wheat,30.8,101.6,27.8,1.53,0.32567165973682677,0.91,8.12,0,1,0
1127,1,clay,Rice,38.7,111.3,29.4,-0.43,0.509932252666706,0.66,7.79,0,0,0
1128,13,sandy,Maize,47.2,153.3,27.7,0.98,0.39981594732482534,0.29,6.16,0,1,1
1129,10,sandy,Wheat,1.2,2.7,27.0,1.51,0.9320675228607478,0.36,7.85,1,0,0
1130,15,clay,Rice,259.4,865.6,27.1,-0.43,1.5,0.43,7.44,0,0,0
1131,5,loam,Sugarcane,1.2,3.5,24.2,-0.13,0.0,0.38,7.96,0,0,0
1132,11,loam,Potato,140.3,331.1,29.0,1.03,0.5314888064568237,0.74,5.44,0,0,0
1133,12,loam,Rice,183.0,500.3,26.1,-0.08,0.8942731325443456,0.45,6.99,0,0,1
1134,1,clay,Groundnut,252.6,795.5,28.8,-0.56,1.5,0.55,8.17,0,0,0
1135,12,loam,Rice,181.0,504.1,25.9,1.19,0.44912417298384344,0.7,7.04,0,0,0
1136,11,loam,Potato,140.1,457.4,26.5,-1.07,0.8522780798062486,0.86,7.02,0,0,0
1137,10,sandy,Wheat,106.4,233.2,25.2,1.29,1.3862941637574218,0.56,6.79,0,1,1
1138,9,clay,Soybean,15.3,41.0,27.8,0.12,0.610172813146513,0.76,7.17,0,1,0
1139,13,sandy,Tomato,119.5,347.6,24.9,0.36,1.5,0.54,7.9,0,0,1
1140,2,loam,Pigeon pea,45.5,97.2,25.9,-0.16,0.0834957672372959,0.36,8.39,0,1,0
1141,6,clay,Rice,58.7,183.6,28.1,-0.37,0.10366554515506407,0.35,7.32,0,0,0
1142,5,loam,Rice,13.7,31.1,29.6,0.38,0.4810835347934123,0.31,6.73,0,0,1
1143,13,sandy,Pigeon pea,259.7,787.9,27.6,-0.55,1.5,1.03,5.53,0,1,0
1144,3,sandy,Chilli,117.6,288.3,24.0,0.3,1.3064057071203392,0.55,6.29,0,1,1
1145,1,clay,Rice,48.2,99.8,27.0,0.39,0.0,0.79,8.04,0,0,0
1146,14,clay,Pearl millet,117.7,255.1,27.3,1.37,0.8586580263729839,0.59,7.52,0,0,0
1147,6,clay,Soybean,46.0,126.7,25.3,0.57,0.0549020018464971,0.7,6.06,0,0,0
1148,12,loam,Chilli,277.1,743.0,26.5,-0.32,1.2744102286857881,0.71,9.2,0,0,0
1149,4,sandy,Tomato,29.4,59.4,26.9,-0.76,0.568717651627599,0.63,7.37,0,0,0
1150,11,loam,Potato,271.0,744.5,31.0,0.96,1.5,0.31,6.75,1,1,1
1151,14,clay,Cotton,74.9,177.9,22.5,0.3,1.1896559149541095,0.76,8.73,0,0,0
1152,12,loam,Pigeon pea,42.9,151.6,25.9,0.39,0.0,0.55,7.55,0,0,0
1153,5,loam,Rice,7.3,15.2,22.3,-0.66,0.0,0.61,6.92,0,0,0
1154,10,sandy,Pearl millet,59.3,141.6,19.2,-0.62,0.770129131529164,0.46,7.01,0,0,0
1155,13,sandy,Tomato,43.6,150.6,31.5,-0.59,1.1586493909520783,0.33,6.98,0,0,1
1156,13,sandy,Ragi,51.0,175.4,22.4,0.93,0.8456850176424024,0.45,6.33,0,0,1
1157,5,loam,Lentil,37.0,87.0,22.2,-0.9,0.0,0.35,7.57,0,0,1
1158,4,sandy,Rice,20.8,55.2,21.5,-1.51,0.09183081898578982,0.36,5.75,0,0,0
1159,7,clay,Maize,25.4,81.2,26.0,0.08,0.0,0.72,5.37,0,0,0
1160,4,sandy,Rice,105.2,304.2,25.1,-0.73,0.869270563562138,0.12,5.76,1,0,0
1161,11,loam,Chickpea,172.0,594.2,29.1,-0.55,0.7308958221087394,0.28,8.14,1,1,1
1162,9,clay,Wheat,106.1,257.1,24.3,1.35,0.8429246298902765,0.65,7.09,0,0,0
1163,8,clay,Wheat,10.5,28.4,29.9,0.61,0.0,0.66,9.2,0,0,0
1164,13,sandy,Ragi,93.6,188.2,24.9,-0.78,0.9685747522158075,0.4,7.07,1,1,0
1165,4,sandy,Maize,33.7,114.9,18.1,0.09,0.22648177761181476,0.49,6.93,0,0,0
1166,13,sandy,Maize,83.1,264.9,23.9,-1.04,0.7893223663438613,0.49,7.31,0,0,0
1167,9,clay,Wheat,15.5,40.4,26.7,0.9,0.4420988322190332,0.66,7.57,0,0,0
1168,15,clay,Mustard,19.0,65.9,26.0,0.83,0.0,0.67,7.92,0,0,0
1169,9,clay,Chickpea,44.4,99.3,28.7,-0.84,0.0,0.39,7.65,0,0,0
1170,12,loam,Rice,146.9,506.9,23.3,-3.91,0.7677622115669208,0.5,8.18,0,0,0
1171,3,sandy,Cotton,229.3,686.2,27.1,-0.5,1.5,0.35,5.98,0,0,0
1172,4,sandy,Maize,17.0,49.0,23.2,1.66,1.2201320304724832,0.34,8.19,0,0,0
1173,9,clay,Wheat,143.8,423.1,25.1,0.56,0.3798637090153568,0.43,6.86,0,1,0
1174,4,sandy,Rice,43.3,119.3,21.0,0.14,0.0,0.1,7.05,1,0,0
1175,1,clay,Banana,78.1,236.4,28.3,0.74,0.9042394370043619,0.67,9.08,0,0,0
1176,7,clay,Onion,102.4,330.0,18.1,0.07,0.03695380600563902,0.68,7.9,0,0,0
1177,4,sandy,Maize,35.1,105.3,19.5,1.89,0.5663397015687877,0.36,6.15,0,0,1
1178,10,sandy,Wheat,44.1,100.8,24.0,-0.27,0.7587451261589502,0.22,6.0,1,0,0
1179,9,clay,Onion,61.1,181.6,28.1,-0.38,0.5971461000243891,1.25,8.64,0,1,0
1180,8,clay,Rice,47.6,105.7,29.1,0.26,0.0,0.55,8.47,0,0,0
1181,13,sandy,Ragi,20.3,72.9,25.3,0.02,0.2549033505497066,0.31,7.76,0,0,0
1182,2,loam,Cotton,26.7,64.5,20.2,0.7,0.0,0.4,7.33,0,0,0
1183,12,loam,Rice,31.9,96.7,23.5,0.47,0.20535015802196774,0.43,7.99,0,1,0
1184,8,clay,Pearl millet,287.9,1026.1,24.2,-0.38,1.5,0.93,8.06,0,1,0
1185,11,loam,Tomato,56.8,165.6,26.9,0.13,0.10173709983147508,0.36,8.08,1,0,1
1186,13,sandy,Tomato,46.8,134.3,29.5,0.07,0.2664392185556699,0.69,6.63,0,0,0
1187,5,loam,Onion,16.6,52.4,22.3,1.57,0.1015126218006886,0.98,6.71,0,1,0
1188,4,sandy,Banana,97.3,253.8,21.6,0.77,1.266933838535665,0.46,7.36,0,1,1
1189,12,loam,Maize,140.4,329.6,22.1,-1.4,1.1267113753073643,0.47,7.37,1,0,0
1190,10,sandy,Mustard,7.3,16.1,23.2,-0.47,0.27950640806282745,0.52,4.96,0,0,0
1191,3,sandy,Cotton,40.4,112.9,26.7,1.39,1.3212327833896695,0.54,6.48,0,1,1
1192,5,loam,Sorghum,46.6,114.6,28.8,-0.31,0.411951897770378,0.56,7.56,0,1,0
1193,13,sandy,Tomato,84.8,171.1,21.4,0.56,0.9647654369881515,0.44,4.5,1,0,0
1194,9,clay,Chickpea,71.6,172.8,26.0,-2.15,0.37660886442992475,0.45,8.11,1,0,0
1195,14,clay,Lentil,28.6,81.5,24.0,1.36,0.0,0.72,7.66,0,1,0
1196,11,loam,Wheat,20.3,61.2,27.1,-0.75,0.0,0.63,8.85,0,0,0
1197,4,sandy,Wheat,99.7,251.9,24.5,-0.02,0.6054172543818492,0.47,7.0,0,0,1
1198,4,sandy,Rice,180.8,541.8,21.9,1.81,1.5,0.1,6.27,1,0,0
1199,15,clay,Mustard,42.3,133.5,27.9,0.39,0.0,0.78,8.52,0,0,0
1200,12,loam,Wheat,6.2,17.8,28.4,0.72,0.0,0.3,6.53,0,1,0
1201,9,clay,Lentil,36.2,94.5,23.1,0.73,0.5345825332017258,0.59,7.43,0,0,0
1202,11,loam,Wheat,51.4,171.5,23.4,1.03,0.0,0.5,7.75,0,0,0
1203,7,clay,Sugarcane,35.9,79.0,19.8,0.62,1.0443345099889856,0.65,7.91,0,0,0
1204,5,loam,Wheat,51.7,170.8,24.5,-0.91,0.0,0.45,6.93,1,1,1
1205,13,sandy,Tomato,72.7,195.1,22.2,0.06,0.8392397632559613,0.12,6.22,1,1,0
1206,14,clay,Cotton,64.3,193.6,26.4,0.48,0.0,0.51,6.83,0,0,0
1207,14,clay,Cotton,9.3,20.1,23.3,1.91,0.0,0.4,8.85,1,1,0
1208,12,loam,Pearl millet,185.3,389.1,29.4,1.08,1.5,0.55,7.54,1,0,0
1209,14,clay,Sorghum,22.4,46.3,23.1,0.58,0.0,0.47,9.2,0,0,0
1210,8,clay,Cotton,110.4,397.3,31.3,0.34,0.4878862447266884,0.31,7.67,0,0,0
1211,5,loam,Wheat,130.8,420.1,26.3,-1.85,1.11759625119339,0.47,6.59,1,0,0
1212,2,loam,Banana,31.7,83.2,24.0,0.65,0.904598299496288,0.37,6.01,0,0,0
1213,5,loam,Rice,47.8,159.1,20.4,0.87,0.1574211124551978,0.73,8.53,0,0,0
1214,7,clay,Maize,56.7,168.1,27.1,0.8,0.0,0.42,6.47,0,1,0
1215,2,loam,Banana,81.4,284.5,30.8,-0.36,0.33141683994699517,0.43,6.41,0,1,0
1216,5,loam,Wheat,73.6,252.2,24.2,-0.21,0.2996436011313064,0.48,6.72,0,1,0
1217,14,clay,Cotton,38.8,116.7,23.2,-0.42,0.12188794742597502,0.61,6.92,0,1,0
1218,4,sandy,Maize,74.8,173.4,21.2,2.12,1.411020882979657,0.1,7.57,0,0,1
1219,6,clay,Pigeon pea,81.2,277.5,24.0,0.63,0.7326233306051251,0.94,8.54,0,0,0
1220,10,sandy,Onion,11.8,25.0,24.7,2.57,0.489252718770718,0.43,5.92,0,0,1
1221,14,clay,Sorghum,294.2,938.0,30.2,-0.49,1.5,0.87,6.4,0,0,0
1222,14,clay,Pigeon pea,12.5,38.0,28.1,-1.26,0.018466013890755355,0.59,7.69,0,0,0
1223,13,sandy,Tomato,32.4,109.0,20.7,1.25,1.332387866721601,0.45,5.38,0,1,0
1224,3,sandy,Chilli,9.9,31.8,26.3,0.67,0.7863069987303416,0.46,6.19,0,0,1
1225,2,loam,Cotton,51.6,110.5,29.4,0.83,0.026062592605285984,1.07,6.98,0,0,0
1226,12,loam,Sunflower,17.8,57.0,26.8,-0.09,0.0,0.48,6.49,0,1,0
1227,14,clay,Cotton,156.1,359.1,28.1,0.37,0.7975177238467485,0.66,8.68,0,1,1
1228,10,sandy,Wheat,54.0,146.8,23.5,-0.19,0.7199285524172518,0.29,5.08,0,0,1
1229,14,clay,Lentil,13.3,26.9,28.7,-0.55,0.0,0.64,8.46,0,0,0
1230,11,loam,Potato,42.4,97.4,25.4,0.04,0.0,0.7,6.07,0,1,0
1231,6,clay,Soybean,51.1,126.3,31.6,0.45,0.011337193794938472,0.45,6.53,0,0,1
1232,13,sandy,Maize,31.8,63.6,28.8,-0.19,0.872394438126675,0.3,7.48,1,0,0
1233,12,loam,Wheat,42.2,84.8,27.1,0.16,0.0,0.84,5.53,0,0,0
1234,6,clay,Pigeon pea,128.6,266.2,27.8,1.79,1.4174476614531144,0.7,6.53,0,0,0
1235,9,clay,Wheat,27.1,94.6,25.9,0.54,0.06222251539802433,1.05,8.13,0,1,0
1236,9,clay,Wheat,139.1,285.0,26.1,-0.02,0.5379548445537172,0.49,7.01,1,0,0
1237,2,loam,Banana,22.5,60.0,24.8,0.82,0.23612133854742615,0.23,6.56,0,0,0
1238,5,loam,Green gram,41.8,150.1,21.9,-0.19,0.5186471977339846,0.47,5.63,0,1,0
1239,4,sandy,Wheat,76.1,246.1,22.8,-0.45,0.9212030234147732,0.38,7.25,1,1,0
1240,5,loam,Wheat,166.9,595.4,27.2,0.24,0.8118401478408557,0.65,8.96,0,0,0
1241,8,clay,Soybean,56.6,115.5,28.3,0.41,0.10825588077200768,0.84,8.24,0,0,1
1242,8,clay,Cotton,114.4,359.8,28.8,-0.67,0.554714367860364,0.63,8.61,0,0,1
1243,13,sandy,Ragi,7.8,27.0,26.9,0.86,0.6794808444857583,0.3,7.34,1,0,0
1244,1,clay,Rice,95.0,211.2,24.6,0.3,0.003220011110309229,0.56,7.24,0,0,0
1245,13,sandy,Ragi,12.2,27.9,27.3,-0.48,0.2697685054961967,0.11,6.95,1,0,1
1246,4,sandy,Rice,58.7,185.5,23.6,0.03,0.6624244721826524,0.53,7.44,0,1,1
1247,6,clay,Soybean,55.9,158.3,32.5,0.46,0.2715037090005631,0.8,7.8,0,1,0
1248,3,sandy,Rice,96.9,241.9,26.8,-0.61,0.7477742090819554,0.79,7.16,0,1,1
1249,1,clay,Wheat,64.9,157.2,32.4,0.21,0.3284590588267295,0.85,8.57,0,0,0
1250,2,loam,Sorghum,54.8,123.1,30.8,-0.2,0.0,0.34,7.72,0,0,0
1251,4,sandy,Maize,141.9,471.9,24.9,-0.21,0.6340984897966635,0.42,6.96,0,0,1
1252,6,clay,Ragi,11.4,39.0,26.2,1.42,0.581364452795301,1.02,8.11,0,0,0
1253,5,loam,Wheat,11.6,29.8,32.9,0.78,0.011508657260291075,0.82,7.17,0,0,0
1254,2,loam,Groundnut,68.4,202.3,22.5,0.08,0.20389153886948863,1.01,7.01,0,0,1
1255,6,clay,Soybean,72.8,209.6,22.5,0.72,0.0,0.68,8.21,0,0,0
1256,3,sandy,Sunflower,56.0,198.2,29.4,-0.87,0.0,0.27,7.42,1,0,0
1257,11,loam,Wheat,41.5,96.4,23.4,-0.55,0.3075984597223449,0.49,8.46,0,1,0
1258,11,loam,Rice,66.1,150.3,26.7,0.73,0.9126583515112175,0.45,7.26,0,0,0
1259,1,clay,Green gram,113.8,256.6,27.6,-1.89,0.27813719919779073,0.73,7.43,0,0,0
1260,10,sandy,Mustard,122.0,278.4,20.0,1.64,1.487801705056525,0.33,7.33,1,1,0
1261,14,clay,Chilli,37.2,83.2,21.8,-1.15,0.5100984585554307,0.58,8.19,0,1,0
1262,15,clay,Mustard,95.2,250.7,24.9,-0.51,0.39517109319121085,0.62,7.43,0,0,0
1263,1,clay,Green gram,311.6,1068.9,26.5,1.24,1.5,0.94,7.22,0,0,0
1264,14,clay,Cotton,15.8,45.4,20.1,-1.31,0.0,0.34,6.93,0,1,0
1265,7,clay,Sugarcane,30.5,64.7,23.2,0.43,0.22141725420749303,0.67,8.02,0,1,0
1266,14,clay,Cotton,95.2,196.9,27.2,-0.68,1.0814066921577035,0.83,8.7,0,0,0
1267,4,sandy,Pearl millet,247.3,817.8,23.9,0.91,1.5,0.34,6.77,0,0,0
1268,11,loam,Potato,196.4,614.3,28.1,0.22,1.193337074965213,0.49,7.17,0,0,0
1269,13,sandy,Ragi,48.3,115.0,24.5,1.81,0.6686826861559609,0.52,7.21,1,0,0
1270,4,sandy,Rice,42.1,123.6,28.1,1.22,1.204156633119283,0.19,6.37,1,0,1
1271,12,loam,Maize,104.2,362.1,23.6,0.17,0.7705602253055049,0.78,7.72,0,0,0
1272,3,sandy,Chilli,34.9,89.1,28.2,-0.01,0.7696231132053207,0.48,7.07,0,0,0
1273,11,loam,Rice,72.6,211.7,33.8,0.54,0.5250724609367139,0.45,7.35,0,0,1
1274,15,clay,Lentil,17.6,37.8,24.2,1.54,0.5159659444564173,0.64,6.26,0,0,0
1275,5,loam,Sugarcane,8.1,18.1,24.9,0.3,0.0,0.57,6.61,0,1,0
1276,15,clay,Potato,381.7,809.4,32.0,0.37,1.5,0.81,7.52,0,0,0
1277,11,loam,Rice,31.7,110.8,26.4,-1.77,0.0,0.57,8.59,0,0,0
1278,8,clay,Rice,288.7,968.9,23.9,-1.38,1.5,0.43,7.24,0,0,0
1279,5,loam,Wheat,49.7,130.4,24.8,-0.4,0.0,0.93,6.97,0,0,0
1280,9,clay,Chickpea,114.7,300.0,27.3,1.73,0.6199366054413646,0.63,7.94,0,0,0
1281,15,clay,Chilli,124.9,412.8,28.5,-1.28,0.7117272262923302,0.84,9.02,0,0,0
1282,1,clay,Cotton,32.6,75.0,31.3,-0.89,0.0,0.89,7.38,0,1,0
1283,13,sandy,Maize,261.8,667.2,27.7,-0.45,1.5,0.26,6.27,0,0,1
1284,3,sandy,Chilli,38.6,134.8,32.5,-2.72,0.37847051380347974,0.4,7.48,0,0,1
1285,14,clay,Onion,45.5,157.7,24.2,-0.28,0.6796592087591758,0.56,7.72,0,0,0
1286,9,clay,Soybean,119.0,365.1,27.9,-0.38,1.113193424424679,0.77,7.97,0,0,0
1287,14,clay,Chickpea,22.7,49.5,20.0,-0.32,0.6482727370718263,0.43,7.59,0,0,0
1288,3,sandy,Chilli,14.0,31.6,29.7,-1.36,0.024319278066393557,0.4,6.47,1,0,0
1289,1,clay,Green gram,19.6,55.8,26.7,-0.93,0.0,0.71,8.67,0,0,0
1290,8,clay,Rice,156.1,356.1,26.3,-0.85,1.3279001089024134,0.41,6.96,0,0,0
1291,12,loam,Turmeric,109.2,252.1,24.0,1.28,1.4674290362154148,0.23,5.61,0,0,0
1292,12,loam,Wheat,44.1,117.9,30.7,-0.16,0.0,0.38,7.7,1,1,0
1293,12,loam,Rice,120.7,360.5,28.8,-0.26,0.9567652701180964,0.4,6.52,1,1,0
1294,13,sandy,Maize,89.1,262.0,29.7,-0.88,0.9880485060326591,0.37,6.07,0,0,1
1295,12,loam,Green gram,45.3,150.0,24.1,-1.1,0.28642553504679924,0.62,6.92,0,0,0
1296,13,sandy,Maize,38.0,124.3,21.2,-0.2,0.19125035041759259,0.48,7.96,1,0,0
1297,3,sandy,Rice,52.2,181.0,26.9,-0.79,0.5787651153986364,0.14,6.76,1,1,0
1298,4,sandy,Wheat,42.5,99.0,21.7,-2.21,0.9406674082371811,0.45,5.86,1,0,0
1299,1,clay,Rice,21.6,56.4,23.4,-1.12,0.3636497758553455,0.59,7.29,0,1,0
1300,7,clay,Turmeric,20.9,44.0,21.2,0.85,0.22496946510602844,0.64,8.27,0,0,0
1301,4,sandy,Pearl millet,54.0,171.1,27.3,1.1,1.2429156084949562,0.61,7.36,0,0,0
1302,10,sandy,Mustard,27.3,62.9,30.0,-0.25,0.8581614282018368,0.23,7.03,1,0,0
1303,9,clay,Wheat,8.6,29.0,19.0,-1.01,0.5279955045877295,0.51,7.81,0,0,0
1304,9,clay,Chickpea,251.3,589.3,30.2,0.89,1.5,0.69,8.14,0,0,0
1305,10,sandy,Wheat,54.4,150.1,23.7,0.29,1.5,0.48,6.33,0,0,0
1306,15,clay,Rice,24.1,69.4,32.9,-0.52,0.0,0.62,8.58,0,0,0
1307,2,loam,Sorghum,35.4,106.8,25.7,-0.93,0.8905357379472254,0.31,8.25,0,0,0
1308,5,loam,Sugarcane,45.3,149.3,24.3,0.62,0.0,0.6,6.06,0,0,0
1309,7,clay,Onion,4.0,12.8,25.3,-0.54,0.0,0.66,7.16,0,0,0
1310,2,loam,Cotton,12.0,27.0,20.3,2.31,0.5755182144017214,0.52,7.23,0,1,0
1311,13,sandy,Tomato,32.9,101.1,20.7,-0.19,0.0,0.54,6.87,0,1,1
1312,6,clay,Pigeon pea,149.2,355.9,22.9,1.12,0.8921288034068631,0.4,7.41,0,0,0
1313,3,sandy,Chilli,4.5,14.7,26.8,-0.32,1.0936877093697552,0.6,6.2,0,0,1
1314,8,clay,Wheat,84.0,280.9,32.4,-0.76,0.9559004126727932,0.64,8.01,0,1,0
1315,3,sandy,Rice,270.9,702.1,28.8,-1.33,1.5,0.43,7.01,1,1,0
1316,6,clay,Tomato,75.2,226.0,31.1,1.34,0.0176333522419293,0.63,8.37,0,0,0
1317,10,sandy,Mustard,50.0,116.6,22.2,-1.64,0.1198278372126923,0.43,7.18,1,0,0
1318,5,loam,Wheat,56.0,124.0,27.0,1.01,0.12474164625258638,0.52,5.7,0,0,0
1319,13,sandy,Tomato,75.4,254.3,26.0,0.79,0.9839328894351789,0.16,6.01,1,1,1
1320,4,sandy,Maize,11.7,40.4,24.3,-0.18,0.656366500116899,0.63,8.21,0,0,1
1321,2,loam,Green gram,171.7,380.8,21.0,2.73,1.5,0.64,7.18,0,1,0
1322,7,clay,Sugarcane,34.1,70.0,26.3,-1.32,0.7101065808437617,0.83,8.21,0,0,0
1323,3,sandy,Cotton,52.6,184.8,29.5,0.05,1.2197424807534163,0.12,6.78,1,0,1
1324,11,loam,Chickpea,18.5,48.3,28.1,1.21,0.0,0.45,7.64,1,1,0
1325,8,clay,Chilli,115.0,387.8,26.4,-0.07,0.5020287125752774,0.5,6.95,0,1,0
1326,3,sandy,Chilli,33.2,92.5,28.9,-0.24,0.11343795410851815,0.13,5.97,1,0,1
1327,6,clay,Wheat,82.8,176.4,26.4,-2.09,1.2706143412402415,0.58,7.66,1,0,0
1328,13,sandy,Tomato,57.2,181.0,27.3,-0.87,0.6314837900452449,0.11,6.07,1,1,0
1329,13,sandy,Chilli,30.6,93.4,25.9,0.67,0.4313649472133911,0.1,5.8,0,1,0
1330,10,sandy,Pearl millet,58.6,173.0,25.8,-1.19,1.0128873850891775,0.27,6.25,1,0,0
1331,14,clay,Sugarcane,52.1,107.2,30.4,-0.77,0.1850402046276488,0.4,8.55,1,1,0
1332,2,loam,Maize,46.7,120.4,28.5,-1.57,0.5915125109580439,0.58,7.34,0,0,0
1333,11,loam,Wheat,121.2,287.7,26.9,0.95,0.5824063345838358,0.81,5.62,0,0,0
1334,1,clay,Mustard,33.7,81.8,27.0,1.97,0.748111391596904,0.58,9.16,0,0,0
1335,9,clay,Banana,33.1,81.0,27.7,0.91,0.0,0.25,7.51,1,0,0
1336,1,clay,Groundnut,14.7,42.0,31.0,0.6,0.9851043648141721,0.51,7.94,0,0,0
1337,6,clay,Cotton,68.5,197.6,28.4,1.23,0.7727425879681121,0.68,7.72,0,1,0
1338,2,loam,Cotton,108.9,332.7,31.2,-0.4,0.7405758885215409,0.57,5.7,1,0,0
1339,4,sandy,Ragi,73.7,207.8,26.8,-1.16,0.6646298207349389,0.3,5.25,1,1,0
1340,10,sandy,Wheat,40.9,116.4,21.4,0.44,0.6790590873891768,0.27,5.89,0,0,1
1341,12,loam,Wheat,12.7,29.4,32.8,-1.2,0.0,0.54,7.71,0,1,0
1342,15,clay,Rice,105.5,298.9,23.2,-1.26,0.4986111848380531,0.71,8.06,0,1,0
1343,15,clay,Soybean,294.5,760.1,27.9,-0.27,1.5,0.66,7.79,0,0,1
1344,2,loam,Cotton,73.2,233.8,30.2,0.98,0.4301385073728265,0.83,8.5,0,0,0
1345,14,clay,Cotton,56.9,146.6,22.3,0.71,0.34596300995378204,0.62,7.44,0,0,0
1346,5,loam,Sugarcane,26.3,87.5,19.6,-0.11,0.0,0.27,6.45,1,1,0
1347,14,clay,Chilli,37.7,103.7,20.1,0.19,0.12845935861160962,0.54,7.72,0,0,0
1348,13,sandy,Ragi,115.7,402.5,24.0,0.82,1.2763846685117226,0.54,5.81,0,0,0
1349,14,clay,Cotton,177.5,598.7,23.7,0.37,1.173514534822438,0.61,7.99,0,0,0
1350,8,clay,Cotton,168.1,537.9,32.3,1.52,1.2403633111031396,0.43,8.41,0,1,0
1351,12,loam,Wheat,128.1,316.4,22.7,-0.88,0.6517425788191099,0.57,7.25,1,0,0
1352,7,clay,Onion,30.1,99.7,24.2,-0.48,0.2917480222723801,0.57,7.04,0,0,0
1353,2,loam,Turmeric,39.9,89.6,27.7,-1.08,0.0,0.73,5.41,0,0,0
1354,8,clay,Banana,102.4,208.0,35.3,-0.6,0.0,0.54,9.01,0,0,0
1355,4,sandy,Maize,13.5,33.4,22.8,-0.29,0.34689464634000844,0.58,6.24,0,0,1
1356,2,loam,Sorghum,73.0,235.4,22.4,0.49,0.7685056553109695,0.56,5.13,0,1,0
1357,3,sandy,Sugarcane,38.3,107.3,27.4,1.23,0.967430604986204,0.27,4.95,0,1,0
1358,4,sandy,Maize,135.5,379.0,21.5,-0.02,1.5,0.14,6.46,1,1,1
1359,12,loam,Maize,61.4,204.1,23.8,1.18,0.34368006987041383,0.53,7.13,0,0,0
1360,15,clay,Mustard,43.2,135.0,28.7,0.41,0.4185872463256295,0.45,8.85,0,0,0
1361,13,sandy,Turmeric,69.1,204.0,21.0,0.34,1.5,0.49,6.47,0,0,1
1362,10,sandy,Pearl millet,44.6,124.7,23.6,-0.2,0.2662295636103637,0.11,6.63,0,1,0
1363,14,clay,Sorghum,107.7,320.3,24.5,0.68,0.8827087626902107,0.57,6.68,0,0,0
1364,5,loam,Rice,54.8,180.6,28.0,0.74,0.24950796923995955,0.52,7.22,0,1,0
1365,14,clay,Sorghum,25.5,81.1,23.2,0.85,0.6251497508212525,0.66,8.37,0,0,0
1366,15,clay,Mustard,93.9,293.2,23.0,-1.61,0.5020534801107028,0.63,8.03,0,0,0
1367,3,sandy,Cotton,42.4,118.4,27.8,1.43,0.6873474941830784,0.58,4.9,0,1,1
1368,6,clay,Tomato,88.7,204.7,27.6,-0.48,0.0,0.59,8.03,0,1,0
1369,5,loam,Rice,22.3,56.8,21.4,0.56,0.0,0.64,5.76,0,0,0
1370,3,sandy,Cotton,44.7,127.7,30.4,0.02,0.4816368296706105,0.47,6.88,1,0,0
1371,3,sandy,Cotton,39.5,99.1,27.3,0.62,1.0517433192580161,0.17,7.2,1,1,0
1372,15,clay,Potato,117.9,302.6,32.0,0.03,1.231608111066929,0.51,7.84,0,0,0
1373,3,sandy,Rice,36.4,87.6,28.7,-0.97,0.49548503667492694,0.52,5.69,0,1,0
1374,10,sandy,Pearl millet,21.6,66.0,21.2,-1.27,0.35487242263125685,0.37,6.28,0,1,0
1375,14,clay,Rice,82.0,235.3,24.1,-0.88,0.5714298222519677,0.52,8.61,0,1,0
1376,12,loam,Rice,22.1,66.1,25.2,1.24,0.32696467452808176,0.42,7.13,0,0,0
1377,7,clay,Pigeon pea,8.7,23.2,28.9,0.44,0.0,0.65,7.86,0,1,0
1378,1,clay,Groundnut,33.2,68.7,24.2,-0.51,0.11122828117278333,0.51,8.01,0,0,0
1379,7,clay,Sugarcane,99.8,318.7,27.1,0.05,0.6677400473041765,0.55,8.68,0,0,0
1380,5,loam,Rice,141.7,369.2,23.5,0.32,1.3070647204555295,0.51,6.86,1,0,0
1381,13,sandy,Ragi,120.2,430.6,23.1,-0.99,0.838798919324683,0.6,7.2,0,0,0
1382,15,clay,Banana,115.3,282.7,26.5,-0.75,0.2107865534516979,0.54,8.1,0,1,0
1383,4,sandy,Maize,220.3,442.9,18.7,-1.71,1.5,0.26,7.05,1,0,1
1384,3,sandy,Sugarcane,81.5,223.3,28.4,-2.03,0.499123289278573,0.64,6.79,0,0,0
1385,13,sandy,Ragi,104.1,208.4,27.7,0.9,1.5,0.31,5.85,0,1,0
1386,14,clay,Cotton,70.4,220.0,23.3,-0.32,0.49126500197962897,0.54,7.12,1,1,0
1387,15,clay,Potato,113.3,231.3,26.1,-0.26,0.6424500081046544,0.35,7.48,1,0,0
1388,12,loam,Rice,125.5,448.1,21.4,0.95,0.8636764534717268,0.52,7.37,1,1,0
1389,7,clay,Onion,33.6,114.8,25.0,0.44,0.36505864607425054,0.35,7.04,0,1,0
1390,6,clay,Onion,135.2,300.8,27.0,-1.11,0.976862588585458,0.72,7.99,0,1,0
1391,1,clay,Rice,18.7,62.0,27.1,0.87,0.9649959096601494,0.82,7.94,0,0,0
1392,14,clay,Cotton,98.8,206.6,30.5,-0.37,0.19737047274398783,0.47,7.5,0,0,0
1393,15,clay,Rice,270.0,612.2,22.9,0.64,1.5,0.81,7.94,0,1,0
1394,14,clay,Cotton,38.9,130.3,33.4,0.06,0.9660191790805303,0.47,7.63,0,0,0
1395,9,clay,Wheat,7.0,16.6,26.5,2.18,0.42994996948194286,0.41,7.97,0,1,0
1396,14,clay,Potato,104.4,317.2,25.2,0.32,0.6173774022363647,0.78,7.17,0,0,0
1397,1,clay,Soybean,48.2,131.9,33.7,-0.43,0.11869417486923073,0.4,7.37,1,0,0
1398,7,clay,Pigeon pea,46.5,156.0,24.2,0.36,0.12657631570703998,1.07,8.03,0,1,1
1399,2,loam,Cotton,114.9,326.3,26.7,-1.32,0.6921777826990372,0.33,6.87,0,1,0
1400,9,clay,Wheat,95.4,315.8,20.5,0.87,1.0141900657379708,0.85,7.13,0,0,0
1401,1,clay,Rice,21.8,75.9,33.6,1.0,0.5856513436089956,0.79,6.15,0,1,0
1402,5,loam,Sugarcane,217.7,532.7,23.7,0.43,1.3226795104800768,0.1,7.34,1,1,0
1403,7,clay,Maize,14.6,30.7,26.0,1.5,0.6730302587702567,0.55,6.84,0,0,0
1404,2,loam,Chilli,68.1,241.8,21.0,-1.54,0.4329374601070409,0.46,6.96,0,0,0
1405,2,loam,Maize,112.1,380.6,21.5,-0.24,0.7865763936624941,0.25,8.07,1,0,0
1406,14,clay,Cotton,65.0,135.7,28.2,-0.99,0.6213473434957753,0.74,7.3,0,0,0
1407,5,loam,Sugarcane,57.0,162.9,23.8,-0.16,0.18735389742815634,0.63,6.14,1,0,0
1408,15,clay,Potato,68.5,185.6,28.7,0.14,0.4148443964042424,0.59,8.51,0,1,0
1409,6,clay,Cotton,39.5,136.1,29.2,-0.88,0.2270802599418016,0.83,7.16,0,1,0
1410,1,clay,Groundnut,37.5,133.1,29.7,-0.49,0.6565762735079311,0.58,8.37,0,0,0
1411,2,loam,Maize,119.7,349.1,27.9,1.14,0.22163064375762564,0.48,6.32,0,0,0
1412,11,loam,Turmeric,96.2,226.6,17.3,0.34,0.6431546491163376,0.61,8.01,0,0,0
1413,1,clay,Green gram,9.8,23.0,25.2,-0.15,0.0,0.58,7.19,0,1,0
1414,15,clay,Mustard,287.7,620.8,31.9,-0.16,1.5,0.51,6.06,0,1,0
1415,4,sandy,Sugarcane,62.4,202.0,23.7,0.38,0.32749106594221444,0.77,6.55,0,0,0
1416,10,sandy,Mustard,3.9,8.1,23.9,1.2,0.9448836521164339,0.3,6.67,0,0,1
1417,7,clay,Mustard,70.3,209.1,26.2,-0.0,0.2039438094445951,0.41,8.83,1,0,0
1418,1,clay,Green gram,154.8,454.4,29.8,2.05,1.5,0.73,7.77,0,0,0
1419,11,loam,Sorghum,223.6,664.8,18.5,-1.08,1.0995246473868945,0.31,7.39,1,0,0
1420,1,clay,Green gram,42.0,116.8,30.3,-0.12,0.239825183088676,0.56,7.73,0,0,0
1421,12,loam,Rice,229.7,459.8,23.3,0.16,1.5,0.41,7.41,0,0,0
1422,8,clay,Cotton,5.5,14.0,28.3,0.84,0.0,0.7,8.81,0,0,0
1423,5,loam,Sugarcane,29.6,75.9,20.5,-0.14,0.0,0.78,8.18,0,1,0
1424,15,clay,Green gram,118.4,327.2,31.1,1.7,1.0112976093855837,0.83,7.46,0,0,0
1425,4,sandy,Chilli,53.2,186.4,24.6,0.3,0.09440157008777195,0.45,7.17,0,0,0
1426,5,loam,Sugarcane,49.5,100.7,26.8,1.36,0.5639359918472118,0.43,6.7,1,1,0
1427,10,sandy,Mustard,149.1,500.5,25.7,0.83,1.4757974673345144,0.55,6.54,0,0,1
1428,6,clay,Wheat,14.5,47.8,26.2,0.37,0.0,0.64,8.68,0,0,0
1429,8,clay,Cotton,20.9,65.7,28.2,-0.64,0.0,0.6,7.8,0,1,0
1430,12,loam,Rice,53.6,155.2,23.2,-0.67,0.0,0.41,7.85,1,0,0
1431,14,clay,Chickpea,107.4,331.4,25.1,-1.73,0.27834656950974346,0.61,8.04,0,0,0
1432,13,sandy,Sunflower,75.2,220.9,20.3,-1.46,0.705341027010833,0.55,6.77,0,0,1
1433,2,loam,Potato,12.2,40.7,23.9,-0.31,0.1717761497385027,0.36,7.0,0,1,0
1434,15,clay,Rice,47.5,107.5,25.4,2.96,0.704238843972349,0.54,7.96,0,0,0
1435,7,clay,Sugarcane,81.4,289.2,27.3,-1.12,0.0,0.58,8.0,0,0,0
1436,13,sandy,Maize,99.7,340.7,27.3,-0.36,1.4923396268554092,0.48,7.42,0,0,0
1437,5,loam,Chilli,105.7,279.1,18.4,-0.91,1.034307473395013,0.41,6.86,0,0,0
1438,9,clay,Onion,140.7,345.8,27.5,-0.54,0.7224277037654541,0.84,7.44,0,0,0
1439,15,clay,Wheat,218.7,690.1,28.4,-0.86,1.5,0.48,9.1,0,1,0
1440,15,clay,Potato,144.8,452.4,32.1,0.49,0.5947279786395112,0.74,6.85,0,1,0
1441,10,sandy,Pearl millet,14.2,49.5,22.5,0.2,0.3016356836078692,0.57,6.25,0,0,0
1442,10,sandy,Ragi,20.3,51.0,22.6,0.75,0.0,0.43,7.29,0,0,0
1443,1,clay,Groundnut,258.9,925.0,26.1,0.25,1.385654311632902,0.59,7.74,0,0,0
1444,10,sandy,Wheat,69.7,173.7,23.4,0.09,0.6909347662914227,0.32,5.46,1,1,0
1445,7,clay,Onion,123.1,421.9,28.1,-0.13,0.8972967165920567,0.97,8.42,0,0,0
1446,1,clay,Cotton,65.5,223.4,29.7,-1.08,0.6534134426304445,0.37,7.31,0,0,0
1447,15,clay,Potato,395.8,1019.2,31.7,0.91,1.5,0.42,7.17,0,0,0
1448,7,clay,Green gram,67.0,182.8,20.8,1.31,0.17352231770669035,0.74,7.72,0,1,0
1449,12,loam,Maize,49.8,177.5,29.3,-1.09,0.040665420072002134,0.82,7.19,0,0,0
1450,1,clay,Pearl millet,68.5,202.3,30.9,-0.22,0.7674178029814476,0.77,9.02,0,1,0
1451,4,sandy,Rice,126.1,409.7,26.2,0.25,1.5,0.53,5.99,0,0,0
1452,14,clay,Chilli,35.2,118.5,20.9,1.58,0.47749258675105877,0.54,9.2,1,1,0
1453,15,clay,Rice,150.6,403.0,30.5,-0.38,1.0936425341872757,0.31,7.76,0,0,0
1454,1,clay,Groundnut,89.0,202.6,28.4,0.5,0.577863648715913,0.65,8.53,0,0,0
1455,14,clay,Cotton,6.5,22.5,23.9,0.79,0.16501683482779617,0.68,8.45,0,0,0
1456,5,loam,Rice,56.1,125.4,19.1,-1.96,0.020084326432069588,0.27,6.08,0,1,0
1457,4,sandy,Rice,65.2,161.9,28.7,0.46,0.6095499192130742,0.44,6.58,0,0,0
1458,15,clay,Rice,307.3,1057.1,26.3,-0.22,1.5,0.92,7.59,0,0,0
1459,9,clay,Wheat,63.4,209.6,20.1,-2.14,0.6444587870629211,0.93,7.48,0,0,0
1460,12,loam,Wheat,33.7,87.9,24.3,0.29,0.7305544753259704,0.7,6.53,0,0,0
1461,3,sandy,Rice,30.0,93.1,26.7,0.68,0.6446321347068473,0.27,7.73,1,0,0
1462,12,loam,Maize,194.4,599.8,24.9,0.6,1.5,0.67,8.11,0,1,0
1463,6,clay,Rice,37.8,127.6,28.2,-0.37,0.359197214106516,0.76,8.96,0,0,0
1464,11,loam,Rice,146.9,323.3,23.4,0.62,0.9389076983246605,0.49,7.39,1,0,1
1465,10,sandy,Wheat,67.8,137.9,24.8,0.18,0.09222586459182458,0.5,6.19,0,0,0
1466,1,clay,Green gram,66.2,235.6,28.1,0.16,1.0739846895087535,0.92,6.82,0,0,0
1467,14,clay,Chilli,121.5,313.3,26.6,0.5,1.0586147939713562,0.82,7.76,0,0,0
1468,5,loam,Wheat,5.3,11.1,26.0,1.68,0.14219777810749684,0.6,7.97,1,0,0
1469,6,clay,Soybean,170.2,561.1,29.2,0.07,1.0608445784114335,0.55,6.59,0,0,0
1470,12,loam,Wheat,30.0,98.2,29.1,-0.91,0.5904579745719107,0.64,7.83,0,0,0
1471,14,clay,Chickpea,37.4,122.8,19.7,-1.44,0.05891497216945468,0.39,7.79,1,1,0
1472,14,clay,Cotton,69.0,241.1,23.4,0.39,0.0,0.7,8.84,0,0,0
1473,7,clay,Onion,15.6,45.8,25.4,-1.12,0.5029546342822884,0.47,8.38,0,0,0
1474,6,clay,Cotton,49.9,102.5,26.7,0.71,0.1083793602446956,0.64,8.34,0,1,0
1475,13,sandy,Tomato,92.7,239.9,26.4,0.1,0.7489412014935742,0.64,7.64,0,1,0
1476,4,sandy,Rice,27.4,87.5,21.3,0.7,0.015000966371924385,0.39,6.49,1,1,1
1477,10,sandy,Pearl millet,49.2,109.1,28.6,-0.57,1.2011983092963656,0.15,5.74,1,0,1
1478,4,sandy,Sugarcane,89.3,219.6,23.5,1.19,1.3489468001133598,0.72,6.58,0,0,1
1479,4,sandy,Maize,40.0,108.0,19.5,1.73,0.24559707975505563,0.28,6.66,0,0,1
1480,9,clay,Wheat,228.7,627.9,21.8,-0.39,1.5,0.72,6.35,0,0,0
1481,13,sandy,Maize,106.8,255.6,19.5,-0.27,1.2837898003194206,0.42,6.02,0,0,1
1482,5,loam,Wheat,8.6,27.6,24.0,0.52,0.5034030902591298,0.37,6.96,1,0,1
1483,11,loam,Potato,37.5,79.9,25.1,0.34,0.045733760269180995,0.27,7.25,1,0,0
1484,1,clay,Groundnut,252.7,669.1,26.5,-0.7,0.9255798471698619,0.67,8.07,0,0,0
1485,11,loam,Potato,19.5,66.0,19.8,0.3,0.0,0.34,6.34,0,0,0
1486,6,clay,Soybean,79.3,166.2,28.8,-1.66,0.0,0.7,8.74,0,0,0
1487,2,loam,Sorghum,14.6,46.5,27.5,-1.04,0.3812376314316095,0.53,6.99,0,0,0
1488,9,clay,Maize,41.3,133.0,22.3,-0.42,0.0,0.47,7.54,0,1,1
1489,4,sandy,Rice,75.5,218.1,20.6,0.32,0.7418557869939792,0.56,7.41,0,0,1
1490,10,sandy,Mustard,52.5,177.0,20.8,-0.47,0.323489053813647,0.41,5.72,0,0,0
1491,1,clay,Rice,97.3,333.2,29.6,0.39,0.32176862099131825,0.83,7.95,0,1,0
1492,6,clay,Pigeon pea,14.7,51.3,26.0,0.21,0.0,0.47,5.59,0,0,0
1493,4,sandy,Tomato,34.6,70.8,24.4,0.59,0.7380756049983133,0.63,7.48,0,0,0
1494,5,loam,Banana,87.4,254.0,25.2,-1.84,0.5022721945188383,0.44,7.06,0,0,0
1495,1,clay,Rice,135.6,474.0,29.9,0.95,0.8974821421632138,0.65,7.98,0,0,0
1496,5,loam,Rice,26.5,90.9,22.2,0.49,0.05879308835687019,0.46,6.62,0,0,0
1497,2,loam,Sorghum,39.4,82.5,23.4,-1.28,0.6408112139203592,0.36,7.4,0,1,0
1498,10,sandy,Pearl millet,45.0,136.3,27.9,-1.32,0.8778099132179848,0.38,6.13,1,0,1
1499,7,clay,Onion,10.7,24.2,26.4,-1.7,0.0,0.78,7.23,0,0,0
1500,5,loam,Sorghum,4.7,15.6,22.8,-1.7,0.0,0.58,7.56,0,0,0
1501,10,sandy,Pearl millet,51.6,182.6,20.4,-0.11,0.7085263998316581,0.47,5.63,0,0,0
1502,14,clay,Sorghum,61.0,156.5,17.1,1.25,0.4943616769348209,0.7,8.21,0,0,0
1503,9,clay,Wheat,18.9,39.1,23.7,2.53,0.13487311380474676,0.46,7.52,1,0,0
1504,5,loam,Sugarcane,12.5,32.5,21.3,0.29,0.0,0.43,8.22,0,0,0
1505,7,clay,Soybean,61.0,182.0,25.6,-0.05,0.4406080997111341,0.54,8.52,0,0,0
1506,12,loam,Sugarcane,156.4,403.5,20.7,1.32,1.5,0.48,7.13,1,0,0
1507,2,loam,Maize,6.4,21.8,26.1,1.31,0.6913847114620398,0.1,7.12,1,0,0
1508,5,loam,Rice,10.8,29.0,22.7,-0.65,0.0,0.59,7.68,0,0,0
1509,8,clay,Rice,105.9,253.0,32.6,1.21,0.7826205795202171,0.65,8.4,0,0,0
1510,10,sandy,Potato,42.4,151.5,26.4,-0.65,0.7673136012701091,0.26,6.95,0,0,0
1511,9,clay,Soybean,60.5,194.2,20.9,-0.21,0.4229045082003261,0.92,7.97,0,1,0
1512,11,loam,Wheat,20.9,63.1,28.7,-0.6,0.6936242274443645,0.2,6.98,1,0,0
1513,15,clay,Potato,28.3,87.9,22.8,-0.08,0.006285429728535533,0.45,8.28,0,1,0
1514,3,sandy,Rice,63.9,176.0,30.8,0.39,0.5381493791298013,0.17,6.01,1,1,0
1515,8,clay,Rice,39.4,120.3,27.5,-0.98,0.1893291697425915,0.66,9.19,0,1,0
1516,6,clay,Lentil,60.3,202.3,27.0,-0.17,0.0,0.52,6.74,0,0,0
1517,2,loam,Maize,24.7,57.8,26.6,-0.5,0.0009259970157780156,0.93,6.58,0,0,0
1518,2,loam,Banana,7.0,16.4,28.4,-1.44,0.0,0.56,8.9,0,1,0
1519,10,sandy,Pearl millet,0.7,1.8,25.3,0.94,0.6754365841841737,0.59,7.86,0,0,0
1520,8,clay,Rice,127.8,399.9,27.2,0.45,1.2128116436545548,0.88,6.55,0,0,0
1521,5,loam,Wheat,46.9,151.4,26.1,-0.41,0.0,0.68,7.07,0,0,0
1522,14,clay,Sugarcane,21.1,44.3,36.3,0.2,0.0,0.55,7.15,0,1,0
1523,5,loam,Rice,106.8,293.9,23.7,-0.23,0.3104946438982222,0.24,9.12,0,0,1
1524,9,clay,Chickpea,28.8,85.8,28.1,-1.33,0.0,0.51,7.91,0,0,0
1525,15,clay,Cotton,34.1,68.6,25.0,1.72,0.7101780721332007,0.48,7.21,0,1,0
1526,11,loam,Potato,15.3,49.4,24.5,3.46,0.0,0.61,7.66,0,0,0
1527,11,loam,Wheat,40.1,127.9,27.7,0.17,0.29186184810109794,0.52,6.3,0,1,0
1528,5,loam,Sunflower,50.9,113.6,27.3,0.13,0.831320355655606,0.56,7.35,0,1,0
1529,14,clay,Sunflower,35.5,88.9,21.9,-0.81,0.0,0.54,8.51,0,1,0
1530,8,clay,Chilli,124.1,292.3,24.4,-0.02,0.4310660251172671,0.86,8.17,0,0,0
1531,5,loam,Sugarcane,105.6,270.7,24.7,-2.27,0.33742715295580894,0.74,8.07,0,0,0
1532,12,loam,Maize,101.4,213.1,23.8,0.22,1.0884217200948418,0.66,6.38,0,0,0
1533,8,clay,Rice,19.6,60.5,32.1,0.76,0.1027497032098999,0.93,7.95,0,0,0
1534,2,loam,Chickpea,11.6,29.4,24.9,-0.34,0.24021507789267316,0.71,6.42,0,0,0
1535,1,clay,Rice,46.8,129.8,30.5,-1.37,0.0,0.85,8.24,0,0,0
1536,2,loam,Banana,26.9,86.4,30.6,-0.93,0.33891707777119895,0.77,7.77,0,1,0
1537,3,sandy,Rice,6.9,24.4,30.5,-1.35,0.31288304408999223,0.45,6.64,0,1,0
1538,4,sandy,Maize,119.0,246.4,23.4,0.35,1.5,0.2,6.88,0,0,1
1539,6,clay,Pigeon pea,226.7,487.0,29.7,-0.67,1.5,0.48,8.26,1,0,0
1540,4,sandy,Wheat,27.9,78.1,18.9,0.79,1.1479635302315576,0.7,4.72,0,0,0
1541,14,clay,Sorghum,122.1,359.5,22.7,-0.17,1.0452666446055194,0.77,9.01,0,0,0
1542,15,clay,Mustard,30.1,90.8,23.6,1.34,0.0,0.71,7.18,0,1,0
1543,15,clay,Rice,179.3,633.2,31.2,1.53,1.5,0.73,8.43,0,1,0
1544,3,sandy,Rice,22.8,76.7,30.2,-0.45,1.021915960464285,0.55,5.31,0,0,1
1545,9,clay,Sunflower,151.2,475.3,26.0,1.27,0.5592346604567724,0.84,8.29,0,1,0
1546,2,loam,Sorghum,124.3,429.6,24.5,-0.31,0.7196538092514989,0.43,7.68,0,0,0
1547,11,loam,Wheat,98.7,240.1,23.9,-0.08,0.2758620653295834,0.56,6.9,0,1,0
1548,3,sandy,Rice,48.4,163.8,28.9,1.16,0.9251670455768374,0.52,5.57,0,1,0
1549,5,loam,Sunflower,72.0,245.1,24.6,-1.11,0.3728359754043179,0.86,5.24,0,0,0
1550,4,sandy,Maize,37.0,90.4,22.4,-0.17,0.7789686577445919,0.24,6.22,1,0,1
1551,8,clay,Rice,34.3,98.1,22.4,1.09,0.0020336201294992307,0.86,6.71,0,0,0
1552,6,clay,Tomato,75.5,205.3,27.9,0.88,0.0,0.6,7.08,0,1,1
1553,9,clay,Wheat,157.5,531.9,23.8,2.07,0.79808407525974,0.79,7.2,0,0,0
1554,3,sandy,Chilli,43.1,96.1,29.0,1.29,1.0586620485147775,0.38,6.47,0,1,0
1555,8,clay,Cotton,144.7,297.9,30.5,0.63,0.652945193070825,0.57,7.49,0,1,0
1556,2,loam,Chilli,23.0,72.7,30.7,0.22,0.0,0.85,6.24,0,0,0
1557,1,clay,Soybean,106.6,317.2,27.8,-1.31,0.31408879877173523,0.47,8.9,0,0,0
1558,3,sandy,Cotton,18.4,59.7,23.9,1.57,0.9534646047433036,0.54,8.19,0,0,1
1559,4,sandy,Rice,827.9,2337.5,20.1,0.41,1.5,0.31,7.05,0,0,0
1560,12,loam,Wheat,286.0,934.1,24.9,0.05,1.5,0.9,7.32,0,0,1
1561,5,loam,Rice,22.1,79.0,27.9,-0.43,0.07835862961597627,0.37,5.78,0,1,0
1562,8,clay,Chilli,174.9,571.7,27.1,-1.6,1.001536738642386,1.04,8.01,0,1,0
1563,11,loam,Sunflower,72.7,162.6,27.9,-0.33,0.4644045671815367,0.78,7.01,0,0,0
1564,12,loam,Maize,56.3,186.8,26.0,-0.86,0.0,0.52,7.88,1,0,0
1565,9,clay,Soybean,20.0,71.8,23.7,-0.65,0.10684095971802625,0.61,7.87,0,0,0
1566,3,sandy,Banana,30.2,61.4,24.6,-0.4,0.4064572284969237,0.28,6.18,1,0,0
1567,10,sandy,Wheat,14.4,36.7,26.4,0.02,0.2993204448158453,0.37,7.1,1,0,0
1568,5,loam,Rice,42.2,97.7,22.1,-0.28,0.022191647140699627,0.44,7.71,0,1,0
1569,9,clay,Chickpea,95.7,305.7,28.2,0.51,0.40161580721544177,1.06,9.17,0,0,0
1570,15,clay,Potato,50.2,180.1,30.8,1.02,0.4919476715809605,0.56,8.46,0,0,0
1571,2,loam,Maize,33.8,87.5,24.8,0.85,0.46031500863072566,0.77,7.23,0,0,0
1572,2,loam,Sorghum,43.9,119.8,27.8,-0.17,0.48973535611392016,0.53,7.6,0,1,0
1573,4,sandy,Wheat,0.9,3.3,20.4,-0.01,1.5,0.3,5.8,0,0,0
1574,7,clay,Sugarcane,152.1,461.8,24.0,1.73,1.1174896886074541,0.9,7.69,0,0,0
1575,8,clay,Wheat,55.4,127.6,31.2,-0.96,0.7093157687499281,0.43,7.77,0,0,0
1576,5,loam,Wheat,39.9,133.8,22.0,-0.15,0.0,0.85,8.05,0,1,1
1577,14,clay,Sorghum,37.0,104.6,30.9,0.18,0.0,0.51,7.02,0,1,0
1578,1,clay,Onion,50.5,112.4,29.3,0.51,0.1302729910928734,0.55,9.13,0,0,0
1579,9,clay,Soybean,64.6,186.1,23.3,0.53,0.11279182452524988,0.49,7.41,1,0,0
1580,9,clay,Chickpea,31.2,70.6,23.4,-1.37,0.47072729816928305,0.65,9.2,0,1,0
1581,12,loam,Rice,95.5,298.6,23.7,0.67,1.2312833206181,0.62,7.53,0,1,0
1582,9,clay,Wheat,210.4,739.3,24.6,-0.04,1.454237546374266,0.84,7.17,0,0,0
1583,3,sandy,Cotton,225.6,648.7,25.3,-0.34,1.5,0.3,6.85,0,0,1
1584,5,loam,Rice,43.6,153.3,28.5,-0.32,0.22377348547476414,0.45,7.69,1,0,0
1585,3,sandy,Rice,77.9,183.4,27.1,-0.81,1.0134647231078802,0.16,6.47,0,1,0
1586,8,clay,Rice,44.2,156.5,26.8,-0.52,0.750047567950164,0.82,6.48,0,0,0
1587,14,clay,Chilli,77.6,271.4,22.5,-2.99,0.8003936470763281,0.32,7.05,0,0,0
1588,6,clay,Cotton,90.2,305.2,24.6,0.07,1.1387749926061503,0.63,7.35,0,0,0
1589,6,clay,Pigeon pea,256.8,840.3,26.5,0.74,1.5,0.52,9.06,0,0,0
1590,7,clay,Lentil,44.2,143.2,27.7,0.18,0.08952364143244887,0.93,8.3,0,0,0
1591,3,sandy,Rice,21.2,44.4,28.5,-0.97,0.5641383565868437,0.47,6.83,0,0,1
1592,13,sandy,Wheat,29.5,90.6,20.8,-0.91,0.14601828049886934,0.81,5.79,0,1,0
1593,10,sandy,Wheat,80.5,203.6,27.7,-1.3,1.2051279877182597,0.25,5.24,1,0,0
1594,11,loam,Chilli,127.8,263.4,28.9,0.47,0.6543025838768534,0.32,8.43,0,0,0
1595,6,clay,Cotton,172.1,418.0,27.1,-0.01,0.5273626136813974,0.88,6.68,0,1,0
1596,5,loam,Sugarcane,31.3,95.2,21.0,-0.66,0.9237692283478594,0.37,7.57,0,0,0
1597,8,clay,Chilli,26.9,80.9,22.8,1.76,0.8452291353551533,0.33,6.45,1,0,0
1598,4,sandy,Sorghum,35.5,101.6,25.5,-0.91,0.7648839376673908,0.34,6.43,0,1,1
1599,1,clay,Rice,32.8,66.9,18.2,0.44,0.4729284845363872,0.63,6.96,0,0,0
1600,11,loam,Mustard,18.1,42.5,26.2,-0.06,0.2985829754974859,0.51,6.5,0,0,0
1601,13,sandy,Maize,32.5,93.0,23.3,1.72,0.7555216865827302,0.39,6.97,1,1,0
1602,4,sandy,Tomato,35.8,89.2,24.1,0.66,1.3045362187220382,0.19,7.33,1,0,1
1603,10,sandy,Ragi,46.7,100.9,22.4,-2.11,1.1064284407109921,0.47,5.27,0,0,1
1604,14,clay,Sugarcane,26.0,82.3,24.7,1.82,0.5384908723152024,0.99,7.69,0,1,0
1605,12,loam,Rice,47.3,100.6,23.5,-0.84,0.0,0.4,7.47,0,1,1
1606,13,sandy,Cotton,118.0,395.1,23.9,-0.53,0.6881966689818193,0.1,5.77,1,0,0
1607,14,clay,Rice,92.4,200.5,24.0,-0.98,0.6376576553752411,0.84,8.34,0,0,0
1608,4,sandy,Rice,15.6,50.7,21.2,-0.38,0.8629958034254928,0.52,5.51,1,1,0
1609,2,loam,Cotton,19.9,67.2,30.3,0.13,0.0,0.93,6.79,0,0,0
1610,13,sandy,Lentil,40.2,93.1,21.6,-1.31,0.9698236548506335,0.46,6.51,0,1,0
1611,12,loam,Wheat,25.5,83.4,20.2,1.43,0.06543306206106506,0.64,7.68,0,0,0
1612,3,sandy,Rice,13.4,44.5,26.8,-1.56,0.5606092603997284,0.44,6.6,0,0,1
1613,14,clay,Chilli,39.0,107.0,19.8,0.63,0.1668179348566796,0.69,6.72,0,1,0
1614,1,clay,Groundnut,47.1,96.3,26.5,0.58,0.1621575084668077,0.51,8.86,0,1,0
1615,6,clay,Sorghum,44.1,115.1,29.2,0.85,0.24661961669747934,0.59,8.09,0,1,0
1616,15,clay,Mustard,59.3,131.7,31.9,0.08,0.48264825572517434,0.61,7.35,0,1,0
1617,6,clay,Chilli,160.4,383.6,30.4,-0.05,1.476741021120946,0.51,6.46,0,1,0
1618,12,loam,Maize,103.6,303.2,31.2,-0.82,0.3564209261833726,0.72,6.88,0,0,0
1619,1,clay,Groundnut,130.2,434.8,28.1,-0.21,0.5144835266520899,1.2,7.79,0,1,0
1620,8,clay,Chilli,117.5,289.2,35.9,-0.84,0.8658568540256772,0.6,7.23,0,0,0
1621,12,loam,Wheat,100.7,262.9,23.5,0.45,0.8131125619829548,0.58,6.42,0,0,1
1622,13,sandy,Ragi,33.1,104.5,21.8,-2.24,0.23457922156255295,0.29,6.9,0,0,0
1623,7,clay,Sugarcane,36.3,78.9,22.9,-0.82,0.0,1.05,8.28,0,0,0
1624,2,loam,Banana,5.3,18.6,30.0,-0.2,0.0,0.49,8.08,0,1,0
1625,8,clay,Chilli,40.2,129.8,30.6,-0.83,0.03940989702060299,0.19,8.64,1,1,0
1626,12,loam,Turmeric,91.5,278.2,26.3,-1.87,0.5230443250751698,0.35,6.82,1,0,0
1627,7,clay,Maize,533.8,1243.1,23.7,-1.23,1.5,0.5,9.17,0,1,0
1628,15,clay,Mustard,67.3,231.9,22.9,2.55,0.23702259172218648,0.53,8.94,0,0,0
1629,5,loam,Sugarcane,242.6,800.6,19.1,-0.41,1.3890077476333558,0.77,6.49,1,0,0
1630,13,sandy,Ragi,113.9,373.6,23.8,0.54,1.5,0.1,7.19,1,0,0
1631,12,loam,Maize,148.9,481.8,23.2,-0.6,0.6985832192289041,0.49,6.96,0,1,0
1632,7,clay,Maize,46.5,118.8,23.0,0.52,0.6607694445240375,0.68,7.78,0,1,0
1633,2,loam,Banana,80.2,274.1,27.2,-1.68,0.7370266738640803,0.54,7.71,0,0,0
1634,6,clay,Pigeon pea,176.3,630.1,28.2,0.28,1.5,0.5,8.31,0,1,0
1635,12,loam,Rice,35.2,98.7,21.6,0.4,0.04547589872690702,0.13,7.47,0,0,1
1636,14,clay,Cotton,56.9,155.4,23.5,0.06,0.20191536653917616,0.94,8.39,0,0,0
1637,7,clay,Mustard,198.3,641.9,20.4,-1.23,1.0566539535123263,0.56,7.14,0,0,0
1638,5,loam,Sugarcane,12.4,32.3,23.5,-1.05,0.42609910226910286,0.49,7.98,0,0,1
1639,12,loam,Rice,110.8,273.6,28.1,0.03,0.6009389924194514,0.71,6.55,0,1,0
1640,15,clay,Rice,44.4,102.9,27.9,0.43,0.23708009635562163,0.62,6.83,0,1,1
1641,3,sandy,Chilli,59.2,187.1,31.1,-0.17,0.0,0.1,7.16,1,0,0
1642,5,loam,Rice,13.2,44.6,20.4,-0.78,0.0,0.26,7.7,1,1,0
1643,12,loam,Groundnut,140.6,394.4,25.7,-0.67,1.1664564459853652,0.67,7.05,0,0,0
1644,2,loam,Sorghum,223.8,504.2,29.6,-1.8,1.5,0.32,7.57,0,1,0
1645,15,clay,Mustard,103.4,352.9,28.8,-1.23,0.6013231912937848,0.81,8.56,0,0,0
1646,4,sandy,Wheat,61.9,182.8,25.6,1.06,1.5,0.42,5.54,0,0,0
1647,8,clay,Rice,88.1,238.5,27.4,0.54,0.4289906310283091,0.75,5.96,0,0,0
1648,8,clay,Rice,344.8,1032.5,35.9,1.18,1.5,0.26,7.92,1,0,0
1649,6,clay,Rice,84.8,219.2,30.3,-1.03,0.6597830069465257,0.58,9.11,0,1,0
1650,2,loam,Tomato,126.4,322.6,24.5,-2.08,1.0762136118493943,0.66,8.55,0,1,0
1651,1,clay,Rice,116.9,255.9,28.3,-0.94,0.9027684391983737,0.82,7.18,0,0,0
1652,6,clay,Soybean,214.9,493.0,21.0,0.1,0.9975664762978564,0.29,9.2,1,1,0
1653,5,loam,Wheat,13.5,28.4,25.1,-1.15,0.0,0.45,8.53,1,0,0
1654,14,clay,Maize,123.3,288.2,24.9,1.4,0.8496339967286965,0.78,7.69,0,0,0
1655,10,sandy,Pearl millet,106.6,336.6,26.4,-0.25,1.3256602029331106,0.17,6.39,1,0,1
1656,2,loam,Groundnut,66.9,196.6,23.2,-1.35,1.0017012133347452,0.54,6.44,0,0,0
1657,12,loam,Wheat,63.9,227.3,24.4,1.35,0.746478672444566,0.71,5.82,0,1,0
1658,10,sandy,Wheat,51.8,152.1,25.5,0.08,0.5393122463926809,0.47,8.32,0,0,0
1659,2,loam,Sorghum,69.3,196.0,24.4,-0.71,0.3287424472842923,0.39,7.46,0,0,0
1660,7,clay,Tomato,210.5,422.2,27.4,-2.02,1.5,0.41,7.66,0,0,0
1661,12,loam,Lentil,13.5,34.9,28.6,1.29,0.1278005056951206,0.27,7.97,1,0,0
1662,10,sandy,Wheat,13.9,45.6,25.9,0.65,0.7503377489120376,0.48,5.67,0,0,0
1663,9,clay,Sorghum,200.6,669.8,24.8,-0.8,0.47841748322654387,0.87,8.32,0,0,0
1664,8,clay,Cotton,88.1,201.6,29.1,1.23,0.3337679277531315,0.21,8.72,1,0,0
1665,11,loam,Rice,156.7,340.2,30.4,0.17,1.2137682836494272,0.21,6.5,1,0,0
1666,14,clay,Mustard,70.2,167.8,28.6,-0.46,1.0475119457107644,0.9,7.6,0,1,0
1667,3,sandy,Tomato,41.9,138.0,25.8,0.09,0.3691299473452916,0.6,6.47,0,0,0
1668,7,clay,Sorghum,34.9,88.1,27.6,0.52,0.43199990941878774,0.43,7.91,0,0,0
1669,13,sandy,Tomato,89.9,234.5,19.2,0.03,1.4252040132191124,0.4,6.31,0,1,0
1670,8,clay,Chilli,12.1,35.4,26.7,-0.04,0.18070712615863233,0.33,7.76,1,0,0
1671,3,sandy,Cotton,53.0,112.6,33.3,0.5,0.678863174988345,0.77,8.41,0,0,1
1672,2,loam,Rice,39.1,101.5,22.7,1.72,0.9248159864940922,0.46,5.38,1,0,0
1673,11,loam,Chilli,76.4,213.2,27.5,-0.63,0.041219899377259284,0.25,9.2,1,0,0
1674,8,clay,Chilli,157.5,376.3,25.9,-0.79,0.22555197295456486,0.49,6.41,0,0,0
1675,12,loam,Mustard,59.9,180.5,20.8,1.19,0.0,0.72,7.52,0,0,0
1676,2,loam,Maize,26.7,88.8,29.8,2.01,0.0,0.76,5.96,0,1,0
1677,10,sandy,Pearl millet,9.0,28.3,23.9,-0.83,0.06266079009692066,0.47,7.6,0,0,0
1678,9,clay,Sorghum,34.3,97.4,17.3,0.33,0.021111366063629858,1.04,8.33,0,0,0
1679,7,clay,Onion,50.2,165.3,24.4,-0.81,0.0761296877698828,0.32,7.7,0,1,0
1680,7,clay,Rice,18.4,37.9,24.1,0.52,0.0,0.64,8.17,0,1,0
1681,5,loam,Sugarcane,31.4,83.5,26.1,-0.11,0.0,0.77,7.53,0,0,0
1682,12,loam,Wheat,26.3,65.7,31.2,0.37,0.037350639941870815,0.84,7.92,0,0,0
1683,5,loam,Wheat,11.9,37.7,25.4,1.05,0.3225968350642504,0.77,8.08,0,1,1
1684,7,clay,Onion,130.9,426.5,24.3,3.48,1.5,0.5,9.2,1,0,0
1685,13,sandy,Maize,107.5,237.2,18.7,0.62,1.3464034144400654,0.49,7.01,1,0,1
1686,10,sandy,Tomato,12.4,39.3,23.0,0.75,0.0,0.45,6.42,1,0,0
1687,1,clay,Groundnut,194.7,631.0,26.0,-0.46,0.9507667195520653,0.48,8.1,0,0,0
1688,1,clay,Groundnut,12.5,34.6,29.2,-0.51,0.0,0.78,6.68,0,1,0
1689,9,clay,Soybean,112.5,379.6,30.6,0.14,0.27344609471484743,0.51,8.96,0,1,0
1690,11,loam,Wheat,72.2,149.0,27.1,-1.44,0.9364247518196972,0.49,8.63,0,1,0
1691,8,clay,Chilli,14.7,42.9,32.3,-1.17,0.0,0.7,6.34,0,1,0
1692,15,clay,Mustard,38.2,80.7,25.7,0.99,0.0,0.57,6.08,0,0,0
1693,13,sandy,Maize,4.7,12.3,23.8,0.8,0.6387076776272538,0.44,5.96,0,0,0
1694,7,clay,Sugarcane,14.6,50.8,27.7,0.12,0.0,0.84,8.38,0,0,0
1695,4,sandy,Soybean,84.4,302.1,25.7,0.12,0.5836745961368812,0.28,6.31,0,0,1
1696,1,clay,Groundnut,163.7,533.2,28.6,-1.19,1.027892644594775,1.0,7.26,0,0,0
1697,1,clay,Green gram,189.8,628.3,25.9,0.74,0.9086678407913336,0.64,7.38,0,0,0
1698,10,sandy,Pearl millet,38.5,128.1,22.8,0.37,1.2547155221770425,0.25,7.27,1,0,1
1699,6,clay,Lentil,150.1,316.9,30.6,-0.3,1.0424622185111685,0.84,7.23,0,1,0
1700,3,sandy,Chilli,98.9,334.1,25.8,1.64,1.3151993017322998,0.1,6.87,1,1,1
1701,2,loam,Cotton,95.6,295.4,26.5,0.79,0.7655214922345494,0.43,7.4,0,1,0
1702,8,clay,Sugarcane,87.2,256.1,26.3,-0.89,0.0,0.69,7.87,0,0,1
1703,9,clay,Chickpea,8.5,30.1,21.0,1.1,0.0,1.03,7.45,0,1,0
1704,1,clay,Green gram,77.5,242.5,28.3,-1.19,0.0,0.58,7.48,0,0,1
1705,7,clay,Onion,44.2,91.5,24.8,1.93,0.9241978222060231,0.44,6.61,0,1,0
1706,7,clay,Sugarcane,16.6,44.1,22.0,-0.41,0.66995354401044,0.86,8.04,0,0,0
1707,1,clay,Chilli,1.0,2.7,28.2,-1.34,0.0,0.83,6.8,0,0,0
1708,14,clay,Sorghum,33.8,115.0,22.3,1.4,0.12467616606701626,0.66,7.89,0,0,0
1709,4,sandy,Rice,38.3,107.8,18.7,0.41,0.6863277564254641,0.47,6.81,0,1,0
1710,3,sandy,Chilli,148.9,456.3,31.3,-0.09,1.5,0.33,5.7,1,0,1
1711,3,sandy,Chilli,23.1,77.9,30.3,1.36,1.3574485105590288,0.54,7.16,0,0,0
1712,8,clay,Chilli,94.2,282.5,33.9,0.76,0.6072229057839593,0.65,7.74,0,1,0
1713,11,loam,Wheat,22.2,65.5,31.7,-0.54,0.5462730460377615,0.58,8.45,0,0,0
1714,4,sandy,Rice,77.9,186.7,26.8,-0.58,0.8877483428000018,0.38,7.38,1,0,0
1715,12,loam,Maize,81.1,289.8,26.4,-0.41,0.2872273264886202,0.58,6.79,1,0,0
1716,4,sandy,Rice,70.5,247.1,23.7,-0.21,0.1801616639065079,0.78,7.02,0,0,1
1717,3,sandy,Cotton,445.0,984.6,30.6,0.42,1.5,0.24,7.71,1,0,1
1718,10,sandy,Pearl millet,31.3,102.1,23.7,0.06,0.5756906387649452,0.2,7.75,1,0,0
1719,12,loam,Sugarcane,108.4,281.3,27.5,0.23,0.5072310438979869,0.49,8.01,0,1,0
1720,12,loam,Rice,75.0,187.2,24.7,0.45,1.4559450529393945,0.32,6.1,1,1,0
1721,9,clay,Soybean,117.5,331.7,22.9,-1.23,0.7738627004606492,0.54,7.64,0,1,0
1722,14,clay,Cotton,71.6,159.2,24.1,0.85,0.3616931245496083,0.78,7.91,0,1,0
1723,13,sandy,Ragi,21.7,59.0,26.8,0.41,0.0,0.37,6.13,0,1,0
1724,5,loam,Tomato,67.1,169.6,22.5,-1.42,0.14831061473636847,0.81,7.49,0,1,0
1725,10,sandy,Mustard,99.0,214.0,27.0,1.6,0.9821898564326731,0.59,6.19,0,0,0
1726,2,loam,Sorghum,126.5,272.5,25.7,1.58,0.8970344187928035,0.76,7.47,0,0,1
1727,2,loam,Sorghum,30.2,64.5,27.3,-0.64,0.790832620309531,0.39,6.6,0,0,0
1728,7,clay,Tomato,27.6,90.6,24.6,-0.33,0.25136850057887367,0.84,9.2,0,1,0
1729,11,loam,Wheat,97.6,304.7,22.3,1.04,0.8735515313984535,0.26,7.04,0,0,0
1730,9,clay,Chickpea,17.3,60.7,29.0,0.06,0.0,0.47,7.78,0,0,0
1731,3,sandy,Rice,54.7,176.9,26.9,0.66,0.5486334313817215,0.94,5.84,0,0,1
1732,12,loam,Sunflower,16.2,52.4,26.1,0.96,0.25521261988692057,0.54,6.43,0,0,0
1733,10,sandy,Chilli,26.9,65.6,23.5,0.72,0.8386436401877781,0.29,7.07,0,0,1
1734,12,loam,Turmeric,67.5,204.9,25.3,2.36,0.9096346060491288,0.6,6.67,0,0,0
1735,10,sandy,Wheat,14.0,34.6,26.2,0.74,0.8804488716338972,0.15,6.15,1,0,1
1736,13,sandy,Rice,46.7,95.0,28.1,0.81,1.0622179295815548,0.44,6.44,0,0,1
1737,6,clay,Pigeon pea,18.1,41.3,27.7,1.51,0.0,0.32,8.61,0,0,0
1738,1,clay,Groundnut,20.6,47.6,26.6,-1.94,0.1134340563332919,0.61,8.11,0,0,0
1739,9,clay,Turmeric,51.0,182.6,21.4,0.02,0.5718588406455507,0.92,8.44,0,0,0
1740,15,clay,Potato,82.5,188.4,30.7,0.55,0.3906908821481765,0.31,7.47,0,0,1
1741,2,loam,Banana,28.1,83.3,27.5,0.53,0.0,0.66,7.34,1,0,0
1742,15,clay,Chilli,34.8,77.4,24.1,1.09,0.0,0.42,8.73,0,1,0
1743,12,loam,Tomato,49.5,160.2,29.4,-1.67,0.0,0.62,6.3,1,0,0
1744,1,clay,Green gram,33.9,118.8,28.2,0.4,0.1211713296216174,0.44,8.69,0,0,0
1745,9,clay,Chickpea,46.9,100.9,24.4,-0.52,0.5917036979776727,0.57,8.31,0,0,0
1746,5,loam,Rice,158.9,492.0,24.4,0.4,0.5376033044391969,0.35,7.28,0,1,0
1747,10,sandy,Wheat,14.5,34.0,26.3,-1.12,0.8057197310086515,0.49,6.16,1,0,0
1748,12,loam,Maize,13.6,47.6,24.1,-0.5,0.0,0.68,6.93,0,1,0
1749,6,clay,Soybean,121.3,393.9,31.0,-0.69,0.17573083990605942,0.55,8.96,0,1,0
1750,8,clay,Rice,162.7,432.2,26.5,0.68,1.2238805523318264,0.94,6.25,0,0,0
1751,1,clay,Tomato,42.9,122.7,26.7,-0.82,0.38552217243819265,0.66,7.55,0,0,0
1752,1,clay,Green gram,19.6,50.5,21.8,-1.37,0.024254570841247755,0.93,7.88,0,0,0
1753,12,loam,Chickpea,88.8,239.8,25.7,0.19,0.6767187748163359,0.45,8.91,0,1,0
1754,6,clay,Soybean,266.8,875.1,26.9,0.37,1.5,0.75,7.73,0,1,0
1755,14,clay,Chilli,15.6,48.1,24.7,0.68,0.1468204982382033,0.6,8.75,0,1,0
1756,9,clay,Lentil,42.9,137.1,25.5,-1.11,0.47056931724699114,0.71,7.6,0,1,0
1757,6,clay,Soybean,95.6,274.3,28.3,-0.11,0.042644541048131424,0.82,6.85,0,1,0
1758,14,clay,Sorghum,37.5,129.1,29.5,-1.79,0.2777107876303575,0.5,7.06,0,0,1
1759,1,clay,Turmeric,28.0,84.4,30.8,-1.17,0.1930552131374987,0.63,7.65,0,0,0
1760,13,sandy,Turmeric,96.2,230.9,27.3,-0.17,1.2761082237078254,0.74,7.16,0,0,0
1761,2,loam,Banana,41.1,136.7,23.2,-0.25,0.39858284493019003,0.6,8.75,0,0,0
1762,15,clay,Turmeric,454.6,1281.7,25.4,0.03,1.5,0.52,7.61,0,0,0
1763,9,clay,Sunflower,48.4,113.3,27.6,0.99,0.5710463304779742,0.55,7.18,1,0,0
1764,8,clay,Chilli,109.2,239.4,24.2,0.2,0.36747586617974914,0.5,7.26,0,1,0
1765,10,sandy,Pearl millet,32.6,79.3,27.1,1.46,0.3809792926530119,0.66,6.49,0,1,0
1766,12,loam,Pigeon pea,20.4,64.5,23.0,-2.1,0.03245339870880948,0.38,8.4,0,1,0
1767,5,loam,Rice,53.9,186.9,22.6,0.21,0.0,0.52,7.18,0,0,0
1768,2,loam,Sugarcane,98.8,279.4,24.0,-0.44,0.4874049477011362,0.42,6.44,0,0,0
1769,15,clay,Potato,225.0,651.6,27.0,-0.75,1.5,0.67,8.49,0,0,0
1770,8,clay,Rice,95.0,257.8,30.1,0.01,0.8352061078932473,0.61,7.79,0,0,0
1771,5,loam,Rice,10.9,26.8,23.6,-0.27,0.0,0.44,6.85,0,0,1
1772,14,clay,Chickpea,100.9,208.8,27.5,-1.0,0.0,0.76,8.8,0,0,0
1773,1,clay,Groundnut,13.3,31.1,27.2,2.38,0.0,0.73,7.03,0,1,0
1774,13,sandy,Tomato,38.9,78.0,23.8,-0.96,0.4363871640297076,0.5,5.36,0,1,0
1775,1,clay,Sunflower,92.5,261.0,25.1,-0.97,1.2810054944992795,0.7,7.87,0,1,0
1776,10,sandy,Rice,66.6,239.5,29.6,-1.33,0.5729255944129379,0.1,6.08,1,0,0
1777,1,clay,Pearl millet,147.6,316.8,32.4,-1.92,1.4937077073358196,0.5,7.49,0,0,0
1778,3,sandy,Chilli,37.8,111.4,30.1,-1.3,0.8572368434787614,0.28,7.34,0,0,1
1779,5,loam,Potato,18.5,63.2,24.6,0.16,0.04383596052814685,0.42,7.09,0,1,0
1780,3,sandy,Wheat,120.6,307.5,32.3,0.78,1.1639548157624755,0.51,5.46,0,0,0
1781,1,clay,Groundnut,81.8,257.8,27.6,-0.06,0.8646334545036576,0.47,7.24,1,1,0
1782,11,loam,Potato,18.9,51.5,30.3,-0.47,0.0,0.35,8.47,0,1,0
1783,12,loam,Mustard,410.9,1376.7,28.3,-0.17,1.5,0.41,6.46,0,0,0
1784,5,loam,Wheat,54.7,150.6,19.3,-0.8,0.4726497300935207,0.51,7.12,0,0,0
1785,11,loam,Rice,129.9,348.3,27.3,-1.48,0.6517702582417454,0.55,6.08,0,0,0
1786,5,loam,Onion,111.2,282.2,28.3,0.38,0.7221783716234244,0.67,7.05,0,0,0
1787,4,sandy,Rice,69.3,161.3,20.6,-1.53,1.1854019461886975,0.37,7.64,0,0,0
1788,13,sandy,Sunflower,6.3,12.9,23.7,-0.26,1.0490979853394942,0.1,8.04,1,0,1
1789,8,clay,Onion,71.6,149.7,23.5,-0.81,0.5341345103169154,0.43,8.47,1,0,0
1790,1,clay,Rice,172.8,405.9,25.8,2.4,1.2101821389043834,0.71,8.43,0,0,0
1791,11,loam,Potato,171.1,488.7,30.2,1.49,1.315783262421427,0.71,7.72,0,1,1
1792,6,clay,Pigeon pea,90.9,274.1,27.2,0.75,0.155115386469029,0.88,7.72,0,0,0
1793,2,loam,Maize,88.4,215.3,28.1,1.54,0.958330373231952,0.65,5.12,0,0,0
1794,4,sandy,Groundnut,276.1,800.1,20.6,0.93,1.5,0.29,6.75,1,1,1
1795,5,loam,Sorghum,41.5,120.5,24.0,0.68,0.139511155185286,0.42,6.24,0,0,0
1796,1,clay,Groundnut,103.3,321.3,25.5,-0.01,0.8976455998071711,0.59,7.69,0,0,0
1797,11,loam,Potato,33.9,101.0,24.3,1.12,0.6288397244713109,0.39,6.56,1,0,0
1798,4,sandy,Maize,25.6,57.8,22.5,0.8,0.2860360126524096,0.55,7.03,0,1,0
1799,3,sandy,Cotton,94.1,217.0,29.0,1.04,1.2158717341473264,0.3,7.87,0,0,1
1800,3,sandy,Groundnut,86.9,181.1,30.6,-0.92,0.9169735098466004,0.5,6.15,0,1,0
1801,11,loam,Tomato,66.9,197.6,26.1,0.99,0.3118259548783511,0.35,6.17,0,1,0
1802,8,clay,Pearl millet,11.9,36.1,29.8,-0.55,0.12474173119920691,0.2,7.36,0,1,0
1803,13,sandy,Sunflower,18.6,47.5,20.7,-0.37,0.4060039297068188,0.6,7.25,0,0,1
1804,7,clay,Maize,41.2,114.0,24.7,0.85,0.18320581256877716,0.69,6.96,0,1,0
1805,11,loam,Rice,22.3,55.8,24.2,-0.71,0.43688013121253433,0.18,7.33,1,0,0
1806,8,clay,Sunflower,60.0,193.4,23.8,-0.31,0.0,1.05,7.95,0,1,0
1807,9,clay,Cotton,36.0,97.2,28.1,-0.32,0.0,1.05,9.2,0,1,0
1808,14,clay,Groundnut,14.8,42.1,26.1,-1.1,0.0,0.46,9.2,0,1,0
1809,10,sandy,Wheat,114.5,256.1,22.7,0.04,0.652335076043395,0.32,5.49,1,0,0
1810,8,clay,Rice,15.5,55.3,26.3,0.91,0.2008275817669481,0.52,7.58,0,1,0
1811,13,sandy,Tomato,94.2,220.2,20.6,0.67,0.7888734939327464,0.19,6.18,1,0,0
1812,10,sandy,Mustard,84.6,271.7,27.3,-0.83,0.6904912733334845,0.34,5.65,0,0,0
1813,14,clay,Chilli,41.1,102.1,27.0,-0.31,0.413148020728355,0.48,7.81,0,0,0
1814,10,sandy,Lentil,111.9,381.6,28.1,-0.35,0.5091341605143788,0.44,6.85,1,0,0
1815,11,loam,Sugarcane,58.5,144.2,25.0,-0.19,0.4756931070186148,0.56,7.54,0,0,0
1816,8,clay,Potato,166.9,582.4,30.7,-1.52,1.49218222482496,0.63,5.54,0,0,0
1817,13,sandy,Tomato,43.2,148.4,24.8,-2.21,0.6977494414975423,0.51,6.35,0,0,0
1818,5,loam,Sorghum,133.4,375.2,24.8,0.31,1.1283861513547697,0.44,7.25,1,0,0
1819,9,clay,Soybean,120.4,279.6,27.8,-1.01,1.5,0.63,8.45,0,0,0
1820,14,clay,Chilli,33.9,92.5,19.6,-0.68,0.20925572317447877,0.53,7.74,0,1,0
1821,4,sandy,Wheat,24.0,51.0,23.9,0.36,0.6801614545909775,0.4,6.15,0,0,0
1822,7,clay,Sugarcane,179.6,445.6,24.3,0.42,1.5,0.58,8.25,0,0,0
1823,1,clay,Rice,30.5,100.3,22.6,-0.84,0.002368505274779803,0.16,7.49,1,0,0
1824,9,clay,Wheat,18.5,54.6,25.2,-2.21,0.0,0.53,8.17,0,0,0
1825,6,clay,Cotton,40.8,89.7,26.2,-0.93,0.1516130380294712,0.58,9.2,0,0,0
1826,9,clay,Wheat,67.8,222.8,25.6,-1.19,0.23901565967453975,0.57,7.24,0,1,0
1827,4,sandy,Potato,124.9,281.3,22.2,0.1,0.7691891693472936,0.28,7.91,0,0,0
1828,13,sandy,Ragi,6.8,21.1,26.5,-1.33,0.0,0.21,6.92,1,1,0
1829,15,clay,Mustard,98.4,200.6,23.2,-0.65,0.09922363478157237,0.39,7.28,0,1,0
1830,9,clay,Banana,68.1,208.8,28.5,0.84,0.30534913306995104,0.49,7.37,0,1,0
1831,10,sandy,Wheat,39.2,103.4,27.6,-0.35,0.2117505566482557,0.37,5.98,0,0,0
1832,7,clay,Wheat,57.2,140.7,24.5,0.54,0.5537053429309007,0.54,7.64,0,0,0
1833,5,loam,Wheat,27.2,73.8,24.1,-2.74,0.5943071371050902,0.45,7.74,0,0,0
1834,7,clay,Maize,54.3,187.7,24.4,0.33,0.41958900578038594,0.83,7.14,0,0,0
1835,8,clay,Pigeon pea,71.4,212.1,30.1,1.04,0.22847108915449535,0.77,8.36,0,0,0
1836,12,loam,Soybean,126.6,429.2,26.8,0.39,1.4724319276954343,0.91,8.13,0,0,0
1837,11,loam,Wheat,74.3,182.9,27.9,-0.03,0.14466764791769543,0.73,7.99,0,0,0
1838,5,loam,Sugarcane,49.2,166.6,23.3,0.81,0.20514175793407247,0.49,7.48,0,0,0
1839,10,sandy,Sugarcane,43.4,138.5,25.5,-0.62,0.5383206604986355,0.29,6.29,1,0,0
1840,15,clay,Chilli,57.9,169.4,26.8,0.06,0.6335133842473658,0.49,8.21,0,0,0
1841,7,clay,Sugarcane,10.2,31.4,23.7,0.14,0.0,0.93,7.58,0,0,0
1842,13,sandy,Ragi,56.9,134.9,23.7,-1.07,1.3018958683377342,0.37,7.04,1,0,1
1843,8,clay,Mustard,44.7,91.4,28.7,0.14,0.0,0.43,7.04,0,1,0
1844,3,sandy,Chilli,77.7,182.5,27.4,1.46,0.8341379636098069,0.31,6.06,1,0,1
1845,3,sandy,Chilli,219.5,773.2,28.9,1.25,1.5,0.38,6.9,0,1,0
1846,5,loam,Sugarcane,19.1,60.2,27.6,2.26,1.2022215905552378,0.6,8.63,0,0,0
1847,9,clay,Chickpea,83.1,209.9,24.0,-1.84,0.9683799647105708,0.7,7.97,0,0,0
1848,14,clay,Chilli,74.8,262.7,27.1,-2.25,0.5697011522591231,0.73,7.85,0,0,0
1849,6,clay,Cotton,173.7,515.1,29.7,-1.02,0.7688448190547217,0.56,7.84,0,1,0
1850,5,loam,Wheat,124.8,389.5,25.8,0.36,0.5837504812000482,0.45,7.29,1,0,0
1851,10,sandy,Pearl millet,33.7,87.9,26.8,0.51,0.9226986738232414,0.29,6.84,1,1,1
1852,5,loam,Wheat,30.7,65.8,25.8,0.79,0.477567576104428,0.65,8.53,0,1,0
1853,7,clay,Maize,127.9,459.1,23.6,-1.18,0.6324923625976127,0.42,7.26,0,0,0
1854,4,sandy,Groundnut,29.4,71.2,27.1,0.91,0.4694429996024058,0.63,7.08,0,0,1
1855,5,loam,Rice,37.4,88.6,22.7,-0.58,0.4811474813954325,0.79,6.95,0,0,0
1856,1,clay,Pigeon pea,72.2,153.5,31.2,1.45,0.814506095964676,0.85,8.56,0,0,0
1857,9,clay,Chickpea,104.0,234.5,20.5,0.23,0.7303220649389658,0.7,6.29,0,0,0
1858,8,clay,Cotton,12.2,27.3,30.2,-0.08,0.0,0.73,8.36,0,0,0
1859,3,sandy,Soybean,53.4,117.9,25.6,0.27,0.8042488993355881,0.76,5.71,0,1,0
1860,12,loam,Pearl millet,39.3,96.8,20.2,-0.39,0.0,0.9,6.65,0,1,0
1861,4,sandy,Chilli,122.1,428.0,26.1,0.94,1.2279951593258789,0.63,6.61,0,1,1
1862,10,sandy,Pearl millet,14.1,44.4,24.6,-0.98,0.470651093037723,0.52,6.66,0,1,0
1863,2,loam,Tomato,37.7,103.9,28.7,0.62,0.48537544792906356,0.35,8.38,0,0,0
1864,1,clay,Groundnut,122.8,260.8,29.2,0.41,0.03712684193382054,0.8,7.99,0,0,0
1865,2,loam,Cotton,35.1,77.0,24.7,0.18,0.5797030656398897,0.25,7.87,0,1,0
1866,8,clay,Chilli,25.1,64.3,28.9,0.11,0.45052271955574763,0.39,8.4,1,0,0
1867,3,sandy,Rice,264.1,810.0,28.8,-0.82,1.5,0.22,6.29,0,0,1
1868,5,loam,Rice,32.1,79.9,25.7,1.45,0.46749284371963357,0.52,7.48,0,0,0
1869,9,clay,Mustard,66.1,218.4,27.4,0.89,0.0,0.73,9.2,0,0,0
1870,10,sandy,Wheat,34.3,73.5,27.0,-1.19,0.9498038134038782,0.1,5.9,1,0,0
1871,12,loam,Rice,5.3,18.5,25.6,-0.6,0.0,0.71,7.03,0,0,0
1872,7,clay,Chilli,15.4,51.7,22.6,1.11,0.0,0.59,9.2,1,1,0
1873,2,loam,Banana,67.1,197.4,27.5,0.14,1.0722731507962342,0.45,7.36,0,0,0
1874,15,clay,Mustard,78.2,181.3,25.7,-1.13,0.503440535240637,0.6,6.65,0,1,0
1875,12,loam,Maize,33.5,114.6,26.1,0.61,0.1056027675830081,0.64,9.12,0,0,0
1876,13,sandy,Tomato,6.2,16.0,27.6,-0.52,0.22095005051874392,0.3,8.62,1,0,0
1877,14,clay,Sorghum,25.7,78.9,25.2,-0.19,0.1652249188987684,0.37,7.6,1,0,1
1878,11,loam,Potato,25.5,86.7,26.1,-0.56,0.0,0.59,6.85,0,0,0
1879,15,clay,Rice,37.0,114.7,27.3,-0.12,0.0,0.56,6.85,0,0,0
1880,8,clay,Chilli,23.2,63.0,28.5,-1.3,0.0,0.51,7.41,0,0,0
1881,9,clay,Wheat,288.9,793.6,22.1,-0.75,1.5,0.94,8.15,0,0,0
1882,9,clay,Soybean,25.3,76.3,25.2,1.22,0.5024013866271481,0.6,7.92,0,1,0
1883,8,clay,Cotton,149.6,533.6,24.5,1.27,1.2361559471980006,0.89,9.2,0,1,0
1884,7,clay,Sugarcane,125.7,351.4,22.1,0.65,1.06858529196475,0.48,9.2,1,1,0
1885,5,loam,Wheat,26.5,54.6,23.4,-0.54,0.0,0.49,6.65,0,0,0
1886,12,loam,Maize,76.8,274.6,25.1,-1.18,0.5172608415199448,0.37,7.13,0,1,0
1887,5,loam,Wheat,53.5,113.5,20.5,0.81,0.6007544699502967,0.58,6.72,0,0,1
1888,14,clay,Cotton,49.2,100.0,26.1,0.96,0.6294626075704587,0.46,6.92,0,1,0
1889,12,loam,Rice,75.2,253.9,24.7,-1.6,0.20083818650040344,0.56,8.21,0,0,0
1890,15,clay,Banana,117.0,347.7,23.7,-1.37,0.8475337701743524,0.76,7.1,0,0,0
1891,10,sandy,Pearl millet,58.6,162.5,28.1,0.07,0.7763658276555425,0.35,6.43,1,1,1
1892,9,clay,Wheat,123.1,304.4,24.7,-1.42,0.5267058467356963,0.87,7.15,0,1,0
1893,6,clay,Soybean,221.8,658.7,27.3,-0.4,0.9823474312886807,0.62,7.78,0,0,0
1894,11,loam,Potato,12.7,44.2,26.8,-1.65,0.0,0.48,6.38,0,0,0
1895,9,clay,Pigeon pea,33.8,115.9,23.4,-0.5,0.0,0.99,9.16,0,0,0
1896,6,clay,Pigeon pea,38.7,86.3,26.4,0.3,0.0,0.54,8.33,0,0,0
1897,2,loam,Cotton,57.7,162.0,31.7,0.56,0.27511352532489286,0.38,7.45,0,1,0
1898,1,clay,Groundnut,81.8,263.4,28.1,-0.99,0.35752031552926666,0.17,7.65,1,0,0
1899,4,sandy,Maize,35.1,91.4,21.1,-1.46,1.2717955250841544,0.72,7.6,0,0,0
1900,11,loam,Rice,58.0,147.6,28.4,-0.87,0.6497006593962324,0.25,7.7,0,1,0
1901,14,clay,Sorghum,148.4,475.0,28.4,-0.52,0.6556665318517125,0.55,8.03,0,0,0
1902,15,clay,Mustard,123.9,397.6,28.0,-1.54,1.0528488721684615,0.81,7.44,0,0,0
1903,8,clay,Rice,136.4,339.1,26.5,1.98,1.2151100470683245,0.71,7.61,0,0,0
1904,13,sandy,Ragi,14.1,41.3,24.2,0.47,0.0137913348552266,0.39,6.89,1,1,0
1905,1,clay,Rice,11.5,36.3,23.8,-1.63,0.0,0.73,8.08,0,0,0
1906,14,clay,Chilli,11.7,33.9,24.9,-0.23,0.0,0.84,9.2,0,0,0
1907,15,clay,Potato,263.9,577.0,31.9,0.18,1.5,0.68,7.88,0,1,0
1908,7,clay,Onion,111.7,379.9,26.7,0.39,0.014633089027268897,0.79,7.23,0,0,0
1909,1,clay,Green gram,144.7,457.9,30.4,-0.67,0.07483367375033989,0.73,7.53,0,0,0
1910,11,loam,Groundnut,266.2,680.8,20.9,0.82,1.5,0.69,6.93,0,0,0
1911,1,clay,Rice,364.3,1101.5,27.5,0.71,1.5,0.52,8.79,0,0,0
1912,10,sandy,Turmeric,97.7,264.1,27.5,-0.01,0.704027273612922,0.52,5.69,1,0,0
1913,5,loam,Sugarcane,30.2,65.9,26.7,0.71,0.5823517231930844,0.48,7.9,0,0,0
1914,9,clay,Banana,186.3,649.8,26.4,2.25,1.4133324041362445,0.94,8.38,0,0,0
1915,14,clay,Sugarcane,110.9,324.3,24.9,-0.69,0.17429120193463737,0.74,6.94,0,1,0
1916,3,sandy,Chilli,45.0,156.1,34.4,-0.28,0.6146117541143225,0.71,6.83,0,0,0
1917,1,clay,Rice,18.2,65.0,31.3,-1.18,0.2533208095476651,0.85,7.72,0,0,0
1918,9,clay,Ragi,75.5,248.6,25.4,-0.79,0.0,0.94,6.81,0,0,0
1919,11,loam,Rice,22.3,47.3,29.9,0.69,0.468876728090772,0.78,7.49,0,0,0
1920,5,loam,Sugarcane,14.0,47.3,27.0,-0.13,0.3687057247832309,0.63,7.51,0,0,0
1921,3,sandy,Sugarcane,19.3,43.3,27.5,-0.73,0.6290827765744673,0.47,4.92,1,0,0
1922,11,loam,Rice,207.7,463.6,23.7,1.11,1.4237873014594276,0.53,7.37,0,0,0
1923,11,loam,Banana,47.8,106.2,25.9,0.12,0.29377637532713613,0.68,6.66,0,0,0
1924,15,clay,Potato,99.9,205.4,25.1,1.69,0.5182263073654563,0.37,8.29,0,0,0
1925,13,sandy,Ragi,69.1,222.9,23.6,-0.68,0.5352735249391525,0.1,6.29,1,0,0
1926,11,loam,Rice,46.8,137.9,22.8,-0.04,0.6827685804266416,0.69,7.95,0,0,0
1927,1,clay,Groundnut,43.0,116.2,29.1,-1.86,0.0,0.7,5.92,0,0,0
1928,4,sandy,Maize,27.4,61.7,26.2,-1.13,0.3822473136155221,0.3,6.79,1,0,0
1929,10,sandy,Wheat,107.1,348.2,29.7,-0.6,1.256528962709461,0.55,6.35,0,0,1
1930,7,clay,Sugarcane,115.5,247.7,25.7,-0.54,0.0,0.55,8.16,0,0,0
1931,1,clay,Groundnut,155.8,540.6,32.3,-0.18,0.7876674057664481,0.22,7.86,0,1,0
1932,9,clay,Chickpea,88.3,271.4,23.8,-0.15,0.3433932145115948,0.37,6.76,0,1,0
1933,12,loam,Wheat,54.2,157.7,24.5,-1.45,0.2601008441682945,0.56,7.73,0,1,1
1934,11,loam,Potato,227.3,614.6,25.8,0.75,1.5,0.79,7.05,0,1,0
1935,14,clay,Sugarcane,89.0,239.0,20.0,-1.18,0.37585013878478724,0.94,7.32,0,1,0
1936,3,sandy,Sunflower,28.3,84.1,32.3,1.33,0.6490147556075556,0.74,6.3,0,1,1
1937,15,clay,Rice,219.7,716.0,21.6,-1.07,0.8525138147050996,0.5,8.29,0,0,1
1938,8,clay,Tomato,49.2,164.6,27.5,-0.78,0.0,0.1,6.09,1,1,0
1939,5,loam,Groundnut,31.8,100.5,26.4,-0.38,0.0,0.86,7.05,0,1,0
1940,13,sandy,Tomato,127.6,340.1,28.7,-0.09,0.920286162797581,0.1,6.37,1,0,0
1941,2,loam,Maize,17.4,39.6,27.0,1.25,0.12312932631123528,0.41,7.97,0,1,0
1942,1,clay,Groundnut,143.6,393.3,31.0,-0.5,0.9996180421144434,0.54,7.08,0,0,0
1943,11,loam,Potato,63.2,145.5,28.4,1.15,0.01933059073373733,0.55,6.85,0,0,1
1944,11,loam,Wheat,11.9,25.6,21.8,2.31,0.8153936145743039,0.46,5.15,1,0,0
1945,2,loam,Maize,17.1,59.7,22.4,0.38,0.23887808946907715,0.66,7.64,0,1,0
1946,14,clay,Cotton,65.2,201.1,18.7,-0.84,0.1998826211966909,0.88,8.09,0,0,0
1947,13,sandy,Tomato,38.3,122.1,21.0,0.85,0.8321652223840413,0.35,7.44,0,0,1
1948,12,loam,Rice,55.9,154.6,29.0,-0.28,0.0022735083847538473,0.8,6.48,0,0,0
1949,6,clay,Cotton,22.4,68.6,25.6,0.69,0.0,0.73,6.82,0,0,0
1950,14,clay,Cotton,25.1,62.6,23.8,1.84,0.0,0.91,8.24,0,0,0
1951,2,loam,Maize,2.0,6.6,22.7,0.44,0.0,0.62,9.06,0,0,0
1952,12,loam,Wheat,48.9,98.3,32.0,-0.49,0.2238175798662355,0.36,5.68,0,1,0
1953,13,sandy,Tomato,9.2,24.0,24.2,-2.33,0.0,0.45,6.48,0,0,1
1954,8,clay,Chilli,26.7,72.0,29.1,0.19,0.3291260675052839,0.6,7.88,0,1,0
1955,6,clay,Tomato,4.3,14.0,27.5,-0.18,0.0,0.46,7.61,1,0,0
1956,8,clay,Chilli,72.9,210.9,23.2,0.14,0.11447267624451138,0.95,8.65,0,1,0
1957,1,clay,Banana,95.0,239.3,28.5,1.5,0.43977221667302874,0.82,8.24,0,0,0
1958,1,clay,Green gram,66.3,182.6,28.8,0.87,0.0,0.51,7.9,0,0,0
1959,6,clay,Pigeon pea,50.3,152.6,28.1,0.48,0.4416470163265479,0.65,7.81,0,1,0
1960,1,clay,Green gram,70.0,174.5,34.6,-1.05,0.47252504702568554,0.88,8.67,0,1,0
1961,10,sandy,Wheat,89.9,304.2,28.5,2.37,0.8868479261241764,0.16,6.1,0,0,0
1962,10,sandy,Mustard,13.1,32.5,25.4,0.69,0.6545223924141207,0.54,6.48,0,1,0
1963,13,sandy,Tomato,6.3,20.1,23.6,0.62,0.02071909881166689,0.22,7.18,1,1,1
1964,5,loam,Sugarcane,32.8,82.7,23.2,0.65,0.0,0.52,6.81,1,0,0
1965,13,sandy,Tomato,126.6,343.9,27.6,2.51,1.5,0.12,7.07,1,1,0
1966,5,loam,Rice,146.7,480.1,26.7,-1.05,0.26872788510788725,0.39,7.77,0,0,0
1967,9,clay,Tomato,124.3,273.3,28.1,-2.37,0.04793103005820132,0.66,8.11,0,1,0
1968,13,sandy,Tomato,12.5,41.2,27.6,0.24,0.16822228984405924,0.27,5.49,0,0,0
1969,6,clay,Cotton,55.0,153.1,30.8,-1.75,0.3676329497187556,0.88,6.41,0,1,0
1970,2,loam,Rice,13.3,40.6,20.6,0.65,0.0,0.47,6.43,1,1,0
1971,13,sandy,Chickpea,59.9,156.6,30.3,1.02,1.2437792366717395,0.33,6.98,0,0,0
1972,5,loam,Sugarcane,60.1,199.4,20.0,-0.3,0.729949025031529,0.46,6.45,0,1,0
1973,4,sandy,Rice,154.9,487.3,23.2,0.58,1.4376475104622706,0.26,5.64,1,0,1
1974,11,loam,Wheat,111.7,374.3,23.7,1.72,0.7815886557252549,0.2,7.52,1,0,0
1975,9,clay,Soybean,31.0,71.6,16.9,1.58,0.5536551424012899,0.97,7.53,0,0,0
1976,1,clay,Lentil,127.5,329.1,26.1,-1.15,1.0997021186891605,0.65,7.78,0,0,0
1977,14,clay,Sorghum,40.2,125.4,21.9,0.36,0.0,0.43,6.89,0,0,0
1978,8,clay,Lentil,60.0,178.3,27.9,0.42,0.669612375804929,0.65,6.22,1,1,0
1979,5,loam,Wheat,52.6,152.9,23.2,-1.5,0.0348146205383027,0.71,7.03,0,0,0
1980,2,loam,Cotton,29.8,82.4,24.3,0.58,0.1103025038648458,0.67,6.95,0,0,0
1981,11,loam,Rice,67.8,149.0,23.4,1.25,0.866406748901009,0.53,7.13,0,0,0
1982,12,loam,Wheat,161.0,479.3,26.6,0.64,0.7526894341673891,0.67,8.69,0,0,0
1983,12,loam,Maize,182.2,571.4,20.1,-0.47,1.5,0.48,8.32,0,1,0
1984,10,sandy,Mustard,44.6,126.5,21.9,-0.73,0.21133937200469838,0.26,7.29,1,0,0
1985,14,clay,Cotton,71.3,212.8,24.4,0.24,0.3098577119035384,1.07,6.77,0,1,0
1986,10,sandy,Pearl millet,29.6,64.2,26.4,-1.4,0.0,0.54,7.64,0,0,0
1987,4,sandy,Rice,1.2,4.0,26.0,0.07,0.14124691685581592,0.64,7.12,0,0,1
1988,4,sandy,Potato,60.4,146.0,25.8,0.51,1.169944086578564,0.34,5.82,0,0,0
1989,6,clay,Pigeon pea,235.7,534.1,24.6,1.63,1.0096555322858018,0.79,9.2,0,0,0
1990,11,loam,Wheat,95.9,342.7,20.8,0.51,0.0215496334506613,0.61,7.05,0,0,0
1991,1,clay,Groundnut,16.8,40.2,26.7,1.45,0.47157615917564566,1.01,6.72,0,0,0
1992,5,loam,Chilli,13.7,40.2,24.8,0.08,0.0,0.45,6.93,0,0,0
1993,7,clay,Maize,52.8,166.1,27.3,-1.08,0.07503250118297537,0.88,7.87,0,0,0
1994,9,clay,Soybean,53.7,162.0,28.8,0.73,0.6397929005653438,0.43,7.2,0,0,0
1995,3,sandy,Cotton,28.7,70.2,32.9,-0.55,0.6985755422583233,0.64,8.0,0,0,0
1996,2,loam,Sorghum,63.0,150.4,24.5,0.82,0.0,0.76,6.76,0,1,0
1997,14,clay,Wheat,45.8,95.1,28.6,-0.98,0.10050009865162593,0.87,9.2,0,0,0
1998,2,loam,Sorghum,35.0,90.9,28.0,0.13,0.18753243252507684,0.45,7.07,0,0,0
1999,2,loam,Banana,51.3,103.5,21.9,1.11,0.4286998547666168,0.1,8.0,1,0,0
2000,3,sandy,Green gram,329.5,719.0,29.7,0.82,1.5,0.44,6.28,0,0,1
2001,6,clay,Soybean,439.3,912.8,32.7,-1.4,1.5,0.87,8.51,0,0,0
2002,4,sandy,Groundnut,1.8,4.3,26.0,0.54,0.16879959962415714,0.59,7.78,0,0,1
2003,13,sandy,Maize,23.4,58.7,20.9,0.29,0.5843458567366875,0.29,6.02,0,0,0
2004,2,loam,Banana,89.1,271.6,29.0,-1.03,0.41121629879761795,0.82,7.04,0,0,0
2005,3,sandy,Cotton,26.1,77.0,30.4,-0.16,0.5933913249523214,0.62,7.05,0,1,0
2006,2,loam,Sorghum,23.7,69.7,25.8,-0.5,0.0,0.64,7.61,0,0,0
2007,10,sandy,Wheat,89.9,212.5,25.9,1.72,1.217852749208149,0.49,6.38,0,0,1
2008,14,clay,Chilli,24.4,83.9,26.7,0.08,0.6222234456769605,0.35,7.46,0,1,0
2009,3,sandy,Soybean,126.3,314.5,30.1,-0.15,1.5,0.29,5.78,1,0,0
2010,9,clay,Potato,22.0,75.7,23.9,-1.62,0.0,0.59,8.65,0,1,1
2011,6,clay,Pearl millet,270.6,704.8,24.5,-0.12,1.5,0.64,7.99,0,1,0
2012,10,sandy,Turmeric,22.0,58.1,23.7,-3.13,0.31641056682602653,0.29,6.13,1,0,0
2013,10,sandy,Wheat,21.7,58.9,21.5,0.99,0.32418281368667423,0.61,5.17,0,0,1
2014,5,loam,Wheat,43.1,114.3,24.2,2.6,0.6559049973621911,0.42,7.68,0,0,0
2015,10,sandy,Banana,30.2,64.5,19.3,0.99,0.5901022217696922,0.38,7.33,0,0,1
2016,1,clay,Chilli,110.8,261.6,30.0,-0.41,0.0,0.91,6.61,0,0,0
2017,8,clay,Green gram,99.3,307.4,24.8,0.58,0.8946825371872428,0.91,7.39,0,0,0
2018,15,clay,Onion,132.2,391.1,24.3,-0.52,0.905787702964793,0.59,5.88,0,0,0
2019,14,clay,Chilli,121.4,367.3,27.3,0.39,1.0103869522701001,0.77,8.0,0,0,0
2020,1,clay,Rice,8.4,26.4,28.4,0.18,0.12245455374851465,0.81,8.22,0,1,0
2021,1,clay,Groundnut,60.5,152.9,25.7,1.78,0.9102797153743388,0.77,7.58,0,0,0
2022,13,sandy,Potato,82.9,226.6,25.7,0.18,1.0600579876576466,0.45,6.37,0,0,0
2023,4,sandy,Mustard,15.3,32.5,29.0,0.44,0.08693035255518317,0.46,7.17,0,0,0
2024,10,sandy,Tomato,105.9,237.5,24.4,-2.82,0.5831296394110904,0.62,6.26,0,0,0
2025,9,clay,Soybean,16.6,59.0,24.2,-0.24,0.0,0.74,8.26,0,0,0
2026,7,clay,Onion,31.9,74.9,27.7,-0.64,0.0,0.82,9.03,0,0,0
2027,5,loam,Rice,6.0,15.0,20.7,-1.78,0.0,0.65,6.48,0,0,0
2028,12,loam,Rice,90.6,303.0,29.8,1.77,0.392606500620049,0.56,7.63,0,1,0
2029,4,sandy,Potato,65.5,132.4,24.0,1.39,1.3926193917315464,0.22,6.53,0,1,0
2030,12,loam,Banana,16.2,56.6,26.7,0.57,0.0,0.59,7.76,0,1,0
2031,4,sandy,Maize,106.6,274.3,23.5,1.63,1.3483901785616643,0.44,7.01,0,0,1
2032,14,clay,Chilli,106.1,241.8,24.2,0.82,0.39805666705050835,0.67,6.82,0,0,0
2033,11,loam,Wheat,208.3,709.1,23.4,0.28,1.3202051393860939,0.58,7.26,0,0,0
2034,9,clay,Maize,67.8,168.6,23.3,-1.53,0.2837450220452329,0.19,8.55,1,0,0
2035,2,loam,Sorghum,154.4,546.1,25.0,-1.27,0.6333771833723916,0.62,8.39,0,1,0
2036,4,sandy,Maize,84.6,286.8,27.5,-0.34,1.0155085166540272,0.42,6.75,0,0,1
2037,10,sandy,Mustard,12.9,45.9,28.4,0.02,0.2581121787330585,0.24,6.54,1,0,1
2038,9,clay,Chickpea,22.8,81.1,24.3,0.58,0.0,0.55,8.45,0,1,0
2039,2,loam,Cotton,161.5,478.0,25.7,-1.57,0.9538608016872674,0.42,7.93,0,1,0
2040,2,loam,Sorghum,83.5,243.9,23.3,0.33,1.0721700985734368,0.25,7.83,0,0,0
2041,10,sandy,Wheat,4.0,12.4,25.3,0.92,0.21717413209652403,0.44,6.5,0,0,1
2042,6,clay,Pigeon pea,80.0,212.6,24.1,0.76,0.4798361485823797,0.65,8.16,0,0,0
2043,8,clay,Chilli,19.5,60.7,27.8,1.16,0.4343562360057661,0.64,7.68,0,1,0
2044,10,sandy,Mustard,114.6,265.0,23.2,-0.83,1.0318010959613022,0.68,5.97,0,1,1
2045,13,sandy,Ragi,86.5,181.4,26.0,1.81,0.6707999343187315,0.29,5.63,0,1,0
2046,4,sandy,Soybean,162.7,364.9,21.6,-0.09,0.983213500855322,0.34,6.01,1,1,1
2047,11,loam,Wheat,88.9,264.9,31.2,-0.71,0.0,0.6,7.91,0,0,0
2048,13,sandy,Maize,16.0,51.1,22.5,-0.85,0.3651367542291366,0.3,6.68,0,0,0
2049,14,clay,Chilli,36.0,115.3,28.0,0.79,0.0,0.4,7.09,0,0,0
2050,15,clay,Tomato,12.4,44.4,29.8,-0.08,0.0,0.5,6.44,0,0,0
2051,1,clay,Rice,14.2,40.6,27.7,-0.4,0.029954827605616352,0.75,7.43,0,0,0
2052,2,loam,Maize,32.7,93.8,25.9,0.92,0.19849944918008372,0.41,4.91,0,0,0
2053,14,clay,Chickpea,62.3,156.0,27.2,-1.78,0.0,1.08,8.11,0,1,0
2054,4,sandy,Wheat,25.6,84.2,26.7,0.43,0.5200950728701476,0.26,6.79,1,1,1
2055,5,loam,Sugarcane,100.1,224.4,23.2,1.27,0.7154049483504572,0.51,7.65,0,0,0
2056,8,clay,Groundnut,29.9,67.6,28.2,-0.62,0.6048864334902384,0.47,8.01,0,1,0
2057,10,sandy,Pearl millet,25.8,74.5,27.3,-0.54,0.5911829101681413,0.1,7.12,0,0,1
2058,1,clay,Groundnut,134.6,299.5,25.3,0.2,1.1088512801249033,0.62,8.21,0,0,0
2059,10,sandy,Cotton,24.2,81.2,28.6,-0.5,1.1665379924762262,0.22,6.32,1,0,0
2060,2,loam,Cotton,24.5,60.0,27.1,1.19,0.6364482352478177,0.63,7.4,0,0,0
2061,6,clay,Cotton,89.8,308.7,30.3,0.02,0.09314735325351386,0.57,8.55,0,1,0
2062,14,clay,Sorghum,176.1,362.2,27.2,-0.33,0.9595158768856433,0.67,9.2,0,0,0
2063,2,loam,Cotton,42.8,129.6,30.0,0.62,1.3173929635622679,0.28,7.59,0,0,0
2064,1,clay,Wheat,118.7,244.6,24.7,-1.16,0.2911686820148752,0.98,8.19,0,0,0
2065,8,clay,Rice,188.1,436.4,24.9,0.67,1.2394264832457382,0.43,8.94,0,0,0
2066,4,sandy,Pigeon pea,28.6,96.4,21.7,1.29,1.0355620291857544,0.37,6.25,1,0,1
2067,4,sandy,Pigeon pea,92.5,220.4,24.6,-1.05,1.0667363774013285,0.43,7.12,0,1,1
2068,7,clay,Maize,52.9,177.5,27.9,-0.51,0.0,0.94,8.08,0,0,0
2069,3,sandy,Rice,65.9,171.7,31.3,1.76,1.3080290869739724,0.65,6.78,0,1,1
2070,1,clay,Green gram,16.8,53.1,27.8,-0.22,0.0,1.0,8.46,0,1,0
2071,14,clay,Sunflower,45.1,142.2,26.2,-1.17,0.08428719412095684,0.36,7.1,0,0,0
2072,13,sandy,Ragi,27.1,59.8,24.3,-1.16,0.5889690233796939,0.75,6.75,0,0,1
2073,7,clay,Sugarcane,34.5,109.1,26.4,-1.28,0.0,0.67,8.24,0,1,0
2074,13,sandy,Rice,43.0,125.4,23.0,-1.16,1.0147315655887619,0.63,6.75,0,1,0
2075,15,clay,Rice,68.7,204.4,29.1,-1.67,0.6444565439096437,0.24,7.28,0,0,0
2076,6,clay,Ragi,109.4,276.4,22.5,0.68,1.1917106596878022,0.43,7.26,0,1,0
2077,3,sandy,Chilli,23.1,66.9,28.6,-0.78,1.1422063558007611,0.49,6.56,0,0,1
2078,4,sandy,Rice,18.0,38.4,25.8,-0.48,0.5436916890314147,0.35,6.83,0,0,1
2079,15,clay,Rice,48.8,138.9,23.7,0.06,0.0,0.64,8.33,0,0,1
2080,14,clay,Sorghum,94.9,217.5,21.5,-2.01,0.603948867626631,0.8,6.45,0,1,0
2081,11,loam,Wheat,33.9,116.8,22.9,0.2,0.20440880445754667,0.79,7.48,0,0,0
2082,11,loam,Wheat,62.6,150.3,23.6,-1.25,0.7172415417664593,0.45,7.08,0,0,0
2083,5,loam,Turmeric,68.3,176.6,23.0,-0.63,0.08430978023292224,0.49,7.59,0,0,0
2084,8,clay,Cotton,109.0,303.7,30.3,-0.79,0.14956382825858883,0.62,7.74,0,0,0
2085,6,clay,Cotton,91.2,240.7,23.5,0.57,0.42113135681368546,0.79,9.03,0,0,0
2086,6,clay,Soybean,38.6,87.7,25.8,0.57,0.7334743615016166,0.54,7.56,0,0,0
2087,11,loam,Wheat,121.8,287.8,23.9,-0.74,0.7986344313388284,0.52,7.31,0,0,0
2088,9,clay,Chickpea,33.2,108.2,21.9,-1.05,0.06361602524224154,0.41,7.63,0,1,0
2089,7,clay,Onion,19.4,64.3,25.7,-0.35,0.0,0.64,9.05,0,0,0
2090,4,sandy,Wheat,36.1,107.6,24.5,0.83,0.6591460987637814,0.57,6.11,0,1,0
2091,10,sandy,Wheat,19.3,41.1,26.0,0.42,0.9536296188076123,0.19,5.82,0,0,0
2092,7,clay,Maize,31.3,73.0,19.7,-0.22,0.10898517936999928,0.88,6.87,0,0,0
2093,1,clay,Chilli,175.6,501.2,31.7,-0.21,1.5,0.68,6.29,1,1,0
2094,11,loam,Rice,53.4,124.8,27.6,0.68,0.3762263260615654,0.43,7.71,0,0,1
2095,6,clay,Soybean,30.3,93.2,30.1,-0.4,0.0022497546815504702,0.93,7.69,0,0,0
2096,7,clay,Sugarcane,13.5,41.5,28.6,1.07,0.37318240581551404,0.97,7.98,0,1,0
2097,15,clay,Sunflower,242.7,511.8,23.3,0.37,1.5,0.54,6.25,1,1,0
2098,11,loam,Pigeon pea,61.8,162.3,22.3,-0.49,1.2094808798880687,0.46,8.35,0,0,0
2099,2,loam,Maize,68.3,215.9,21.7,1.37,0.3931896405388159,0.27,5.71,1,1,0
2100,12,loam,Maize,244.0,756.2,28.5,-0.93,1.4260687982983935,0.5,7.35,0,1,0
2101,5,loam,Cotton,26.9,80.6,21.9,-3.26,0.0,0.97,7.29,0,1,0
2102,12,loam,Wheat,47.6,98.4,29.4,0.16,0.6587959323386908,0.69,9.2,0,1,0
2103,6,clay,Cotton,111.4,379.3,29.6,-0.71,1.277245621300243,0.63,7.18,0,0,0
2104,9,clay,Wheat,42.0,137.8,25.4,0.9,0.35597810846536465,0.94,7.94,0,0,0
2105,11,loam,Rice,9.6,22.4,30.9,-0.02,0.46070403963165557,0.62,6.25,0,0,1
2106,3,sandy,Sorghum,37.6,92.6,26.3,0.43,0.15506589869115117,0.29,7.25,1,0,0
2107,3,sandy,Chilli,145.7,475.3,24.6,-1.14,1.5,0.1,6.64,1,0,0
2108,11,loam,Potato,21.0,61.3,24.4,-0.51,0.23602964887942757,0.56,8.28,0,1,0
2109,2,loam,Maize,19.8,43.1,25.8,0.86,0.8265116355082706,0.69,6.18,0,0,0
2110,13,sandy,Tomato,44.6,121.7,24.4,-1.17,0.8321453599307247,0.51,6.17,0,1,1
2111,7,clay,Onion,50.9,115.1,28.1,2.32,0.7858175769795788,0.65,7.64,0,0,0
2112,2,loam,Banana,30.5,84.6,28.3,-0.37,0.0,0.76,9.18,0,0,0
2113,12,loam,Sugarcane,49.6,138.7,24.1,1.18,0.6652749608715747,0.98,7.05,0,0,1
2114,14,clay,Cotton,42.0,142.4,25.9,0.83,0.0,0.65,7.59,0,0,0
2115,2,loam,Cotton,236.3,847.4,30.1,0.16,1.3385296553424961,0.69,7.27,0,1,0
2116,15,clay,Tomato,132.7,303.7,25.5,0.1,0.7145510483519133,0.54,7.32,0,0,0
2117,7,clay,Sugarcane,39.4,108.0,32.1,-0.54,0.0,0.31,8.22,0,0,0
2118,11,loam,Potato,57.6,191.2,30.4,-0.56,0.5909868637768365,0.1,6.29,1,0,0
2119,4,sandy,Wheat,120.2,249.0,23.2,-0.58,0.5991527536459241,0.34,6.03,0,0,0
2120,2,loam,Maize,35.3,82.8,27.9,-0.99,0.48236846106775266,0.79,5.86,0,0,0
2121,15,clay,Rice,61.2,178.2,31.2,1.15,0.09104489207808047,0.72,8.19,0,0,1
2122,10,sandy,Cotton,15.1,37.7,23.1,-1.0,0.4434435690962283,0.18,6.69,0,0,0
2123,4,sandy,Maize,31.5,97.3,25.5,0.75,0.9165814193245571,0.47,6.21,0,0,0
2124,6,clay,Wheat,76.0,195.7,31.7,-0.05,1.1462554023747602,0.63,6.92,0,0,0
2125,12,loam,Wheat,281.9,598.7,21.3,-0.49,1.5,0.31,8.44,0,1,1
2126,5,loam,Wheat,35.6,104.7,24.1,0.87,0.021394742056596194,0.61,6.22,0,0,0
2127,11,loam,Potato,9.8,20.5,30.3,0.03,0.37261327326046795,0.43,7.32,0,1,0
2128,1,clay,Rice,75.0,167.3,29.0,-1.04,0.45536620540900574,0.67,6.3,0,0,0
2129,15,clay,Mustard,37.3,97.4,29.7,0.33,0.4035787645807236,0.58,7.51,0,0,0
2130,11,loam,Cotton,86.1,226.2,30.4,-0.6,0.6352309276569794,0.42,7.42,1,0,1
2131,6,clay,Soybean,78.2,171.5,33.5,1.02,0.5409753458948968,0.62,7.47,0,0,0
2132,9,clay,Wheat,35.5,109.8,27.8,0.75,0.17495618850411565,0.55,7.1,0,1,1
2133,3,sandy,Chilli,36.5,84.0,28.0,0.46,1.260431293705775,0.25,5.25,1,1,0
2134,7,clay,Sugarcane,62.5,129.4,26.9,1.01,0.0,0.6,7.06,0,0,0
2135,6,clay,Cotton,71.0,142.9,21.9,1.25,0.025871768145711793,0.7,8.18,0,0,0
2136,6,clay,Pigeon pea,20.2,43.5,25.3,0.37,0.0,0.62,9.02,0,0,0
2137,13,sandy,Onion,171.5,399.0,26.8,-1.12,1.5,0.47,5.99,0,0,1
2138,7,clay,Maize,106.0,247.2,29.4,1.21,1.5,0.36,6.45,0,0,0
2139,1,clay,Groundnut,32.9,110.4,26.9,1.2,0.5743886150586202,0.79,8.43,0,0,0
2140,7,clay,Sugarcane,35.6,113.5,28.5,-0.28,0.0,0.1,6.69,0,1,0
2141,1,clay,Rice,15.6,51.2,29.7,-0.05,0.18994726686574226,0.8,7.45,0,0,0
2142,8,clay,Pearl millet,79.2,164.3,28.3,0.15,0.39486377925522154,0.7,7.5,0,0,0
2143,11,loam,Rice,18.7,57.1,26.2,-0.3,0.0,0.1,7.38,1,0,0
2144,2,loam,Mustard,76.9,218.2,29.8,-0.93,0.9012995588043639,0.67,6.23,0,1,1
2145,1,clay,Rice,21.9,44.6,29.1,0.19,0.6036992029475157,0.39,7.83,1,0,0
2146,6,clay,Turmeric,19.9,53.6,29.3,-0.9,0.0,0.44,7.3,0,0,0
2147,8,clay,Rice,72.3,149.4,25.7,-0.36,0.68181076660607,0.86,8.03,0,0,0
2148,1,clay,Groundnut,92.4,203.4,31.1,-0.42,0.2723540133911169,0.78,7.94,0,0,1
2149,5,loam,Rice,51.6,177.9,23.5,0.24,0.32167198318707513,0.53,5.54,0,0,0
2150,12,loam,Rice,107.9,275.5,20.2,0.85,0.2751151204305217,0.57,5.29,0,0,0
2151,9,clay,Wheat,129.1,410.0,23.9,-0.13,0.45028671973269524,0.78,7.61,0,1,0
2152,8,clay,Sunflower,174.3,550.2,25.2,0.59,0.6375849297885203,0.63,6.82,0,0,0
2153,2,loam,Maize,14.0,40.4,28.1,-0.81,0.0,0.62,6.66,0,1,0
2154,12,loam,Maize,34.6,111.2,23.5,0.15,0.0,0.39,7.56,0,1,0
2155,9,clay,Lentil,21.9,72.8,27.9,-0.57,0.9902824770119396,0.57,8.33,0,1,0
2156,7,clay,Onion,43.3,135.2,25.1,-0.53,0.0,0.93,5.52,0,0,0
2157,10,sandy,Pigeon pea,19.5,48.5,21.0,0.25,0.6488444942433658,0.27,7.4,1,1,1
2158,3,sandy,Rice,25.6,79.6,30.5,-1.81,0.6983561353046708,0.39,7.89,0,1,0
2159,11,loam,Tomato,41.7,117.7,26.4,0.54,0.0,0.59,8.76,0,0,0
2160,5,loam,Lentil,26.5,63.5,26.6,0.29,0.2849961201104624,0.65,7.6,0,0,0
2161,1,clay,Groundnut,105.2,265.1,32.3,-1.26,0.31565470486965874,0.73,7.67,0,1,0
2162,4,sandy,Banana,4.5,16.2,26.2,0.19,0.47810498240905414,0.34,7.24,0,0,1
2163,6,clay,Pigeon pea,74.9,160.0,28.4,1.52,0.6446530497231255,0.38,6.65,1,0,0
2164,7,clay,Maize,25.9,54.2,24.0,-0.96,0.0,0.59,7.37,0,1,0
2165,4,sandy,Rice,72.2,232.9,24.6,-0.68,0.5480261914105388,0.36,5.91,0,0,0
2166,12,loam,Maize,53.3,107.0,24.5,0.68,0.7996154494290434,0.58,7.12,0,1,0
2167,4,sandy,Rice,50.0,147.2,26.6,2.15,1.5,0.29,5.67,1,1,0
2168,2,loam,Pigeon pea,85.4,233.7,27.3,0.62,0.7619445188917533,0.63,6.21,1,0,0
2169,4,sandy,Chickpea,130.6,280.2,19.5,0.15,1.3336555839881705,0.5,6.47,0,0,1
2170,7,clay,Onion,3.7,10.8,23.9,0.74,0.0,0.59,8.13,0,0,0
2171,1,clay,Groundnut,98.4,330.6,30.7,1.15,0.8854674486460719,0.58,8.21,0,0,0
2172,2,loam,Cotton,87.1,307.7,26.8,0.38,0.39435916152304074,0.53,6.23,0,1,0
2173,3,sandy,Chilli,28.8,58.1,34.3,0.44,0.0,0.78,6.92,0,1,0
2174,6,clay,Soybean,293.8,840.8,30.8,0.16,1.5,0.87,6.86,0,1,0
2175,15,clay,Tomato,98.2,274.5,26.6,-0.48,0.42481001289473747,0.89,7.73,0,1,0
2176,9,clay,Onion,158.7,517.9,22.4,0.19,1.3317010480505493,0.48,6.74,0,0,0
2177,2,loam,Banana,60.0,211.3,26.0,-2.32,0.36159107284675984,0.57,6.81,0,0,0
2178,2,loam,Maize,76.4,272.1,27.4,-0.86,0.3753937216732725,0.46,6.8,0,0,0
2179,2,loam,Banana,33.3,109.3,26.7,-1.26,0.04564152926571571,0.71,7.59,0,1,0
2180,1,clay,Lentil,41.6,92.1,26.2,-1.22,0.5489364460904976,0.32,8.25,0,0,0
2181,8,clay,Cotton,36.9,115.4,31.0,-0.25,0.0,0.96,6.1,0,1,0
2182,11,loam,Sorghum,75.3,256.6,25.9,-1.56,0.371665027917104,0.92,8.19,0,0,0
2183,7,clay,Soybean,133.6,416.3,24.0,0.88,1.3114180626428595,0.58,8.13,0,0,0
2184,7,clay,Potato,60.2,136.6,27.7,-0.92,0.3167931070617243,0.64,8.28,0,0,0
2185,9,clay,Cotton,94.2,245.0,23.9,-0.52,0.48251543392557306,0.43,7.42,0,1,0
2186,6,clay,Ragi,41.8,149.5,26.4,2.26,0.43775695734295456,0.59,8.05,0,1,0
2187,13,sandy,Pearl millet,37.4,89.2,20.8,-1.03,0.0,0.15,6.86,1,1,1
2188,11,loam,Wheat,59.7,201.0,21.1,0.26,0.3856585809228904,0.6,7.11,0,0,0
2189,15,clay,Lentil,681.6,1913.4,30.8,0.05,1.5,0.49,7.81,0,0,1
2190,2,loam,Maize,62.9,147.0,26.7,1.04,0.4706967762426469,0.7,7.17,0,0,0
2191,7,clay,Sugarcane,82.9,281.9,27.9,1.44,0.3936929519461039,0.88,7.64,0,0,0
2192,13,sandy,Ragi,148.2,297.2,22.8,0.73,1.5,0.61,6.21,0,0,0
2193,11,loam,Potato,18.2,46.9,24.9,-0.61,0.0,0.53,7.35,0,0,0
2194,12,loam,Rice,66.2,149.1,30.1,-0.43,0.0,0.63,7.79,0,1,0
2195,8,clay,Onion,21.4,68.3,30.6,-0.84,0.02950338288308732,0.45,6.82,0,0,0
2196,6,clay,Soybean,66.0,216.1,21.4,0.06,0.0,0.54,8.43,0,0,0
2197,12,loam,Chilli,138.5,435.5,29.4,-0.68,0.925953628784486,0.72,8.0,1,0,0
2198,8,clay,Cotton,47.7,131.7,31.5,1.6,0.7133393238046253,0.81,9.18,0,0,0
2199,7,clay,Maize,14.5,32.2,24.5,-0.01,0.0,0.63,8.32,0,0,0
2200,6,clay,Pigeon pea,72.2,234.9,22.3,-1.61,0.42878468788779833,0.83,8.32,0,1,0
2201,2,loam,Wheat,29.5,103.1,25.9,-0.21,0.12603779653701946,0.79,6.11,0,0,0
2202,12,loam,Wheat,70.0,214.0,25.0,-1.01,0.06484999892302146,0.18,7.15,0,0,0
2203,13,sandy,Maize,35.9,98.9,23.5,-0.47,0.33503745061324475,0.67,6.6,0,0,0
2204,1,clay,Mustard,111.0,388.0,30.0,0.47,1.166640397589175,0.67,6.86,0,0,0
2205,7,clay,Sunflower,78.3,172.6,28.5,-0.85,0.28175223601604743,0.91,7.94,0,0,0
2206,11,loam,Ragi,54.9,141.8,24.8,1.02,0.30522105490714513,0.49,7.38,1,1,0
2207,3,sandy,Rice,20.9,46.6,30.6,-0.32,0.5637376801303603,0.17,5.89,0,0,1
2208,5,loam,Turmeric,35.4,121.2,23.0,1.14,0.1845627657384997,0.57,7.43,0,1,0
2209,15,clay,Potato,285.5,804.0,30.7,1.46,1.5,0.85,8.19,0,0,0
2210,12,loam,Wheat,39.2,135.1,29.0,-0.99,0.3187568025669105,0.54,6.78,0,0,0
2211,14,clay,Cotton,179.4,361.4,18.7,0.81,1.199762763614605,0.87,9.15,0,0,0
2212,15,clay,Mustard,98.9,248.5,22.6,0.08,1.481120907168463,0.61,6.78,0,0,0
2213,11,loam,Potato,42.9,116.9,27.8,-0.34,0.7551894833219582,0.53,6.95,0,0,0
2214,5,loam,Wheat,77.9,215.8,22.6,-0.41,0.42306867511455293,0.58,6.43,0,0,0
2215,15,clay,Rice,704.0,2253.4,24.3,2.58,1.5,0.8,7.73,0,0,0
2216,7,clay,Sugarcane,34.6,100.6,27.1,0.1,0.0,0.65,7.7,0,0,0
2217,9,clay,Chickpea,94.9,281.1,24.9,0.74,0.415648427934199,0.58,6.49,0,1,0
2218,9,clay,Chickpea,25.4,55.1,23.3,-0.42,0.036253924503010994,0.65,6.3,0,0,0
2219,9,clay,Chickpea,252.0,591.7,22.3,1.65,1.5,0.7,6.29,0,1,0
2220,9,clay,Wheat,52.7,156.4,25.2,3.11,0.8035326604165367,0.71,8.57,0,1,0
2221,12,loam,Rice,138.0,412.6,24.6,1.53,1.209909229994099,0.14,8.39,1,0,0
2222,3,sandy,Rice,34.0,72.5,28.0,0.75,0.5562128344481165,0.28,6.54,0,0,0
2223,7,clay,Chickpea,80.2,188.5,26.9,0.8,0.048149104172428625,0.86,6.28,0,0,0
2224,9,clay,Chickpea,140.6,349.2,25.3,-2.82,0.559222251086138,0.69,8.34,0,0,0
2225,9,clay,Chickpea,540.7,1388.8,23.0,0.59,1.5,0.46,7.84,0,0,0
2226,11,loam,Rice,73.7,164.6,24.1,-1.2,0.5937699916597077,0.53,6.78,1,0,0
2227,6,clay,Cotton,3.2,8.6,31.3,-0.37,0.44166962493210815,0.62,8.28,1,0,0
2228,15,clay,Green gram,67.1,205.3,26.1,-0.53,0.0,0.91,9.2,0,0,0
2229,1,clay,Groundnut,281.7,719.5,25.9,-1.5,1.5,0.86,7.31,0,1,0
2230,11,loam,Rice,63.5,134.8,27.5,1.1,1.062249899008642,0.7,6.51,0,1,0
2231,3,sandy,Green gram,28.6,58.8,26.4,-0.36,0.4329270189050058,0.49,7.41,0,0,0
2232,10,sandy,Wheat,43.5,125.4,26.0,0.86,1.0818385229254952,0.21,6.96,0,0,0
2233,1,clay,Pearl millet,9.7,32.1,27.1,-1.24,0.0,0.43,7.36,0,0,0
2234,4,sandy,Green gram,61.4,180.8,24.1,1.47,1.5,0.65,6.82,0,1,0
2235,6,clay,Soybean,58.2,164.7,27.6,1.65,0.29608783755438783,0.56,7.43,0,0,0
2236,2,loam,Cotton,49.1,166.1,23.8,0.68,0.03568279530488938,0.57,6.88,0,0,0
2237,5,loam,Rice,151.4,438.6,23.1,-0.74,1.4874889016135877,0.76,6.67,0,0,0
2238,10,sandy,Mustard,47.3,153.1,23.0,1.52,1.203113849634092,0.35,7.38,0,0,1
2239,3,sandy,Cotton,51.9,144.0,27.6,0.06,0.425089718527413,0.24,6.18,0,0,1
2240,10,sandy,Mustard,13.0,44.3,24.6,0.02,0.5499871050552451,0.49,6.75,0,1,0
2241,8,clay,Rice,24.6,86.2,24.9,-0.69,0.22625473007815988,0.7,8.62,0,1,0
2242,13,sandy,Maize,19.1,66.6,24.8,-1.7,0.013881948667117117,0.49,7.27,0,1,1
2243,10,sandy,Wheat,12.8,34.6,29.2,0.34,0.06764775957025992,0.44,6.55,0,0,0
2244,7,clay,Onion,53.2,184.0,26.2,0.15,0.5932116816692108,0.6,7.13,1,0,0
2245,13,sandy,Tomato,25.5,67.3,22.2,-1.72,0.6895934377046776,0.56,6.08,0,1,0
2246,3,sandy,Rice,44.2,126.3,24.6,-0.13,0.19533278444704028,0.52,5.92,0,0,0
2247,9,clay,Chickpea,117.3,334.2,25.9,0.17,0.7056781419535686,0.33,8.78,1,0,0
2248,4,sandy,Banana,70.8,150.6,25.1,-0.14,1.0425413235265404,0.43,8.02,1,0,1
2249,7,clay,Potato,226.0,668.1,25.3,0.31,1.5,0.53,7.88,0,1,0
2250,8,clay,Rice,77.2,161.7,32.7,-0.83,0.25411256363738194,0.76,8.14,0,0,0
2251,9,clay,Chickpea,16.1,36.2,22.2,0.55,0.0,0.38,8.83,0,0,0
2252,5,loam,Chilli,18.4,36.9,21.0,0.34,0.2074881825876192,0.73,7.13,0,1,0
2253,10,sandy,Rice,4.2,9.0,26.3,-2.13,0.28250864764809636,0.59,7.19,0,1,0
2254,3,sandy,Rice,43.0,88.0,29.4,1.64,0.8265739284531385,0.34,5.95,1,0,0
2255,3,sandy,Chilli,33.9,117.7,28.1,0.28,0.6585172827041406,0.24,7.88,1,0,0
2256,2,loam,Cotton,30.2,105.9,22.9,-0.18,0.37979402362552034,0.7,7.69,0,1,0
2257,8,clay,Rice,31.8,105.5,29.8,-0.2,0.0,0.78,7.21,0,0,0
2258,7,clay,Chickpea,45.9,155.9,24.0,0.71,0.05644365738048834,0.89,7.4,0,0,0
2259,13,sandy,Ragi,34.5,96.2,30.2,2.34,1.0775359738842276,0.1,5.96,1,0,1
2260,6,clay,Wheat,43.3,89.7,29.1,0.86,0.33328480453724824,0.77,6.92,0,0,0
2261,9,clay,Soybean,79.2,260.6,22.8,0.15,1.0993967223840249,0.69,7.55,0,1,0
2262,15,clay,Rice,321.5,884.7,31.8,1.82,1.5,0.79,7.04,0,0,0
2263,10,sandy,Rice,19.2,61.1,31.4,-1.24,0.7851584424703234,0.92,6.79,0,1,0
2264,13,sandy,Pearl millet,24.1,68.4,25.7,1.91,0.9941267549904841,0.74,5.84,0,1,1
2265,8,clay,Rice,44.5,99.7,30.8,-0.62,0.5468485987055509,0.73,7.39,0,0,0
2266,3,sandy,Rice,37.1,74.8,33.3,-1.6,0.4286044266151585,0.76,7.39,0,1,0
2267,7,clay,Maize,27.7,68.3,23.5,0.01,0.0,0.5,8.07,0,1,0
2268,12,loam,Chilli,175.5,475.9,23.7,-0.63,1.5,0.63,6.27,0,0,0
2269,2,loam,Banana,4.5,10.7,26.3,-1.02,0.0,0.61,7.86,0,0,0
2270,8,clay,Chilli,301.5,925.2,30.3,-0.75,1.5,0.42,7.4,0,0,0
2271,8,clay,Chilli,32.2,70.8,32.9,-0.22,0.0,0.33,8.42,0,1,0
2272,14,clay,Chilli,74.4,166.1,28.6,-1.0,0.5731979268991229,0.79,8.39,0,1,0
2273,15,clay,Potato,410.0,865.7,25.5,-0.85,1.5,0.55,8.11,0,0,0
2274,10,sandy,Ragi,56.1,134.1,23.6,0.02,0.11629444615939943,0.53,6.79,0,0,0
2275,4,sandy,Rice,122.8,355.0,24.8,-0.94,0.5707576288588305,0.26,6.94,1,0,1
2276,4,sandy,Wheat,66.4,133.0,25.7,0.79,0.43618357666379304,0.55,5.7,0,0,0
2277,9,clay,Wheat,30.9,73.1,31.8,-1.31,0.0,0.56,7.07,0,1,0
2278,3,sandy,Wheat,131.5,399.4,27.8,0.52,1.5,0.1,5.79,1,1,0
2279,11,loam,Wheat,14.7,49.3,29.8,-0.28,0.0,0.52,6.69,0,0,0
2280,15,clay,Mustard,108.7,327.8,28.3,0.13,0.8577957482587544,1.11,7.56,0,0,0
2281,3,sandy,Rice,320.5,769.5,29.3,0.43,1.5,0.29,6.58,0,0,0
2282,14,clay,Cotton,54.6,122.6,22.0,-0.36,0.29402818904504213,0.79,7.37,0,1,1
2283,1,clay,Tomato,97.7,312.4,26.5,0.9,1.0272288505168365,0.62,7.33,0,0,0
2284,8,clay,Rice,90.0,219.2,26.8,-0.32,0.7882432073048953,0.48,7.67,0,0,0
2285,6,clay,Soybean,61.3,170.3,29.9,-1.0,0.40836963580683705,0.73,7.68,0,0,0
2286,9,clay,Soybean,32.3,115.4,28.5,-0.99,0.0,0.65,6.27,0,1,0
2287,8,clay,Rice,24.0,55.6,28.1,-0.13,0.07784602716343934,0.42,9.04,0,1,0
2288,9,clay,Chickpea,56.4,171.9,24.7,1.15,0.16730245347938671,0.39,7.83,1,1,0
2289,2,loam,Sorghum,69.1,244.5,24.2,0.18,0.555058083843941,0.42,8.18,0,1,0
2290,12,loam,Rice,17.8,49.0,32.6,-0.65,0.13608890827088163,0.59,7.24,0,0,0
2291,15,clay,Mustard,39.1,84.2,29.5,0.58,0.10501890122693339,0.44,7.76,0,0,0
2292,8,clay,Groundnut,36.7,117.9,31.1,0.4,0.46278018533844206,0.46,7.65,0,0,0
2293,13,sandy,Pearl millet,139.2,296.3,24.0,1.29,1.32636615223636,0.38,7.13,0,0,0
2294,2,loam,Sorghum,86.2,194.4,29.6,-0.78,0.5415822546238989,0.82,6.57,0,0,1
2295,11,loam,Rice,73.9,178.2,24.2,0.52,0.043425739668585595,0.59,6.16,0,0,0
2296,5,loam,Groundnut,7.6,20.3,25.2,-0.13,0.0,0.66,6.96,0,1,1
2297,11,loam,Rice,32.1,93.4,28.4,-1.29,0.5895421951287118,0.75,7.01,0,0,0
2298,9,clay,Turmeric,21.0,57.8,26.6,-0.05,0.373009484122585,0.76,8.36,0,1,0
2299,1,clay,Green gram,133.5,480.5,24.5,0.49,1.0175749320108625,0.63,8.89,1,1,0
2300,6,clay,Rice,113.4,281.0,22.9,0.1,0.3525680551863917,0.62,7.42,0,0,0
2301,7,clay,Sugarcane,69.1,202.6,25.7,0.13,0.10050805678594227,0.27,9.2,1,0,0
2302,13,sandy,Lentil,89.4,184.6,23.2,-1.47,0.438264472948797,0.48,6.7,0,0,0
2303,2,loam,Sorghum,167.1,557.1,25.5,0.78,1.0825571030892025,0.51,7.37,0,0,0
2304,15,clay,Mustard,284.5,820.2,29.5,-0.2,1.5,0.72,6.43,0,0,0
2305,1,clay,Groundnut,120.5,261.9,28.0,-0.34,0.5399461030937557,0.51,7.91,0,0,0
2306,4,sandy,Sugarcane,60.4,135.9,22.4,1.8,1.5,0.3,7.61,0,1,1
2307,3,sandy,Cotton,97.2,330.3,26.8,-0.54,0.21567430725904946,0.33,6.5,1,0,1
2308,14,clay,Cotton,247.7,539.2,25.5,-2.5,1.5,1.02,8.97,0,1,0
2309,9,clay,Soybean,27.4,63.4,23.9,-0.82,0.0006939667216943196,0.7,7.03,0,0,0
2310,11,loam,Rice,64.8,186.1,27.2,-0.82,0.3852209599949705,0.36,6.71,0,0,0
2311,11,loam,Potato,18.3,55.6,27.1,0.72,0.0,0.43,6.83,1,1,0
2312,9,clay,Sorghum,105.3,252.0,22.2,-1.52,0.31824652235703105,0.63,7.53,0,0,0
2313,5,loam,Rice,12.3,42.7,21.3,0.04,0.0,0.66,6.28,0,0,0
2314,2,loam,Maize,22.2,45.4,23.7,-1.13,0.4921455949826123,0.55,7.81,1,1,0
2315,7,clay,Sugarcane,110.6,389.7,23.1,-0.51,0.373943941478937,0.73,7.55,0,0,0
2316,7,clay,Onion,31.8,65.4,32.0,-2.77,0.0,0.5,9.2,1,0,0
2317,7,clay,Onion,14.2,34.4,28.1,-0.91,0.09074792283544027,0.58,6.93,1,0,0
2318,15,clay,Soybean,22.3,56.7,26.0,0.11,0.40805666034311383,0.5,8.46,0,1,0
2319,2,loam,Cotton,53.3,132.9,27.6,0.46,0.5294193997059363,0.65,5.43,0,0,0
2320,10,sandy,Pearl millet,6.4,22.5,26.1,0.32,0.43174836107884623,0.22,5.97,0,0,0
2321,3,sandy,Cotton,102.8,277.4,28.6,-0.69,1.3280614588996045,0.1,5.81,1,0,0
2322,9,clay,Wheat,115.9,265.7,25.9,0.33,0.350125376354055,0.6,7.21,0,1,0
2323,11,loam,Potato,34.8,101.2,23.8,-0.28,0.21374611450842473,0.6,5.64,0,1,0
2324,1,clay,Soybean,89.5,193.8,31.2,-0.23,0.6388709568397222,0.6,9.2,0,0,0
2325,7,clay,Soybean,30.4,80.9,25.1,1.46,0.3341348300312985,0.44,8.49,0,0,0
2326,5,loam,Sugarcane,52.3,160.3,30.1,2.51,0.49963660191083165,0.44,8.33,0,0,0
2327,8,clay,Cotton,42.0,127.1,30.5,1.06,0.0007674476581419065,0.53,7.49,0,0,0
2328,8,clay,Cotton,23.2,62.4,29.4,-0.29,0.0,0.64,8.65,0,1,0
2329,8,clay,Rice,122.9,349.2,31.2,-1.33,1.1179961476423756,0.4,7.91,1,0,0
2330,10,sandy,Pearl millet,64.7,179.1,30.9,0.19,0.5202527387296743,0.41,6.28,0,0,1
2331,4,sandy,Maize,35.3,95.4,23.0,0.28,0.4768102913784953,0.36,6.69,0,1,1
2332,13,sandy,Ragi,139.9,369.0,18.6,-1.8,1.5,0.1,6.45,1,0,0
2333,13,sandy,Maize,23.7,56.0,24.3,0.53,0.05905304560189206,0.5,5.85,0,1,0
2334,7,clay,Mustard,43.5,130.0,20.5,-0.55,0.0,0.67,6.96,0,0,0
2335,14,clay,Cotton,55.1,189.4,28.0,-0.12,0.0,0.34,8.09,0,0,0
2336,5,loam,Ragi,91.8,257.3,26.5,-2.48,1.2863015496778956,0.31,6.87,0,1,0
2337,4,sandy,Maize,42.0,104.3,27.2,-0.77,0.5163742647873505,0.23,6.0,1,1,0
2338,5,loam,Sugarcane,15.3,53.0,24.2,2.34,0.5724759863704741,0.46,8.38,1,0,0
2339,12,loam,Green gram,206.7,637.4,28.4,-0.2,1.5,0.74,6.38,0,0,0
2340,3,sandy,Chilli,6.1,20.2,27.2,-1.17,0.0,0.76,7.2,0,1,1
2341,5,loam,Sugarcane,111.3,337.8,29.4,1.18,0.779394274471117,0.49,7.34,1,0,0
2342,3,sandy,Chilli,144.7,322.6,31.1,-0.62,1.0537140355051657,0.51,7.08,0,0,0
2343,7,clay,Sugarcane,72.4,220.9,26.1,1.68,0.47249995834543285,0.72,7.76,0,1,1
2344,5,loam,Sugarcane,180.3,623.6,24.0,-1.34,1.041171191303879,0.87,8.31,0,0,1
2345,13,sandy,Tomato,49.8,157.9,29.0,0.86,1.3158513232789282,0.19,7.76,0,1,1
2346,12,loam,Rice,97.3,316.5,27.7,0.62,0.8560797677172101,0.44,7.07,0,0,0
2347,14,clay,Rice,26.6,76.7,27.8,1.53,0.8885858505917542,0.48,6.05,0,1,0
2348,7,clay,Sugarcane,29.9,80.6,23.5,1.31,0.28226415857909526,0.72,8.21,0,0,0
2349,8,clay,Rice,156.3,497.2,27.0,0.13,0.7750417290705934,0.44,6.81,0,0,0
2350,13,sandy,Tomato,45.4,129.3,21.8,-1.38,0.9560402024363426,0.69,6.31,0,0,1
2351,11,loam,Potato,72.7,198.4,30.0,0.12,0.24303943669652245,0.25,6.88,1,0,0
2352,15,clay,Tomato,213.1,687.5,26.4,0.93,1.4778132296661022,0.55,7.33,0,1,0
2353,15,clay,Potato,430.1,897.1,26.3,0.97,1.5,0.42,7.68,0,0,0
2354,2,loam,Sorghum,27.1,81.4,27.6,-0.72,0.35442193284289003,0.68,6.93,0,1,0
2355,4,sandy,Soybean,47.0,116.0,18.1,0.84,0.7045134136976942,0.55,8.04,0,0,1
2356,11,loam,Wheat,150.3,405.6,26.0,-0.1,1.1688068291168032,0.46,6.48,1,0,0
2357,2,loam,Maize,105.7,331.5,24.6,0.98,0.5212332387541989,0.48,7.1,0,0,1
2358,2,loam,Cotton,25.6,91.0,26.8,0.32,0.0,0.76,7.36,0,0,0
2359,3,sandy,Green gram,18.9,53.2,33.9,0.38,0.6614716852512577,0.52,6.45,0,0,1
2360,2,loam,Banana,30.8,84.8,29.7,1.11,0.33567747696814765,0.21,7.4,1,1,0
2361,10,sandy,Pearl millet,50.3,170.6,31.6,-0.44,0.47381050584763207,0.1,6.6,1,1,0
2362,5,loam,Rice,125.0,338.6,26.6,2.09,1.2981758993424886,0.76,6.84,0,1,0
2363,15,clay,Mustard,22.8,46.9,25.1,-1.32,0.0672009810614766,0.79,7.44,0,1,0
2364,2,loam,Ragi,129.6,360.9,24.7,-1.07,0.23193712469518857,0.56,6.76,0,0,0
2365,7,clay,Groundnut,82.7,252.9,27.2,0.25,0.5772688093927149,0.8,8.01,0,0,0
2366,10,sandy,Pearl millet,121.7,410.4,27.5,0.18,1.3319634375873408,0.44,5.28,0,1,1
2367,6,clay,Maize,38.2,78.0,22.3,-0.27,0.16241759888606802,0.38,7.26,0,0,0
2368,11,loam,Sugarcane,17.9,60.2,25.5,0.83,0.23207859957758606,0.5,9.2,0,1,0
2369,13,sandy,Pearl millet,36.0,113.7,23.5,-1.02,0.9282949155824359,0.63,8.02,0,0,0
2370,10,sandy,Mustard,128.2,312.6,28.8,-0.43,0.5834763704594891,0.31,5.56,0,1,0
2371,10,sandy,Pearl millet,6.8,16.2,24.3,0.27,0.6889611361725689,0.51,6.14,0,0,1
2372,9,clay,Soybean,40.5,138.7,28.4,0.06,0.0,0.73,7.58,0,1,0
2373,15,clay,Potato,115.1,335.0,29.6,0.71,0.544819166049278,0.37,8.32,0,0,0
2374,12,loam,Maize,541.1,1872.8,25.1,-1.38,1.5,0.64,6.3,0,0,0
2375,1,clay,Groundnut,55.8,200.3,29.5,2.86,1.2046470986238527,0.49,7.3,0,0,0
2376,12,loam,Rice,44.9,113.3,28.0,2.09,0.3965501253389588,0.53,7.16,0,0,0
2377,3,sandy,Sugarcane,277.3,956.9,31.3,0.59,1.5,0.68,6.53,0,0,1
2378,14,clay,Cotton,50.9,160.5,25.6,1.24,0.32591511068160245,0.46,9.2,0,0,0
2379,5,loam,Rice,53.4,124.2,24.3,0.26,0.2765680551357264,0.32,8.07,1,1,1
2380,11,loam,Rice,17.9,39.9,26.2,0.93,0.05933186170948844,0.76,6.54,0,0,1
2381,12,loam,Sunflower,4.5,13.0,30.2,-0.02,0.2153318528454787,0.63,6.15,0,0,1
2382,6,clay,Soybean,48.1,117.1,23.4,-0.35,0.2649733744008996,0.74,7.01,0,1,0
2383,15,clay,Potato,27.2,59.6,28.9,0.38,0.0,0.94,7.68,0,0,0
2384,8,clay,Chilli,94.3,253.4,26.1,-0.39,0.0,0.91,7.7,0,0,1
2385,7,clay,Onion,88.7,300.5,21.9,0.66,1.031188476941236,0.4,6.74,0,0,0
2386,8,clay,Rice,32.2,90.0,31.7,0.79,0.4182076038120112,0.4,7.36,0,0,0
2387,5,loam,Sugarcane,5.7,18.9,27.1,0.05,0.0,0.75,8.23,0,0,0
2388,2,loam,Groundnut,38.2,115.6,26.8,-1.89,0.47080279460590024,0.71,7.61,0,1,0
2389,15,clay,Potato,91.8,211.0,29.2,1.13,1.3970761326516175,0.74,8.13,0,1,1
2390,13,sandy,Maize,18.7,38.1,26.3,1.22,0.6046985058825507,0.59,4.98,0,0,0
2391,13,sandy,Ragi,68.8,204.6,24.4,0.89,1.3437391849517524,0.59,7.01,0,1,0
2392,14,clay,Chilli,59.3,178.3,25.5,-1.42,0.3143131676755983,0.48,8.13,0,0,0
2393,10,sandy,Wheat,33.2,111.1,21.8,1.21,1.3322156143110493,0.48,5.84,0,1,1
2394,15,clay,Potato,20.7,74.6,26.7,0.12,0.01049717569882927,0.95,8.33,0,0,0
2395,15,clay,Potato,340.4,1151.5,32.1,-0.51,1.5,0.45,8.03,0,0,0
2396,4,sandy,Rice,19.5,40.1,26.3,-0.37,0.9488082489938883,0.27,7.13,1,0,0
2397,7,clay,Onion,121.3,255.1,26.4,-0.39,0.7393645482180924,0.59,8.24,1,0,0
2398,2,loam,Banana,16.4,49.5,20.9,-0.52,0.014391380528764756,0.55,7.18,0,0,0
2399,11,loam,Potato,23.1,75.1,33.5,1.02,0.5345200340650336,0.36,6.98,0,0,0
2400,2,loam,Sugarcane,245.4,824.7,24.5,0.45,1.5,0.52,6.76,1,0,1
2401,12,loam,Maize,97.9,286.0,27.5,1.38,0.12481414856031325,0.62,7.55,0,0,0
2402,13,sandy,Maize,172.5,477.0,17.1,0.87,1.4878075630728829,0.37,6.01,0,0,0
2403,7,clay,Sugarcane,6.6,23.4,25.0,-0.44,0.0,0.6,7.61,0,0,0
2404,10,sandy,Tomato,37.1,112.7,20.6,0.0,0.27510903059147196,0.35,6.31,0,1,0
2405,15,clay,Rice,172.8,414.8,26.0,0.69,1.5,0.51,8.9,0,0,0
2406,12,loam,Maize,199.1,549.7,25.8,1.17,1.1965802117493334,0.69,7.47,0,0,0
2407,7,clay,Onion,71.7,146.1,24.9,-1.56,0.25741446257319706,0.29,7.97,1,0,0
2408,14,clay,Chilli,9.1,20.4,17.3,-0.51,0.0,0.52,9.17,0,1,1
2409,1,clay,Green gram,89.0,227.6,31.9,1.17,0.7563820348542318,0.65,8.4,0,1,0
2410,4,sandy,Tomato,77.3,247.8,22.0,2.31,1.3379479170717892,0.46,5.81,0,1,1
2411,5,loam,Groundnut,21.5,73.0,25.5,-0.31,0.09561384355469633,0.53,7.06,1,0,0
2412,6,clay,Ragi,83.1,256.3,27.7,-0.66,0.4866272203462239,0.61,8.21,0,1,0
2413,11,loam,Wheat,42.1,101.2,26.1,-1.21,0.0,0.56,6.87,0,1,0
2414,12,loam,Sunflower,136.1,395.0,28.5,-0.7,0.9906365075113186,0.45,7.57,0,0,0
2415,1,clay,Banana,12.7,32.0,26.6,0.53,0.0,0.65,6.98,0,1,0
2416,4,sandy,Wheat,37.1,122.9,18.1,-1.69,0.9319342390748508,0.58,6.55,0,0,1
2417,13,sandy,Tomato,38.6,113.7,21.6,0.31,0.5326908532301209,0.38,8.66,0,0,1
2418,8,clay,Rice,29.0,86.4,26.7,1.18,0.0,0.68,8.1,0,1,0
2419,5,loam,Wheat,27.9,98.4,24.1,-0.38,0.10939662689524818,0.78,7.62,0,0,0
2420,7,clay,Pigeon pea,98.8,283.6,23.3,-1.92,0.8398604981783286,0.45,7.85,0,0,0
2421,10,sandy,Mustard,94.4,268.2,23.6,0.57,0.8695151519181413,0.64,7.3,0,0,0
2422,9,clay,Wheat,109.2,239.6,25.6,0.41,0.9094674758279192,0.53,7.65,0,0,0
2423,13,sandy,Ragi,30.6,108.2,22.8,0.69,1.1171938066828777,0.44,5.81,1,0,1
2424,15,clay,Potato,13.8,43.0,28.6,-0.27,0.15406495480446097,0.27,7.57,1,1,0
2425,13,sandy,Green gram,71.0,244.6,22.3,-1.49,0.33970746778755867,0.41,6.38,0,0,0
2426,2,loam,Maize,178.9,435.4,34.5,1.1,1.2534982965202017,0.48,6.76,0,0,0
2427,7,clay,Sugarcane,165.9,550.0,18.1,1.4,1.0453014188448089,0.5,7.1,0,0,0
2428,8,clay,Cotton,97.4,301.3,33.6,1.22,0.0,0.79,7.13,1,0,0
2429,10,sandy,Wheat,50.4,126.9,23.8,0.67,0.2747560693166636,0.41,6.54,0,0,1
2430,15,clay,Groundnut,77.4,230.4,22.0,1.09,1.1995952832746148,0.57,8.09,0,0,0
2431,7,clay,Onion,7.9,21.2,28.0,-1.08,0.0,0.85,9.2,0,0,0
2432,6,clay,Soybean,64.6,136.8,28.1,0.18,0.25503244263498054,0.67,6.06,0,1,0
2433,14,clay,Sorghum,49.9,156.3,24.0,-0.42,0.0,0.58,8.23,0,0,0
2434,12,loam,Maize,71.9,162.1,26.1,0.25,1.0737063554363742,0.73,7.53,0,0,0
2435,7,clay,Maize,82.5,258.2,22.6,-0.44,0.5564171875344647,0.67,7.62,0,0,0
2436,14,clay,Sorghum,34.2,99.0,20.0,1.12,0.1962604122225924,0.4,7.01,1,0,0
2437,5,loam,Rice,17.8,60.1,24.0,-0.41,0.25086268369048265,0.72,7.85,0,1,0
2438,4,sandy,Wheat,197.4,628.7,20.5,-0.29,1.5,0.38,7.15,1,0,0
2439,1,clay,Soybean,20.0,41.7,31.5,-1.32,0.0,0.61,7.83,0,0,0
2440,2,loam,Sorghum,272.6,911.8,26.0,-0.78,1.5,0.38,6.66,0,1,0
2441,13,sandy,Ragi,21.9,59.1,28.3,-0.29,0.19296219399554754,0.21,5.91,1,0,1
2442,2,loam,Mustard,128.8,370.1,30.3,-0.48,0.150401148486756,0.66,7.99,1,0,0
2443,12,loam,Maize,122.5,245.2,28.8,2.01,1.5,0.64,5.85,0,0,0
2444,2,loam,Cotton,39.7,87.8,31.3,1.34,0.5198148223718647,0.33,7.09,0,0,0
2445,4,sandy,Mustard,237.8,566.2,31.3,-0.78,1.5,0.34,4.97,0,1,0
2446,6,clay,Chickpea,12.0,37.9,25.0,-2.08,0.630959005797068,0.51,6.73,0,0,0
2447,4,sandy,Rice,18.1,56.6,19.5,0.91,0.4475879277361341,0.22,6.48,1,1,0
2448,2,loam,Maize,176.7,533.4,27.6,-0.36,0.6757416714856821,0.74,6.49,0,1,1
2449,15,clay,Potato,83.6,201.9,34.5,-0.41,0.7318571300741079,0.68,7.68,0,0,0
2450,7,clay,Wheat,42.4,103.3,26.0,-0.64,0.0,0.97,7.35,0,0,0
2451,7,clay,Maize,16.9,49.0,20.9,0.7,0.06016456543450851,0.86,7.27,0,0,0
2452,12,loam,Wheat,36.9,108.5,22.6,-0.58,0.0,0.69,8.28,0,1,0
2453,14,clay,Banana,15.1,35.5,25.6,1.1,0.0,0.74,7.74,0,1,0
2454,5,loam,Wheat,114.4,365.4,21.6,1.24,1.0437358108639003,0.55,7.11,1,0,0
2455,7,clay,Pearl millet,18.7,39.1,24.3,0.33,0.0,0.39,7.61,1,0,0
2456,8,clay,Cotton,87.7,203.1,22.0,-0.01,0.724479295582086,0.71,7.5,0,1,0
2457,4,sandy,Mustard,44.4,135.4,18.7,-0.14,0.0,0.3,6.85,1,0,0
2458,2,loam,Maize,121.6,316.8,22.7,0.35,0.7000486289362974,0.43,6.87,1,0,0
2459,14,clay,Sorghum,4.9,17.2,23.8,-0.02,0.0,0.5,7.18,0,1,0
2460,11,loam,Lentil,10.7,23.8,28.8,-0.52,0.0,0.74,6.14,0,1,0
2461,11,loam,Green gram,84.9,230.4,23.7,-0.92,0.31493623077258054,0.49,7.57,1,0,1
2462,5,loam,Rice,41.7,126.6,26.5,0.83,0.4359850700854655,0.48,6.19,0,1,0
2463,10,sandy,Tomato,26.6,78.6,27.2,-2.03,0.6608676842837908,0.31,6.38,0,0,0
2464,3,sandy,Rice,38.0,134.8,26.7,0.32,0.39771260363873673,0.81,6.49,0,1,1
2465,2,loam,Maize,43.5,142.3,22.4,-0.19,0.0387408602302082,0.34,7.93,0,0,0
2466,15,clay,Mustard,37.5,102.2,25.9,1.78,0.5601022523339502,0.5,7.56,0,1,0
2467,4,sandy,Maize,363.0,861.7,27.5,0.6,1.5,0.44,6.52,0,0,1
2468,12,loam,Sugarcane,26.7,95.1,23.2,-0.92,0.0,0.62,6.99,0,0,1
2469,5,loam,Wheat,98.6,347.7,20.0,0.04,0.028142380436320114,0.75,6.97,0,0,0
2470,10,sandy,Rice,24.7,69.9,24.7,0.66,0.10163640117027062,0.62,6.21,0,1,0
2471,10,sandy,Pearl millet,47.9,146.0,25.2,-0.28,0.43467784449570146,0.6,6.17,0,0,1
2472,11,loam,Soybean,19.7,64.9,29.9,-0.05,0.0,0.72,7.34,0,0,0
2473,15,clay,Potato,371.1,913.2,25.2,1.4,1.5,0.82,8.89,0,0,0
2474,7,clay,Onion,96.0,243.7,32.6,-0.48,0.1203416824993373,0.85,7.63,0,1,1
2475,13,sandy,Green gram,63.1,135.9,25.3,-0.9,0.9707620155144651,0.47,6.97,0,0,1
2476,5,loam,Rice,75.8,245.3,26.6,1.82,0.35662258056223767,0.9,7.81,0,0,0
2477,15,clay,Green gram,35.3,71.8,25.2,-0.98,0.40666769792001756,0.65,7.45,0,0,0
2478,8,clay,Chilli,27.4,80.0,27.6,1.38,0.1291012757332305,0.64,9.04,0,0,0
2479,13,sandy,Turmeric,5.8,15.8,25.0,1.34,0.4779566774034706,0.41,5.97,0,0,0
2480,13,sandy,Tomato,34.3,92.5,21.1,-0.23,0.7581802808878457,0.49,6.9,0,1,1
2481,10,sandy,Soybean,41.0,126.6,21.5,0.68,0.5010958044793576,0.48,6.61,0,0,0
2482,15,clay,Potato,168.7,439.6,22.6,0.59,0.48354076110916,0.71,7.28,0,1,0
2483,11,loam,Potato,121.3,367.2,28.6,-0.34,0.0660876846839642,0.8,6.57,0,0,1
2484,10,sandy,Onion,3.9,11.6,25.9,1.69,0.9057062612434452,0.53,7.43,0,0,0
2485,4,sandy,Wheat,18.7,65.4,21.0,0.9,0.14909669052167684,0.27,4.5,0,0,0
2486,6,clay,Cotton,228.2,473.1,24.7,0.34,1.289008367396023,0.62,6.84,0,0,0
2487,1,clay,Groundnut,40.0,100.4,26.7,2.04,0.8862300277162426,0.85,7.92,0,0,0
2488,11,loam,Potato,14.7,40.2,25.7,1.19,0.03887638435722568,0.1,7.38,1,1,0
2489,10,sandy,Wheat,71.8,222.9,24.0,0.07,0.5308143657056527,0.41,5.99,1,1,0
2490,11,loam,Rice,7.4,25.8,24.5,0.76,0.11146733335642592,0.62,6.03,0,1,0
2491,10,sandy,Wheat,81.6,209.6,25.0,2.41,1.5,0.77,7.67,0,1,1
2492,4,sandy,Wheat,4.2,8.4,25.2,-0.34,0.9438901798058297,0.28,5.52,1,1,0
2493,15,clay,Rice,46.7,154.7,24.5,0.37,0.0,0.92,6.23,0,1,0
2494,7,clay,Maize,47.5,107.5,23.6,0.42,0.404880787182877,0.81,7.44,0,1,0
2495,11,loam,Groundnut,101.7,332.0,17.8,1.08,0.6831829417494619,0.53,6.06,0,0,0
2496,3,sandy,Chickpea,24.1,74.9,28.8,2.58,0.8566059279616177,0.27,5.22,0,0,0
2497,9,clay,Soybean,99.6,338.4,33.1,0.33,0.7108333067373312,0.77,8.67,0,0,0
2498,7,clay,Onion,5.9,19.8,27.7,-0.26,0.018817564107299414,0.64,9.2,0,1,0
2499,14,clay,Sorghum,133.4,383.5,22.1,0.79,0.5375929668050278,0.48,8.33,0,1,1
2500,12,loam,Rice,36.5,122.7,30.3,-1.41,0.0,0.86,7.03,0,1,1
2501,15,clay,Mustard,420.7,924.2,28.2,-0.99,1.5,0.77,7.6,0,0,0
2502,5,loam,Rice,52.3,121.0,28.0,0.89,0.19676166820124694,0.43,7.9,1,0,1
2503,10,sandy,Green gram,80.1,259.9,27.9,-0.1,1.0184757924677423,0.55,5.35,0,1,1
2504,10,sandy,Wheat,109.9,294.9,28.5,-0.74,1.5,0.18,7.13,1,0,0
2505,4,sandy,Maize,32.8,107.6,25.7,0.1,0.4497380876966526,0.56,7.92,0,1,1
2506,5,loam,Soybean,91.8,243.0,26.4,0.43,1.0250796068947823,0.68,7.1,0,0,0
2507,11,loam,Potato,24.2,86.3,25.4,0.02,0.0,0.54,7.72,0,0,0
2508,3,sandy,Chilli,12.1,42.0,31.0,0.98,0.9149331840961827,0.37,6.04,1,1,1
2509,7,clay,Ragi,88.1,233.0,26.7,-1.52,0.5213763828919726,0.49,7.82,0,0,0
2510,12,loam,Maize,161.1,444.7,26.1,1.03,1.072602517588326,0.32,7.24,0,1,1
2511,13,sandy,Maize,79.0,251.5,22.9,-0.81,1.1476892775710783,0.25,6.88,1,0,0
2512,9,clay,Mustard,19.6,52.5,18.6,0.54,0.011720392526112497,0.57,8.11,0,0,0
2513,11,loam,Wheat,158.2,387.1,29.5,0.42,0.7216778127532327,0.72,7.57,0,0,1
2514,13,sandy,Pigeon pea,101.4,361.0,26.6,-2.59,0.46455845950406094,0.1,6.09,1,1,1
2515,4,sandy,Wheat,81.8,291.8,23.8,-0.83,1.0459326063066836,0.49,8.15,0,1,0
2516,11,loam,Wheat,32.2,93.1,26.8,-2.62,0.2676327576711527,0.89,7.46,0,0,0
2517,12,loam,Cotton,58.2,147.4,26.8,-0.13,0.9221033329538095,0.44,6.62,1,1,0
2518,13,sandy,Ragi,144.0,490.0,22.8,-0.53,1.4509990359402163,0.3,6.16,1,0,0
2519,10,sandy,Wheat,42.8,137.3,20.9,-1.73,0.34505331639491926,0.26,7.29,1,0,1
2520,3,sandy,Chilli,35.6,107.6,27.8,0.03,0.5866079205745829,0.46,6.65,1,0,1
2521,1,clay,Rice,211.0,593.1,27.6,0.42,1.2520425565364146,0.8,6.16,0,0,0
2522,10,sandy,Wheat,83.2,215.2,31.8,0.73,1.3990393272460848,0.31,5.71,0,1,1
2523,5,loam,Wheat,94.0,193.8,28.0,1.27,1.119830398440647,0.54,6.51,1,0,0
2524,6,clay,Soybean,68.1,147.8,29.2,-1.23,1.1504148493609463,0.7,7.69,0,0,0
2525,7,clay,Green gram,20.5,58.8,20.6,-0.93,0.0,0.71,7.43,0,1,0
2526,12,loam,Mustard,68.4,217.3,27.0,1.2,0.8724182857904097,0.89,7.53,0,1,0
2527,6,clay,Chilli,13.6,44.5,18.5,-0.41,0.4827542132821898,0.64,7.94,0,0,0
2528,9,clay,Banana,8.2,27.3,25.3,1.5,0.43100442364094704,0.56,8.84,0,0,0
2529,8,clay,Cotton,138.0,369.1,29.4,0.43,0.7031932752902266,0.54,7.45,0,1,0
2530,1,clay,Green gram,98.8,287.1,32.9,-1.31,0.3562635632509025,0.83,7.62,0,0,0
2531,11,loam,Wheat,14.4,34.0,28.5,-1.97,0.20914016348076436,0.82,7.41,0,0,0
2532,9,clay,Banana,35.7,109.8,24.5,1.04,0.4695413467917885,0.65,7.84,0,0,0
2533,4,sandy,Sunflower,22.9,71.0,30.7,-0.89,0.0978633852824361,0.1,6.43,1,0,0
2534,12,loam,Chilli,48.8,132.7,24.4,-0.05,0.0,0.57,6.8,0,0,0
2535,2,loam,Banana,97.2,197.1,27.7,-0.14,0.6694775941476062,0.78,7.76,0,0,0
2536,4,sandy,Wheat,92.6,304.8,23.2,1.57,0.37334497312670367,0.42,6.1,0,0,0
2537,4,sandy,Rice,147.3,375.4,23.0,-0.81,1.3315475581286202,0.58,6.6,0,0,0
2538,10,sandy,Pearl millet,52.4,184.9,21.8,-1.99,0.4594376565706293,0.38,7.17,0,1,1
2539,15,clay,Rice,640.3,1535.6,22.9,-0.57,1.5,0.46,9.11,0,0,0
2540,13,sandy,Ragi,30.5,66.8,24.7,-0.28,0.33733686540612506,0.41,6.74,0,0,1
2541,3,sandy,Chilli,34.5,89.1,25.2,0.88,0.7909636981255838,0.18,7.01,0,1,1
2542,1,clay,Lentil,209.4,750.1,25.6,-1.14,1.2521157696544136,0.65,6.87,0,0,0
2543,12,loam,Lentil,158.7,494.0,26.7,1.81,0.7647539592964028,0.58,5.45,0,1,0
2544,9,clay,Soybean,22.1,53.6,28.9,0.44,0.0,0.75,8.04,0,0,0
2545,6,clay,Mustard,114.6,408.3,28.1,-1.95,0.7188129695405472,0.49,7.78,0,0,0
2546,14,clay,Potato,93.1,278.5,27.2,-0.04,0.6428293443739825,0.68,7.89,0,0,0
2547,3,sandy,Rice,13.2,28.1,22.7,-1.01,0.6169896736545207,0.59,7.31,0,0,0
2548,2,loam,Maize,60.2,199.9,28.0,0.09,0.0,0.63,6.54,0,0,0
2549,8,clay,Turmeric,44.8,135.4,31.7,0.37,0.3358062165853626,0.51,6.79,0,0,0
2550,5,loam,Rice,39.5,142.1,20.8,0.26,0.3721602713035102,0.64,6.96,0,1,0
2551,4,sandy,Sugarcane,6.7,23.3,22.7,-1.39,0.09273434910373318,0.78,8.27,0,0,1
2552,10,sandy,Soybean,65.1,217.3,28.3,0.97,0.7413888715681354,0.44,6.96,1,0,0
2553,5,loam,Wheat,114.9,329.4,27.4,1.18,0.6607412793031807,0.51,7.27,0,0,0
2554,9,clay,Ragi,268.2,935.7,26.2,-0.59,1.4264797507867237,0.72,8.01,0,0,0
2555,9,clay,Chickpea,90.0,229.1,20.3,-0.86,0.8568829811420993,0.85,8.76,0,0,0
2556,12,loam,Wheat,135.5,323.8,25.7,0.65,0.7402126013669644,0.18,6.51,0,1,0
2557,15,clay,Rice,130.3,399.9,28.7,-0.09,0.37690179807605373,1.03,8.82,0,1,0
2558,10,sandy,Pearl millet,9.3,21.2,20.2,-0.79,0.0,0.77,6.81,0,1,1
2559,5,loam,Pigeon pea,16.0,39.0,24.0,-0.13,0.1483830080364522,0.84,6.21,0,0,0
2560,9,clay,Mustard,71.1,238.2,29.9,-0.63,0.05226407709900943,0.57,6.68,0,0,0
2561,8,clay,Cotton,16.9,38.0,25.8,-0.77,0.0,0.56,7.97,0,0,0
2562,7,clay,Sugarcane,40.3,121.2,32.9,1.46,0.9003125139097603,0.53,7.31,0,0,0
2563,6,clay,Soybean,24.9,79.6,26.3,-0.42,0.0,0.86,7.67,0,1,0
2564,2,loam,Maize,14.8,42.1,28.6,0.75,0.0,0.3,7.91,1,1,0
2565,4,sandy,Rice,44.2,140.3,21.6,-1.6,0.1143591339640565,0.19,5.99,1,0,0
2566,9,clay,Chilli,14.0,32.1,23.1,-0.21,0.0,0.53,8.06,0,0,0
2567,2,loam,Sorghum,48.4,133.7,27.1,0.46,0.0,0.67,7.74,0,0,0
2568,3,sandy,Chilli,61.5,214.7,26.1,-1.96,0.7020734514198486,0.24,5.42,1,0,1
2569,9,clay,Soybean,107.9,357.9,19.8,0.68,0.5315229744407448,0.73,8.12,0,0,0
2570,15,clay,Ragi,100.5,353.5,31.9,2.25,1.1850995091527867,0.49,7.6,0,1,0
2571,3,sandy,Cotton,153.5,400.0,28.6,-2.61,1.4346151493044612,0.58,7.37,0,0,0
2572,2,loam,Sorghum,19.3,53.5,25.5,-0.53,0.027844455291800026,0.74,5.54,0,0,0
2573,6,clay,Onion,75.5,240.1,30.4,-0.07,0.41981233668272194,0.88,8.38,0,0,0
2574,2,loam,Ragi,116.9,417.2,25.8,-0.84,0.8111723447740963,0.73,7.21,0,1,0
2575,14,clay,Sorghum,17.8,57.7,21.7,0.18,0.0,0.91,7.63,0,0,0
2576,12,loam,Maize,64.3,172.3,21.9,-0.11,0.8328980265958126,0.66,7.09,0,1,0
2577,2,loam,Banana,94.3,284.4,29.0,1.39,0.49136504872545916,0.44,6.75,0,0,0
2578,2,loam,Banana,11.7,33.3,29.2,0.26,0.0,0.71,6.87,0,1,0
2579,9,clay,Chickpea,52.3,116.6,20.4,0.29,0.0,0.43,7.51,0,1,0
2580,7,clay,Sugarcane,20.2,45.3,26.0,-0.23,0.0,0.64,7.58,0,0,0
2581,11,loam,Potato,220.4,703.2,29.1,1.0,1.0525260434282395,0.58,7.51,0,1,0
2582,14,clay,Sorghum,4.7,15.8,20.0,2.06,0.0,0.79,5.94,0,0,1
2583,6,clay,Pigeon pea,6.0,21.6,25.2,-0.31,0.0,0.4,7.54,1,1,0
2584,12,loam,Potato,45.6,150.8,21.1,1.12,0.24396395514278107,0.62,5.49,0,0,0
2585,5,loam,Sugarcane,102.3,240.7,22.0,0.29,0.4155209804893067,0.53,6.62,0,0,0
2586,4,sandy,Sugarcane,34.4,102.0,23.7,-0.17,0.2539320513925138,0.27,7.03,1,0,1
2587,15,clay,Rice,136.8,382.0,27.1,-1.37,1.143445793142697,0.98,7.81,0,0,0
2588,4,sandy,Sugarcane,8.2,21.6,23.9,-1.35,0.8991482208467583,0.3,6.68,1,0,1
2589,3,sandy,Maize,13.8,33.9,31.4,0.04,0.6382938238350554,0.39,6.27,0,0,0
2590,9,clay,Chickpea,67.5,176.1,21.1,-0.66,0.44893285332697763,0.41,7.04,1,0,0
2591,9,clay,Sugarcane,33.0,112.0,27.2,-0.62,0.6194474209678741,0.53,8.51,0,0,0
2592,8,clay,Sunflower,113.9,376.3,31.0,-0.34,0.7409275877087339,0.52,8.19,0,0,0
2593,2,loam,Banana,16.3,49.0,28.2,-0.33,0.0,0.66,5.91,0,0,0
2594,2,loam,Maize,66.6,146.3,22.5,-0.65,0.009023340432188498,0.34,7.35,1,0,0
2595,12,loam,Rice,69.6,189.2,29.3,1.25,0.5056887059527335,0.77,7.32,0,0,0
2596,3,sandy,Cotton,63.3,196.1,29.8,1.46,1.2308032760776175,0.1,7.54,1,1,0
2597,5,loam,Soybean,84.4,198.3,20.7,0.13,0.9494699448912753,0.38,6.77,1,0,0
2598,13,sandy,Tomato,38.9,92.5,24.0,-0.28,1.041903987771317,0.26,6.29,1,0,1
2599,6,clay,Cotton,104.1,361.1,27.9,-1.5,0.8343086805563997,0.81,8.94,0,1,0
2600,6,clay,Cotton,208.7,557.9,29.3,-0.03,1.5,0.43,7.04,0,1,0
2601,14,clay,Sorghum,37.7,80.4,29.3,-0.58,0.010367944110505734,0.56,8.17,0,0,0
2602,12,loam,Maize,34.5,110.2,28.4,0.58,0.05309270468527538,0.59,7.8,0,1,1
2603,11,loam,Potato,171.5,407.4,25.9,0.48,0.9528198416522367,0.47,6.83,0,0,0
2604,3,sandy,Rice,8.6,30.7,28.3,-0.85,0.3736705081501197,0.49,7.79,0,0,1
2605,5,loam,Lentil,53.6,140.7,28.5,1.38,0.6792951002317003,0.74,8.61,0,0,0
2606,9,clay,Sugarcane,51.8,138.4,30.9,-0.91,1.3453173328301034,0.57,7.97,0,0,0
2607,13,sandy,Maize,176.6,496.9,23.0,0.76,1.4778666584364344,0.31,6.9,1,0,1
2608,8,clay,Rice,17.4,41.1,29.4,-0.35,0.0,0.79,8.14,0,1,0
2609,12,loam,Maize,26.7,80.7,23.2,-2.26,0.30378342534893527,0.5,7.65,1,0,0
2610,5,loam,Rice,27.4,55.3,24.6,0.25,0.0,0.43,6.06,0,0,0
2611,6,clay,Green gram,18.3,42.9,28.4,1.2,0.5993520108211886,0.78,8.4,0,0,0
2612,10,sandy,Wheat,90.6,277.6,30.9,0.56,1.5,0.3,6.69,0,0,1
2613,9,clay,Chickpea,133.6,356.5,22.5,-0.72,1.4354468072464215,0.59,8.0,0,0,0
2614,2,loam,Maize,19.3,54.6,32.2,0.86,0.2845048997606674,0.7,8.23,0,0,1
2615,6,clay,Soybean,59.2,188.7,28.7,2.63,1.2106724216385882,0.68,9.04,0,0,0
2616,13,sandy,Tomato,182.4,607.3,22.5,0.94,1.2562919882747632,0.28,6.06,0,0,0
2617,9,clay,Soybean,51.3,180.8,28.1,0.57,0.7735063353586569,0.59,7.58,0,1,0
2618,12,loam,Maize,63.6,137.3,23.1,-1.61,0.5915438026822326,0.61,6.82,0,0,0
2619,13,sandy,Tomato,150.1,449.4,31.4,-1.35,1.3535281400265875,0.69,7.29,0,0,0
2620,5,loam,Sugarcane,35.5,79.9,22.7,-0.47,0.006211396392787699,0.86,6.66,0,0,0
2621,4,sandy,Maize,103.8,288.3,19.9,-0.22,0.003602227805238889,0.45,7.56,1,1,1
2622,9,clay,Wheat,139.4,424.9,26.4,0.93,1.2342877814782098,0.46,7.85,0,1,0
2623,8,clay,Banana,81.7,164.2,31.8,1.34,0.42988064943668486,0.66,8.95,0,1,0
2624,14,clay,Sorghum,108.9,226.9,20.5,-0.74,0.5017221321180815,0.56,8.15,0,0,1
2625,3,sandy,Turmeric,7.8,26.2,29.9,0.61,0.5967006567755637,0.18,7.1,1,0,0
2626,7,clay,Maize,16.6,53.2,26.0,-0.71,0.09865259133316805,0.7,6.75,0,1,0
2627,1,clay,Cotton,89.7,274.6,27.9,-0.3,0.22423571196613573,0.54,7.79,1,0,0
2628,6,clay,Pearl millet,190.8,598.7,28.1,-0.01,0.826521425536918,0.8,7.94,0,0,0
2629,9,clay,Wheat,26.6,76.4,23.3,1.18,0.0,0.76,7.23,0,0,0
2630,12,loam,Wheat,311.1,630.7,28.0,1.5,1.5,0.89,7.51,0,0,0
2631,13,sandy,Mustard,108.8,236.9,23.3,-0.23,1.468452020743205,0.39,5.62,0,1,1
2632,1,clay,Green gram,218.6,657.4,28.3,-0.81,1.4497786429449726,0.37,8.4,0,1,0
2633,14,clay,Cotton,6.7,19.5,23.7,0.31,0.09051365645240142,0.57,7.49,0,0,0
2634,11,loam,Potato,36.7,79.7,25.4,0.15,0.09240961986340473,0.51,8.08,0,0,0
2635,4,sandy,Rice,13.6,33.1,25.2,-0.82,0.28291921801253583,0.24,6.24,0,1,1
2636,4,sandy,Wheat,55.4,118.2,18.7,-1.43,0.4604734112859329,0.43,6.41,0,0,1
2637,12,loam,Wheat,64.0,217.5,24.7,-0.85,0.19059660356617913,0.5,5.51,0,0,0
2638,11,loam,Wheat,195.3,470.4,34.7,1.19,0.8843700948176583,0.51,7.63,0,0,0
2639,4,sandy,Maize,153.1,473.1,27.3,-0.92,1.5,0.45,5.3,0,0,1
2640,7,clay,Lentil,16.8,46.3,25.9,1.14,0.2500107470815204,0.65,7.37,0,0,0
2641,13,sandy,Ragi,57.3,160.6,24.1,-0.56,0.8035630827791823,0.27,6.78,1,0,0
2642,1,clay,Chickpea,208.7,694.7,25.4,-0.18,1.3840230497314587,0.72,9.2,0,0,0
2643,8,clay,Cotton,48.3,140.7,24.5,-0.41,0.05631804561407483,0.61,7.2,0,0,0
2644,14,clay,Cotton,23.5,60.0,24.3,2.13,0.5236411862843615,0.33,7.7,1,0,0
2645,1,clay,Lentil,65.2,207.9,29.7,0.42,0.14515291907830474,0.64,8.28,0,1,0
2646,9,clay,Chickpea,62.6,198.0,24.6,-0.95,0.16148767216377516,0.38,8.21,1,1,0
2647,9,clay,Wheat,44.1,142.8,25.7,0.15,0.20278022767374268,0.53,7.98,0,0,0
2648,5,loam,Sugarcane,22.8,58.5,23.3,-0.27,0.09136473018320376,0.43,9.2,1,0,0
2649,9,clay,Soybean,94.9,318.4,24.3,-1.6,1.0414027191612394,0.56,8.87,0,0,0
2650,11,loam,Wheat,181.4,364.1,26.7,-0.27,0.8233053469709117,0.33,7.16,1,0,1
2651,5,loam,Wheat,45.3,159.8,29.6,-0.46,0.0,0.36,7.08,0,1,0
2652,8,clay,Chilli,29.8,64.2,25.8,-0.33,0.0,0.67,9.2,0,0,0
2653,9,clay,Soybean,17.0,42.8,27.2,-1.17,0.40661322058888183,0.35,7.92,1,1,0
2654,1,clay,Green gram,78.7,184.7,24.9,-0.21,0.5195863766478058,0.54,7.52,0,1,0
2655,4,sandy,Rice,101.5,294.9,22.0,0.55,1.5,0.37,7.06,0,1,0
2656,10,sandy,Wheat,69.4,142.6,24.4,-0.17,0.8118284325153958,0.14,6.05,0,0,0
2657,8,clay,Cotton,83.2,254.9,29.3,2.27,0.9469344688056212,0.4,6.94,0,0,0
2658,15,clay,Potato,98.3,327.2,28.3,-0.95,0.5003891785056903,0.93,8.72,0,0,0
2659,13,sandy,Ragi,157.9,358.5,25.5,-0.0,1.4204165276649399,0.65,5.85,0,0,0
2660,4,sandy,Potato,17.7,45.4,20.8,-0.09,0.15686220466253037,0.48,5.43,0,0,1
2661,15,clay,Mustard,61.6,214.5,23.1,-0.04,0.28776291657095887,0.77,7.77,0,0,1
2662,13,sandy,Turmeric,38.0,98.6,28.3,-0.42,0.1675938864079084,0.46,7.34,0,0,0
2663,7,clay,Sugarcane,64.2,210.7,22.8,0.11,0.46977916044107815,0.48,8.71,0,0,0
2664,10,sandy,Mustard,33.5,97.1,23.6,0.68,0.7946664295347685,0.43,6.93,0,0,0
2665,5,loam,Turmeric,10.9,30.8,19.4,-0.28,0.0,0.59,7.81,0,0,0
2666,2,loam,Banana,136.6,479.5,28.6,-1.21,0.5361008929528358,0.72,6.95,0,1,0
2667,4,sandy,Potato,62.5,223.7,26.0,-0.24,0.47826567009090915,0.38,6.52,0,0,1
2668,11,loam,Potato,93.6,298.8,17.6,-0.96,0.15816838085276153,0.68,6.75,0,0,0
2669,9,clay,Wheat,46.1,118.0,32.8,-1.07,0.0,0.69,8.12,0,1,0
2670,7,clay,Maize,27.6,94.3,25.6,-0.47,0.8525427174337177,1.03,6.41,0,1,0
2671,8,clay,Chilli,6.5,18.9,35.4,1.87,0.2825408441423679,0.71,6.46,0,1,0
2672,12,loam,Sugarcane,39.7,92.5,28.2,1.74,0.3012391869301433,0.69,7.38,0,1,0
2673,11,loam,Potato,64.1,213.5,26.8,-0.78,0.07299769582498078,0.5,7.76,0,0,0
2674,10,sandy,Pearl millet,52.0,181.5,17.8,-0.99,0.6082772251235649,0.43,7.35,0,0,1
2675,8,clay,Chilli,32.0,70.9,29.2,0.76,0.45737203483626493,0.38,8.03,1,1,0
2676,1,clay,Ragi,71.2,151.2,33.1,0.18,0.5638359948777854,0.62,6.58,0,1,0
2677,6,clay,Pigeon pea,16.7,45.0,23.1,-0.81,0.33307906283345046,0.58,7.75,0,1,0
2678,2,loam,Cotton,25.8,68.2,18.8,-2.66,0.394391665713968,0.66,6.77,0,0,0
2679,12,loam,Rice,95.8,211.9,26.3,-1.78,0.5278647233963675,0.52,6.95,1,0,0
2680,6,clay,Soybean,5.8,20.5,25.9,1.08,0.0,0.69,6.74,0,0,0
2681,4,sandy,Rice,47.2,98.8,28.9,-0.32,0.5348992769330306,0.48,6.39,0,0,0
2682,8,clay,Cotton,28.2,79.2,27.3,0.71,0.46575718231496854,0.52,8.85,0,0,0
2683,8,clay,Chilli,135.4,391.8,29.4,0.44,0.5554647374929349,0.92,7.97,0,1,0
2684,14,clay,Turmeric,98.4,244.6,23.7,0.2,1.2943693468341126,0.64,6.64,0,0,0
2685,3,sandy,Chilli,307.1,745.0,30.8,-2.17,1.5,0.41,7.5,1,0,0
2686,13,sandy,Potato,42.5,109.5,23.8,-1.08,0.800849463895212,0.3,5.5,1,0,0
2687,4,sandy,Maize,38.6,131.4,18.1,-0.52,0.6177166112668938,0.71,6.22,0,1,0
2688,13,sandy,Tomato,79.2,278.4,25.6,-0.57,1.1810887555011003,0.13,5.12,1,0,0
2689,9,clay,Wheat,38.0,102.3,28.1,0.69,0.0,0.27,6.43,0,1,0
2690,9,clay,Ragi,29.3,60.8,28.8,0.46,0.43545283855737976,0.81,8.67,0,0,0
2691,11,loam,Rice,76.5,194.0,24.7,-0.63,0.27197478154044474,0.55,6.41,0,1,0
2692,2,loam,Sorghum,51.2,158.0,25.2,1.03,0.07242176095335162,0.63,6.3,0,0,0
2693,12,loam,Rice,3.9,9.6,29.2,1.81,0.5662696150023204,0.35,8.08,1,1,0
2694,12,loam,Wheat,320.1,1119.4,29.3,0.53,1.4708870602985944,0.54,6.23,0,0,0
2695,3,sandy,Rice,99.8,264.7,31.0,0.74,1.5,0.31,6.45,0,0,0
2696,2,loam,Maize,17.8,49.2,28.2,-0.65,0.09937733823078432,0.46,8.06,1,0,0
2697,11,loam,Wheat,267.9,543.1,24.6,0.51,1.5,0.45,6.84,0,0,0
2698,2,loam,Wheat,11.0,24.9,25.6,-0.68,0.0,0.4,7.11,0,1,1
2699,9,clay,Soybean,48.2,159.3,24.3,0.37,0.1690238270755322,0.57,6.63,0,0,0
2700,4,sandy,Rice,11.4,33.4,26.7,-0.08,0.7223693335553596,0.82,6.1,0,0,1
2701,11,loam,Potato,10.7,21.6,25.4,0.43,0.07516319496086733,0.76,7.41,0,1,0
2702,14,clay,Sorghum,24.6,85.2,20.1,0.52,0.3486123301831294,0.45,8.52,1,0,0
2703,13,sandy,Pigeon pea,155.9,540.0,20.9,-0.47,1.5,0.19,5.88,1,0,0
2704,12,loam,Ragi,88.7,183.3,26.2,1.06,0.36847662220037736,0.42,6.05,0,1,0
2705,10,sandy,Mustard,14.7,36.3,27.4,-0.7,0.0,0.6,6.82,0,1,0
2706,2,loam,Maize,44.5,136.3,21.0,0.21,0.0,0.57,8.4,0,0,0
2707,15,clay,Potato,45.8,112.5,32.8,-0.45,0.1190119299806463,0.88,8.37,0,0,0
2708,14,clay,Cotton,36.4,74.9,25.7,0.7,0.12624165544616278,0.69,9.2,0,0,1
2709,1,clay,Groundnut,163.2,402.0,24.9,-1.02,0.9469345829627173,0.26,7.07,1,1,0
2710,12,loam,Wheat,3.5,9.5,24.2,-0.31,0.1313136316954368,0.36,5.72,0,0,0
2711,2,loam,Sorghum,31.0,110.9,23.8,0.76,0.08419598466267234,0.43,8.18,1,1,0
2712,10,sandy,Pearl millet,76.6,204.3,25.6,-0.2,0.46730214962185057,0.36,7.2,0,0,0
2713,4,sandy,Maize,68.1,164.0,21.2,-0.22,0.4031801960070661,0.53,6.21,1,0,1
2714,2,loam,Potato,47.7,171.0,22.1,1.13,0.5503792790938103,0.76,5.17,0,0,0
2715,4,sandy,Maize,20.4,60.1,24.5,-0.09,0.7989678148943511,0.56,6.37,0,1,0
2716,5,loam,Wheat,75.1,242.6,20.4,-0.32,0.879662297739735,0.56,6.38,0,0,0
2717,6,clay,Pigeon pea,129.1,359.5,28.8,1.41,0.8299061682867801,0.38,8.81,0,0,0
2718,5,loam,Potato,41.1,142.1,20.1,0.77,0.3391185430118987,0.56,7.71,1,1,0
2719,7,clay,Maize,8.2,19.0,22.3,0.61,0.17529985567617484,0.68,8.18,0,0,0
2720,10,sandy,Pearl millet,62.0,147.5,28.1,0.22,0.9076264997037432,0.2,7.47,0,1,1
2721,7,clay,Cotton,249.6,803.6,30.6,-1.82,1.5,0.84,7.17,0,0,0
2722,9,clay,Wheat,243.9,625.1,24.1,1.64,1.5,0.19,7.03,0,1,0
2723,6,clay,Soybean,9.2,25.5,30.1,-1.11,0.0,0.55,7.8,0,0,0
2724,5,loam,Wheat,151.3,348.0,22.1,-0.47,0.6873218525576748,0.52,7.74,0,0,0
2725,3,sandy,Rice,71.6,154.4,30.6,-1.49,0.9147227747289588,0.56,6.35,0,0,1
2726,5,loam,Wheat,23.5,74.4,25.4,1.6,0.0,0.62,6.64,1,0,0
2727,3,sandy,Chilli,51.9,155.3,27.7,-1.34,0.43816402907025254,0.45,6.35,0,0,1
2728,8,clay,Chilli,40.5,116.0,24.6,-0.46,0.12831714935197525,0.98,6.7,0,0,0
2729,10,sandy,Pearl millet,71.4,239.5,25.9,-3.38,0.5978540966893278,0.53,7.08,0,1,1
2730,13,sandy,Onion,124.1,434.2,20.4,0.62,1.4004975485161568,0.22,7.46,1,0,1
2731,5,loam,Wheat,12.5,26.5,24.9,-0.91,0.0,0.26,5.48,0,1,0
2732,2,loam,Maize,66.5,217.3,22.1,0.15,0.0,0.74,8.65,0,1,0
2733,13,sandy,Cotton,21.9,77.8,23.3,-0.46,0.5466020482964318,0.51,7.16,0,1,0
2734,11,loam,Rice,63.2,197.8,27.1,0.55,0.3602949861658071,0.59,7.18,0,1,0
2735,5,loam,Sugarcane,14.1,39.7,22.6,-1.58,0.3857477890953324,0.74,6.18,0,0,0
2736,15,clay,Mustard,142.4,385.8,31.1,0.34,0.7077138404878339,0.81,7.65,0,0,0
2737,10,sandy,Rice,138.5,443.1,25.0,-0.66,1.2860520620495832,0.33,7.37,1,1,0
2738,12,loam,Maize,174.3,493.2,20.8,-0.77,0.8689512952990162,0.76,6.48,0,0,0
2739,6,clay,Pigeon pea,11.0,34.5,31.9,-0.6,0.0,1.08,8.11,0,1,0
2740,7,clay,Maize,68.2,184.1,23.5,0.85,0.23285965064136688,0.9,7.26,0,1,0
2741,6,clay,Cotton,161.7,326.1,20.1,-1.63,0.634032900400949,0.5,7.39,1,0,0
2742,11,loam,Chickpea,20.6,50.2,24.4,0.32,0.0524609348188834,0.88,7.28,0,0,0
2743,13,sandy,Maize,48.8,165.6,21.0,-0.46,0.66715784321762,0.47,6.22,0,1,1
2744,13,sandy,Tomato,81.2,222.0,26.1,-0.06,0.48516315823648754,0.59,5.86,0,0,0
2745,5,loam,Turmeric,28.7,96.1,26.4,-1.07,0.3828798590358865,0.51,7.0,1,0,0
2746,12,loam,Green gram,21.6,65.2,25.1,-1.13,0.0,0.55,7.32,1,0,0
2747,11,loam,Pigeon pea,148.6,499.3,26.1,-0.8,0.9198892558498891,0.31,8.63,1,0,0
2748,1,clay,Groundnut,2.0,6.6,29.1,-0.4,0.15480417860263074,0.74,8.01,0,0,0
2749,12,loam,Maize,68.4,169.3,25.5,-1.11,0.8644792081146031,0.21,8.57,1,0,0
2750,2,loam,Sorghum,127.7,302.4,22.3,0.65,0.009809375204379633,0.55,7.31,0,0,0
2751,2,loam,Maize,149.7,333.2,22.3,0.76,1.268665532917059,0.72,5.33,0,0,0
2752,2,loam,Maize,69.0,170.0,30.4,0.42,0.5515056362367744,0.27,7.73,1,0,0
2753,9,clay,Soybean,115.0,405.8,26.9,0.82,0.9407768861078647,0.58,7.62,0,0,0
2754,1,clay,Rice,28.1,64.8,25.9,-0.98,0.0,0.46,7.95,0,0,0
2755,8,clay,Rice,87.9,242.9,23.7,0.16,0.6984386702928922,0.78,6.5,0,0,0
2756,11,loam,Wheat,34.9,112.3,28.1,-0.76,0.45304250004431057,0.73,7.17,0,1,0
2757,9,clay,Soybean,192.1,683.2,26.7,-0.04,1.3221658984350417,0.77,7.12,0,1,0
2758,5,loam,Maize,12.9,46.0,23.9,0.67,0.41735951094981605,0.3,8.51,1,1,0
2759,6,clay,Soybean,17.4,41.2,26.1,-1.54,0.6195680441876571,0.75,9.2,0,1,0
2760,11,loam,Lentil,50.0,159.6,20.5,0.8,0.8845842646804126,0.26,6.44,0,0,0
2761,6,clay,Soybean,86.7,191.5,29.0,-1.42,0.18510217686233688,0.78,6.81,0,0,0
2762,10,sandy,Sorghum,7.7,21.0,25.7,-0.39,0.558199533502179,0.67,5.82,0,0,0
2763,11,loam,Ragi,108.7,360.7,28.1,0.27,1.0190120452690374,0.64,8.27,1,1,0
2764,8,clay,Chilli,97.3,241.7,29.3,1.44,0.8781056958198782,0.45,6.11,0,0,0
2765,6,clay,Cotton,68.9,199.4,27.9,0.35,0.5891681657218453,0.72,7.57,0,0,0
2766,1,clay,Groundnut,75.9,172.8,33.2,0.39,0.0,0.42,7.32,0,0,0
2767,12,loam,Sorghum,107.8,363.6,24.5,-0.05,0.6586994083479715,0.17,7.55,1,0,0
2768,5,loam,Sugarcane,129.2,328.3,31.3,-0.21,0.6888122656994554,0.36,8.33,1,1,0
2769,7,clay,Onion,33.8,98.1,26.3,-1.63,0.0,0.68,7.6,0,1,0
2770,1,clay,Banana,23.2,48.2,29.9,1.21,0.572176221441834,0.48,8.62,0,0,0
2771,12,loam,Wheat,54.6,161.9,31.5,-0.26,0.0,0.29,7.46,0,1,0
2772,14,clay,Chilli,48.6,129.7,27.8,-0.57,0.4954018967588074,0.74,6.99,0,0,0
2773,14,clay,Cotton,54.1,125.4,23.6,2.41,0.5139284608210971,0.75,7.01,0,1,0
2774,5,loam,Wheat,69.7,178.0,22.9,1.15,0.8761401502927213,0.78,7.78,0,1,0
2775,2,loam,Cotton,53.5,180.2,23.4,0.4,0.4392947903277581,0.54,5.99,0,1,0
2776,2,loam,Sorghum,38.9,113.0,24.7,1.05,0.39551104270810394,0.34,6.36,1,0,0
2777,6,clay,Soybean,11.6,25.4,26.0,1.86,0.24041965749101074,0.49,9.2,0,1,0
2778,1,clay,Groundnut,130.0,384.5,28.5,-0.14,0.5626168547706816,0.69,8.42,0,0,0
2779,3,sandy,Cotton,25.5,52.1,25.9,0.03,0.6281158446005655,0.11,6.77,0,1,0
2780,10,sandy,Wheat,7.7,21.2,27.9,0.9,0.0,0.4,5.64,0,0,0
2781,1,clay,Groundnut,201.1,404.5,33.9,1.97,1.4322986473531714,0.47,8.22,0,0,0
2782,10,sandy,Pearl millet,42.0,107.1,25.3,0.97,0.9439584641626003,0.5,7.48,0,0,0
2783,14,clay,Wheat,379.7,890.0,21.4,0.08,1.5,0.55,8.13,0,0,0
2784,15,clay,Mustard,247.1,645.9,27.8,-0.98,1.5,0.68,6.7,0,0,0
2785,15,clay,Mustard,69.9,181.9,27.2,0.56,0.11446127197456674,0.77,7.76,0,0,0
2786,5,loam,Wheat,151.3,336.2,26.5,-0.26,0.604268738255591,0.25,7.77,1,1,0
2787,10,sandy,Pearl millet,3.9,10.4,23.7,-0.26,0.3940467004861419,0.37,5.73,1,0,1
2788,1,clay,Rice,91.0,214.3,26.9,-1.57,0.299863504259321,0.47,7.74,0,0,0
2789,4,sandy,Rice,52.4,120.1,24.7,-1.67,0.9263726850377431,0.1,6.32,1,0,1
2790,12,loam,Rice,177.5,393.1,22.3,1.33,1.117637703490352,0.48,6.53,0,1,0
2791,4,sandy,Wheat,31.1,105.6,24.0,0.72,0.7659984167944859,0.1,6.02,0,1,0
2792,5,loam,Wheat,97.6,290.3,20.4,-0.61,0.0,0.6,7.9,0,0,0
2793,7,clay,Sorghum,41.0,100.9,25.1,-0.84,0.019142566022457064,0.71,8.7,0,0,0
2794,5,loam,Sugarcane,53.9,163.1,29.3,-0.92,0.13459362002690256,0.58,6.63,0,0,0
2795,12,loam,Cotton,168.6,387.8,23.9,0.77,0.5142698139320674,0.57,7.8,0,0,0
2796,14,clay,Cotton,50.8,139.9,24.8,0.76,0.36071765449780246,0.86,7.35,0,0,0
2797,9,clay,Chickpea,73.1,159.1,26.8,1.24,0.5038285447763404,0.62,8.51,0,0,0
2798,9,clay,Soybean,99.0,324.3,25.1,0.35,0.3070261767534542,0.56,7.13,0,1,0
2799,11,loam,Cotton,54.5,165.1,25.2,-0.01,0.6812762253634841,0.66,6.89,0,1,0
2800,7,clay,Onion,58.3,151.1,20.6,-0.1,0.0,0.79,8.51,0,0,0
2801,7,clay,Tomato,58.4,208.7,28.4,0.86,0.6998808095213302,0.68,8.26,0,0,0
2802,15,clay,Potato,31.9,77.5,22.3,0.18,0.0754925349288295,0.63,7.96,0,1,0
2803,6,clay,Soybean,105.0,210.7,28.3,-0.89,0.8222112738595151,1.03,7.76,0,0,0
2804,4,sandy,Sorghum,42.1,145.7,21.1,-1.87,0.8192094067042928,0.29,7.58,0,0,1
2805,1,clay,Groundnut,60.6,159.6,24.2,-0.69,0.0,0.45,7.55,0,0,0
2806,1,clay,Ragi,137.5,471.1,31.0,-1.45,0.4349566434005734,0.61,7.5,0,0,0
2807,12,loam,Maize,77.5,160.1,25.2,-1.21,0.11551324995647572,0.55,7.22,0,0,0
2808,4,sandy,Soybean,54.5,147.9,29.2,1.69,1.5,0.61,5.96,0,0,0
2809,12,loam,Wheat,11.1,40.0,26.9,-1.4,0.2767342980606083,0.78,6.21,0,1,1
2810,1,clay,Groundnut,65.6,164.7,27.8,0.2,0.8579716952932711,0.63,8.01,0,0,0
2811,12,loam,Potato,130.1,318.1,22.4,-0.63,0.3223363311783462,0.75,8.05,0,0,0
2812,7,clay,Soybean,21.4,57.1,29.0,0.69,0.18907706397701307,0.64,7.37,0,0,0
2813,13,sandy,Maize,53.0,133.3,24.5,-0.2,0.3831015599161885,0.57,6.39,0,0,0
2814,13,sandy,Ragi,22.0,59.4,26.0,-0.13,1.0631400238752464,0.19,5.26,0,0,1
2815,9,clay,Potato,40.8,127.0,24.3,0.7,0.37574051802229624,0.88,7.7,0,1,0
2816,15,clay,Turmeric,48.4,156.9,25.3,-0.56,0.16052742105669793,0.41,8.63,0,1,0
2817,15,clay,Mustard,121.0,376.4,23.6,-1.05,0.42206555943032864,0.77,7.67,0,0,0
2818,11,loam,Potato,95.8,230.7,23.1,-0.76,0.7280244343878004,0.73,8.55,0,1,0
2819,8,clay,Chilli,154.8,358.1,28.3,-2.23,1.0300555880626252,0.64,8.41,0,0,0
2820,14,clay,Sorghum,42.4,92.1,24.3,-0.15,0.06957478028607544,0.5,8.17,0,0,0
2821,15,clay,Mustard,510.8,1154.1,26.4,-0.12,1.5,0.69,9.2,0,0,0
2822,7,clay,Maize,15.8,38.7,22.4,1.33,0.39160213639866526,0.73,8.29,0,1,0
2823,5,loam,Mustard,33.4,68.1,24.4,0.82,0.16240647695531388,0.85,5.39,0,1,0
2824,5,loam,Sugarcane,43.0,149.6,23.6,-0.77,0.0,0.52,8.02,0,0,0
2825,15,clay,Rice,23.4,83.6,29.8,0.02,0.09309013263891243,0.72,8.53,0,0,0
2826,3,sandy,Chickpea,50.0,117.7,28.0,-0.68,0.8756914958986383,0.59,6.67,0,0,0
2827,1,clay,Green gram,114.4,373.5,27.1,-0.37,0.6505008675681306,0.58,7.51,0,0,0
2828,8,clay,Pearl millet,34.0,97.4,35.1,-0.24,0.28803856704940234,0.84,8.69,0,0,0
2829,15,clay,Potato,119.2,261.8,27.3,0.44,0.42575793385383454,0.64,7.69,0,1,0
2830,5,loam,Turmeric,49.5,154.0,21.4,0.28,0.7829296932299112,0.54,7.69,0,0,0
2831,8,clay,Chilli,16.9,56.1,31.6,-0.1,0.0,0.8,7.28,0,1,0
2832,2,loam,Maize,18.9,59.2,24.5,-0.45,0.23478811926992438,0.44,6.49,0,0,0
2833,13,sandy,Maize,132.3,315.9,27.4,-0.19,1.1733184741047407,0.33,7.46,0,0,1
2834,14,clay,Chilli,94.5,224.0,25.2,-1.07,0.11881529842108413,0.92,7.43,0,0,0
2835,10,sandy,Pearl millet,7.5,21.4,27.7,-0.87,0.19448027628976433,0.64,5.98,0,0,0
2836,2,loam,Banana,39.0,130.0,28.6,-1.35,0.7774201129114635,0.48,6.39,0,0,0
2837,2,loam,Banana,65.9,189.6,20.6,-2.25,0.020474220190847436,0.4,8.1,0,1,0
2838,12,loam,Maize,84.4,280.3,28.0,0.04,0.12377179781323688,0.54,7.21,1,0,1
2839,2,loam,Soybean,177.9,507.0,28.5,-0.5,0.7974756019980187,0.42,8.16,1,0,0
2840,2,loam,Groundnut,59.5,131.9,26.8,1.55,0.888910808426276,0.44,6.55,0,0,0
2841,14,clay,Lentil,32.2,68.9,24.8,2.05,0.4717258123561914,0.57,7.36,0,1,0
2842,8,clay,Onion,116.3,413.8,30.4,-0.71,0.5039547647968918,0.65,7.25,0,1,0
2843,9,clay,Wheat,125.1,257.1,19.4,-1.85,0.5530590436258279,0.9,8.25,0,0,0
2844,11,loam,Wheat,29.6,99.7,27.8,0.69,0.05489865929968918,0.45,5.94,0,0,0
2845,6,clay,Soybean,32.6,101.9,33.3,1.65,0.18642293822001438,1.05,7.73,0,0,1
2846,4,sandy,Maize,24.9,68.0,18.3,0.86,0.17874232166584114,0.71,5.58,0,1,0
2847,8,clay,Cotton,141.1,468.8,31.5,-0.93,0.33725599228750297,0.62,7.06,0,1,0
2848,2,loam,Cotton,34.4,69.5,29.4,-0.4,0.2241818567149218,0.43,6.13,0,1,0
2849,5,loam,Rice,30.8,99.8,19.1,-0.46,0.0,0.32,8.31,0,0,0
2850,9,clay,Wheat,22.4,74.0,25.1,-0.93,0.14441048860323086,0.75,8.25,0,0,0
2851,15,clay,Rice,24.4,73.4,21.9,-0.28,0.12351520395849161,0.49,6.54,1,1,0
2852,10,sandy,Pearl millet,22.3,52.6,24.5,0.08,0.9480910152457191,0.1,6.44,1,1,0
2853,12,loam,Rice,348.5,1195.7,23.0,0.44,1.5,0.35,8.02,0,0,0
2854,5,loam,Ragi,69.4,154.4,25.4,-1.98,0.5336010546565078,0.68,7.76,0,0,0
2855,1,clay,Green gram,83.5,242.5,30.8,1.05,0.4138955695875885,0.53,7.67,0,0,0
2856,6,clay,Onion,158.4,431.8,30.1,1.21,0.5155135701619449,0.65,7.25,0,0,0
2857,11,loam,Sorghum,26.9,54.5,30.3,-1.12,0.0,0.56,6.92,0,0,0
2858,1,clay,Tomato,228.9,459.3,30.0,0.88,1.3652693821333275,0.54,6.77,0,0,0
2859,13,sandy,Onion,127.0,310.0,25.0,-1.9,0.8685776378386424,0.19,7.25,1,0,1
2860,5,loam,Ragi,56.3,131.5,20.6,-0.48,0.5123421481409843,0.78,8.13,0,0,0
2861,11,loam,Wheat,21.8,54.9,24.1,2.06,0.21504375977400367,0.63,7.13,0,0,0
2862,14,clay,Onion,171.2,601.1,25.3,0.51,1.1531067614753472,0.91,8.06,0,0,0
2863,10,sandy,Wheat,11.2,31.2,24.4,1.34,0.21943471057427838,0.27,6.83,0,0,0
2864,3,sandy,Mustard,62.5,214.1,27.1,-1.64,0.7787367464770096,0.52,5.64,0,0,0
2865,4,sandy,Sunflower,17.5,41.8,25.0,-1.44,0.7029386870340084,0.74,7.29,0,0,0
2866,8,clay,Wheat,86.0,261.7,26.3,-0.97,1.1021052068189467,0.84,9.2,0,0,0
2867,15,clay,Pigeon pea,61.0,168.8,21.6,-1.76,0.0,0.53,9.2,0,0,0
2868,11,loam,Potato,32.1,106.8,30.0,0.87,0.38820630815160995,0.3,8.37,1,0,1
2869,10,sandy,Wheat,21.2,45.3,27.1,-1.0,0.0,0.62,6.51,0,0,1
2870,13,sandy,Tomato,12.1,37.3,22.3,0.46,0.012098978596412124,0.53,6.02,0,0,1
2871,3,sandy,Tomato,430.9,1453.0,27.4,-0.37,1.5,0.49,7.76,0,0,0
2872,2,loam,Onion,163.1,553.3,27.4,-0.07,1.1555197422008288,0.37,8.13,0,0,0
2873,9,clay,Chickpea,34.0,102.4,21.1,1.18,0.571698518635638,0.49,7.15,0,0,0
2874,9,clay,Chickpea,32.2,75.1,25.3,0.16,0.07828067086038107,0.56,8.19,1,0,0
2875,4,sandy,Rice,196.5,512.6,26.3,-0.03,1.5,0.68,6.25,0,0,0
2876,10,sandy,Pearl millet,82.1,204.3,25.4,0.09,1.127663555608766,0.49,6.56,0,0,0
2877,3,sandy,Rice,19.1,43.7,29.3,0.86,0.5577805791016198,0.36,6.66,0,1,0
2878,3,sandy,Rice,67.3,189.9,24.9,0.11,1.0094680379300605,0.53,6.57,0,0,0
2879,14,clay,Cotton,34.6,118.5,25.9,0.26,0.040929034550859555,0.52,8.78,0,1,0
2880,1,clay,Chilli,333.4,787.8,29.5,-0.96,1.5,0.87,6.52,0,0,0
2881,9,clay,Wheat,31.6,70.3,23.1,-0.19,0.14951090220307245,0.76,6.83,0,0,0
2882,13,sandy,Tomato,62.6,191.1,25.9,-0.34,0.7042529141146305,0.13,7.78,1,0,0
2883,11,loam,Rice,44.8,151.2,24.4,0.45,0.00488693346070912,0.55,6.55,0,0,1
2884,7,clay,Sugarcane,79.0,246.3,24.5,-0.02,0.35462973722189534,0.48,7.28,0,0,0
2885,5,loam,Potato,118.8,294.0,21.8,1.18,0.9156813322756672,0.82,5.21,0,0,0
2886,1,clay,Groundnut,42.2,97.4,28.1,-0.68,0.11150122536495369,0.85,9.2,0,1,0
2887,2,loam,Sorghum,46.8,115.3,30.6,1.3,0.5970457349926264,0.8,5.74,0,0,0
2888,9,clay,Soybean,13.7,41.7,22.8,1.52,0.03340799080652575,0.87,8.82,0,0,0
2889,8,clay,Chilli,47.3,105.2,28.6,1.77,0.634085920802411,0.68,7.81,0,0,0
2890,6,clay,Cotton,52.7,131.4,26.2,0.3,0.0,0.4,6.73,0,0,0
2891,5,loam,Pearl millet,21.4,61.4,23.7,-0.69,0.0,0.34,6.08,1,0,0
2892,2,loam,Sorghum,15.4,32.8,21.9,0.72,0.0,0.78,5.93,0,0,0
2893,2,loam,Sugarcane,176.4,428.2,23.8,1.07,0.507251479875221,0.65,7.3,0,0,0
2894,5,loam,Sugarcane,54.7,149.3,21.2,-0.41,0.5947189124669996,0.56,7.56,0,1,1
2895,14,clay,Sorghum,162.8,372.5,25.5,-0.38,0.9116605103431122,0.81,7.47,0,0,0
2896,5,loam,Sugarcane,89.0,288.7,24.5,0.47,0.7616097423272816,0.35,7.51,0,1,0
2897,2,loam,Banana,4.8,10.0,26.1,-1.33,0.0,0.67,7.49,1,0,0
2898,9,clay,Chickpea,36.1,101.4,25.0,1.87,0.7674575717862233,0.18,9.2,1,0,0
2899,2,loam,Maize,91.5,256.2,25.9,-1.32,0.5261872988422107,0.58,7.0,0,0,0
2900,7,clay,Maize,65.4,214.4,24.6,0.75,0.6350095744613382,0.66,6.83,0,0,0
2901,11,loam,Ragi,66.5,217.4,26.5,1.26,0.5727968989616461,0.56,7.53,0,0,0
2902,2,loam,Sunflower,62.4,133.7,26.7,0.43,0.5465697632585171,0.51,7.23,0,0,0
2903,14,clay,Sorghum,63.7,172.3,27.6,0.16,0.34491186490227677,0.7,6.95,0,0,0
2904,10,sandy,Mustard,8.1,29.1,24.7,-1.87,0.4957729224488257,0.47,5.53,1,0,0
2905,14,clay,Sugarcane,144.1,505.7,23.9,0.21,0.8949073559176287,0.62,7.73,0,0,0
2906,11,loam,Potato,63.9,188.9,27.3,-0.94,0.0,0.42,7.48,0,0,0
2907,15,clay,Rice,650.4,2289.3,31.1,1.59,1.5,0.37,8.32,1,0,0
2908,8,clay,Rice,150.5,368.7,28.2,-0.24,0.7098510369548424,0.58,7.44,1,1,0
2909,1,clay,Rice,24.4,60.9,28.7,0.29,0.4271524099744456,0.82,7.44,0,0,0
2910,1,clay,Rice,87.3,285.9,29.4,-1.9,0.4137035206552242,0.83,7.75,0,0,0
2911,3,sandy,Cotton,90.0,273.8,36.5,2.04,0.8180836365817732,0.1,7.27,1,0,1
2912,2,loam,Maize,122.7,348.8,29.9,-0.36,0.5696101385030143,0.73,7.18,0,0,1
2913,13,sandy,Maize,100.0,215.9,23.2,0.85,0.9137095207841487,0.64,6.2,0,0,1
2914,15,clay,Chickpea,436.7,1075.0,28.7,-0.3,1.5,0.65,7.79,0,0,0
2915,10,sandy,Mustard,0.9,2.3,22.4,0.28,0.6441406547334566,0.29,7.58,0,0,1
2916,3,sandy,Cotton,86.1,277.6,30.3,-2.18,1.044919608535673,0.55,8.86,0,0,0
2917,15,clay,Mustard,332.8,1104.1,27.1,-0.25,1.5,0.77,7.9,0,1,0
2918,5,loam,Wheat,118.9,365.2,29.5,-1.29,0.6360202504610367,0.34,6.92,0,1,0
2919,14,clay,Chilli,14.3,33.5,21.8,-0.61,0.06590533264180924,0.82,9.2,0,1,0
2920,11,loam,Potato,168.8,567.0,26.0,0.34,1.4011215575198013,0.6,6.26,0,0,0
2921,7,clay,Onion,170.3,433.0,26.0,0.55,1.0509060600731093,0.71,8.22,0,0,0
2922,12,loam,Maize,93.0,194.0,24.4,-1.58,0.0,0.94,7.55,0,0,0
2923,10,sandy,Chickpea,48.4,103.1,23.5,0.79,0.6745159667008708,0.26,5.65,1,1,0
2924,14,clay,Chilli,76.4,245.0,24.7,-0.86,0.9334072056427436,0.93,7.51,0,1,0
2925,10,sandy,Pearl millet,28.7,86.3,28.0,-1.23,0.5812037067575819,0.58,7.82,0,1,0
2926,6,clay,Cotton,87.8,301.7,29.0,-0.49,0.4867176054809546,0.59,9.2,0,0,0
2927,2,loam,Chilli,14.0,42.4,29.0,-0.27,0.0,0.64,6.74,0,1,0
2928,15,clay,Sorghum,31.4,110.2,28.9,0.55,0.0,0.8,8.02,0,1,0
2929,12,loam,Onion,8.2,16.3,30.2,1.41,0.23684884381103538,0.38,8.39,1,1,0
2930,2,loam,Pearl millet,150.3,351.4,27.6,-0.75,1.1785339794749636,0.54,5.22,0,1,0
2931,10,sandy,Pearl millet,15.8,33.4,24.8,1.08,0.13232063146475248,0.13,6.81,1,0,0
2932,13,sandy,Turmeric,57.3,197.4,19.3,-0.49,0.32473315438880407,0.46,6.17,0,0,0
2933,11,loam,Wheat,52.6,132.2,28.5,0.81,0.44083365440979605,0.69,7.28,0,0,0
2934,5,loam,Sugarcane,88.9,235.8,27.6,1.13,0.6860729801491551,0.52,5.81,0,1,1
2935,3,sandy,Chilli,30.9,102.2,26.5,-1.17,0.0,0.69,6.13,0,0,0
2936,15,clay,Potato,245.5,828.3,26.2,0.38,1.4564120692999036,0.49,6.75,0,1,0
2937,6,clay,Turmeric,182.9,438.5,26.5,-2.68,1.5,0.72,7.46,0,0,0
2938,14,clay,Sorghum,198.8,703.1,29.3,0.03,1.2206945089557255,0.47,8.76,0,0,0
2939,7,clay,Sugarcane,114.2,391.0,21.6,-0.23,0.39059068211825687,0.31,7.52,1,1,0
2940,12,loam,Rice,51.3,116.5,29.6,-0.11,0.22201911350982367,0.32,7.66,1,0,0
2941,4,sandy,Maize,168.3,363.2,19.8,-0.2,1.5,0.37,8.32,0,0,1
2942,10,sandy,Pearl millet,66.6,142.4,27.0,-0.75,0.9579371947129002,0.35,7.69,1,1,0
2943,9,clay,Soybean,145.1,495.3,22.9,-1.21,0.6648773891085293,0.21,6.35,1,0,0
2944,4,sandy,Rice,21.3,55.0,25.3,-0.69,0.6082803557939149,0.53,6.74,0,1,0
2945,11,loam,Potato,11.1,39.1,28.3,-0.45,0.0,0.29,7.51,1,1,0
2946,7,clay,Maize,60.2,196.7,23.4,-0.1,0.0,0.49,6.36,0,0,0
2947,10,sandy,Pearl millet,96.4,207.7,20.5,-1.35,1.2835062191284454,0.47,7.4,1,1,0
2948,1,clay,Rice,10.8,25.6,28.7,0.16,0.11407740318614037,0.78,8.67,0,0,0
2949,2,loam,Sorghum,27.1,64.5,20.2,-0.16,0.0,0.76,7.33,0,0,0
2950,11,loam,Potato,30.2,91.4,25.1,0.62,0.49731229988511066,0.58,8.05,0,0,0
2951,15,clay,Potato,10.5,27.5,25.2,-1.46,0.0,0.64,8.15,0,0,0
2952,2,loam,Banana,78.3,271.6,27.8,-0.25,0.3965404317722565,0.58,6.79,0,1,0
2953,1,clay,Green gram,33.9,100.1,28.1,-1.15,0.9062308366111738,0.42,8.33,0,0,0
2954,4,sandy,Maize,33.4,120.1,21.0,1.14,1.4399445428031221,0.28,7.12,1,1,0
2955,1,clay,Groundnut,337.7,921.7,25.5,-0.44,1.5,1.08,7.63,0,1,0
2956,4,sandy,Wheat,47.8,169.1,27.6,-0.05,1.5,0.3,6.03,0,0,0
2957,11,loam,Wheat,81.7,261.9,30.5,-1.42,0.6282096253461096,0.61,5.52,0,0,0
2958,12,loam,Wheat,134.8,325.2,23.3,0.33,0.7980591276766403,0.4,7.6,0,1,0
2959,10,sandy,Soybean,1.6,4.5,21.0,1.04,0.5427380951130262,0.5,7.4,0,0,0
2960,7,clay,Maize,21.7,47.7,24.9,-0.93,0.0,0.83,8.94,0,0,0
2961,3,sandy,Rice,20.0,49.5,27.4,0.52,0.8049527474975513,0.44,7.56,1,0,1
2962,9,clay,Lentil,135.5,342.7,25.2,-0.53,0.6315272962927567,0.82,7.51,0,0,0
2963,15,clay,Potato,327.3,1015.9,28.9,1.51,1.5,0.4,6.29,1,0,0
2964,4,sandy,Rice,38.2,103.8,27.3,-0.68,0.48488211115078117,0.43,7.11,0,0,0
2965,9,clay,Soybean,44.9,154.4,25.1,0.67,0.0,0.7,6.49,0,0,0
2966,6,clay,Soybean,75.9,183.0,24.0,0.66,0.30014208142042587,0.47,8.95,1,0,0
2967,6,clay,Pigeon pea,50.5,166.0,28.3,0.31,0.17222733517925265,0.9,9.2,0,0,0
2968,8,clay,Cotton,241.0,750.9,30.0,1.19,1.5,0.7,8.05,0,1,0
2969,3,sandy,Cotton,143.6,515.0,28.0,1.66,1.5,0.1,5.76,1,0,1
2970,3,sandy,Lentil,104.6,213.4,26.2,-1.02,1.177350920658668,0.65,6.94,0,0,1
2971,1,clay,Green gram,44.8,105.4,30.9,0.31,0.10747088299474664,0.59,8.02,0,0,0
2972,11,loam,Potato,15.2,35.8,23.7,0.14,0.0,0.78,7.07,0,1,0
2973,14,clay,Sorghum,187.2,380.5,24.0,-0.47,1.2028142341004182,0.6,7.68,0,0,0
2974,7,clay,Maize,34.8,73.1,24.0,-0.81,0.120504698612877,0.1,9.2,0,0,1
2975,10,sandy,Wheat,15.8,56.0,24.3,0.05,0.22965543267320268,0.66,5.11,0,1,1
2976,15,clay,Rice,4.9,14.2,27.3,0.46,0.0,0.62,9.19,0,0,0
2977,12,loam,Rice,78.1,207.5,30.3,0.08,0.3016892891827549,0.56,8.07,0,0,1
2978,4,sandy,Rice,91.0,256.4,29.7,1.4,1.2958958051289051,0.56,7.13,0,0,1
2979,12,loam,Sunflower,140.3,414.9,25.5,0.32,0.5306846190094778,0.54,6.52,0,1,0
2980,6,clay,Chilli,317.6,850.6,19.1,0.44,1.5,0.65,7.96,0,0,0
2981,15,clay,Soybean,26.7,72.8,28.9,0.18,0.9917607905104249,0.85,7.25,0,1,0
2982,14,clay,Chilli,45.7,96.9,22.6,1.39,0.19031794190618573,0.76,6.4,0,0,0
2983,1,clay,Pearl millet,124.6,445.7,26.0,-1.19,0.565078163578376,0.94,7.38,0,0,1
2984,14,clay,Chilli,206.8,594.6,22.7,2.12,1.405126826226538,0.72,8.7,0,0,0
2985,4,sandy,Wheat,25.4,69.2,24.8,0.54,0.6543587473782075,0.58,6.3,1,0,0
2986,8,clay,Mustard,85.5,197.9,29.3,-0.62,0.3630036831530106,0.52,8.29,1,0,0
2987,12,loam,Rice,230.6,668.8,25.0,0.53,1.4584872291587418,0.4,8.39,1,0,0
2988,2,loam,Sorghum,97.0,304.2,26.8,0.22,0.11305862987748205,0.17,6.72,0,1,0
2989,1,clay,Green gram,126.8,317.9,27.7,1.62,0.9048478042731731,0.5,9.2,0,0,0
2990,7,clay,Sugarcane,56.6,186.6,25.7,-1.47,0.0,0.72,7.66,0,0,0
2991,9,clay,Soybean,35.2,83.2,25.7,-1.29,0.0,0.4,9.2,0,0,0
2992,9,clay,Chickpea,62.5,172.0,25.7,0.66,0.7871210843891825,0.73,7.9,0,1,0
2993,15,clay,Mustard,224.5,740.8,27.8,-1.48,1.0860057509930832,0.54,7.13,1,0,1
2994,4,sandy,Maize,235.2,683.1,30.3,0.35,1.5,0.3,6.05,0,0,1
2995,11,loam,Wheat,15.9,52.5,23.7,0.19,0.21854797987590396,0.61,8.18,0,1,1
2996,3,sandy,Chilli,27.6,59.7,26.4,-0.45,0.42784832029113706,0.31,7.55,1,1,1
2997,7,clay,Maize,44.5,95.5,23.5,0.08,0.45548757212672975,0.28,6.61,1,0,0
2998,8,clay,Chickpea,13.5,31.9,30.7,1.01,0.694178462773665,0.71,8.02,0,0,0
2999,7,clay,Sugarcane,14.4,51.1,27.6,0.06,0.1369176870485389,0.64,8.5,0,1,0
3000,3,sandy,Rice,86.6,287.1,24.2,0.86,0.5699055890695132,0.5,5.64,0,0,1
3001,3,sandy,Cotton,73.2,169.9,29.5,0.82,1.257594079015298,0.49,5.65,1,0,0
3002,14,clay,Ragi,75.1,190.3,22.5,-0.84,0.26669644982221097,0.57,8.44,0,0,0
3003,15,clay,Rice,111.6,271.2,29.5,-2.21,0.0,0.65,8.09,0,0,0
3004,2,loam,Chickpea,180.5,606.0,24.2,1.21,0.8344713265405814,0.73,7.68,0,0,0
3005,4,sandy,Rice,176.9,506.5,27.3,-1.51,1.3826412557291272,0.6,5.48,0,0,0
3006,15,clay,Lentil,54.7,114.9,30.5,0.5,0.4991191325944697,0.88,6.79,0,1,0
3007,2,loam,Cotton,139.3,464.0,25.8,0.49,0.7648978499048357,0.53,8.54,0,1,0
3008,9,clay,Chickpea,76.7,163.1,28.6,-0.82,0.5201980815870448,0.42,7.54,1,0,0
3009,5,loam,Wheat,33.0,73.9,21.2,-0.1,0.0,0.46,7.37,0,0,0
3010,15,clay,Rice,168.9,486.0,30.6,-1.08,1.5,0.78,7.48,0,0,0
3011,12,loam,Wheat,111.4,246.2,28.9,0.61,0.4766497069757929,0.55,7.13,0,0,0
3012,12,loam,Rice,55.1,197.1,26.5,-0.41,0.737342499249171,0.56,6.83,0,0,0
3013,1,clay,Maize,91.1,307.8,33.0,-0.17,0.528763145249304,0.35,6.72,1,0,0
3014,3,sandy,Rice,39.3,121.1,31.5,0.3,0.7819332078067216,0.33,7.79,0,1,1
3015,12,loam,Wheat,111.2,267.6,26.7,1.8,0.0501716740451178,0.36,7.37,0,1,0
3016,4,sandy,Onion,15.1,42.9,20.2,-0.19,1.0192588004393779,0.2,6.39,1,0,0
3017,7,clay,Green gram,132.2,422.8,26.3,-0.11,0.46355389974728034,0.4,8.66,0,0,0
3018,2,loam,Ragi,22.1,57.4,28.5,0.44,0.37900656957357026,0.37,7.15,0,1,0
3019,1,clay,Green gram,74.6,265.6,27.9,-1.28,0.16073824345248905,0.55,8.42,0,0,0
3020,11,loam,Potato,68.2,210.8,27.6,-0.19,0.0,0.38,7.61,1,1,0
3021,3,sandy,Chilli,59.9,147.6,29.7,-0.29,1.0608365720923363,0.27,7.08,0,1,0
3022,3,sandy,Chilli,103.0,222.7,24.1,0.44,0.8604998138460771,0.51,6.36,0,0,0
3023,13,sandy,Ragi,50.4,181.0,23.2,-0.68,0.5958159393048252,0.5,6.07,1,1,1
3024,11,loam,Sugarcane,49.4,154.8,22.3,-1.34,0.13110643774392727,0.46,6.8,1,0,0
3025,4,sandy,Wheat,86.9,302.2,19.3,0.69,0.41105717506167405,0.17,6.89,0,1,1
3026,13,sandy,Wheat,37.1,80.6,30.3,0.13,0.14454051917571703,0.49,6.84,0,0,0
3027,15,clay,Potato,33.1,97.2,25.6,1.37,0.0,0.51,6.88,0,0,0
3028,7,clay,Onion,29.8,71.9,26.2,0.33,0.0,0.61,7.22,0,1,1
3029,7,clay,Sugarcane,27.2,64.0,15.8,-0.07,0.615704837232099,0.56,7.85,0,0,0
3030,10,sandy,Wheat,77.5,204.5,24.5,-0.2,1.2409219620983003,0.5,6.77,0,0,0
3031,3,sandy,Chilli,46.4,164.4,25.6,-0.82,1.290815729453925,0.43,6.42,0,0,0
3032,14,clay,Sunflower,236.4,669.0,25.4,-0.44,1.5,0.59,8.06,0,0,0
3033,2,loam,Maize,73.8,260.4,22.2,1.03,0.6904455533293828,0.33,6.4,1,1,0
3034,12,loam,Rice,30.3,74.3,20.7,-0.9,0.6376908857456883,0.43,7.14,1,0,0
3035,9,clay,Sorghum,3.0,10.0,28.2,-1.63,0.0,0.74,7.86,0,0,0
3036,2,loam,Cotton,49.0,115.7,27.9,0.53,0.8100654295194514,0.63,7.29,0,1,0
3037,7,clay,Onion,80.8,255.8,27.5,1.4,0.6457611635965975,0.65,7.5,0,1,0
3038,5,loam,Wheat,55.4,181.6,30.8,0.26,0.36258315004224284,0.27,7.07,0,1,0
3039,15,clay,Lentil,160.2,356.9,25.5,-0.88,0.9553653512622478,0.65,8.57,0,0,0
3040,9,clay,Soybean,32.8,65.7,22.9,-0.72,0.6166531193561878,0.42,8.0,0,0,0
3041,6,clay,Cotton,33.0,117.1,25.2,-1.76,0.7923643562392428,0.74,7.14,0,0,0
3042,4,sandy,Groundnut,149.2,531.6,24.8,0.02,0.9101862001946491,0.23,6.27,0,1,1
3043,3,sandy,Rice,17.2,52.3,33.1,-0.97,0.7627067031930501,0.52,6.43,0,0,0
3044,8,clay,Rice,120.9,333.1,27.2,-0.34,0.6229652434087279,0.47,7.28,0,1,0
3045,8,clay,Chilli,77.6,255.6,37.8,-0.67,0.33235109663709045,0.87,7.69,0,0,0
3046,15,clay,Wheat,30.4,87.1,28.3,-0.32,0.046629668867753604,0.9,7.04,0,0,0
3047,10,sandy,Green gram,78.7,181.4,23.3,0.51,1.2266865823696727,0.61,6.34,0,1,0
3048,7,clay,Onion,59.2,196.2,23.0,-0.45,0.0,0.2,9.2,0,0,0
3049,6,clay,Pigeon pea,95.0,223.5,30.5,0.78,0.16626466323605088,0.55,6.96,0,0,0
3050,4,sandy,Wheat,145.6,327.3,27.6,0.07,1.3860749250992184,0.11,5.1,1,1,1
3051,10,sandy,Mustard,77.1,186.2,28.4,1.06,0.5095982884689757,0.26,6.44,1,0,0
3052,3,sandy,Rice,11.7,36.5,35.0,-0.99,0.429319919861905,0.57,5.85,0,0,0
3053,1,clay,Rice,200.3,508.2,29.3,0.21,1.5,0.7,8.14,0,0,0
3054,14,clay,Chilli,113.1,303.7,22.3,1.01,0.9180507971883013,0.69,6.83,0,1,0
3055,1,clay,Rice,120.0,265.4,28.9,0.27,0.8619628113713558,0.57,8.66,0,0,0
3056,4,sandy,Groundnut,54.8,175.3,22.8,0.56,0.4207471988606301,0.69,7.29,0,1,1
3057,9,clay,Soybean,74.5,163.3,30.9,0.03,0.9516793462899679,0.64,8.51,0,0,0
3058,3,sandy,Cotton,90.4,291.3,30.0,-0.17,1.3694496503968088,0.43,5.75,0,0,0
3059,11,loam,Potato,64.9,139.0,23.3,0.71,0.9353647434646887,0.35,7.79,0,0,0
3060,9,clay,Chickpea,51.1,141.5,32.1,-0.09,0.44664312427455377,0.5,7.69,0,0,0
3061,2,loam,Maize,9.7,23.7,25.4,-0.18,0.0,0.76,7.02,0,0,0
3062,7,clay,Maize,31.4,83.4,23.3,0.39,0.0,0.59,8.57,0,0,0
3063,13,sandy,Maize,65.5,141.2,17.0,0.21,1.2068682193751856,0.41,6.84,0,0,0
3064,6,clay,Soybean,70.6,213.8,27.7,0.24,0.21940287565886613,0.59,7.25,0,0,0
3065,11,loam,Chilli,38.1,123.7,25.9,-0.56,0.0,0.57,7.69,0,1,0
3066,9,clay,Chickpea,156.4,546.9,24.4,-1.25,0.030591502544099147,0.78,8.64,0,0,0
3067,7,clay,Sugarcane,238.9,753.5,25.0,-0.46,1.5,0.68,8.34,0,0,0
3068,9,clay,Chickpea,33.8,88.0,25.1,0.59,0.4959416420596837,1.05,6.68,0,0,0
3069,8,clay,Cotton,195.6,560.0,26.2,0.96,1.5,0.36,6.75,0,0,0
3070,2,loam,Sorghum,7.9,27.8,23.8,-0.86,0.009321368597699498,0.6,6.29,0,0,0
3071,7,clay,Wheat,23.8,85.2,27.4,-0.12,0.028431362862065303,0.83,7.71,0,0,0
3072,7,clay,Sugarcane,84.1,265.6,24.3,-1.02,0.0,0.35,6.77,1,0,0
3073,12,loam,Wheat,262.6,748.0,28.3,0.42,1.5,0.57,7.27,0,0,0
3074,11,loam,Potato,25.6,76.6,22.3,-0.85,0.0,0.74,6.99,0,0,0
3075,9,clay,Wheat,23.7,53.6,24.4,0.6,0.14789539789960243,0.43,8.63,0,0,0
3076,6,clay,Pigeon pea,385.1,1323.4,28.7,-2.32,1.5,0.5,7.17,0,0,0
3077,10,sandy,Mustard,103.4,284.0,21.2,-0.65,0.9362478442801787,0.62,7.07,0,0,0
3078,15,clay,Rice,215.8,629.7,27.9,0.51,1.4378945590501568,0.96,9.19,0,0,0
3079,13,sandy,Tomato,191.7,596.2,22.9,1.35,1.5,0.32,6.9,1,1,0
3080,4,sandy,Maize,42.0,140.4,32.0,-0.6,0.0781981027897235,0.53,5.42,0,1,0
3081,5,loam,Pearl millet,75.7,254.2,25.9,-0.57,0.7315792155944584,0.31,7.2,0,0,0
3082,8,clay,Cotton,78.1,243.9,28.0,0.18,0.5564591625261605,0.78,7.08,0,0,0
3083,10,sandy,Mustard,74.6,235.1,23.9,-2.25,0.702545519467217,0.48,5.84,0,0,1
3084,11,loam,Soybean,17.0,44.2,26.2,0.51,0.5712005130545632,0.57,7.26,1,1,0
3085,12,loam,Cotton,66.2,192.0,23.0,-0.49,0.19429828410329536,0.81,6.69,0,0,0
3086,9,clay,Wheat,135.4,475.2,22.0,0.88,0.9886687290234598,0.58,6.48,0,0,0
3087,13,sandy,Ragi,81.8,255.8,23.7,2.42,0.4353710844599077,0.49,4.69,0,0,1
3088,1,clay,Groundnut,36.4,111.9,29.7,0.67,0.0,0.7,7.47,0,0,0
3089,4,sandy,Rice,82.5,228.2,28.0,-0.06,0.9559257228157845,0.69,6.88,0,0,0
3090,8,clay,Rice,83.9,214.3,27.7,-0.73,0.3694483999984186,0.46,7.8,0,1,0
3091,8,clay,Rice,5.8,19.1,23.1,-1.34,0.1633164138864743,0.41,7.72,0,0,0
3092,15,clay,Rice,89.1,280.4,26.9,-0.25,0.0,0.61,7.81,0,1,0
3093,10,sandy,Wheat,82.8,295.5,22.1,-0.02,1.0855647638097312,0.44,5.82,0,1,0
3094,7,clay,Maize,39.3,102.4,32.9,0.07,0.06560933464993707,0.76,7.26,0,0,0
3095,9,clay,Soybean,29.1,103.7,23.0,-0.64,0.5606940301913088,0.58,8.42,0,1,0
3096,2,loam,Sorghum,12.6,39.2,29.5,1.18,0.07892912845917859,0.7,7.51,0,0,1
3097,6,clay,Sugarcane,53.2,138.3,28.5,-0.7,0.4635938477606018,0.51,7.57,0,0,0
3098,1,clay,Rice,66.4,171.0,36.4,-1.34,0.5759770797655498,0.36,7.67,0,1,0
3099,3,sandy,Banana,57.1,169.9,28.3,-0.38,1.027573698923613,0.43,6.6,1,1,1
3100,7,clay,Onion,19.8,50.8,24.6,-0.27,0.17614763372416026,0.35,8.78,0,0,0
3101,1,clay,Groundnut,82.1,220.3,30.0,0.95,0.6242066455825129,0.36,7.91,1,1,1
3102,3,sandy,Cotton,73.3,176.1,33.6,-0.89,0.7340326912233432,0.44,6.99,0,0,0
3103,14,clay,Cotton,68.3,142.1,24.2,-0.54,0.7174837092947598,0.56,8.45,1,1,0
3104,13,sandy,Tomato,57.8,143.3,27.1,-1.56,0.5845844505906519,0.47,6.77,0,1,0
3105,9,clay,Chilli,70.7,242.6,25.9,1.17,0.3671362295344297,0.41,7.77,0,1,0
3106,15,clay,Rice,312.7,969.1,28.7,1.42,1.5,0.56,8.8,0,0,0
3107,1,clay,Rice,157.5,547.9,28.6,-0.24,1.262357862961823,0.93,7.8,0,1,0
3108,15,clay,Rice,149.2,399.2,28.5,-0.03,1.5,0.21,8.33,1,1,0
3109,8,clay,Chilli,42.4,143.3,30.1,0.31,0.7816085635809191,0.65,6.85,0,1,0
3110,6,clay,Soybean,46.9,106.1,26.2,-2.76,0.24335511789025893,0.68,6.42,0,0,0
3111,12,loam,Chilli,50.0,123.4,26.8,-0.51,0.5172607174328188,0.23,8.22,1,0,0
3112,7,clay,Maize,8.0,26.3,23.5,1.09,0.8952462009457129,0.33,7.2,1,0,0
3113,10,sandy,Mustard,46.1,162.2,26.9,0.6,1.030743126970147,0.65,7.59,1,1,0
3114,5,loam,Sugarcane,55.4,150.7,29.0,0.86,0.9627689413677831,0.53,8.16,1,1,0
3115,8,clay,Maize,37.5,100.3,27.1,-0.32,0.47476182504529446,0.59,7.7,0,1,0
3116,2,loam,Maize,57.4,194.6,28.4,-2.74,0.04848769657436475,0.34,7.26,0,0,0
3117,4,sandy,Cotton,85.4,195.7,24.0,0.21,0.8684938442411287,0.27,8.92,1,1,0
3118,9,clay,Wheat,114.7,273.5,25.6,-0.18,0.05139965069390373,0.78,7.67,0,1,0
3119,15,clay,Potato,18.5,42.6,29.7,-0.9,0.0,0.28,7.24,1,1,0
3120,3,sandy,Sugarcane,18.9,63.2,26.3,-1.12,0.2080900726315186,0.6,6.62,0,1,1
3121,9,clay,Mustard,13.2,41.9,24.8,0.38,0.0,0.52,8.93,0,1,0
3122,1,clay,Groundnut,90.5,273.9,28.0,-0.05,0.41732416272023215,0.55,7.82,0,0,0
3123,8,clay,Chilli,43.4,127.5,29.2,-0.31,0.0,0.54,7.82,0,1,0
3124,13,sandy,Sunflower,49.6,166.4,26.2,-0.2,0.18762666779264353,0.65,7.56,0,0,1
3125,6,clay,Rice,163.5,392.6,25.5,-0.28,1.317742031232035,0.65,7.7,0,0,0
3126,12,loam,Pearl millet,62.9,200.6,27.2,0.98,0.30582876473398657,0.26,6.8,1,1,0
3127,6,clay,Chilli,95.0,243.4,24.3,-1.15,0.42314510096275343,0.6,7.04,0,0,0
3128,14,clay,Cotton,64.0,215.5,23.8,-0.06,0.7533397892026316,0.53,7.96,0,0,0
3129,10,sandy,Chilli,3.4,11.8,22.9,-0.5,0.060067455269344094,0.49,7.03,0,0,0
3130,5,loam,Sugarcane,62.1,155.1,19.1,0.46,0.6289984903417444,0.62,7.98,0,1,0
3131,4,sandy,Groundnut,49.4,133.0,23.4,0.54,0.3212139764535377,0.24,7.61,1,0,1
3132,14,clay,Green gram,122.9,387.8,25.5,-2.33,0.7146931622938019,0.75,8.5,0,0,0
3133,8,clay,Chilli,68.5,137.9,30.1,0.21,0.5776782684656991,0.68,6.97,0,1,0
3134,6,clay,Pigeon pea,186.2,378.1,23.7,0.69,0.9477546797025166,0.95,6.28,0,0,0
3135,9,clay,Chickpea,64.9,151.7,26.9,0.89,0.8366965273209968,0.47,7.19,0,1,0
3136,2,loam,Banana,8.0,26.1,26.5,0.61,0.20391051290350304,0.62,6.51,0,0,0
3137,3,sandy,Tomato,94.2,246.7,28.2,-0.71,1.0605855169634755,0.46,5.95,0,0,1
3138,7,clay,Mustard,14.0,35.6,23.6,0.85,0.4496187447222556,0.81,6.83,0,0,0
3139,5,loam,Sugarcane,131.6,324.7,18.9,-1.64,1.1430407094992563,0.17,8.05,1,0,0
3140,9,clay,Wheat,37.8,129.8,31.4,0.84,0.22353133564985989,0.75,7.45,0,0,0
3141,6,clay,Cotton,9.3,22.6,31.0,-0.15,0.0,0.65,6.41,0,0,0
3142,7,clay,Sugarcane,85.6,301.6,23.5,0.99,1.2784032816136153,0.57,7.01,0,1,0
3143,12,loam,Rice,29.1,73.7,27.2,2.12,0.20755886620533393,0.62,5.37,1,0,0
3144,12,loam,Rice,430.8,1473.1,27.0,2.39,1.5,0.28,7.7,1,0,0
3145,5,loam,Sugarcane,28.4,65.1,19.9,-1.93,0.6801497206249753,0.45,6.9,0,0,0
3146,6,clay,Cotton,50.2,119.2,25.7,-0.05,0.392263684837577,0.8,8.26,0,0,0
3147,10,sandy,Pearl millet,16.4,45.5,23.9,-1.13,0.4190213940429234,0.52,7.2,0,1,0
3148,14,clay,Chilli,43.6,121.9,30.1,-0.51,0.15734150338031946,0.57,8.23,0,0,0
3149,9,clay,Soybean,25.3,75.2,26.1,-0.34,0.39370561279701516,0.45,8.27,0,0,0
3150,2,loam,Tomato,33.6,120.0,25.1,-0.16,0.8578038837223334,0.74,6.87,0,1,0
3151,9,clay,Turmeric,64.3,188.4,26.9,-1.31,0.1971119515459456,0.5,7.22,1,0,0
3152,11,loam,Mustard,83.7,184.4,25.2,1.62,0.40994172290492986,0.54,7.14,0,0,0
3153,15,clay,Rice,43.2,111.2,31.1,0.49,0.218968535771755,0.33,8.26,0,0,0
3154,14,clay,Chilli,137.1,345.6,25.2,-1.35,0.36913782140058826,0.32,7.85,0,0,0
3155,11,loam,Wheat,228.1,766.8,21.4,-0.33,1.3678835373846996,0.52,6.45,0,0,0
3156,9,clay,Chickpea,48.3,148.6,29.5,1.37,0.8217846873723628,0.73,7.87,0,0,1
3157,3,sandy,Chilli,15.4,36.7,25.6,0.64,0.5596357713801556,0.53,6.63,0,0,0
3158,14,clay,Rice,34.7,104.7,23.8,2.12,0.593230667143387,0.57,9.2,0,1,0
3159,8,clay,Cotton,193.5,568.7,28.0,-1.48,1.5,0.62,7.4,0,0,0
3160,11,loam,Ragi,22.0,71.9,25.3,0.95,0.08856472707098674,0.52,6.82,0,0,0
3161,12,loam,Rice,54.4,195.2,27.4,0.72,0.012105618237372218,0.29,6.72,0,1,0
3162,1,clay,Green gram,28.9,93.2,30.1,1.34,0.23839644090671885,0.47,8.02,0,0,0
3163,6,clay,Cotton,68.5,182.0,25.2,-1.28,0.23672257410974484,0.87,8.28,0,0,1
3164,11,loam,Pearl millet,68.2,167.1,18.6,-1.39,0.6271090113932452,0.57,6.91,0,0,0
3165,8,clay,Cotton,28.5,86.6,30.3,-1.22,0.4353265754415985,0.1,7.46,1,0,0
3166,10,sandy,Pearl millet,2.9,10.1,27.5,-1.42,0.0,0.23,5.8,1,0,0
3167,9,clay,Lentil,39.4,128.1,24.6,0.24,0.0,0.71,7.9,0,1,0
3168,1,clay,Turmeric,52.2,172.0,28.2,-1.61,0.623692066052971,0.64,8.89,0,0,0
3169,5,loam,Sugarcane,38.9,82.2,29.0,0.38,0.0,0.42,7.02,0,0,0
3170,7,clay,Onion,11.1,39.7,22.3,-1.47,0.27474440962761,0.8,7.81,0,1,0
3171,6,clay,Cotton,400.5,856.7,28.6,1.02,1.5,0.59,7.65,0,1,0
3172,1,clay,Onion,33.6,97.1,28.7,-1.84,0.7083118945003659,0.72,7.27,0,1,0
3173,1,clay,Green gram,118.2,392.0,28.5,-1.38,0.6987847100341451,0.56,8.25,0,1,0
3174,5,loam,Wheat,196.8,654.1,29.5,-0.13,1.5,0.5,8.61,0,1,1
3175,13,sandy,Ragi,40.7,105.3,24.1,-0.78,0.667865305794771,0.34,7.3,1,1,0
3176,15,clay,Potato,349.1,993.3,25.4,0.92,1.5,0.6,7.46,0,0,0
3177,13,sandy,Tomato,64.6,184.7,26.7,-0.59,1.27105155064522,0.41,7.31,0,0,1
3178,15,clay,Groundnut,78.9,273.2,30.0,-1.62,0.42301413748201366,0.34,8.58,1,1,0
3179,14,clay,Cotton,8.1,26.3,24.0,0.47,0.0,0.53,7.87,0,0,0
3180,11,loam,Wheat,15.2,46.0,24.5,-0.2,0.0,0.63,6.3,0,1,0
3181,2,loam,Maize,58.0,136.8,24.8,-0.79,0.0,0.64,6.99,0,1,0
3182,6,clay,Cotton,40.8,116.2,25.9,-0.18,0.0,0.96,8.26,0,0,0
3183,12,loam,Maize,204.1,417.5,33.5,-0.05,1.5,0.37,9.06,0,1,1
3184,6,clay,Cotton,44.5,111.8,30.1,-0.24,0.01513213542882566,0.5,7.38,0,0,0
3185,5,loam,Sorghum,66.4,166.5,24.0,-0.06,0.43958078140633905,0.68,6.75,0,0,1
3186,1,clay,Groundnut,148.0,387.2,30.1,-0.91,0.3279074894503835,0.7,8.06,0,0,0
3187,6,clay,Pigeon pea,66.5,167.3,26.2,1.46,0.4160731549192321,0.69,9.08,0,0,1
3188,6,clay,Pigeon pea,11.9,39.3,27.8,0.87,0.0527380084861553,0.88,7.42,0,0,0
3189,13,sandy,Tomato,26.5,62.8,32.1,0.3,0.5506406868090936,0.33,6.69,1,0,0
3190,12,loam,Rice,8.0,16.5,26.1,0.17,0.0,0.49,8.21,1,0,0
3191,2,loam,Potato,180.0,487.6,25.9,0.43,1.34933658849892,0.76,6.29,0,0,0
3192,8,clay,Soybean,81.5,292.4,25.6,-0.43,0.7383895921154189,0.48,8.6,0,0,0
3193,14,clay,Chilli,30.3,93.5,21.0,-0.08,0.06582550074134198,0.21,7.52,1,1,0
3194,8,clay,Cotton,111.6,265.2,26.6,-1.65,0.0,0.58,7.5,0,1,0
3195,15,clay,Potato,78.8,178.4,26.9,-0.96,0.6114541356802936,0.68,8.11,0,1,0
3196,2,loam,Banana,62.2,219.6,24.1,1.2,0.5293252965690829,0.84,5.96,0,0,1
3197,5,loam,Rice,46.0,121.2,31.0,-0.71,0.6668770188178154,0.61,7.73,0,0,0
3198,14,clay,Pearl millet,83.7,182.2,23.0,-0.31,0.09068921666161378,0.49,6.24,0,0,0
3199,11,loam,Wheat,99.8,333.0,27.2,-0.41,1.1571163098960415,0.64,6.92,0,1,0
3200,5,loam,Wheat,38.8,138.2,26.1,-1.8,0.0,0.44,7.57,0,0,0
3201,14,clay,Sorghum,35.9,92.4,25.0,0.18,1.0068461219832976,0.23,7.94,1,0,0
3202,6,clay,Soybean,158.7,524.9,25.0,-0.29,0.6477915160860355,0.79,7.18,0,0,0
3203,12,loam,Wheat,110.2,262.2,28.2,-0.58,0.8008154834130914,0.39,6.42,1,0,0
3204,5,loam,Sorghum,34.1,72.9,31.9,-0.41,0.0,0.87,6.18,0,1,0
3205,6,clay,Cotton,75.4,178.3,26.9,3.03,0.7782232577945782,0.49,8.05,0,1,0
3206,5,loam,Cotton,10.3,24.8,19.2,-0.37,0.0,0.65,6.7,0,1,0
3207,6,clay,Pigeon pea,240.2,575.2,25.3,0.75,1.5,0.82,8.05,0,0,0
3208,9,clay,Mustard,13.4,44.6,27.0,-0.34,0.0,0.75,7.1,0,0,0
3209,13,sandy,Tomato,30.9,84.4,25.3,-0.93,0.4565203382356059,0.43,5.93,0,1,1
3210,10,sandy,Mustard,20.9,48.1,28.8,-0.36,0.8840110820945372,0.25,5.54,0,1,0
3211,1,clay,Groundnut,48.9,106.7,31.5,1.56,0.25645738227974657,0.33,7.97,1,1,0
3212,9,clay,Wheat,29.8,105.3,22.1,0.39,0.0,0.71,8.84,0,1,0
3213,7,clay,Onion,59.5,192.3,26.0,-1.28,0.422708242749546,0.59,8.22,0,1,0
3214,2,loam,Pigeon pea,25.2,62.9,27.0,-1.56,0.09878365075392813,0.5,7.18,0,0,0
3215,5,loam,Wheat,10.0,35.8,23.2,-1.08,0.0,0.81,5.15,0,0,0
3216,15,clay,Rice,299.5,904.4,26.8,0.48,1.5,0.4,8.13,0,0,0
3217,6,clay,Soybean,42.0,121.5,28.6,0.74,0.0,0.53,7.66,0,0,0
3218,11,loam,Chilli,224.3,584.2,24.8,0.93,1.5,0.44,9.02,0,1,0
3219,3,sandy,Cotton,124.1,269.1,31.9,-0.15,0.9536467566088096,0.44,7.14,0,1,1
3220,14,clay,Chilli,59.7,154.9,23.4,0.97,0.021098819258537682,1.01,8.0,0,0,0
3221,13,sandy,Tomato,261.5,613.6,25.4,1.32,1.5,0.49,6.41,0,1,1
3222,3,sandy,Cotton,110.2,319.3,31.8,0.05,0.7017980580493748,0.16,7.75,1,1,0
3223,11,loam,Rice,53.3,123.6,24.6,0.6,0.20317147448559275,0.53,6.4,0,1,0
3224,14,clay,Cotton,6.6,15.0,22.0,-0.88,0.40984808114229404,0.31,9.2,0,0,0
3225,14,clay,Cotton,4.3,11.9,25.8,3.07,0.37551750317209526,0.61,7.84,0,0,0
3226,11,loam,Wheat,24.5,78.2,30.6,-0.93,0.0,0.63,6.54,0,0,0
3227,11,loam,Rice,81.7,258.9,20.7,1.13,0.22903475739838552,0.38,6.19,1,1,0
3228,8,clay,Pigeon pea,50.3,129.8,27.0,-0.39,0.34367093837951335,0.55,6.16,0,0,0
3229,3,sandy,Cotton,37.1,75.4,24.3,0.9,0.39648517716575005,0.33,6.73,1,0,0
3230,1,clay,Maize,87.9,280.2,29.4,1.09,0.25544198256577655,0.8,7.29,0,0,0
3231,5,loam,Wheat,20.0,45.4,26.0,-1.67,0.15047230230826905,0.5,8.14,0,1,0
3232,4,sandy,Wheat,55.7,128.2,20.2,-0.44,0.950602551344569,0.59,6.07,0,1,0
3233,14,clay,Sorghum,115.2,380.7,24.4,-1.41,0.3794433520875923,0.65,7.78,0,0,0
3234,13,sandy,Sugarcane,139.5,380.2,25.9,-0.2,0.6964865491103972,0.47,7.24,0,1,0
3235,5,loam,Rice,24.6,79.5,28.4,0.24,0.0,0.83,7.29,0,0,0
3236,6,clay,Cotton,143.4,302.2,22.9,0.75,1.0582565984155676,1.12,7.83,0,0,0
3237,12,loam,Maize,31.5,80.3,26.2,2.44,0.6446152686698237,0.24,9.2,0,0,0
3238,11,loam,Rice,1.0,2.3,26.2,-0.1,0.0,0.32,6.22,0,0,0
3239,14,clay,Green gram,12.3,39.1,23.1,-0.39,0.0747818705916715,0.68,8.15,0,0,0
3240,11,loam,Wheat,43.2,111.8,24.5,-1.03,0.0,0.63,8.62,0,0,0
3241,11,loam,Green gram,21.2,51.1,24.2,0.91,0.0,0.44,7.14,0,0,0
3242,12,loam,Banana,75.8,247.9,26.4,1.15,1.0640772162523544,0.6,7.03,0,0,0
3243,14,clay,Onion,53.8,144.9,22.7,1.28,0.8919588330407098,0.34,7.02,1,0,0
3244,6,clay,Wheat,57.3,169.0,28.8,0.99,0.026762606640819975,0.9,7.87,0,0,0
3245,4,sandy,Tomato,80.8,244.5,26.2,0.03,1.0227984528646998,0.49,6.96,0,1,0
3246,14,clay,Chilli,240.9,567.5,26.3,0.43,1.0929234124618759,0.5,7.91,0,0,0
3247,3,sandy,Rice,35.9,90.6,27.5,-1.43,1.0414682456293172,0.52,7.27,1,0,0
3248,5,loam,Sugarcane,40.0,82.4,21.8,0.84,0.5391789041073343,0.39,6.57,1,0,0
3249,3,sandy,Cotton,48.9,142.6,29.1,0.16,0.7603012512489473,0.32,6.51,1,1,0
3250,13,sandy,Tomato,28.3,93.3,23.8,1.48,0.28587799965746064,0.26,6.07,0,0,0
3251,14,clay,Turmeric,10.2,26.6,24.1,-0.67,0.2850369536692085,0.81,7.86,0,1,0
3252,7,clay,Sunflower,27.2,63.4,25.0,0.78,0.33550454101810656,0.39,8.43,0,0,0
3253,2,loam,Maize,57.0,197.4,25.7,0.79,0.6050763817334768,0.37,7.28,0,0,1
3254,4,sandy,Rice,41.5,142.9,20.7,1.09,1.195369101818499,0.28,7.44,1,0,0
3255,9,clay,Wheat,39.5,136.3,27.2,1.07,0.5635995929721203,0.35,7.99,0,0,0
3256,6,clay,Pearl millet,253.6,583.3,21.9,-0.23,1.1403911939603084,0.57,8.76,0,0,0
3257,12,loam,Wheat,79.7,223.7,28.0,1.29,1.0059301861271135,0.57,7.82,0,0,0
3258,12,loam,Rice,86.0,255.7,27.9,1.49,0.4419891077379374,0.42,6.16,0,0,0
3259,7,clay,Maize,10.2,35.4,21.6,-0.75,0.0,0.62,7.83,0,1,0
3260,10,sandy,Wheat,11.5,36.2,23.2,-0.43,0.2558745205190386,0.5,6.45,0,0,0
3261,1,clay,Rice,51.3,137.7,31.1,-0.36,0.0,0.48,6.69,0,1,0
3262,3,sandy,Chilli,4.3,10.5,30.4,-0.85,0.08956651263248183,0.33,5.69,0,1,0
3263,6,clay,Cotton,19.4,41.9,24.0,-0.89,0.0,0.68,8.05,0,0,0
3264,2,loam,Cotton,42.1,140.1,27.0,-0.08,0.0,0.47,8.64,0,0,1
3265,1,clay,Rice,83.3,265.6,27.6,1.03,0.5077218051140723,0.81,7.57,0,1,0
3266,11,loam,Rice,22.8,81.7,24.2,-1.2,0.2667208515321945,0.82,8.55,0,0,0
3267,1,clay,Green gram,139.6,422.5,26.5,-0.15,1.4485832157631577,0.7,8.29,0,1,0
3268,4,sandy,Maize,52.1,186.5,25.7,1.22,1.0909804946578958,0.17,6.17,1,0,0
3269,11,loam,Rice,64.2,185.7,26.7,0.42,0.9924747965266061,0.44,6.58,0,1,0
3270,4,sandy,Rice,73.2,240.1,21.8,-0.92,0.42238962570040745,0.25,5.8,1,1,0
3271,4,sandy,Maize,78.3,162.3,18.7,1.3,1.5,0.74,5.47,0,0,0
3272,12,loam,Wheat,673.9,1630.4,31.4,-1.68,1.5,0.45,7.08,0,0,0
3273,1,clay,Chickpea,33.0,88.4,22.0,-1.07,0.8857182718844521,0.56,6.99,0,0,0
3274,5,loam,Chilli,33.2,91.7,23.6,1.35,0.0,0.53,9.06,1,0,0
3275,9,clay,Soybean,17.2,35.8,22.7,-0.73,0.40153329314457825,0.44,5.73,0,0,0
3276,2,loam,Maize,48.7,175.4,26.8,0.93,0.0,0.71,6.69,0,0,1
3277,10,sandy,Wheat,3.7,12.3,28.6,1.07,0.15928165120949223,0.15,6.81,0,0,1
3278,7,clay,Maize,16.1,49.4,26.6,-0.36,0.8307015108558027,0.29,8.14,1,0,0
3279,5,loam,Wheat,127.9,293.4,27.9,0.52,0.4591054251847457,0.86,8.22,0,0,0
3280,9,clay,Chickpea,8.5,24.9,30.2,-0.35,0.0,0.76,9.2,0,1,0
3281,1,clay,Rice,474.8,1656.9,25.6,-0.31,1.5,0.84,7.35,0,1,0
3282,10,sandy,Mustard,9.6,25.0,29.1,0.62,0.49908765775255753,0.35,7.73,1,1,0
3283,7,clay,Maize,167.2,532.3,29.4,2.42,1.5,0.56,8.53,0,0,0
3284,1,clay,Groundnut,19.0,51.2,29.3,0.1,0.16672554839970177,0.37,8.81,0,0,0
3285,12,loam,Maize,106.7,379.8,23.1,-0.11,0.4145956402904853,0.55,7.42,0,1,0
3286,7,clay,Soybean,116.9,396.1,27.5,1.86,0.750382969081131,0.85,9.2,0,0,1
3287,2,loam,Banana,27.9,81.7,25.5,0.1,0.07234299207480548,0.43,7.87,0,0,0
3288,6,clay,Rice,103.2,282.7,27.7,1.9,0.8915900095024918,0.49,8.73,0,1,0
3289,12,loam,Maize,178.7,436.2,27.1,-2.63,1.2024581350116863,0.65,7.28,1,0,1
3290,7,clay,Sugarcane,30.8,63.3,28.6,-1.59,0.4604864221398075,0.12,7.98,1,0,0
3291,6,clay,Soybean,86.3,231.5,25.5,1.0,0.38167407971445666,0.62,8.0,0,1,0
3292,1,clay,Rice,129.2,396.2,31.8,-0.99,0.9693466436600418,0.51,8.1,0,0,0
3293,1,clay,Groundnut,25.8,55.2,27.0,-1.96,0.0,0.59,8.33,0,1,0
3294,5,loam,Sugarcane,18.2,48.3,24.3,0.56,0.12058900600102754,0.77,5.46,0,0,0
3295,5,loam,Sugarcane,69.6,189.9,26.5,-2.21,0.05543785878683255,0.73,6.61,0,0,0
3296,10,sandy,Pearl millet,11.9,41.9,24.4,0.35,0.33457019677881783,0.69,7.94,0,1,0
3297,8,clay,Cotton,35.0,123.9,30.2,-0.13,0.24597803539172894,0.84,6.82,0,1,0
3298,2,loam,Green gram,14.9,30.9,24.8,-0.08,0.4469401706963571,0.67,7.84,0,0,0
3299,10,sandy,Wheat,60.4,187.2,24.7,3.34,1.1593841404192076,0.24,6.7,1,1,1
3300,15,clay,Rice,54.3,116.0,26.7,-1.12,0.34899550406161184,0.68,8.24,0,0,0
3301,13,sandy,Maize,34.2,121.5,21.4,0.27,0.718418014055233,0.1,7.09,1,0,0
3302,15,clay,Rice,81.7,219.4,25.1,0.28,0.0,0.82,8.45,0,0,0
3303,8,clay,Rice,56.6,161.7,29.3,1.2,0.5539203380534994,0.48,8.38,0,1,0
3304,6,clay,Pigeon pea,44.8,105.2,24.9,0.62,0.9176852448108939,0.94,7.36,0,0,0
3305,1,clay,Groundnut,83.2,213.5,31.0,0.16,0.8027939609724325,0.54,6.2,0,0,0
3306,11,loam,Rice,151.3,542.2,24.6,-0.87,0.7223587059324523,0.74,6.3,0,1,0
3307,7,clay,Sugarcane,74.9,265.7,23.1,2.22,0.5476900336584933,0.7,8.72,0,0,0
3308,10,sandy,Mustard,22.7,77.7,22.9,0.52,0.3857573480015675,0.23,6.15,0,0,0
3309,5,loam,Rice,129.7,379.1,22.9,0.44,1.046778670379599,0.56,7.33,0,1,1
3310,3,sandy,Ragi,152.2,540.5,32.0,-0.92,1.3391419636719395,0.5,4.91,0,0,1
3311,11,loam,Potato,40.0,111.5,25.6,0.62,0.0,0.68,7.07,0,0,0
3312,6,clay,Cotton,13.2,39.9,32.1,0.07,0.2563016596411448,0.41,8.64,0,0,0
3313,8,clay,Rice,36.8,86.3,23.3,2.28,0.6018807214092141,0.91,7.34,0,0,0
3314,15,clay,Sunflower,136.2,423.2,25.0,-1.47,0.7421378506095953,0.84,8.94,0,1,0
3315,5,loam,Sugarcane,105.4,252.0,24.8,0.91,0.8695251076735094,0.23,7.61,1,1,0
3316,2,loam,Banana,69.5,237.3,27.0,0.28,0.1248982831362167,0.43,6.75,0,0,0
3317,11,loam,Wheat,18.8,63.1,24.7,0.68,0.6018884744160033,0.77,7.27,0,0,0
3318,9,clay,Chickpea,42.7,86.7,21.7,-0.97,0.0,0.82,7.64,0,0,0
3319,6,clay,Cotton,37.6,87.3,23.1,-0.68,0.1557402564887039,0.39,7.55,1,0,0
3320,9,clay,Soybean,43.3,114.6,27.0,-1.06,0.18021251906035904,0.58,8.44,0,0,0
3321,14,clay,Ragi,179.9,364.0,20.9,-0.3,0.9798519408790904,0.43,8.59,0,1,0
3322,3,sandy,Rice,8.1,27.4,32.0,-0.65,0.4012391355884802,0.38,7.32,0,0,1
3323,12,loam,Maize,108.9,368.5,29.0,0.04,0.3138214730205812,0.36,7.1,0,0,0
3324,9,clay,Wheat,63.7,203.7,28.2,0.94,0.191755649479327,0.89,7.79,0,0,0
3325,13,sandy,Pearl millet,49.6,161.2,25.4,-1.63,0.34560712635439994,0.23,6.12,1,0,1
3326,14,clay,Pearl millet,1.3,3.7,30.3,-1.02,0.0,0.8,9.2,0,1,0
3327,3,sandy,Chilli,382.7,1340.4,29.6,1.53,1.5,0.69,7.18,1,0,0
3328,2,loam,Chilli,90.5,291.5,25.0,0.81,0.7922696383173096,0.58,7.42,0,1,0
3329,1,clay,Groundnut,34.0,94.0,26.1,0.1,0.0,0.48,7.84,0,0,0
3330,3,sandy,Chilli,316.9,1011.0,29.1,-0.35,1.5,0.18,5.95,1,0,1
3331,6,clay,Onion,21.7,50.9,26.9,0.41,0.08245897885875392,0.57,8.01,0,0,0
3332,4,sandy,Wheat,136.1,345.4,18.9,0.06,1.018040718731986,0.33,6.05,1,1,1
3333,13,sandy,Tomato,175.7,391.9,27.9,-1.37,1.3782367063436027,0.17,7.3,1,0,1
3334,12,loam,Maize,306.9,618.2,22.0,0.37,1.5,0.56,6.45,0,0,0
3335,6,clay,Cotton,59.5,193.6,30.4,2.03,0.0039038612940136552,0.52,8.55,1,0,0
3336,9,clay,Soybean,17.5,51.8,28.0,-1.24,0.24511692743578795,0.1,7.0,1,0,0
3337,5,loam,Wheat,29.3,73.7,22.4,0.46,0.0,0.36,7.34,1,0,0
3338,8,clay,Cotton,20.5,64.8,24.1,0.57,0.1952704099092087,0.65,8.42,0,0,0
3339,5,loam,Sugarcane,47.7,115.8,26.6,1.1,0.09734356298969732,0.42,7.43,0,0,0
3340,12,loam,Maize,51.3,154.5,29.7,-0.69,0.36883832688231977,0.99,6.08,0,0,0
3341,4,sandy,Rice,144.4,472.9,22.8,-0.37,1.5,0.39,5.93,0,1,1
3342,15,clay,Rice,246.1,662.3,31.4,0.66,1.5,0.69,8.78,0,1,0
3343,14,clay,Sorghum,35.9,104.2,30.0,-0.38,0.5763909413696645,0.65,7.41,0,0,0
3344,3,sandy,Cotton,28.9,70.7,27.2,1.08,0.9690368812010707,0.14,6.3,1,0,0
3345,9,clay,Chickpea,105.1,267.0,27.3,-0.15,0.7696274918256971,0.46,6.42,0,0,0
3346,13,sandy,Tomato,113.5,319.2,23.6,0.07,0.7263092171169143,0.37,6.98,0,0,0
3347,13,sandy,Maize,94.8,264.8,21.2,0.86,1.4135365648549734,0.68,6.43,0,0,0
3348,6,clay,Groundnut,13.6,28.0,25.8,-0.78,0.17993005616524366,0.3,8.35,0,0,0
3349,9,clay,Soybean,30.7,71.5,27.6,-0.07,0.0,0.65,6.93,0,1,0
3350,3,sandy,Pearl millet,32.5,79.7,33.6,0.2,0.2451356514872376,0.4,6.85,0,0,0
3351,4,sandy,Sunflower,13.4,38.2,29.5,0.16,0.2872037935863616,0.16,7.04,1,0,0
3352,4,sandy,Rice,48.9,165.9,17.4,-0.41,0.35642630312374096,0.33,5.47,1,0,1
3353,5,loam,Rice,17.0,39.3,18.7,0.41,0.0,0.99,6.75,0,1,0
3354,6,clay,Pigeon pea,44.1,157.8,25.0,-0.95,0.33161058855929293,0.82,8.21,0,0,0
3355,11,loam,Rice,40.3,125.8,31.0,-0.72,0.05233478772040477,0.69,6.5,0,1,0
3356,14,clay,Chilli,268.9,644.7,21.5,-1.18,1.5,0.81,8.52,0,0,0
3357,9,clay,Soybean,151.0,307.9,29.9,0.93,0.5568469702971282,0.77,8.07,0,0,0
3358,8,clay,Rice,195.3,619.7,28.8,-0.21,1.5,0.26,7.77,1,0,0
3359,11,loam,Rice,23.6,66.6,27.9,0.49,0.48685626434164386,0.26,8.58,0,0,1
3360,10,sandy,Wheat,51.8,113.7,23.3,-1.64,1.4390596574441292,0.2,7.12,1,0,0
3361,7,clay,Sugarcane,46.6,120.4,20.3,1.03,0.0,0.73,8.14,0,0,0
3362,1,clay,Groundnut,101.2,359.5,28.6,0.74,0.3138188616991579,0.34,7.81,1,0,0
3363,9,clay,Ragi,7.3,19.8,27.9,0.46,0.0,0.56,7.39,0,0,0
3364,1,clay,Green gram,5.4,17.0,32.4,1.44,0.5219318108254769,0.8,6.84,0,0,1
3365,10,sandy,Mustard,33.4,101.3,27.2,0.73,0.14522997395641646,0.48,6.15,0,0,0
3366,15,clay,Turmeric,54.0,163.8,27.8,-2.78,0.13545937631037355,0.35,7.76,0,1,0
3367,12,loam,Wheat,54.3,147.9,27.6,0.36,0.0,0.42,7.3,0,0,0
3368,13,sandy,Tomato,13.7,41.5,17.5,-0.68,0.4941636887993514,0.12,8.15,1,1,1
3369,7,clay,Onion,113.5,383.2,35.4,-0.5,0.666380309587164,0.84,7.93,0,0,0
3370,8,clay,Cotton,48.7,154.3,25.8,2.44,0.691191753372489,0.81,7.42,0,1,0
3371,8,clay,Cotton,15.2,39.9,27.4,0.32,0.05311459340445063,0.31,7.76,1,0,0
3372,4,sandy,Maize,20.0,41.7,23.6,-1.34,0.11298459699522534,0.1,5.51,1,0,1
3373,15,clay,Potato,30.4,99.2,23.5,1.61,0.4620174146978562,0.8,6.99,0,1,0
3374,1,clay,Green gram,26.5,79.8,26.1,0.5,0.11928418388366563,0.77,6.96,1,0,1
3375,15,clay,Pearl millet,172.5,556.2,25.3,0.35,1.02950651290772,0.95,8.16,0,1,0
3376,15,clay,Sorghum,159.9,571.5,30.7,0.13,0.7212166813909073,0.28,8.22,1,0,0
3377,15,clay,Maize,97.0,220.1,29.2,-1.21,0.6550687848331505,0.66,6.08,0,0,0
3378,1,clay,Potato,34.4,120.1,34.1,-1.54,0.3965859327699695,0.62,7.56,0,1,0
3379,15,clay,Potato,148.8,467.4,24.2,0.25,0.5450174608747009,0.96,7.86,0,0,0
3380,4,sandy,Rice,27.7,62.8,28.5,1.5,0.299754638205465,0.19,8.1,1,0,1
3381,4,sandy,Wheat,277.8,581.5,24.8,1.54,1.5,0.46,7.24,0,0,1
3382,11,loam,Rice,37.9,112.3,28.4,-0.3,0.0,0.77,7.3,0,1,0
3383,6,clay,Pigeon pea,45.7,144.9,24.2,0.47,0.0,0.72,7.11,0,1,0
3384,15,clay,Maize,133.5,379.0,30.8,0.06,0.49384000300694564,0.69,9.2,0,0,0
3385,8,clay,Potato,58.0,140.3,28.3,0.17,0.0,0.76,6.67,0,1,0
3386,2,loam,Cotton,27.6,73.2,25.6,-0.37,0.3147788756587707,0.63,6.26,0,0,0
3387,4,sandy,Banana,9.0,31.4,22.8,0.74,0.8472627912453653,0.64,5.79,0,0,1
3388,12,loam,Maize,240.8,569.0,24.5,-0.09,1.5,0.56,7.46,0,0,0
3389,9,clay,Soybean,39.6,98.7,25.8,0.75,0.0,0.58,8.08,0,1,0
3390,5,loam,Sugarcane,20.7,50.1,28.0,-0.71,0.48798659723028326,0.86,6.89,0,0,0
3391,4,sandy,Green gram,28.0,90.8,26.6,-1.02,0.02520698397988047,0.56,8.67,0,1,0
3392,11,loam,Rice,52.2,184.5,19.3,-0.12,0.28771097123740863,0.73,8.61,0,0,0
3393,4,sandy,Rice,141.6,354.3,26.1,-0.27,1.3169509685236964,0.46,6.45,0,0,0
3394,2,loam,Cotton,91.4,220.3,27.1,-1.29,1.0297119959277103,0.55,8.75,0,0,0
3395,9,clay,Soybean,93.5,297.8,36.3,0.15,0.7440587217219827,0.39,8.43,0,0,0
3396,13,sandy,Maize,108.2,237.9,29.1,0.09,1.5,0.19,8.01,0,0,1
3397,5,loam,Sugarcane,36.9,116.2,28.7,0.42,0.0,0.66,6.18,0,1,0
3398,11,loam,Wheat,96.4,210.9,28.6,1.32,1.0482985154305011,0.46,6.96,0,0,0
3399,7,clay,Maize,50.4,106.2,25.6,0.82,0.7357702367247276,0.61,7.77,0,0,0
3400,15,clay,Mustard,141.0,288.5,29.6,0.82,1.0897826486247844,0.82,8.76,0,1,0
3401,10,sandy,Ragi,40.4,125.4,25.0,-2.22,0.24940684075207015,0.66,6.06,0,0,0
3402,8,clay,Chilli,63.5,167.4,27.7,0.6,0.39824871583861166,0.1,8.61,0,0,0
3403,4,sandy,Wheat,76.7,188.4,22.4,-0.56,1.011867573905897,0.6,6.64,0,1,0
3404,14,clay,Sorghum,62.2,220.5,23.1,0.25,0.6562929222508236,0.33,8.59,1,0,0
3405,1,clay,Green gram,92.4,207.1,27.9,-0.1,0.19348174604811236,0.44,7.58,0,0,0
3406,9,clay,Wheat,44.4,155.2,25.8,0.5,0.0,0.48,8.53,0,0,0
3407,4,sandy,Wheat,37.0,99.8,29.4,0.49,1.0937507925954066,0.36,6.52,0,0,0
3408,8,clay,Cotton,41.2,107.7,27.2,-0.58,0.4770039546686573,0.72,7.45,0,0,0
3409,15,clay,Potato,71.1,211.7,25.4,0.91,0.9719429062696832,0.44,9.2,1,0,0
3410,2,loam,Sorghum,64.8,138.3,20.7,-0.6,0.9789418123281646,0.48,8.23,0,0,1
3411,1,clay,Maize,103.4,332.0,26.1,-1.06,0.5754995975401641,0.85,7.95,0,1,0
3412,13,sandy,Ragi,87.0,244.0,26.0,-1.14,0.3939768482761201,0.22,6.47,1,0,0
3413,11,loam,Wheat,53.8,127.4,27.1,-0.02,0.8062367667267084,0.31,6.53,0,0,0
3414,7,clay,Sugarcane,47.5,113.9,26.1,0.09,0.15357960475604296,0.65,9.2,0,0,0
3415,4,sandy,Potato,150.6,426.7,26.6,-1.03,1.5,0.39,7.34,0,1,0
3416,10,sandy,Wheat,113.3,239.1,23.3,-0.29,0.789645414461937,0.39,5.8,0,0,0
3417,4,sandy,Wheat,21.3,67.0,26.6,-0.44,0.8211639647832385,0.31,8.29,0,0,0
3418,10,sandy,Wheat,37.8,82.9,27.0,2.79,0.657393708546628,0.24,5.41,1,0,1
3419,7,clay,Onion,6.4,17.3,22.0,-0.43,0.33608262876245404,1.15,7.55,0,1,0
3420,12,loam,Wheat,15.0,42.2,24.9,-1.68,0.0,0.57,7.1,0,0,1
3421,10,sandy,Mustard,54.1,185.3,24.2,-0.65,0.6685555697687723,0.59,5.29,0,1,1
3422,9,clay,Lentil,31.8,87.5,26.8,0.95,0.1658753237324445,0.76,7.95,0,1,0
3423,2,loam,Cotton,61.0,193.7,25.6,1.79,0.36026339337723523,0.45,7.3,0,0,0
3424,10,sandy,Wheat,53.4,125.8,19.9,-0.5,0.6465663454093963,0.53,6.12,0,0,0
3425,11,loam,Rice,59.0,159.6,28.6,0.42,0.08910009066820923,0.54,7.33,0,0,0
3426,8,clay,Cotton,86.2,272.3,25.2,-0.37,0.30217976290271037,0.85,8.64,0,0,0
3427,9,clay,Chickpea,105.1,311.4,28.4,0.19,0.7268737883469318,0.27,9.2,1,0,0
3428,10,sandy,Green gram,124.6,385.8,26.1,0.99,0.9782912432009432,0.51,5.64,0,0,0
3429,4,sandy,Wheat,43.2,102.7,21.7,-0.85,0.5233790663995836,0.64,4.88,0,1,1
3430,7,clay,Sugarcane,13.5,47.6,30.9,0.54,0.2917740056992294,0.65,8.0,0,1,0
3431,2,loam,Banana,90.3,269.8,25.6,-0.79,0.192039225755665,0.49,6.7,0,0,0
3432,12,loam,Wheat,24.1,69.9,28.4,-0.87,0.10897325869399718,0.42,7.44,1,0,0
3433,3,sandy,Chilli,54.2,116.2,30.3,1.28,0.5203123739828492,0.26,7.15,1,0,0
3434,13,sandy,Tomato,13.9,47.1,29.3,0.77,1.1401555068881395,0.19,5.73,0,1,0
3435,10,sandy,Groundnut,10.2,33.2,30.7,0.62,0.5411176690992612,0.82,6.44,0,0,0
3436,8,clay,Rice,86.0,230.7,29.2,-0.49,0.0,0.92,7.41,0,1,0
3437,8,clay,Chilli,28.2,65.7,30.8,0.38,0.7825228153011717,0.53,8.81,0,0,0
3438,3,sandy,Potato,42.0,129.4,29.6,-0.39,0.7466361680633145,0.3,5.2,1,0,0
3439,10,sandy,Pearl millet,116.9,291.4,24.8,0.36,0.849522625028304,0.39,7.03,0,1,1
3440,6,clay,Sunflower,21.9,57.2,25.2,-0.05,0.8419162679357931,0.8,7.69,0,1,0
3441,12,loam,Wheat,182.5,527.1,24.3,-0.05,0.996434384821511,0.83,7.85,0,1,1
3442,13,sandy,Chilli,0.5,0.9,23.2,0.41,0.0,0.27,5.22,0,1,0
3443,14,clay,Chilli,14.8,45.8,28.0,0.67,0.5030240466183902,0.65,7.56,0,0,0
3444,14,clay,Sorghum,35.6,110.4,25.5,0.51,0.30307819292366245,0.58,6.27,0,0,0
3445,12,loam,Onion,37.0,112.8,25.3,-0.08,0.6160540294173837,0.54,6.77,0,0,0
3446,5,loam,Sugarcane,31.5,110.4,23.0,0.43,0.2017551307172251,0.59,6.84,0,0,0
3447,5,loam,Sugarcane,37.8,94.7,23.8,1.22,0.10049629518843506,0.44,7.81,0,0,0
3448,15,clay,Wheat,60.2,144.0,21.9,-1.67,0.0,0.73,7.15,0,0,0
3449,15,clay,Rice,95.8,241.2,25.2,1.22,0.36181795483822166,0.94,8.92,0,0,0
3450,5,loam,Mustard,46.6,139.0,28.6,0.72,0.07475822936440094,0.5,7.26,0,0,0
3451,10,sandy,Mustard,64.1,222.3,28.9,0.64,0.3384918154684081,0.1,6.36,1,0,1
3452,14,clay,Sorghum,83.7,299.6,29.3,-1.7,0.22927682590382148,0.3,9.2,0,0,0
3453,13,sandy,Maize,15.7,43.8,26.2,0.29,0.43842529440736794,0.23,7.56,1,1,0
3454,15,clay,Potato,660.0,1746.6,30.2,1.33,1.5,0.57,7.71,0,0,0
3455,6,clay,Cotton,104.4,301.9,24.7,-1.05,0.0,0.88,7.92,0,0,0
3456,8,clay,Rice,42.8,89.0,28.2,1.15,0.0,0.64,6.83,0,0,0
3457,9,clay,Soybean,44.4,108.2,28.3,0.74,0.2135594392848622,0.67,6.96,0,0,0
3458,15,clay,Rice,115.7,232.6,26.3,-1.19,0.41791292773607025,0.57,6.69,0,0,0
3459,15,clay,Rice,448.4,1304.7,25.5,0.86,1.5,0.51,7.6,0,0,0
3460,9,clay,Chickpea,29.0,59.7,23.4,-1.49,0.0,0.52,5.4,0,1,0
3461,13,sandy,Maize,69.9,192.8,21.5,0.52,0.7967070836366701,0.53,6.89,0,0,0
3462,6,clay,Cotton,47.8,131.9,24.7,1.94,0.6043509711088622,0.69,7.38,0,0,0
3463,10,sandy,Pigeon pea,12.5,31.7,22.8,-1.41,0.7712630715388278,0.25,6.34,0,0,0
3464,13,sandy,Maize,96.5,340.8,26.2,-0.95,1.042399502917708,0.1,6.33,1,0,0
3465,14,clay,Sorghum,63.0,139.0,23.1,-1.03,0.0,0.7,8.18,0,0,0
3466,2,loam,Tomato,31.1,79.7,24.0,1.48,0.8315671012622767,0.4,7.59,0,1,0
3467,2,loam,Banana,115.4,231.3,26.7,-0.99,1.0722382731402411,0.22,6.11,1,1,0
3468,4,sandy,Wheat,19.2,68.6,21.2,-1.8,0.13990180717224504,0.14,8.07,1,0,0
3469,2,loam,Banana,36.9,76.0,22.0,1.58,0.46892908241785364,0.52,6.57,0,1,0
3470,4,sandy,Wheat,157.8,517.6,30.3,-0.66,0.933687026037997,0.95,6.84,0,0,0
3471,15,clay,Rice,38.3,104.4,27.0,-0.6,0.009975507899091296,0.31,8.17,0,0,0
3472,10,sandy,Wheat,8.4,24.2,26.8,1.01,0.8072414349404426,0.23,6.43,0,0,1
3473,2,loam,Maize,56.2,156.7,28.2,-0.18,0.3113858964730905,0.65,7.05,0,0,0
3474,11,loam,Wheat,184.8,621.2,25.8,-0.03,1.2511737747652731,0.47,7.13,0,0,0
3475,15,clay,Potato,67.0,236.9,27.6,0.56,0.5476937980390124,0.67,7.88,0,1,0
3476,13,sandy,Ragi,149.0,437.1,18.9,-0.89,1.5,0.1,5.68,1,0,1
3477,13,sandy,Tomato,10.5,29.2,27.1,-0.33,0.6821388590694686,0.1,6.64,1,1,0
3478,14,clay,Cotton,2.2,5.3,28.8,0.06,0.0,0.5,6.82,0,1,0
3479,12,loam,Maize,37.8,116.4,24.8,-0.9,0.11437360189292867,0.1,6.63,1,1,0
3480,14,clay,Sorghum,60.1,183.9,24.4,-0.37,0.14121854950849289,1.01,8.72,0,1,0
3481,12,loam,Maize,26.5,78.3,25.9,-0.76,0.0,0.36,6.95,0,1,0
3482,11,loam,Rice,266.9,812.0,28.6,0.44,1.5,0.51,7.21,0,1,0
3483,3,sandy,Cotton,70.6,145.5,31.9,0.0,0.3227663276244664,0.44,8.37,1,0,1
3484,14,clay,Onion,34.6,105.4,23.1,1.18,0.2714922997729044,0.72,8.23,0,0,0
3485,2,loam,Cotton,41.5,85.8,25.3,-1.83,0.6103169718421365,0.51,7.6,0,1,0
3486,5,loam,Groundnut,113.1,305.4,28.8,-0.48,0.6944801229083478,0.35,7.26,1,0,1
3487,11,loam,Green gram,44.9,150.7,24.4,-0.75,0.14830231512262598,0.66,7.64,0,1,0
3488,11,loam,Pigeon pea,37.2,133.4,24.3,-0.22,0.0,0.58,6.74,0,0,0
3489,14,clay,Sorghum,16.7,41.1,22.8,0.43,0.0,0.74,8.84,0,0,0
3490,2,loam,Maize,52.9,117.7,27.8,0.64,0.0,0.57,6.02,0,0,0
3491,12,loam,Maize,75.9,156.9,23.6,-0.81,0.27389295655390783,0.54,6.79,1,0,0
3492,2,loam,Banana,26.4,94.7,20.8,0.27,0.0,0.68,8.0,0,0,0
3493,10,sandy,Wheat,23.1,70.0,27.3,-0.25,0.27922932424081565,0.48,7.34,0,1,1
3494,4,sandy,Maize,221.5,530.5,25.6,0.25,1.5,0.1,6.34,1,0,1
3495,9,clay,Wheat,112.9,256.8,23.4,-0.0,1.021591421025101,0.67,9.2,0,0,0
3496,2,loam,Banana,77.5,158.7,31.5,-1.09,0.5811720600057896,0.78,7.42,0,1,0
3497,1,clay,Rice,272.2,785.1,22.8,-0.31,1.5,0.7,5.92,0,0,0
3498,15,clay,Mustard,60.9,170.3,29.0,-0.53,0.0,0.62,7.12,0,0,0
3499,8,clay,Chilli,243.2,827.7,34.8,0.2,1.5,0.67,8.39,0,0,0
3500,7,clay,Green gram,21.8,51.6,18.9,2.69,0.28916283963724027,0.8,7.38,0,0,1
3501,6,clay,Pigeon pea,58.4,158.4,29.7,-0.48,0.44598215632760685,0.81,7.74,0,0,0
3502,14,clay,Chilli,6.2,15.9,26.3,-2.26,0.0,0.7,9.2,0,0,0
3503,12,loam,Wheat,27.2,76.9,29.8,1.38,0.41086504790953543,0.1,7.4,1,0,1
3504,8,clay,Tomato,26.1,85.6,29.1,-0.37,0.0,0.8,8.0,0,0,0
3505,2,loam,Cotton,30.4,106.6,26.4,1.6,0.5233878827448805,0.33,8.42,0,1,0
3506,11,loam,Potato,104.4,363.1,27.3,-1.49,1.0351025346308669,0.47,7.88,1,0,0
3507,4,sandy,Maize,139.9,491.6,25.6,-1.29,0.5016981291028032,0.62,7.52,0,0,0
3508,5,loam,Sugarcane,107.4,379.6,24.2,-2.02,0.43364451482847455,0.7,7.42,0,0,0
3509,10,sandy,Pearl millet,17.9,37.4,26.6,-1.3,1.0320641289106847,0.43,6.67,1,1,1
3510,15,clay,Pigeon pea,94.8,303.3,29.3,0.29,0.8521050292036978,0.84,8.0,0,0,0
3511,4,sandy,Maize,39.8,94.9,21.9,0.8,0.9049600648384359,0.39,5.6,1,0,1
3512,1,clay,Chilli,28.3,91.1,29.8,0.61,0.0,0.83,6.63,0,0,0
3513,7,clay,Maize,68.3,221.7,28.9,0.51,0.14038086625220875,0.65,9.2,0,0,0
3514,11,loam,Rice,17.5,39.8,26.0,-1.79,0.017063442170047384,0.73,8.66,0,1,1
3515,10,sandy,Wheat,13.8,47.5,22.6,-0.53,0.3976396189634567,0.25,4.5,0,0,0
3516,15,clay,Rice,178.2,583.9,27.9,0.88,0.7614067694583904,0.76,7.18,0,1,1
3517,4,sandy,Wheat,26.3,73.3,24.1,0.95,0.48492897229417586,0.32,5.73,1,0,1
3518,12,loam,Maize,164.9,428.1,25.5,0.47,1.5,0.38,7.27,1,0,1
3519,12,loam,Maize,71.4,197.9,23.0,0.06,0.5120732050835717,0.58,7.69,0,0,0
3520,13,sandy,Ragi,50.2,150.4,23.8,1.8,0.3546305884844013,0.54,6.12,0,0,0
3521,14,clay,Sorghum,32.8,80.0,22.7,0.43,0.7500554419453389,0.61,9.2,1,1,0
3522,5,loam,Groundnut,111.7,305.6,23.9,1.29,0.660736294441631,0.34,7.82,1,0,0
3523,5,loam,Wheat,32.7,103.1,21.8,-1.83,0.7811506417860854,0.4,7.2,0,0,0
3524,7,clay,Onion,41.3,107.2,27.8,-0.94,0.44631299435014343,0.8,8.22,0,0,0
3525,6,clay,Soybean,37.7,118.7,25.9,0.29,0.0,0.81,8.7,0,0,0
3526,3,sandy,Cotton,38.8,102.4,33.9,0.72,0.016177860354081308,0.1,4.93,1,0,0
3527,5,loam,Rice,89.7,185.3,25.1,-0.64,0.4345351619107813,0.77,7.31,0,0,1
3528,6,clay,Pigeon pea,73.5,178.5,27.6,-0.11,0.5333858369598339,0.58,7.63,0,1,0
3529,12,loam,Wheat,127.2,367.8,27.9,-0.17,0.9453377811935885,0.58,7.09,0,1,0
3530,1,clay,Rice,53.9,150.0,23.2,-0.03,0.6039279883380886,0.54,7.23,0,0,0
3531,12,loam,Maize,172.8,427.2,22.0,1.46,1.1719273415167049,0.68,7.52,1,1,0
3532,12,loam,Rice,15.7,44.4,26.4,0.52,0.0,0.82,8.61,0,0,1
3533,2,loam,Rice,41.5,91.9,32.9,-0.7,0.038571505718686255,0.51,7.28,0,0,1
3534,15,clay,Maize,102.1,325.1,27.5,1.88,0.170558159360519,0.58,7.54,0,0,1
3535,11,loam,Rice,203.2,550.6,28.4,-1.62,1.1286963461162878,0.51,6.59,0,0,1
3536,11,loam,Wheat,59.6,139.9,27.9,-0.31,0.7177270567907582,0.51,6.36,0,1,1
3537,12,loam,Wheat,20.9,50.3,23.9,1.63,0.8242628836986886,0.44,8.96,0,0,0
3538,13,sandy,Rice,84.4,214.2,18.9,-0.33,0.716461460457372,0.38,6.09,1,1,1
3539,7,clay,Lentil,37.3,97.1,26.5,-0.77,0.22777399427910403,0.81,7.49,0,0,1
3540,8,clay,Cotton,166.1,557.8,29.3,0.12,0.577864659291023,0.3,8.08,0,1,0
3541,10,sandy,Pearl millet,146.1,505.7,24.6,1.15,1.5,0.4,5.84,0,1,0
3542,3,sandy,Cotton,41.4,139.1,26.2,-1.18,0.3205059067901088,0.42,6.8,0,0,1
3543,1,clay,Sorghum,40.9,103.4,24.5,1.13,0.20262703546890679,0.47,7.57,0,1,0
3544,11,loam,Wheat,21.1,74.7,33.4,-0.36,0.19045147576759797,0.9,6.85,0,0,1
3545,4,sandy,Turmeric,28.1,86.9,24.1,-0.51,0.3406074854670815,0.47,5.45,0,0,0
3546,5,loam,Sugarcane,61.7,178.0,27.6,-1.14,0.4051235161286514,0.85,7.96,0,0,1
3547,2,loam,Banana,39.2,89.8,25.8,0.41,0.0956768480537637,0.5,8.62,0,0,0
3548,7,clay,Chickpea,99.5,320.9,25.2,-0.53,0.7108159909876175,0.49,7.67,0,0,0
3549,9,clay,Soybean,129.3,396.9,23.5,0.38,0.7510081047522361,0.82,7.53,0,0,0
3550,14,clay,Cotton,20.6,50.6,26.0,-1.18,0.42952561515997634,0.52,7.32,0,0,0
3551,8,clay,Sugarcane,11.4,28.4,33.5,-2.18,0.0,0.77,7.9,0,1,0
3552,6,clay,Cotton,24.1,68.5,26.1,-0.97,0.295026080093012,0.64,8.03,0,0,0
3553,12,loam,Wheat,73.6,167.1,26.0,-0.2,0.37505217276902003,0.52,8.15,0,0,0
3554,5,loam,Rice,47.7,122.4,17.0,-0.86,0.3470272142131547,0.59,8.09,0,1,0
3555,1,clay,Green gram,88.7,316.9,22.7,-1.3,0.2601727497199352,0.4,7.89,0,0,0
3556,1,clay,Groundnut,43.6,92.8,30.6,-1.44,0.7555330376554192,0.39,8.59,0,0,0
3557,13,sandy,Maize,153.2,330.7,26.4,0.76,1.5,0.39,6.54,0,1,0
3558,11,loam,Rice,291.9,819.0,26.9,0.43,1.434276072815355,0.66,6.83,0,1,0
3559,3,sandy,Chilli,110.4,333.4,32.2,-2.1,1.3864454304102831,0.33,6.48,1,0,0
3560,4,sandy,Wheat,9.3,22.8,17.2,-0.64,1.1108855582498278,0.17,7.4,1,0,0
3561,13,sandy,Tomato,26.5,65.9,24.5,-1.09,0.21830587502635102,0.1,6.14,1,1,1
3562,10,sandy,Mustard,79.4,212.8,30.9,0.68,0.6687523944721014,0.13,6.94,1,0,0
3563,8,clay,Sunflower,41.4,111.9,31.8,0.66,0.7629659202916601,0.58,7.82,0,0,0
3564,6,clay,Soybean,18.6,61.9,25.8,0.56,0.0,0.63,6.46,0,1,0
3565,6,clay,Cotton,30.9,99.3,29.0,0.27,0.4527226802273188,0.65,7.51,0,0,0
3566,12,loam,Wheat,252.6,838.8,25.3,0.19,1.5,0.77,7.24,0,1,0
3567,3,sandy,Cotton,28.4,70.6,32.2,0.25,0.34256434200757147,0.62,5.96,0,1,0
3568,14,clay,Chilli,117.0,399.6,26.9,-0.93,0.7116528220871073,0.43,6.77,0,0,0
3569,4,sandy,Maize,177.1,527.1,24.4,0.45,1.5,0.33,6.07,1,0,1
3570,4,sandy,Wheat,32.7,103.6,22.8,0.73,0.7745021230954704,0.53,5.76,0,0,1
3571,6,clay,Pigeon pea,195.3,674.1,27.9,0.02,0.7982277343012221,0.84,7.6,0,0,0
3572,12,loam,Potato,35.4,110.6,25.5,-0.37,0.0,0.69,6.93,0,1,0
3573,1,clay,Potato,38.9,100.8,28.4,-1.34,0.5302478040812051,0.36,7.02,1,1,0
3574,3,sandy,Cotton,134.2,277.9,24.8,0.89,1.5,0.23,6.99,1,0,1
3575,6,clay,Tomato,70.8,156.4,32.0,0.43,0.6661670196308576,0.64,9.2,0,0,0
3576,3,sandy,Rice,17.5,44.8,29.4,0.23,1.3077062423419146,0.43,7.8,1,0,1
3577,6,clay,Mustard,321.4,757.1,24.1,-0.15,1.5,0.62,6.99,0,0,0
3578,7,clay,Sugarcane,69.8,158.2,27.0,0.34,0.6275943876703385,0.72,6.95,0,1,0
3579,10,sandy,Rice,136.4,446.3,24.5,1.7,1.5,0.24,6.35,1,0,1
3580,5,loam,Sugarcane,94.9,280.6,22.8,0.41,1.2250227091906507,0.68,8.97,0,0,0
3581,9,clay,Soybean,201.4,485.7,26.3,-2.33,1.204358687091991,0.79,8.24,0,1,0
3582,15,clay,Soybean,18.6,65.8,23.5,-0.13,0.3484180502405442,0.89,7.91,0,0,0
3583,7,clay,Tomato,62.7,203.9,27.4,0.48,0.3939178906329881,0.35,9.2,1,0,0
3584,13,sandy,Tomato,75.4,154.1,23.7,0.95,0.7027739484499482,0.51,5.11,0,0,0
3585,5,loam,Rice,76.0,196.1,26.1,0.61,1.1841878303222348,0.16,6.34,1,1,1
3586,14,clay,Chilli,115.9,358.3,25.8,0.68,0.6561145966354581,0.88,7.66,0,0,0
3587,9,clay,Soybean,169.5,516.6,28.0,-0.21,1.0718412203293346,0.63,7.96,0,1,0
3588,3,sandy,Cotton,39.7,113.5,27.8,0.22,0.2806622076230574,0.52,7.33,0,0,0
3589,14,clay,Mustard,47.5,140.1,30.2,-1.35,0.5074950138919513,0.73,7.49,0,0,0
3590,11,loam,Potato,46.1,115.5,29.3,0.55,0.0,0.14,7.16,1,1,0
3591,6,clay,Soybean,93.0,313.0,23.2,0.15,0.13175073553717626,0.41,6.82,0,0,0
3592,10,sandy,Wheat,15.5,36.0,28.4,2.28,1.1913985143733672,0.35,6.65,0,0,0
3593,15,clay,Potato,118.3,361.4,25.9,0.8,0.7875003971280674,0.73,8.89,0,0,0
3594,2,loam,Banana,55.6,140.9,25.3,0.81,0.2750456408952418,0.46,8.37,0,0,0
3595,1,clay,Lentil,64.3,143.1,28.1,-0.87,0.0,0.67,8.18,0,0,0
3596,12,loam,Sunflower,78.6,205.1,28.0,-0.36,0.6174873734037891,0.5,6.94,1,1,0
3597,5,loam,Rice,94.0,278.8,24.0,-1.15,0.8056857899151755,0.67,8.83,0,1,0
3598,13,sandy,Cotton,31.2,94.4,27.5,1.89,0.9367975587180699,0.56,7.8,1,0,0
3599,12,loam,Rice,111.2,239.8,24.2,0.28,0.060242663466856694,0.56,7.22,0,0,1
3600,14,clay,Chilli,97.8,246.1,23.9,0.53,0.9881303278174526,0.74,7.98,0,0,0
3601,12,loam,Wheat,132.9,412.4,27.2,0.01,0.8865052661975871,0.62,7.35,0,0,0
3602,15,clay,Potato,12.9,27.9,28.1,-0.03,0.0,0.32,7.35,1,1,0
3603,10,sandy,Mustard,50.7,117.9,21.7,0.77,0.8150747647795993,0.42,7.49,0,0,1
3604,2,loam,Mustard,31.7,71.1,30.4,-2.04,0.0,0.24,6.86,1,1,0
3605,4,sandy,Chilli,65.2,173.7,25.0,0.0,0.9774054886766503,0.38,7.45,0,1,1
3606,14,clay,Cotton,41.5,94.2,24.6,-1.57,0.16218768867496458,0.2,8.56,0,0,0
3607,5,loam,Sugarcane,62.3,214.5,23.1,0.02,0.5953414660024626,0.6,7.07,0,0,0
3608,15,clay,Tomato,156.3,546.6,29.5,-1.27,1.0691612281892813,0.66,7.01,0,0,0
3609,14,clay,Cotton,61.6,174.8,25.5,0.23,0.39488744285457916,0.78,9.2,0,0,0
3610,11,loam,Potato,36.1,112.2,20.5,0.08,0.3817203998132883,0.38,8.05,0,0,0
3611,3,sandy,Chilli,81.0,175.0,30.0,-0.45,1.1268653407152134,0.56,6.28,0,0,0
3612,3,sandy,Cotton,22.6,76.5,34.5,-0.21,0.028851510874078945,0.5,6.54,0,0,0
3613,12,loam,Wheat,70.5,149.2,23.1,0.53,0.8065241718222804,0.5,6.48,0,1,0
3614,7,clay,Potato,12.5,38.7,24.8,0.97,0.0,0.61,7.6,0,0,0
3615,7,clay,Sugarcane,34.7,97.5,26.0,-0.77,0.03324604035311459,0.76,8.11,0,0,0
3616,2,loam,Rice,59.4,205.1,27.0,0.41,0.7566605641597149,0.96,7.29,0,1,0
3617,7,clay,Maize,2.4,7.4,26.0,-0.05,0.0045194445208610046,0.45,8.03,0,0,0
3618,1,clay,Green gram,80.1,223.2,28.7,-1.33,0.3266745341491758,0.61,7.97,0,0,0
3619,3,sandy,Pearl millet,248.5,723.3,27.3,-1.24,1.5,0.29,7.18,1,0,1
3620,14,clay,Sorghum,52.7,117.0,25.0,-1.4,0.0,0.75,7.58,0,0,0
3621,12,loam,Rice,117.4,371.3,22.4,0.58,1.3709234804960992,0.62,6.61,0,0,0
3622,15,clay,Mustard,106.1,268.0,26.3,-0.93,0.08103233585425218,0.53,6.52,1,1,0
3623,14,clay,Wheat,55.5,191.6,26.1,-2.07,0.0,0.56,8.47,0,0,0
3624,14,clay,Cotton,65.1,164.0,21.0,-0.62,0.0,0.59,9.02,0,0,0
3625,7,clay,Sugarcane,25.8,76.9,28.7,2.23,0.9349861113316711,0.66,9.2,0,0,0
3626,4,sandy,Rice,44.2,106.8,21.1,-0.7,0.5689534852745393,0.19,7.2,1,1,0
3627,11,loam,Potato,130.7,422.9,22.7,2.46,1.3958551834761497,0.4,7.32,1,0,0
3628,10,sandy,Mustard,15.2,54.3,20.9,-0.73,0.6237401462534902,0.48,7.91,0,1,1
3629,7,clay,Onion,20.8,56.3,23.2,2.41,0.5631928565449063,0.67,6.96,0,1,0
3630,8,clay,Cotton,24.5,67.6,27.6,-0.32,0.10115175422328904,0.57,7.73,0,0,0
3631,4,sandy,Wheat,21.4,60.2,22.8,0.77,0.6759663673481934,0.27,7.92,0,0,0
3632,8,clay,Cotton,177.6,630.8,26.9,-1.54,1.5,0.61,7.3,0,0,0
3633,15,clay,Mustard,215.8,704.5,22.7,0.22,1.340279387584848,0.72,8.76,0,1,0
3634,7,clay,Onion,3.2,8.4,31.2,-0.99,0.0,0.87,8.18,0,0,0
3635,8,clay,Chilli,72.6,182.1,25.4,-1.25,0.8239864800547243,0.52,8.51,0,1,1
3636,15,clay,Rice,49.5,101.5,28.2,-0.2,0.40421282190854535,0.51,8.03,0,0,0
3637,13,sandy,Soybean,63.8,205.3,22.6,-1.1,0.034946210777320186,0.13,6.38,1,1,0
3638,12,loam,Maize,219.0,518.3,27.6,0.11,1.1799533843442427,0.69,7.94,0,1,1
3639,1,clay,Onion,43.9,147.3,29.3,-0.66,0.02285425862035502,1.0,8.58,0,1,0
3640,13,sandy,Chilli,36.4,86.0,25.3,-0.27,1.080619631200587,0.37,6.92,0,0,0
3641,2,loam,Sorghum,51.4,181.4,22.4,-0.49,0.28952262833930487,0.38,6.11,0,0,0
3642,1,clay,Groundnut,33.8,89.4,23.4,1.27,0.026495123342522797,0.69,7.1,0,0,0
3643,6,clay,Soybean,86.5,254.6,32.0,-0.24,0.11359958234597983,0.45,7.49,0,0,0
3644,7,clay,Sugarcane,19.8,53.5,32.6,0.45,0.07565381084566859,0.68,7.79,0,0,0
3645,2,loam,Sorghum,74.0,228.9,25.6,-0.62,0.733726955246891,0.53,5.98,0,0,0
3646,9,clay,Soybean,129.5,430.3,27.6,0.39,1.443971009351941,0.48,7.51,0,0,0
3647,14,clay,Soybean,15.3,43.0,27.4,-0.33,0.0,0.87,7.33,0,1,0
3648,10,sandy,Wheat,11.3,36.1,23.6,-0.13,0.5283020171028922,0.1,8.08,1,0,0
3649,15,clay,Potato,104.8,364.5,22.1,-0.1,0.4907385098976348,0.33,7.78,0,0,0
3650,14,clay,Maize,72.0,181.7,26.3,-0.2,0.28769616888583965,0.78,9.09,0,0,0
3651,13,sandy,Tomato,24.9,50.0,26.9,-0.97,0.24086879146496226,0.33,6.2,1,0,0
3652,3,sandy,Cotton,25.4,75.2,27.6,0.34,0.05146215796915932,0.3,7.33,1,1,1
3653,10,sandy,Maize,51.0,139.1,19.7,0.04,0.8094368638854701,0.35,6.38,1,0,1
3654,2,loam,Banana,14.3,46.5,30.5,0.13,0.0,0.57,8.13,0,0,0
3655,12,loam,Wheat,50.4,180.4,30.3,-0.64,0.5116335178446063,0.52,7.21,1,0,0
3656,14,clay,Ragi,4.2,9.2,23.8,0.93,0.1027092892375423,0.53,7.55,0,0,0
3657,2,loam,Cotton,50.4,158.3,28.2,-0.41,0.7754132800593057,0.68,7.87,0,0,0
3658,8,clay,Cotton,118.2,351.6,32.1,1.28,1.3396341019938487,0.45,7.0,0,0,0
3659,2,loam,Sorghum,139.4,337.0,27.8,-1.12,1.5,0.36,8.29,1,0,0
3660,9,clay,Chickpea,178.1,400.2,25.7,-0.88,0.7593056460090357,0.6,7.35,0,0,0
3661,7,clay,Rice,77.3,228.8,22.0,1.57,1.052868697817107,0.76,6.56,0,0,0
3662,14,clay,Cotton,58.4,210.0,23.8,-1.92,0.35516555426099344,0.41,6.72,0,0,0
3663,5,loam,Sugarcane,43.0,98.0,23.4,-1.31,0.3685048927164267,0.63,6.19,0,1,0
3664,12,loam,Rice,26.2,54.2,26.9,0.37,0.1327225925369805,0.54,8.72,0,0,0
3665,10,sandy,Mustard,35.5,76.6,24.1,-0.08,0.6065432322445811,0.48,6.51,0,0,1
3666,11,loam,Rice,90.6,198.4,29.0,-1.32,0.39944511862466087,0.4,7.25,1,1,1
3667,15,clay,Rice,10.8,26.4,26.0,-0.38,0.4377955372897254,0.45,7.04,0,0,1
3668,3,sandy,Rice,10.0,34.9,29.6,-1.43,0.06486708895115689,0.66,5.11,0,1,0
3669,1,clay,Green gram,158.9,538.5,23.7,-0.37,0.9801949116158387,0.48,7.55,0,0,0
3670,10,sandy,Wheat,32.5,71.9,25.4,1.6,0.966356446643752,0.71,7.11,1,1,0
3671,2,loam,Sorghum,211.4,457.2,28.5,0.18,1.2173701595984916,0.54,6.32,0,0,1
3672,7,clay,Sugarcane,27.6,55.3,23.8,-0.93,0.3765545030314046,0.82,8.52,0,0,0
3673,8,clay,Green gram,103.7,273.7,30.3,-1.2,0.4880899174055809,0.46,7.5,0,0,0
3674,10,sandy,Lentil,21.0,44.4,25.9,1.04,0.5019185045192346,0.69,6.09,0,0,0
3675,1,clay,Groundnut,105.7,322.7,31.4,-2.42,1.0841101958911379,0.33,7.8,0,1,0
3676,9,clay,Onion,8.4,23.7,22.3,-0.52,0.0,0.73,8.39,0,1,0
3677,12,loam,Rice,59.3,199.1,24.3,-0.88,0.6737414108605466,0.48,6.16,0,0,0
3678,1,clay,Groundnut,198.7,555.0,23.0,0.98,1.5,0.24,5.87,1,1,0
3679,6,clay,Pigeon pea,82.5,261.2,28.8,0.27,1.1971551572173489,0.57,8.09,1,0,0
3680,6,clay,Pigeon pea,141.0,312.3,28.5,-0.3,0.6627942081562891,0.48,7.81,0,0,0
3681,6,clay,Pigeon pea,43.9,152.9,25.4,-0.5,0.018627963013247803,0.9,9.2,0,1,0
3682,7,clay,Chickpea,110.0,281.2,26.1,1.58,0.9155548108616094,0.82,7.38,0,0,0
3683,3,sandy,Chilli,90.0,265.5,31.0,-1.61,0.7630283631159328,0.73,7.17,0,1,0
3684,8,clay,Rice,48.0,161.2,30.0,-1.22,0.28735542267508746,1.0,7.97,0,0,0
3685,2,loam,Turmeric,5.4,14.6,23.8,-0.31,0.0,0.71,5.83,0,0,1
3686,2,loam,Groundnut,13.7,34.1,25.3,-0.01,0.0,0.81,8.12,0,0,0
3687,9,clay,Wheat,15.6,43.3,27.4,-0.44,0.0,0.6,7.76,0,0,0
3688,14,clay,Cotton,11.4,40.6,27.2,0.23,0.6583620955321089,0.33,8.52,0,1,0
3689,11,loam,Rice,33.3,116.0,23.8,-0.26,0.0,0.88,7.14,0,1,1
3690,6,clay,Pigeon pea,50.7,168.1,30.9,-1.7,0.39982483818129033,0.49,8.29,0,0,0
3691,6,clay,Pigeon pea,17.4,53.4,25.1,0.74,0.0,0.83,9.2,0,0,0
3692,8,clay,Chilli,30.4,73.9,29.7,-0.09,0.0,0.68,9.2,0,1,0
3693,1,clay,Green gram,80.9,189.7,30.2,0.93,0.9487877808499903,0.59,9.09,1,0,0
3694,10,sandy,Pearl millet,30.6,81.3,25.5,1.0,0.7781621011945496,0.39,6.18,0,0,0
3695,3,sandy,Chilli,58.7,158.6,30.7,2.48,0.7614075816101267,0.44,7.14,0,1,0
3696,11,loam,Potato,4.1,12.6,22.0,0.12,0.0493487973043825,0.39,7.8,0,0,0
3697,6,clay,Soybean,37.0,127.1,29.8,-0.96,0.23274840672370228,0.82,7.98,0,0,0
3698,6,clay,Soybean,95.5,268.3,22.3,-0.5,1.0653677335803804,0.89,8.13,0,1,0
3699,7,clay,Sugarcane,304.9,1083.7,27.6,1.08,1.3631422228451422,0.65,8.56,0,1,0
3700,2,loam,Maize,93.8,194.7,22.6,0.27,0.9039385448673642,0.77,7.3,0,0,0
3701,4,sandy,Rice,44.2,99.7,16.9,0.31,0.4935428147970073,0.62,7.25,0,1,0
3702,4,sandy,Wheat,19.8,55.3,25.7,-0.88,1.1124441222892751,0.57,6.84,0,1,0
3703,13,sandy,Maize,92.6,217.1,24.7,0.16,1.5,0.1,6.27,1,0,0
3704,3,sandy,Chilli,111.2,323.5,29.4,2.16,1.5,0.5,7.0,0,0,1
3705,2,loam,Mustard,12.6,35.4,28.4,1.13,0.0,0.7,7.72,0,1,0
3706,4,sandy,Maize,28.0,91.8,24.7,-1.62,0.02736020459279137,0.63,6.16,0,0,1
3707,7,clay,Maize,37.6,76.8,26.1,0.06,0.14774490172233312,0.63,7.64,0,0,0
3708,10,sandy,Wheat,44.1,92.8,29.5,-0.44,0.37713572189058536,0.1,8.16,1,0,0
3709,7,clay,Sugarcane,85.9,262.9,25.1,1.74,0.7766514571530206,0.23,7.94,1,0,0
3710,9,clay,Sugarcane,200.3,531.7,27.5,2.14,1.133493170417132,0.37,7.22,0,0,0
3711,8,clay,Rice,122.6,284.0,31.2,-0.12,0.6394377932383171,0.23,7.93,0,0,0
3712,3,sandy,Pigeon pea,75.3,238.1,28.0,1.97,1.5,0.39,6.15,1,0,0
3713,1,clay,Rice,143.0,385.1,32.3,-0.17,0.8838159569945172,0.82,7.79,0,0,0
3714,11,loam,Potato,92.1,217.9,25.1,1.09,0.2787162201515798,0.68,6.17,0,1,1
3715,15,clay,Rice,101.5,270.1,21.3,-0.19,0.7415936383300443,0.74,7.59,0,0,0
3716,1,clay,Green gram,39.1,104.1,26.7,0.39,0.039385149126267255,0.32,7.13,0,0,0
3717,14,clay,Sorghum,37.6,129.2,27.0,0.7,0.6699780709429011,0.53,6.63,0,0,0
3718,14,clay,Cotton,33.2,68.8,24.7,-0.04,0.39948803721778814,0.84,7.44,0,0,0
3719,12,loam,Rice,60.6,153.0,24.6,-0.36,0.47900137586553515,0.81,8.29,0,0,0
3720,9,clay,Soybean,9.5,24.5,27.3,2.02,0.9028785646779185,0.4,7.9,0,1,0
3721,6,clay,Ragi,117.0,289.5,29.4,0.82,0.7564504058923412,0.42,6.64,0,0,0
3722,9,clay,Turmeric,39.1,98.3,25.0,1.13,1.0758804577748835,0.26,6.53,0,0,0
3723,1,clay,Cotton,5.8,20.1,26.6,-0.46,0.09764292455833766,0.6,9.2,0,0,0
3724,5,loam,Sugarcane,157.3,436.0,25.9,0.75,1.356112533829188,0.45,7.15,0,0,0
3725,6,clay,Soybean,125.9,253.0,24.0,0.93,0.06211598772356308,0.83,9.2,0,0,0
3726,8,clay,Chilli,14.4,51.1,23.2,-0.72,0.0,0.69,9.09,0,1,0
3727,5,loam,Wheat,9.1,30.1,26.2,0.93,0.0,0.65,7.17,0,0,1
3728,7,clay,Sugarcane,43.7,140.1,26.9,0.71,0.0,0.77,7.67,0,0,1
3729,11,loam,Wheat,1.6,5.5,22.1,-0.74,0.0,0.57,7.22,0,0,0
3730,15,clay,Rice,234.6,610.2,24.7,-0.89,1.5,0.47,7.03,0,1,0
3731,13,sandy,Maize,84.7,226.6,20.1,0.46,1.2142414895579123,0.26,5.89,0,0,1
3732,2,loam,Maize,27.1,63.8,30.4,-1.76,0.3316896715667068,0.49,7.37,0,0,0
3733,9,clay,Soybean,85.6,173.0,25.4,-1.28,1.1664171911688315,0.72,7.12,0,1,0
3734,7,clay,Groundnut,40.4,130.3,22.3,-1.06,0.3369644045090147,0.59,8.59,0,0,0
3735,8,clay,Rice,59.0,127.4,29.7,0.53,0.7957044841119868,0.86,7.55,0,0,0
3736,12,loam,Rice,217.8,627.3,28.5,-0.07,1.5,0.23,6.63,1,1,0
3737,5,loam,Rice,128.3,446.1,28.6,1.24,0.702303744842614,0.66,5.5,0,0,0
3738,9,clay,Wheat,15.7,33.4,27.7,-1.94,0.0,0.72,6.95,0,1,0
3739,14,clay,Banana,8.2,21.6,28.8,0.38,0.2889576945841546,0.34,8.94,1,1,0
3740,9,clay,Soybean,59.9,165.4,25.4,-1.56,0.0,0.77,8.39,0,0,0
3741,9,clay,Chickpea,103.1,343.9,28.4,0.92,0.7167498951462106,1.02,8.04,0,1,0
3742,14,clay,Chilli,22.9,77.3,27.9,0.47,0.3390568290654721,0.31,7.4,0,0,0
3743,1,clay,Banana,68.4,239.5,28.6,-0.93,0.07192771452013164,0.69,7.08,0,0,0
3744,6,clay,Soybean,215.5,513.0,25.9,-2.13,0.8351197905057647,0.69,7.59,1,0,0
3745,8,clay,Rice,160.3,404.9,28.1,2.54,1.5,0.54,6.39,0,1,0
3746,1,clay,Rice,158.0,438.9,30.8,-1.27,0.9852877603452168,0.56,8.61,0,1,0
3747,8,clay,Cotton,3.3,9.2,28.3,1.63,0.6465069371157179,0.21,6.66,1,1,0
3748,14,clay,Cotton,71.2,254.3,19.8,-0.44,0.3666755387642864,0.85,8.42,0,1,0
3749,12,loam,Maize,338.9,1190.1,22.9,-1.08,1.3715158532499478,0.65,6.39,0,0,0
3750,1,clay,Rice,73.3,192.1,27.8,0.63,0.48275024642775244,0.56,8.15,0,0,0
3751,14,clay,Onion,14.6,51.6,26.3,-0.79,0.29613629089188037,0.37,8.05,1,0,0
3752,12,loam,Rice,86.2,287.8,26.4,-0.97,0.0,0.66,8.69,0,0,0
3753,14,clay,Potato,18.7,65.0,26.8,-0.72,0.0,0.96,6.0,0,0,0
3754,3,sandy,Cotton,82.2,215.7,30.8,2.18,1.427804919037634,0.43,5.42,0,0,0
3755,14,clay,Cotton,35.2,103.4,28.2,0.42,0.5528168419448494,0.68,6.8,0,0,0
3756,1,clay,Groundnut,21.4,74.9,29.5,1.09,0.12845587393266372,0.47,9.2,0,1,0
3757,1,clay,Rice,175.0,613.4,27.0,-0.15,1.110801379539843,0.95,7.32,0,1,0
3758,6,clay,Pigeon pea,40.1,127.9,28.9,1.11,0.0,1.19,8.83,0,0,0
3759,13,sandy,Mustard,45.4,93.2,23.6,-1.66,0.37668153346278815,0.66,6.66,0,0,1
3760,13,sandy,Maize,45.8,99.6,22.7,-0.66,0.8323188749736206,0.18,6.4,1,0,1
3761,10,sandy,Wheat,10.9,34.9,25.2,-1.75,0.39503096759448764,0.73,7.65,0,0,0
3762,1,clay,Green gram,49.1,138.0,26.2,2.17,0.7098564172673649,0.4,8.03,1,0,0
3763,14,clay,Chilli,30.5,70.6,26.2,-0.73,0.20904079729785013,0.82,7.79,0,0,0
3764,4,sandy,Rice,67.1,152.9,23.4,0.3,1.5,0.35,6.79,1,1,1
3765,12,loam,Wheat,172.4,440.2,23.9,-0.35,0.09683623512613493,0.23,7.2,0,0,0
3766,5,loam,Sugarcane,152.3,479.9,27.0,1.23,1.328649857704389,0.49,7.08,1,1,0
3767,9,clay,Chickpea,91.6,216.4,28.5,-0.44,0.35089223384192547,0.34,6.11,0,0,0
3768,2,loam,Maize,87.7,293.5,32.4,0.62,0.2744673586813124,0.58,8.64,0,0,0
3769,15,clay,Rice,37.7,97.3,30.3,0.21,0.25573921240938396,0.88,7.55,0,0,0
3770,2,loam,Banana,17.2,55.7,24.5,-0.96,0.06937862933470668,0.68,6.38,0,0,0
3771,15,clay,Mustard,94.4,275.0,24.3,0.83,0.9251148681459737,0.54,8.13,1,0,0
3772,14,clay,Sorghum,60.1,215.1,25.9,0.12,0.3729786278876339,0.44,6.97,1,1,0
3773,3,sandy,Wheat,103.8,207.6,28.8,0.09,0.7080361437483514,0.51,6.1,0,0,0
3774,11,loam,Turmeric,121.0,415.9,27.6,0.55,0.34875025304292095,0.54,6.6,0,0,0
3775,6,clay,Cotton,46.1,160.8,30.8,-1.96,0.0,0.74,7.97,0,0,0
3776,5,loam,Groundnut,8.6,22.3,27.0,0.5,0.18374692630523798,0.98,7.82,0,0,0
3777,5,loam,Sugarcane,26.7,89.2,26.1,-0.27,0.4013634431687068,0.61,8.12,0,1,0
3778,4,sandy,Maize,41.2,124.9,26.7,0.37,0.0721535638182228,0.23,5.5,1,0,1
3779,15,clay,Rice,163.7,393.4,27.4,0.73,0.9530435735801848,0.8,7.48,0,0,0
3780,1,clay,Rice,224.3,652.7,34.4,0.93,1.4757938208504777,0.24,7.26,1,0,0
3781,6,clay,Soybean,72.6,152.9,23.8,0.52,0.5352955703819559,0.66,7.71,0,1,0
3782,6,clay,Groundnut,47.7,152.7,32.0,-0.59,0.0,0.8,6.69,0,0,0
3783,7,clay,Groundnut,213.5,701.6,20.3,1.05,0.9507676498013776,0.52,6.78,0,0,1
3784,5,loam,Maize,68.4,151.2,18.5,0.07,0.1915327013748985,0.71,7.04,0,0,0
3785,10,sandy,Wheat,39.9,130.3,20.8,1.51,1.2048636359375817,0.58,6.56,1,0,0
3786,14,clay,Cotton,98.9,201.3,23.9,1.2,0.0,0.51,8.8,1,0,0
3787,11,loam,Potato,33.2,99.6,25.5,1.15,0.0,0.61,6.82,0,0,0
3788,4,sandy,Rice,49.4,125.1,22.8,0.52,0.6699245887152075,0.47,6.74,0,0,1
3789,15,clay,Rice,81.0,276.7,23.6,0.79,0.2611680438093499,0.93,8.55,0,0,0
3790,7,clay,Sugarcane,68.9,225.9,30.0,1.25,0.09451773017514331,0.74,6.6,0,0,0
3791,5,loam,Rice,50.9,114.9,22.0,0.33,0.015907921753821497,0.62,6.47,0,1,0
3792,11,loam,Potato,98.6,308.0,27.4,0.52,0.6861037993129561,0.8,7.37,0,0,0
3793,15,clay,Potato,97.8,282.3,29.2,0.05,0.6095181761821575,0.67,7.79,0,1,0
3794,5,loam,Maize,20.9,72.6,19.4,0.2,0.3865650977644601,0.42,7.37,1,0,0
3795,4,sandy,Rice,70.0,207.4,23.5,2.07,1.3640442172887688,0.17,7.14,0,1,1
3796,12,loam,Wheat,67.1,215.7,25.1,0.56,0.0,0.49,8.93,0,1,0
3797,8,clay,Potato,147.2,324.4,29.3,-0.58,1.1232513908362889,0.23,7.12,1,0,0
3798,11,loam,Wheat,292.8,915.1,31.9,-0.74,1.5,1.04,7.56,0,0,0
3799,7,clay,Pigeon pea,80.0,282.3,24.1,0.84,0.3431962844513558,0.7,9.2,0,0,0
3800,1,clay,Groundnut,113.5,272.6,30.6,-1.19,1.0767623603111065,0.56,8.43,0,1,0
3801,6,clay,Cotton,105.1,318.2,21.6,0.84,0.5351600486209637,0.35,7.49,0,1,0
3802,13,sandy,Sunflower,14.4,43.3,19.7,-0.33,0.7473896058817551,0.6,7.68,0,0,1
3803,15,clay,Rice,130.6,406.8,27.1,0.32,1.014708839291917,0.56,7.88,0,0,0
3804,6,clay,Pigeon pea,31.5,111.8,30.0,-1.74,0.08236513989369734,0.33,6.96,0,1,0
3805,11,loam,Rice,50.7,170.8,21.3,0.22,0.0,0.52,7.53,0,0,0
3806,2,loam,Banana,65.3,173.2,33.5,-1.09,0.11876813101354905,0.58,7.11,0,1,0
3807,4,sandy,Wheat,12.9,28.6,29.6,0.43,0.22600325143857214,0.45,6.24,0,0,0
3808,11,loam,Wheat,14.1,28.7,24.3,0.52,0.6915227517348268,0.57,7.31,0,0,0
3809,1,clay,Groundnut,236.9,556.5,28.6,-0.41,1.5,0.6,8.13,0,1,0
3810,12,loam,Rice,49.2,112.6,28.8,-1.01,0.5824774209976087,0.48,6.97,0,0,0
3811,15,clay,Rice,53.4,124.3,31.0,-0.7,0.3018772307264621,0.84,8.34,0,0,0
3812,2,loam,Pigeon pea,64.7,192.3,27.7,-0.87,0.1807318318113644,0.39,4.92,1,0,1
3813,9,clay,Wheat,123.1,348.4,25.1,-0.57,0.9636562488503109,0.57,8.7,0,0,0
3814,6,clay,Cotton,37.1,105.3,30.3,-1.29,0.0,0.42,7.52,0,0,0
3815,10,sandy,Tomato,31.4,65.5,28.7,0.17,1.0613204619062127,0.53,6.79,0,0,0
3816,14,clay,Sorghum,35.4,115.1,28.2,0.14,0.0,0.58,6.26,0,0,0
3817,2,loam,Maize,37.5,110.2,25.1,-0.68,0.0,0.2,5.84,1,0,0
3818,11,loam,Green gram,56.1,153.0,20.2,2.34,0.8176918725545882,0.64,7.11,0,0,0
3819,3,sandy,Cotton,17.9,38.7,30.0,-0.82,0.3894257177874015,0.12,6.1,0,0,0
3820,9,clay,Mustard,39.5,92.0,28.4,-0.04,0.6565923775558388,0.17,7.76,0,1,0
3821,7,clay,Sugarcane,118.4,244.1,28.1,0.37,1.153804800614015,0.62,7.56,0,0,0
3822,8,clay,Turmeric,49.8,152.1,28.8,-0.8,0.0,0.63,7.72,0,0,0
3823,12,loam,Maize,14.2,42.4,24.8,-1.57,0.0,0.64,7.46,0,1,0
3824,10,sandy,Pearl millet,43.5,124.1,24.5,0.53,0.3688683008713472,0.49,5.95,1,1,0
3825,6,clay,Sugarcane,48.0,145.9,27.1,-1.28,0.5250665472053099,0.52,7.46,0,0,0
3826,10,sandy,Wheat,74.9,224.3,24.9,1.11,0.5008175340133711,0.38,7.12,1,1,0
3827,9,clay,Soybean,106.2,308.9,28.3,-0.53,0.0,0.61,8.13,0,1,0
3828,2,loam,Cotton,12.3,31.6,25.8,1.42,0.0,0.46,6.24,0,0,1
3829,10,sandy,Wheat,57.4,161.6,30.5,1.08,1.049848647119112,0.42,7.35,0,0,1
3830,6,clay,Wheat,20.3,62.9,34.0,-0.65,0.6655891829325451,0.74,8.43,0,0,0
3831,3,sandy,Cotton,85.0,269.1,34.2,1.27,0.4293806047807067,0.71,5.83,0,0,1
3832,8,clay,Pigeon pea,21.0,49.2,25.3,-0.67,0.0,0.54,8.08,0,1,0
3833,8,clay,Cotton,17.5,35.6,29.0,-3.39,0.0019656241180229655,0.8,6.84,0,0,0
3834,11,loam,Potato,35.4,71.5,34.8,0.52,0.5848020528774492,0.51,7.01,0,0,1
3835,7,clay,Onion,25.5,55.5,23.9,-0.51,0.8033305531256502,0.44,8.63,1,1,0
3836,12,loam,Wheat,96.2,332.9,23.4,-0.07,0.6597499660309344,0.49,6.39,1,0,0
3837,5,loam,Mustard,94.6,213.6,18.1,-1.21,0.7501584140453571,0.71,6.14,0,1,0
3838,10,sandy,Mustard,116.7,352.5,24.2,-1.08,1.1370796794599303,0.33,7.11,0,0,1
3839,15,clay,Sunflower,79.5,268.1,29.9,0.23,0.9124247182967559,0.8,8.36,0,0,0
3840,9,clay,Pearl millet,86.8,295.4,22.4,0.94,0.37531435785962636,0.74,6.62,0,0,0
3841,11,loam,Onion,25.7,91.3,22.4,-0.32,0.04389760717899104,0.65,7.0,0,0,0
3842,6,clay,Pigeon pea,57.6,116.8,31.6,0.23,0.0,0.48,7.37,1,1,0
3843,11,loam,Wheat,281.2,684.3,25.5,0.65,1.5,0.61,6.84,0,1,0
3844,13,sandy,Ragi,53.3,132.1,25.2,0.96,1.4100156138525468,0.24,6.07,0,0,1
3845,14,clay,Green gram,18.5,53.5,22.3,-0.08,0.18611428460895685,0.85,7.87,0,1,0
3846,14,clay,Maize,9.4,31.1,29.9,-0.09,0.0,0.86,9.2,0,0,0
3847,5,loam,Wheat,0.8,2.4,27.4,1.49,0.0,0.47,7.08,1,0,0
3848,13,sandy,Sunflower,56.1,161.9,22.6,0.53,1.4121231902434923,0.17,5.99,0,1,1
3849,6,clay,Cotton,62.4,180.9,34.0,-1.71,0.012441209553739563,0.29,7.52,0,0,0
3850,14,clay,Chilli,110.5,224.1,23.5,-0.39,0.4571000730803081,0.81,7.48,0,0,0
3851,1,clay,Groundnut,24.6,55.6,27.6,0.15,0.0,0.43,7.02,1,1,1
3852,14,clay,Cotton,56.2,143.2,25.1,0.85,0.5472557429812607,0.58,5.97,0,0,0
3853,4,sandy,Wheat,40.9,85.4,26.3,-1.01,1.2389073371353272,0.32,6.11,0,1,0
3854,4,sandy,Wheat,38.4,85.3,20.9,1.08,0.8306189251370444,0.15,6.46,1,0,0
3855,9,clay,Wheat,62.2,143.3,24.3,0.66,0.8304019170015514,0.76,5.87,0,1,0
3856,8,clay,Cotton,58.1,145.2,31.9,0.5,0.05262413112687947,0.45,8.82,0,0,0
3857,3,sandy,Chilli,26.0,83.6,26.2,-0.73,0.40284913780050224,0.69,7.03,0,0,0
3858,9,clay,Soybean,40.4,92.7,26.6,-0.23,0.14696010376072582,0.94,7.5,0,0,0
3859,13,sandy,Ragi,123.1,335.6,24.8,1.77,1.097293636886769,0.54,5.8,0,0,1
3860,8,clay,Cotton,43.0,148.1,29.6,-0.54,0.0,0.32,7.54,0,0,0
3861,9,clay,Soybean,69.2,158.3,25.4,-0.14,0.13494387434444557,0.5,8.14,1,1,0
3862,13,sandy,Maize,50.3,102.2,24.4,-0.04,0.579931581523736,0.33,6.71,0,1,1
3863,3,sandy,Rice,107.9,334.1,31.1,-0.2,0.8783391881751519,0.29,7.0,0,1,0
3864,5,loam,Wheat,17.9,39.9,24.9,-1.74,0.41169837609417337,0.8,8.01,0,0,0
3865,14,clay,Chilli,29.3,83.9,20.8,-1.51,0.0,0.73,8.41,0,0,0
3866,3,sandy,Cotton,45.9,113.7,29.6,0.79,0.6953350292931594,0.82,6.83,0,0,1
3867,4,sandy,Maize,160.1,492.2,22.3,-0.53,0.8774214098229802,0.2,6.22,1,1,1
3868,5,loam,Rice,43.5,103.7,25.5,-0.62,0.519617608218374,0.63,6.71,0,0,0
3869,13,sandy,Ragi,16.4,37.5,21.2,-0.85,0.10134250420477237,0.68,7.01,0,0,0
3870,3,sandy,Cotton,50.4,175.4,32.9,-1.17,0.583291266584022,0.67,6.46,0,1,1
3871,6,clay,Sunflower,196.1,474.5,31.1,-0.61,1.5,0.98,7.03,0,0,0
3872,7,clay,Maize,63.2,215.4,20.4,0.47,0.0,0.61,8.03,0,0,0
3873,2,loam,Soybean,17.5,59.8,24.5,-0.17,0.4936431426984348,0.48,9.2,0,1,0
3874,2,loam,Sorghum,18.4,50.5,21.4,-2.24,0.1602807654518943,0.68,7.48,0,0,0
3875,6,clay,Soybean,265.1,688.2,26.1,0.45,1.5,0.64,6.68,0,1,1
3876,2,loam,Maize,104.8,235.5,29.4,0.21,0.0,0.77,6.84,0,0,0
3877,15,clay,Mustard,276.4,662.3,26.7,-1.54,1.5,0.52,8.06,1,1,0
3878,7,clay,Lentil,99.9,228.7,25.2,-1.21,0.39304781973102165,0.76,8.77,0,0,0
3879,1,clay,Green gram,175.9,456.2,23.7,-0.25,1.2412102935528568,0.76,7.98,0,1,0
3880,10,sandy,Pearl millet,7.8,22.6,24.0,-0.55,0.4443698839358624,0.31,6.97,1,0,0
3881,12,loam,Maize,46.7,114.8,29.6,0.07,0.9129087319693212,0.67,6.56,0,0,0
3882,10,sandy,Pearl millet,58.7,143.7,29.3,-0.35,0.3177863602815696,0.47,6.17,1,1,0
3883,9,clay,Cotton,7.7,19.6,19.5,-0.71,0.3181266525512051,0.5,7.17,0,0,0
3884,2,loam,Sorghum,72.1,219.9,29.4,0.15,1.0332108941365368,0.58,6.11,0,1,0
3885,11,loam,Potato,37.6,95.1,23.3,0.58,0.0,0.92,6.44,0,1,0
3886,15,clay,Rice,142.9,499.9,25.0,0.95,0.8699825122998763,0.77,8.87,0,1,0
3887,6,clay,Soybean,53.2,190.7,26.9,0.02,0.3656194215165252,0.56,6.79,0,1,0
3888,2,loam,Sorghum,7.3,21.6,18.7,3.02,0.6252979794118214,0.66,7.51,1,0,0
3889,4,sandy,Rice,54.1,150.8,27.2,-0.76,0.8587504336951153,0.51,6.05,0,0,1
3890,10,sandy,Pearl millet,14.1,49.6,32.0,0.57,0.8574228948812428,0.47,7.05,0,0,1
3891,10,sandy,Ragi,113.2,382.8,24.5,-0.61,1.015350656099895,0.72,5.79,0,0,1
3892,14,clay,Cotton,7.3,16.3,27.0,-0.22,0.062911427526462,0.63,6.38,1,0,0
3893,7,clay,Sugarcane,23.1,81.1,29.4,1.86,0.0,0.37,7.01,0,0,0
3894,14,clay,Cotton,27.0,74.1,25.9,-0.28,0.0,0.62,7.45,0,1,0
3895,5,loam,Wheat,10.9,34.3,25.8,-0.63,0.0,0.55,6.68,0,0,0
3896,8,clay,Cotton,101.8,365.7,29.2,0.03,0.44840323289397804,0.56,7.72,0,0,0
3897,10,sandy,Maize,23.2,48.2,25.6,-1.55,0.6294787888888331,0.81,6.53,0,0,0
3898,5,loam,Chickpea,116.9,297.3,30.4,-1.07,0.08431256984265179,0.22,6.59,0,1,0
3899,6,clay,Green gram,119.1,272.4,26.7,0.62,0.8808653366769946,0.85,7.27,0,0,0
3900,13,sandy,Tomato,39.7,106.9,25.8,-0.51,0.7929350970103224,0.69,6.6,0,0,1
3901,9,clay,Wheat,84.9,241.3,27.0,1.4,0.0,0.49,7.39,0,0,0
3902,10,sandy,Pearl millet,32.5,90.5,21.7,1.15,1.3043659779441388,0.35,7.18,0,0,0
3903,10,sandy,Pearl millet,97.1,274.7,29.3,-0.18,1.5,0.61,6.68,1,0,0
3904,12,loam,Rice,74.2,191.9,21.9,0.34,0.8336097437869174,0.49,8.21,1,0,0
3905,15,clay,Sugarcane,102.7,242.6,23.7,-0.55,0.4509801991145572,0.78,7.9,0,0,0
3906,6,clay,Pigeon pea,97.2,209.8,30.3,1.1,0.5707684448270748,0.72,5.82,0,1,0
3907,6,clay,Cotton,100.0,345.1,33.2,-0.63,0.34274526994185894,0.6,7.85,0,1,0
3908,14,clay,Sorghum,47.2,161.4,23.5,1.87,0.4526044489889208,0.7,7.51,0,1,0
3909,8,clay,Maize,105.8,324.1,28.2,1.19,0.6108960697548446,0.57,7.63,0,0,0
3910,14,clay,Cotton,18.3,43.4,24.3,-1.82,0.09765142834949393,0.72,8.29,0,1,0
3911,14,clay,Sorghum,56.1,127.3,29.9,0.0,0.2441870356677904,0.71,7.64,1,1,0
3912,12,loam,Wheat,52.7,137.3,21.9,-1.08,0.44716132373505996,0.57,8.34,0,0,0
3913,11,loam,Potato,31.2,108.3,28.3,-1.31,0.0,0.53,6.53,0,1,1
3914,15,clay,Mustard,29.6,65.3,26.3,-0.43,0.0,0.35,7.68,0,0,0
3915,5,loam,Sugarcane,24.8,76.0,25.9,-0.26,0.4974516976839266,0.41,7.97,0,0,0
3916,7,clay,Onion,76.3,254.8,30.1,0.17,0.053651497618132205,0.65,7.49,0,1,0
3917,9,clay,Soybean,106.0,246.7,25.9,1.45,0.7205806931315072,0.71,9.13,0,1,0
3918,3,sandy,Rice,27.4,66.3,29.7,1.11,0.5727382371263441,0.6,6.34,0,0,0
3919,8,clay,Chilli,30.4,72.6,32.4,0.15,0.13606781033507803,0.62,7.61,0,0,0
3920,10,sandy,Pearl millet,23.2,61.8,19.8,0.84,0.5057085722762441,0.66,6.67,0,1,1
3921,8,clay,Ragi,45.4,99.1,31.2,0.68,0.22673979202411332,0.27,9.2,1,0,0
3922,10,sandy,Pearl millet,7.3,15.9,23.9,-1.0,0.4938252071420811,0.12,6.4,1,0,0
3923,2,loam,Potato,58.8,131.7,24.9,0.73,0.03947254396254429,0.67,7.04,0,0,1
3924,8,clay,Cotton,46.7,160.8,29.4,-0.03,0.09560947009026308,0.7,7.24,0,1,0
3925,14,clay,Sorghum,152.1,523.1,31.7,-1.19,0.9411764785397934,0.51,7.04,0,1,0
3926,4,sandy,Mustard,219.7,702.3,20.6,1.43,1.3633911267920098,0.46,6.33,1,0,1
3927,7,clay,Groundnut,48.4,161.5,24.0,-0.23,0.6081971731665267,0.82,8.75,0,0,0
3928,10,sandy,Mustard,12.7,45.7,26.4,-0.37,1.106655115193199,0.53,6.24,0,0,0
3929,10,sandy,Chilli,39.6,135.5,23.4,0.3,0.886586707415583,0.19,5.66,1,0,1
3930,3,sandy,Sugarcane,23.0,51.9,29.3,0.85,0.47059252969029297,0.38,7.46,1,1,0
3931,2,loam,Onion,47.9,128.3,25.8,-0.82,0.04166214209420703,0.8,7.29,0,0,0
3932,12,loam,Rice,58.0,207.7,21.2,0.96,0.07079068837289254,0.48,6.02,0,0,0
3933,8,clay,Cotton,16.4,50.8,30.1,-0.83,0.5192458679001353,0.68,8.24,0,0,0
3934,14,clay,Sorghum,1.1,3.9,25.3,-2.04,0.0,0.72,6.55,0,0,0
3935,15,clay,Green gram,82.1,295.1,31.0,-0.39,0.7530354483957831,0.61,8.61,0,0,0
3936,3,sandy,Maize,25.3,67.1,23.2,1.89,0.5722440339975804,0.58,6.09,0,0,0
3937,6,clay,Mustard,21.6,69.6,29.2,0.5,0.534882613747653,0.77,7.8,0,0,0
3938,13,sandy,Maize,5.1,17.2,25.8,2.39,0.9284019820272111,0.48,6.33,0,1,0
3939,5,loam,Pearl millet,15.9,52.0,26.6,-0.02,0.2540790408793923,0.81,7.46,0,1,0
3940,3,sandy,Cotton,81.6,202.1,31.6,-1.61,0.9046422065355707,0.5,6.44,0,1,0
3941,3,sandy,Chilli,42.1,147.9,29.5,-0.66,1.144112659763006,0.59,4.89,0,1,1
3942,8,clay,Chilli,51.1,176.4,31.5,0.64,0.0,0.5,8.53,0,0,0
3943,6,clay,Pigeon pea,92.5,316.2,29.5,1.51,0.16241087068252402,0.37,8.59,0,0,0
3944,14,clay,Sorghum,147.8,349.6,25.8,-1.03,0.3308759022004898,0.58,7.18,1,0,0
3945,15,clay,Soybean,199.9,606.0,21.4,0.71,1.1497305595359228,0.63,8.56,0,0,0
3946,2,loam,Sorghum,16.8,38.4,25.6,-1.48,0.0,0.5,8.1,0,0,1
3947,14,clay,Chilli,111.8,286.5,27.2,-1.26,0.4427390090107367,0.57,8.05,0,1,0
3948,2,loam,Banana,65.1,172.6,27.9,0.41,0.9655041313196893,0.55,7.06,0,1,0
3949,11,loam,Wheat,49.0,160.1,26.5,-0.9,0.0,0.99,8.07,0,0,0
3950,15,clay,Sunflower,53.8,168.5,26.4,1.71,0.7586507564206938,0.89,7.78,0,0,0
3951,6,clay,Maize,27.6,75.1,29.0,-0.54,0.11670334488218473,0.48,5.63,0,1,0
3952,3,sandy,Turmeric,23.8,64.6,30.7,-1.19,0.8102665281649969,0.66,6.92,0,0,0
3953,1,clay,Groundnut,216.1,621.7,28.3,-0.81,1.4253141577328756,0.73,9.2,0,1,0
3954,6,clay,Sunflower,66.5,172.3,26.6,-0.4,0.44171939859798603,0.64,6.04,0,1,0
3955,15,clay,Rice,174.4,479.0,29.0,1.17,1.128039608683772,0.56,7.65,0,0,0
3956,7,clay,Maize,24.2,61.9,23.6,0.57,0.0,0.62,8.5,0,0,0
3957,7,clay,Onion,15.6,46.2,20.3,-0.48,0.0,0.73,8.26,0,1,0
3958,1,clay,Rice,128.6,456.3,30.0,-1.66,0.9842232925868271,0.45,7.54,0,0,0
3959,10,sandy,Mustard,69.7,246.9,26.6,-0.55,1.4627524374728837,0.3,7.01,1,0,0
3960,3,sandy,Cotton,165.2,405.1,25.4,-1.07,1.1903424391773825,0.6,6.64,0,1,0
3961,11,loam,Rice,160.1,340.2,23.1,0.31,0.9873570035870529,0.6,6.28,0,0,0
3962,13,sandy,Tomato,12.5,27.7,24.1,0.59,0.09976453961782367,0.56,7.15,0,1,1
3963,12,loam,Rice,120.6,281.5,25.6,1.13,0.833589684013983,0.47,7.28,0,0,0
3964,8,clay,Chilli,24.9,75.7,30.8,0.72,0.02698459083014454,0.64,7.81,1,0,0
3965,10,sandy,Pearl millet,47.1,121.7,29.9,-2.23,0.44306198030613575,0.17,6.76,1,1,1
3966,6,clay,Banana,41.2,113.9,26.2,0.02,0.0,0.82,8.1,0,0,0
3967,11,loam,Rice,95.7,230.5,25.5,-0.25,0.8259396710674733,0.84,5.96,0,0,0
3968,11,loam,Potato,94.7,300.4,25.0,0.14,0.8954629306623635,0.57,7.92,0,1,0
3969,3,sandy,Chilli,29.0,85.8,32.1,1.37,1.2020979117246517,0.45,7.87,1,0,0
3970,5,loam,Banana,94.2,313.8,25.3,0.5,0.9083695709728112,0.44,7.01,0,1,0
3971,12,loam,Maize,296.0,847.7,30.9,0.39,1.5,0.71,7.85,0,0,0
3972,7,clay,Sorghum,93.8,295.9,25.3,-0.17,0.2854162406345164,0.61,8.29,1,0,0
3973,4,sandy,Rice,53.7,120.5,22.3,0.81,0.950580700135193,0.24,5.57,0,0,0
3974,15,clay,Mustard,301.0,843.4,28.8,-0.0,1.5,0.68,8.06,0,1,0
3975,14,clay,Cotton,92.1,302.6,24.3,0.96,1.1364276901517476,0.72,7.09,0,0,0
3976,12,loam,Rice,170.1,591.3,26.9,-3.08,1.001821495102169,0.63,5.0,0,0,0
3977,7,clay,Onion,64.6,155.8,21.5,-1.29,0.0012134020192068884,0.56,8.24,0,0,0
3978,9,clay,Green gram,219.6,760.2,20.1,-1.46,1.5,0.72,6.95,0,1,0
3979,15,clay,Potato,28.1,62.8,30.7,0.68,0.39620177764097686,0.85,6.06,0,0,0
3980,8,clay,Soybean,367.7,903.1,27.4,-1.57,1.5,0.56,8.52,0,0,0
3981,13,sandy,Tomato,54.5,138.2,23.1,-1.07,0.9769359881465696,0.41,6.25,0,0,0
3982,13,sandy,Maize,20.5,48.7,22.7,0.97,0.796708312103978,0.1,6.82,1,0,0
3983,13,sandy,Ragi,55.9,187.8,24.6,-0.37,1.2810002703393084,0.26,6.55,0,0,0
3984,10,sandy,Pearl millet,17.9,63.9,19.8,-0.28,0.8325269188545907,0.29,7.04,1,0,0
3985,6,clay,Pigeon pea,29.3,59.0,29.3,-0.1,0.0,0.59,7.45,0,0,0
3986,6,clay,Cotton,203.1,633.3,25.6,-0.09,1.0119641137047715,0.5,8.12,0,0,0
3987,13,sandy,Maize,19.3,51.9,25.5,3.13,0.8742600071491919,0.41,6.68,1,0,0
3988,7,clay,Maize,124.1,370.8,23.2,2.38,1.0454715987508274,0.67,7.99,0,0,0
3989,4,sandy,Wheat,16.3,50.4,20.6,0.58,0.30553893924319936,0.26,7.62,0,0,1
3990,3,sandy,Banana,28.4,67.4,26.8,0.1,0.1640882298845583,0.47,5.3,0,0,0
3991,10,sandy,Pearl millet,20.0,56.0,27.0,0.15,0.3515521627133277,0.63,6.69,0,0,1
3992,15,clay,Rice,64.4,185.6,24.4,-0.63,0.1508177134173302,0.23,8.02,0,0,0
3993,6,clay,Soybean,76.0,272.6,25.1,-0.44,0.40434070735794214,0.61,8.04,0,1,0
3994,10,sandy,Pearl millet,24.0,80.1,21.8,1.62,0.0,0.11,6.2,1,0,1
3995,5,loam,Rice,109.4,377.2,24.8,-1.93,1.0387299478796468,0.35,8.35,1,0,1
3996,6,clay,Soybean,78.8,267.6,28.9,1.26,0.439609817083798,0.79,6.84,0,0,0
3997,7,clay,Sugarcane,21.7,63.2,22.5,-0.87,0.17469585182693126,0.4,7.32,0,0,0
3998,6,clay,Pigeon pea,18.2,52.1,31.4,0.36,0.0,0.6,8.59,0,0,0
3999,13,sandy,Chilli,38.1,133.8,20.0,0.48,0.6760041653596455,0.39,5.99,0,0,0
4000,14,clay,Lentil,81.8,222.6,28.7,0.22,0.417063557759016,0.55,7.34,0,0,0
4001,5,loam,Sugarcane,74.5,262.6,29.7,-3.0,0.3322434632931215,0.72,6.91,0,0,0
4002,6,clay,Cotton,83.7,172.5,26.0,0.89,0.6561328733539443,0.51,9.2,0,0,0
4003,1,clay,Rice,19.2,42.9,27.7,0.36,0.0,1.09,8.27,0,0,0
4004,12,loam,Wheat,119.5,399.3,25.2,1.02,0.948377779442453,0.66,6.7,0,1,0
4005,11,loam,Potato,58.5,186.4,24.7,-0.94,0.0,0.45,6.48,0,0,0
4006,13,sandy,Tomato,35.4,111.5,26.7,0.5,0.7060146262432385,0.5,5.07,0,0,0
4007,9,clay,Chickpea,110.7,290.5,21.3,-0.22,0.6796454326120975,0.61,8.61,0,1,0
4008,14,clay,Chilli,58.6,117.4,30.0,0.86,0.9072524095628123,0.76,7.88,0,0,0
4009,3,sandy,Rice,5.2,11.6,29.9,1.06,0.6190876482164288,0.36,5.26,0,0,1
4010,6,clay,Cotton,123.3,346.3,28.8,0.73,0.0,0.76,8.13,0,1,0
4011,7,clay,Sugarcane,20.1,44.9,24.9,-0.78,0.0,0.39,7.7,0,0,0
4012,12,loam,Chilli,19.2,65.7,21.3,0.45,0.0,0.46,6.18,1,0,0
4013,4,sandy,Wheat,51.9,141.6,21.4,-1.01,0.6090729410054692,0.51,7.66,0,1,1
4014,5,loam,Cotton,24.9,88.1,22.6,-0.38,0.0,0.46,5.5,0,0,0
4015,2,loam,Cotton,22.4,47.3,24.7,-1.13,0.09775989113435102,0.38,6.88,1,1,0
4016,15,clay,Potato,144.4,370.6,30.0,-0.25,0.46259748162426234,0.83,7.45,0,1,0
4017,7,clay,Sugarcane,100.4,240.8,26.1,-2.09,1.0493117591571073,0.89,8.25,0,1,0
4018,1,clay,Green gram,5.8,18.0,31.0,-0.23,0.0,0.62,8.05,0,1,0
4019,4,sandy,Maize,25.7,66.7,22.8,-0.69,1.2426840828743142,0.45,6.81,0,0,1
4020,9,clay,Soybean,146.2,500.1,24.1,-1.09,0.3505127842336714,0.76,7.39,0,0,0
4021,8,clay,Chilli,14.1,33.7,33.3,-0.92,0.0,0.84,7.85,0,0,0
4022,8,clay,Rice,72.0,232.3,29.3,1.95,0.8970307660863115,0.67,8.09,0,0,0
4023,1,clay,Soybean,16.3,41.3,26.6,1.06,0.0,0.41,6.8,0,0,0
4024,14,clay,Cotton,115.4,377.0,24.7,1.53,1.2888267755874059,0.67,7.59,0,1,0
4025,13,sandy,Ragi,69.6,174.1,27.7,0.5,0.9164371109074629,0.37,7.38,0,0,0
4026,4,sandy,Maize,32.5,103.6,25.8,0.27,0.6014034304922156,0.51,6.34,0,0,0
4027,6,clay,Soybean,64.1,140.4,25.5,-1.1,0.7926281053309927,0.47,7.6,0,1,0
4028,2,loam,Sorghum,9.7,34.0,28.7,0.46,0.0,0.67,6.09,0,0,0
4029,2,loam,Maize,18.7,59.4,26.1,0.98,0.0,0.56,8.83,0,0,0
4030,13,sandy,Maize,22.1,77.1,22.0,0.43,0.37066245932204145,0.49,6.43,0,0,0
4031,2,loam,Banana,6.7,19.2,26.8,-1.94,0.0,0.68,7.44,0,0,1
4032,6,clay,Soybean,26.0,75.6,27.3,1.01,0.0,0.89,8.07,0,0,0
4033,15,clay,Rice,5.8,16.2,29.7,-1.42,0.024985625394954122,0.74,7.66,0,0,0
4034,5,loam,Wheat,11.0,22.9,26.5,-0.06,0.0,0.61,6.57,0,0,0
4035,11,loam,Chickpea,22.0,57.8,28.8,0.12,0.027077007878568718,0.35,6.62,0,0,1
4036,2,loam,Sorghum,30.6,91.1,24.8,0.49,0.0855239178938201,0.66,6.82,0,0,0
4037,14,clay,Cotton,127.5,294.8,32.1,-1.34,1.0277043914799036,0.52,8.11,0,0,0
4038,14,clay,Chilli,12.4,31.3,22.5,-0.17,0.05744211043676932,0.67,7.09,0,0,0
4039,14,clay,Rice,187.0,539.4,19.6,-0.6,1.261130751725773,0.75,8.73,0,1,0
4040,10,sandy,Pearl millet,41.3,131.6,24.3,-0.45,0.48860389076328,0.64,7.08,0,1,0
4041,15,clay,Rice,53.4,164.5,26.8,-0.61,0.4255508419219073,0.51,6.14,1,0,0
4042,11,loam,Potato,26.2,88.9,24.2,-1.96,0.7517303165593824,0.56,7.79,0,0,0
4043,6,clay,Mustard,98.7,301.5,28.6,-1.37,0.8881396634603436,0.91,7.8,0,0,0
4044,14,clay,Sugarcane,132.7,355.5,26.2,-0.99,0.39952160066397474,0.78,9.12,0,0,0
4045,5,loam,Rice,69.1,154.6,23.1,1.4,0.988420488261539,0.41,8.03,0,0,0
4046,13,sandy,Turmeric,77.4,200.0,22.6,-1.54,0.9853863911273545,0.46,7.57,0,1,0
4047,14,clay,Chilli,7.1,21.0,27.7,-0.17,0.0,0.58,7.49,0,0,0
4048,7,clay,Sugarcane,4.6,15.7,20.6,-0.69,0.20745089692491836,0.54,7.01,0,1,0
4049,4,sandy,Sorghum,137.3,401.1,24.0,0.51,1.5,0.28,5.92,1,1,1
4050,3,sandy,Rice,190.1,599.0,23.4,0.03,1.5,0.67,6.33,0,0,0
4051,9,clay,Chickpea,80.7,201.4,27.7,-1.85,0.209112856815821,1.02,7.98,0,1,0
4052,11,loam,Pearl millet,161.0,340.2,26.8,0.48,0.7587702967308405,0.63,7.63,0,0,0
4053,9,clay,Soybean,114.1,275.6,21.4,-0.08,0.9221503120100211,0.65,7.64,0,0,0
4054,10,sandy,Pearl millet,71.2,198.6,29.7,1.14,1.028007333027381,0.7,6.88,0,0,1
4055,1,clay,Rice,17.4,57.2,31.4,-1.94,0.0,0.47,7.38,0,0,0
4056,1,clay,Green gram,30.0,89.3,25.6,-0.92,0.03733097196737435,0.78,7.35,0,0,0
4057,4,sandy,Wheat,9.3,19.5,21.2,-0.19,0.31323974890028794,0.1,7.49,1,1,1
4058,14,clay,Ragi,91.5,183.0,26.7,0.88,0.2380740108901413,0.74,8.98,0,0,0
4059,8,clay,Rice,106.0,314.3,35.0,-1.26,0.9842809909217316,0.77,8.06,0,0,0
4060,6,clay,Green gram,68.2,200.7,24.7,-0.46,0.37844021848222753,0.62,7.41,0,0,0
4061,10,sandy,Wheat,45.4,118.3,25.6,-0.6,0.0,0.32,6.86,1,0,1
4062,7,clay,Green gram,26.8,55.6,31.5,0.52,0.4098814309936205,0.56,7.76,0,0,0
4063,3,sandy,Cotton,229.5,636.2,24.6,0.06,1.5,0.43,5.96,0,1,0
4064,8,clay,Cotton,22.8,66.4,29.0,-0.29,0.2315915402715898,0.58,7.16,0,0,0
4065,11,loam,Banana,31.9,83.9,27.4,0.94,0.5896757514681169,0.7,6.28,0,0,0
4066,14,clay,Chilli,14.4,49.4,25.0,0.37,0.0,0.86,7.18,0,1,0
4067,6,clay,Soybean,197.5,520.4,22.2,-0.05,1.2133617524513616,0.78,9.2,0,0,0
4068,3,sandy,Chilli,28.8,70.8,23.9,0.02,0.053525810566572574,0.4,5.82,0,0,0
4069,13,sandy,Ragi,101.1,215.7,22.7,-1.3,0.8307607792867354,0.3,6.62,1,0,1
4070,6,clay,Cotton,120.9,398.1,29.1,-1.53,1.0091446784290166,0.63,5.38,0,0,0
4071,3,sandy,Chilli,46.7,135.6,27.3,0.68,0.6728607456813491,0.64,8.48,0,1,1
4072,8,clay,Chilli,79.9,208.3,28.9,0.13,0.2671691318162841,0.77,8.25,0,0,0
4073,1,clay,Rice,259.9,884.9,26.5,0.43,1.5,0.75,8.99,0,1,0
4074,15,clay,Potato,61.1,158.1,29.9,0.77,0.09410782326712491,0.57,7.38,0,0,0
4075,12,loam,Maize,236.5,674.4,30.4,-0.83,1.302650244771481,0.4,6.98,0,1,0
4076,7,clay,Onion,60.1,201.4,32.8,-0.09,0.5482211655655681,0.65,8.39,0,0,0
4077,9,clay,Potato,8.6,24.4,24.2,-1.32,0.0,0.37,8.1,1,1,0
4078,6,clay,Cotton,58.7,207.0,22.5,2.07,0.3621428769968482,0.8,8.7,0,1,0
4079,8,clay,Cotton,52.5,170.6,26.8,0.82,0.3692014154521684,0.71,8.59,0,1,0
4080,15,clay,Potato,176.4,454.6,26.9,0.64,1.259333019357689,0.76,8.51,0,1,0
4081,11,loam,Rice,36.0,89.8,26.2,-0.09,0.0,0.48,7.78,0,0,0
4082,10,sandy,Pearl millet,138.4,467.7,20.8,-0.6,1.4009966946168246,0.48,5.94,0,1,1
4083,15,clay,Rice,39.1,82.3,23.9,0.18,0.09868398907742468,1.02,7.94,0,0,0
4084,3,sandy,Turmeric,41.6,138.7,26.6,-0.53,1.007928646351949,0.53,6.88,0,1,0
4085,14,clay,Sorghum,5.3,12.5,20.3,1.3,0.3495651959767751,0.54,9.11,0,0,0
4086,3,sandy,Chilli,203.9,620.8,25.8,0.43,1.5,0.41,6.03,0,1,1
4087,4,sandy,Rice,28.9,58.5,24.8,0.01,0.9455243235754762,0.17,6.57,1,0,1
4088,10,sandy,Sugarcane,51.7,122.3,28.7,0.6,0.7392394832945187,0.55,4.56,0,0,0
4089,3,sandy,Cotton,41.9,111.2,35.8,-0.74,0.8066696262185725,0.1,5.6,1,1,0
4090,8,clay,Rice,62.8,224.4,30.5,-1.79,0.09818565439460394,0.62,7.29,0,1,0
4091,6,clay,Pigeon pea,26.6,63.0,28.2,-1.15,0.0,0.65,7.53,0,0,1
4092,1,clay,Sugarcane,67.7,234.6,31.4,0.71,0.0,0.56,6.72,0,0,0
4093,3,sandy,Rice,9.4,26.6,30.9,0.22,0.2785293586341758,0.13,6.01,0,0,0
4094,7,clay,Ragi,116.4,381.4,21.3,-2.34,0.6587763501182352,0.59,8.2,0,0,0
4095,2,loam,Banana,21.6,48.7,22.7,0.03,0.0,0.61,7.79,1,0,0
4096,15,clay,Potato,282.4,706.8,30.1,0.23,1.5,0.69,8.14,0,0,0
4097,7,clay,Maize,25.5,67.2,25.0,-1.6,0.0,0.69,8.12,0,0,0
4098,12,loam,Rice,48.6,110.8,25.9,0.31,0.2797444199422353,0.46,5.21,0,0,0
4099,4,sandy,Wheat,19.7,54.2,23.3,1.65,1.088182849993569,0.55,5.77,1,0,0
4100,9,clay,Chickpea,44.8,147.3,22.8,-1.09,0.6501797361680816,0.8,8.05,0,1,0
4101,2,loam,Ragi,3.7,8.7,27.7,-1.77,0.0,0.45,7.06,0,0,0
4102,3,sandy,Rice,48.1,168.5,31.4,0.59,0.3048438491344786,0.56,7.85,1,1,1
4103,11,loam,Sunflower,7.8,20.8,22.0,-0.06,0.08884401854830308,0.11,8.15,1,0,0
4104,6,clay,Pigeon pea,123.5,416.2,25.3,-0.51,0.5301775678560351,0.79,8.25,0,0,0
4105,15,clay,Rice,330.7,785.8,23.0,-0.19,1.5,0.76,7.37,0,0,0
4106,15,clay,Mustard,45.7,109.8,25.3,-0.09,0.3341711563197445,0.53,7.13,0,0,0
4107,2,loam,Mustard,32.7,103.7,23.9,-1.27,0.0,0.84,6.56,0,0,0
4108,10,sandy,Pearl millet,75.6,185.4,25.8,-1.15,1.06181451055547,0.37,5.8,0,1,0
4109,12,loam,Rice,61.4,181.4,24.9,0.6,0.6994930026188411,0.69,7.06,0,0,0
4110,5,loam,Rice,5.6,14.7,27.5,-0.64,0.32259818577736854,0.56,8.99,0,0,1
4111,13,sandy,Maize,82.4,289.0,25.8,-0.65,0.6609830021743479,0.19,5.92,1,1,0
4112,12,loam,Maize,166.5,569.8,22.1,-1.36,0.9833324488245208,0.68,8.95,0,0,1
4113,5,loam,Wheat,144.3,335.3,26.0,-0.41,1.1737237611986906,0.88,6.8,0,0,0
4114,2,loam,Tomato,42.1,128.1,29.9,0.63,0.0,0.65,7.9,0,1,1
4115,7,clay,Sugarcane,16.4,38.8,26.1,0.73,0.0,0.67,6.27,0,0,0
4116,6,clay,Soybean,72.6,228.4,26.1,-1.54,0.5109152468231246,0.8,9.2,0,0,0
4117,8,clay,Lentil,76.2,265.0,28.7,0.13,1.0138368012428844,0.23,7.86,0,1,0
4118,4,sandy,Ragi,119.2,360.1,16.8,-0.45,0.2488383240595312,0.44,6.8,1,0,0
4119,5,loam,Sorghum,81.3,213.0,26.4,0.37,0.12283775926563328,0.35,6.1,1,0,0
4120,14,clay,Cotton,10.4,26.6,21.0,-1.05,0.0,0.93,7.62,0,0,0
4121,13,sandy,Maize,56.1,148.4,23.9,0.81,0.8251889300624385,0.55,6.09,1,0,1
4122,12,loam,Maize,59.5,202.6,30.0,0.19,0.9941515776193768,0.47,6.06,0,0,0
4123,6,clay,Cotton,105.3,250.3,23.8,-0.56,0.9312992393916358,0.58,8.49,0,0,0
4124,8,clay,Green gram,6.1,19.1,31.6,-0.96,0.08234692267761093,0.59,7.44,0,0,0
4125,5,loam,Rice,51.3,161.5,29.4,0.15,0.0,0.66,6.85,0,0,0
4126,7,clay,Chilli,18.5,61.6,20.1,-1.04,0.0,0.74,8.14,0,0,0
4127,8,clay,Rice,51.5,162.2,29.6,-0.68,0.5337107919880545,0.49,8.87,0,0,0
4128,13,sandy,Onion,211.0,532.4,22.4,0.68,1.4314721021659529,0.43,6.39,1,0,0
4129,12,loam,Rice,49.9,145.2,28.6,-0.44,0.03378409360475293,0.78,6.25,0,0,0
4130,3,sandy,Rice,45.4,134.3,30.5,-0.39,0.6022683239628843,0.25,5.37,1,1,0
4131,15,clay,Potato,29.9,76.3,21.8,1.94,0.16159943878974747,0.46,7.69,0,1,0
4132,2,loam,Sorghum,2.3,5.7,25.4,-1.47,0.14118383023596384,0.62,6.78,0,0,0
4133,1,clay,Groundnut,200.0,576.3,32.8,0.43,1.5,0.96,8.76,0,0,0
4134,13,sandy,Maize,78.8,245.7,22.2,0.95,0.68241021060167,0.47,6.36,0,1,0
4135,5,loam,Sugarcane,36.4,96.0,23.9,0.28,0.0,0.39,7.74,0,0,0
4136,13,sandy,Ragi,110.9,274.8,30.7,-1.21,1.0282443375565316,0.43,7.51,0,0,0
4137,2,loam,Sorghum,139.1,367.4,26.3,2.55,1.3074890091928275,0.62,7.29,0,1,0
4138,4,sandy,Wheat,78.0,200.6,23.7,1.77,1.5,0.47,6.11,0,1,0
4139,13,sandy,Tomato,13.0,28.1,24.8,-0.26,0.399671984152222,0.47,6.53,0,0,1
4140,3,sandy,Cotton,87.1,250.3,26.1,0.23,0.810270409123067,0.38,6.78,0,1,1
4141,8,clay,Lentil,38.7,95.5,30.4,-0.8,0.0,1.03,7.62,0,1,0
4142,11,loam,Wheat,310.9,962.3,29.7,-1.25,1.5,0.6,7.37,0,0,0
4143,6,clay,Wheat,418.0,1224.4,24.4,2.21,1.5,0.85,8.28,0,0,0
4144,3,sandy,Chilli,80.2,243.1,28.2,0.38,1.202582866353404,0.31,5.72,0,1,1
4145,13,sandy,Maize,152.0,428.5,24.8,-0.23,1.41549070859738,0.36,6.51,0,0,0
4146,10,sandy,Mustard,31.4,107.4,23.3,-1.94,0.5079694795913429,0.34,6.59,0,1,0
4147,14,clay,Sorghum,53.9,118.5,27.4,2.19,0.21267648887824242,0.74,9.09,0,0,0
4148,11,loam,Potato,4.9,15.4,25.4,0.32,0.1271642850190326,0.53,7.03,0,1,0
4149,12,loam,Wheat,98.5,286.9,31.9,-1.34,0.47897842177009153,0.62,5.4,0,1,0
4150,10,sandy,Wheat,52.7,128.1,23.6,0.47,1.0003818248275025,0.31,5.06,1,1,1
4151,11,loam,Chickpea,28.8,74.0,23.5,-0.01,0.0,0.53,6.42,0,1,0
4152,7,clay,Maize,31.8,77.9,27.6,-0.38,0.17224480748568954,0.73,8.89,0,0,0
4153,14,clay,Cotton,44.6,116.3,25.4,-0.1,0.4142859059541641,0.75,7.6,0,1,0
4154,13,sandy,Tomato,22.5,70.2,25.7,1.61,0.728115953890841,0.4,6.05,0,0,0
4155,4,sandy,Maize,136.9,486.3,24.8,-1.93,1.5,0.43,6.87,0,0,1
4156,14,clay,Chilli,78.3,211.8,20.4,1.57,0.8106732741674313,0.46,7.26,1,0,0
4157,4,sandy,Wheat,194.7,587.6,25.6,-0.39,1.3384841406452512,0.72,6.97,0,0,0
4158,11,loam,Wheat,11.2,31.3,31.9,2.08,0.0,0.52,8.26,0,1,0
4159,14,clay,Sorghum,79.3,180.8,22.0,-1.99,0.7129268888596766,0.8,9.0,0,0,0
4160,7,clay,Maize,94.7,277.1,22.6,-0.08,0.30419363890043294,0.64,8.28,0,0,0
4161,3,sandy,Chilli,38.0,88.7,27.5,-0.61,0.45767366176179686,0.76,5.03,0,0,0
4162,15,clay,Potato,225.7,583.8,24.3,0.19,1.2833291148732069,0.32,6.83,0,0,0
4163,12,loam,Maize,235.5,807.9,24.7,1.64,1.5,0.59,7.24,0,0,0
4164,7,clay,Sugarcane,31.6,99.6,20.6,2.91,0.0,0.65,7.45,0,0,0
4165,15,clay,Mustard,96.4,322.3,25.7,0.27,0.8727659039468175,0.61,7.62,0,0,0
4166,2,loam,Cotton,19.1,58.1,23.2,-0.88,0.0,0.35,7.32,0,0,1
4167,8,clay,Turmeric,165.2,366.2,31.3,-0.22,1.5,0.79,8.69,0,1,0
4168,3,sandy,Rice,28.6,68.2,28.4,1.25,0.9907564259528701,0.54,6.35,0,1,1
4169,3,sandy,Cotton,17.1,49.4,27.9,-1.28,0.13197565017850144,0.5,6.49,1,1,0
4170,6,clay,Cotton,31.6,109.1,25.3,-1.05,0.6092735720162417,0.74,7.17,0,1,0
4171,9,clay,Chickpea,270.4,584.8,30.2,1.81,1.5,0.79,8.03,0,0,0
4172,3,sandy,Banana,38.5,133.4,31.5,-2.04,0.8065726327959575,0.28,5.95,1,0,0
4173,8,clay,Cotton,53.4,179.8,31.4,0.3,0.4448230213256457,0.57,8.0,0,0,0
4174,12,loam,Wheat,49.4,148.9,19.9,0.66,1.0978900794566915,0.48,7.03,0,0,1
4175,3,sandy,Cotton,148.1,413.6,28.4,-0.4,0.9380038403374913,0.59,6.78,0,0,0
4176,1,clay,Green gram,14.0,32.5,28.6,0.79,0.0,0.59,8.28,0,1,0
4177,12,loam,Wheat,47.2,126.1,25.1,-0.3,0.0,0.61,6.55,0,1,0
4178,7,clay,Onion,11.1,32.8,21.5,-0.85,0.0,0.74,7.47,0,1,0
4179,3,sandy,Turmeric,13.3,46.1,26.6,-0.8,0.0,0.86,6.79,0,0,0
4180,14,clay,Green gram,152.3,522.3,27.2,0.54,0.5287868540667138,0.39,9.2,1,0,0
4181,7,clay,Sugarcane,161.8,371.8,22.0,-0.42,0.8581205734765364,0.52,7.47,0,1,0
4182,2,loam,Chilli,93.9,304.2,25.5,-0.27,0.8072567617181461,0.73,7.41,0,0,0
4183,5,loam,Rice,13.9,42.2,23.7,-0.97,0.0,0.55,7.2,0,0,0
4184,9,clay,Pearl millet,342.5,1123.7,27.6,-0.89,1.5,0.69,8.36,0,0,0
4185,5,loam,Wheat,192.0,469.7,22.2,0.67,1.3752548129068984,0.32,5.72,0,0,0
4186,15,clay,Potato,85.5,283.5,30.2,0.16,0.73623595469607,0.68,8.48,0,0,0
4187,10,sandy,Wheat,28.2,86.6,26.7,0.91,0.3168919015002514,0.2,5.02,1,0,1
4188,2,loam,Banana,18.5,48.7,23.5,-0.19,0.5846990721645976,0.71,6.32,0,0,0
4189,6,clay,Wheat,50.7,130.8,23.6,-0.25,0.29231789425235777,0.55,7.42,0,0,0
4190,6,clay,Soybean,186.8,465.4,26.9,-0.26,1.2692238816135177,0.61,8.17,0,0,0
4191,3,sandy,Rice,6.4,17.5,30.9,-0.39,0.20668557072253504,0.26,7.29,0,1,1
4192,1,clay,Sunflower,39.1,83.6,28.7,-0.63,0.427261606290332,1.14,7.94,0,1,0
4193,2,loam,Maize,13.4,30.4,27.9,1.22,1.0259996195353522,0.54,8.06,0,1,0
4194,11,loam,Potato,28.0,67.4,27.6,-0.49,0.0,0.52,6.08,0,1,0
4195,4,sandy,Rice,28.8,91.0,33.2,-0.17,0.5598488021442389,0.62,6.1,0,0,0
4196,7,clay,Banana,8.7,19.1,27.9,-1.75,0.16161732937238252,0.55,6.81,0,0,0
4197,3,sandy,Rice,37.8,128.5,34.0,-0.5,1.0466880919467973,0.51,7.52,0,0,0
4198,15,clay,Mustard,190.2,466.3,24.1,-1.2,1.5,0.57,8.13,0,0,0
4199,15,clay,Mustard,29.8,107.2,30.4,-0.02,0.24608326081949586,0.67,6.83,0,1,0
4200,11,loam,Maize,73.3,231.4,28.5,-1.66,0.6175639457520486,0.39,8.0,0,0,0
4201,5,loam,Wheat,72.6,243.8,21.3,0.75,0.7482093644214707,0.8,5.77,0,0,0
4202,10,sandy,Wheat,43.2,139.9,22.7,-0.91,0.9809437249434222,0.33,6.42,1,0,1
4203,6,clay,Cotton,55.0,195.3,30.2,0.91,0.7738135844302289,0.5,8.78,0,0,0
4204,14,clay,Chilli,70.6,210.4,23.3,-0.31,0.12405999945443372,0.77,7.59,0,1,0
4205,10,sandy,Pearl millet,11.0,30.9,23.4,0.34,1.4184769935703263,0.43,6.48,0,0,0
4206,2,loam,Cotton,68.7,159.5,18.5,-1.04,0.4236127529240324,0.74,6.3,0,0,0
4207,2,loam,Sorghum,54.5,176.6,22.0,-2.11,0.40175031792043764,0.79,7.77,0,0,0
4208,12,loam,Maize,120.5,261.3,30.2,0.02,1.015510813646481,0.68,8.34,0,0,0
4209,11,loam,Tomato,195.5,477.7,28.2,0.37,1.4344557077856261,0.66,7.57,0,1,0
4210,11,loam,Wheat,25.5,55.8,24.7,-0.6,0.4212009556976359,0.41,5.81,0,0,0
4211,5,loam,Chickpea,134.2,472.7,27.4,-0.35,0.5341207597343207,0.76,6.51,0,1,1
4212,11,loam,Wheat,68.9,158.9,19.3,-1.28,0.39853245259494535,0.44,6.28,1,0,0
4213,5,loam,Onion,100.6,305.9,23.2,-1.0,0.5713334217982556,0.55,7.92,0,0,0
4214,10,sandy,Pearl millet,10.8,34.5,24.9,0.05,0.7318657649195826,0.44,5.77,0,0,1
4215,5,loam,Sugarcane,57.8,133.4,21.7,1.11,0.5425745060097819,0.25,8.72,1,1,0
4216,2,loam,Sorghum,75.8,218.2,25.5,1.21,0.7079597328925255,0.31,7.21,0,1,0
4217,13,sandy,Lentil,105.4,339.5,22.4,0.86,1.2642930715966783,0.33,5.81,0,0,1
4218,13,sandy,Maize,29.3,104.3,31.9,-0.6,0.9400969374278394,0.72,6.08,0,0,1
4219,12,loam,Maize,160.8,509.0,26.9,1.16,0.200167457051179,0.59,6.59,0,0,1
4220,10,sandy,Mustard,17.4,62.0,24.7,-0.29,0.5290781316952801,0.71,7.71,0,1,1
4221,10,sandy,Green gram,9.9,23.8,24.9,0.42,0.25740847520677523,0.73,6.6,0,0,0
4222,12,loam,Rice,18.7,57.3,24.6,-0.3,0.0,0.6,6.52,0,0,0
4223,9,clay,Sunflower,25.7,76.5,29.1,-0.63,0.0,0.72,8.15,0,0,0
4224,14,clay,Tomato,24.6,67.7,21.4,-0.07,0.0,0.99,7.84,0,0,0
4225,12,loam,Maize,8.7,30.8,31.7,-0.36,0.0,0.43,8.51,0,0,0
4226,9,clay,Wheat,90.6,291.4,24.2,0.94,0.28354290887091244,0.86,8.44,0,0,0
4227,9,clay,Soybean,123.8,413.7,27.7,-0.47,0.7023094838693823,0.72,6.99,0,0,0
4228,15,clay,Rice,242.4,652.6,21.6,0.1,1.5,0.81,7.59,0,0,0
4229,8,clay,Chickpea,69.8,165.8,24.3,1.66,0.6889535201820804,0.42,9.2,0,0,0
4230,2,loam,Sorghum,22.1,66.3,25.1,0.82,0.0,0.9,7.08,0,0,0
4231,13,sandy,Tomato,99.1,272.0,22.0,0.08,1.0610134132687474,0.41,6.86,1,1,0
4232,1,clay,Rice,17.1,43.1,28.7,0.37,0.27185980251163766,0.58,7.29,0,0,0
4233,4,sandy,Sunflower,158.0,494.7,20.2,-0.97,1.5,0.54,6.45,0,0,1
4234,5,loam,Wheat,137.9,483.1,21.3,1.42,0.715083289729876,0.65,7.39,0,1,0
4235,1,clay,Rice,29.4,80.1,32.9,-0.24,0.631968280706037,0.81,8.08,0,0,0
4236,4,sandy,Maize,46.9,109.9,18.8,-1.64,0.6959479224416599,0.38,5.62,0,1,0
4237,3,sandy,Cotton,61.6,157.6,27.6,1.16,0.9729104337792328,0.31,7.36,1,0,0
4238,9,clay,Maize,35.0,99.0,23.5,-0.45,0.0,0.53,7.49,0,1,0
4239,14,clay,Sorghum,39.4,116.7,20.9,-0.83,0.0,0.56,8.04,0,0,0
4240,5,loam,Rice,4.8,13.4,29.4,-0.76,0.0,0.47,7.26,1,1,0
4241,6,clay,Wheat,50.1,144.4,27.8,1.24,1.034567640519055,0.56,7.57,0,0,0
4242,11,loam,Wheat,68.6,142.1,24.0,1.68,1.1092770300390025,0.51,7.61,0,1,0
4243,11,loam,Rice,71.9,249.2,22.9,0.96,0.7702833885737601,0.36,8.65,1,0,1
4244,15,clay,Potato,40.3,90.7,32.8,0.47,0.0,0.69,9.16,0,0,0
4245,8,clay,Banana,38.3,109.7,25.9,1.15,0.23769044959761862,0.77,8.66,0,0,0
4246,12,loam,Maize,17.9,48.0,25.1,-0.23,0.0,0.62,7.17,0,0,0
4247,13,sandy,Tomato,82.0,278.7,23.3,-0.22,0.6585524184649716,0.38,4.75,1,0,1
4248,7,clay,Sugarcane,27.1,58.3,22.4,1.11,0.0,0.54,6.84,0,1,0
4249,13,sandy,Maize,49.6,107.5,27.8,-0.85,0.4912709915747523,0.49,6.41,0,0,1
4250,15,clay,Mustard,97.5,245.0,27.4,1.98,0.7113148053346166,0.56,7.44,0,1,0
4251,2,loam,Rice,11.5,31.6,23.8,0.56,0.0,0.1,6.55,1,1,0
4252,12,loam,Wheat,167.1,542.1,26.6,-1.7,0.7459710072380159,0.22,6.55,1,1,0
4253,10,sandy,Wheat,8.2,20.5,30.0,-1.04,0.36288758349829386,0.18,6.91,0,1,0
4254,13,sandy,Tomato,27.2,88.9,23.7,0.08,0.6686450838836375,0.55,5.87,0,0,1
4255,9,clay,Chickpea,50.1,176.7,25.6,1.67,0.8624434267894069,0.85,7.28,0,0,0
4256,4,sandy,Wheat,36.2,109.9,26.3,-0.9,0.3386989844049355,0.29,5.93,1,1,1
4257,7,clay,Sugarcane,50.9,119.7,21.5,-1.29,0.4023486495359514,0.72,9.06,0,1,0
4258,11,loam,Wheat,62.5,202.8,30.2,0.08,0.5372565352359153,0.46,7.0,0,0,0
4259,14,clay,Potato,51.6,120.9,27.5,-0.42,0.3116554105168104,0.78,8.43,0,0,0
4260,2,loam,Maize,4.3,9.4,31.2,-1.3,0.24335769343712216,0.46,7.25,0,0,0
4261,3,sandy,Chilli,16.2,44.9,27.7,0.02,0.4787521647686815,0.42,6.19,0,0,0
4262,4,sandy,Wheat,31.4,107.5,23.5,0.47,0.643744765681179,0.13,6.78,1,0,0
4263,9,clay,Soybean,185.3,401.9,27.7,2.52,1.5,0.34,7.17,1,0,0
4264,1,clay,Green gram,128.9,322.6,31.1,0.61,1.486083718393745,0.63,8.32,0,1,0
4265,15,clay,Potato,64.5,157.8,25.0,0.26,0.0,0.78,7.11,0,0,0
4266,11,loam,Rice,150.9,454.7,24.3,0.98,1.0794398891944395,0.66,7.85,0,0,0
4267,14,clay,Chilli,41.9,135.3,30.9,0.79,0.1415859110264418,0.51,8.07,0,1,0
4268,1,clay,Groundnut,41.1,117.1,34.9,1.2,0.0,0.65,7.37,0,0,0
4269,5,loam,Onion,9.7,25.5,19.5,0.32,0.10998329018117481,0.93,6.46,0,0,0
4270,7,clay,Banana,20.6,56.2,24.3,-1.2,0.0,0.65,7.46,1,0,0
4271,12,loam,Rice,63.9,207.1,21.8,-0.37,0.13147540363596913,0.62,7.27,0,1,0
4272,10,sandy,Mustard,96.6,203.9,23.4,-0.69,1.0971301109172984,0.3,6.26,0,1,1
4273,7,clay,Sugarcane,87.3,250.1,27.7,-1.66,0.7149086433601356,0.71,8.09,0,1,0
4274,5,loam,Chilli,20.2,71.4,25.2,0.91,0.0,0.38,7.69,0,1,1
4275,5,loam,Green gram,62.2,137.2,24.7,0.18,0.4000232449965495,0.57,7.47,0,0,0
4276,6,clay,Soybean,47.7,107.8,23.4,0.33,0.7433027913732503,0.58,7.77,0,0,0
4277,11,loam,Wheat,91.9,225.2,24.8,1.03,0.6835772831884513,0.7,6.76,0,1,1
4278,14,clay,Cotton,231.6,561.4,23.5,1.16,1.5,0.68,9.11,0,0,0
4279,8,clay,Chilli,62.6,198.1,28.2,1.02,0.3608707551638818,0.72,6.81,0,0,0
4280,14,clay,Potato,87.7,230.6,26.5,0.41,0.0,0.72,8.67,0,0,0
4281,5,loam,Rice,115.0,275.4,25.1,-1.4,0.0,0.62,7.67,0,1,0
4282,13,sandy,Maize,40.3,142.9,23.0,-0.9,0.8988346613048996,0.53,8.13,1,0,1
4283,1,clay,Green gram,122.1,401.7,27.9,-0.4,1.4341171964811608,0.37,7.09,1,1,0
4284,12,loam,Groundnut,35.8,86.3,30.6,1.82,1.0091497538295755,0.31,7.68,0,0,1
4285,15,clay,Mustard,84.7,261.8,22.3,-0.13,1.1142759886929001,0.6,6.29,0,0,0
4286,5,loam,Rice,154.0,474.7,27.7,-0.46,0.7857208920175675,0.66,7.83,0,0,0
4287,11,loam,Pearl millet,57.7,148.0,23.9,0.34,0.27218271442297676,0.58,5.93,0,0,0
4288,2,loam,Cotton,23.9,63.1,26.0,-0.39,0.0,0.29,8.39,1,1,0
4289,13,sandy,Tomato,29.2,59.4,20.2,-0.74,0.13110763767393596,0.48,6.46,0,0,0
4290,8,clay,Groundnut,134.3,291.3,27.2,0.17,1.005079626825716,0.92,9.2,0,0,0
4291,7,clay,Maize,34.9,77.1,24.6,-0.68,0.0,0.82,8.5,0,0,0
4292,14,clay,Chilli,157.3,444.3,28.5,-0.56,0.7059775317508671,0.77,7.51,0,0,0
4293,14,clay,Lentil,23.8,70.5,24.1,-0.74,0.0,0.64,8.06,0,0,0
4294,4,sandy,Maize,75.6,157.8,27.4,-0.01,1.1862510841918255,0.19,6.45,1,0,1
4295,15,clay,Rice,23.4,58.0,26.8,-0.14,0.0,0.84,9.18,0,0,0
4296,4,sandy,Wheat,100.9,302.4,25.4,-0.85,0.7248669504011196,0.71,6.5,0,1,0
4297,13,sandy,Tomato,217.0,662.8,23.2,-1.85,1.5,0.52,4.99,0,0,1
4298,12,loam,Maize,261.9,702.3,29.2,1.32,1.5,0.59,6.98,0,0,0
4299,8,clay,Chilli,85.2,261.3,31.3,0.51,0.4027924881607654,0.15,6.87,0,1,0
4300,9,clay,Soybean,84.2,171.4,25.4,0.12,0.08667877670378782,0.75,8.99,0,0,0
4301,6,clay,Pigeon pea,6.1,18.7,31.4,-1.46,0.0,0.68,6.66,0,1,0
4302,7,clay,Onion,5.2,15.6,26.4,-0.33,0.5690050375484783,0.78,7.36,0,0,0
4303,8,clay,Groundnut,37.2,123.4,32.2,-1.33,0.0,0.68,8.82,0,0,1
4304,13,sandy,Sunflower,21.0,63.1,24.0,0.71,0.5628539383115673,0.45,6.07,0,0,0
4305,8,clay,Chilli,90.0,228.0,30.4,0.6,0.0,0.6,6.95,0,0,0
4306,9,clay,Chickpea,183.2,445.0,26.9,-0.04,1.5,0.46,6.31,1,0,0
4307,11,loam,Groundnut,17.8,63.6,26.4,-0.75,0.0,0.39,6.75,0,0,0
4308,14,clay,Potato,4.2,14.4,24.7,-0.52,0.08031128050573846,0.59,7.47,0,1,0
4309,13,sandy,Maize,248.5,844.8,26.5,0.19,1.5,0.65,7.4,0,1,0
4310,6,clay,Banana,23.7,79.9,28.3,0.25,0.0,0.58,8.97,0,1,0
4311,13,sandy,Maize,68.8,234.6,24.4,0.15,1.0189058266781967,0.51,5.46,0,1,0
4312,7,clay,Maize,7.7,20.4,24.9,-0.51,0.0,0.77,7.3,0,0,0
4313,2,loam,Cotton,14.4,39.0,23.5,0.31,0.39385847758265113,0.43,6.11,0,1,0
4314,2,loam,Banana,26.1,69.8,29.1,-1.04,0.9964486726214984,0.46,7.48,0,1,0
4315,4,sandy,Chilli,56.5,195.3,23.4,-0.19,1.009468817623414,0.36,5.93,1,0,1
4316,6,clay,Soybean,122.0,308.1,21.2,-0.81,0.44554894058548955,0.37,9.2,0,0,0
4317,7,clay,Maize,110.4,234.7,24.2,0.27,0.5282601237177964,0.85,7.62,0,0,0
4318,3,sandy,Green gram,99.2,286.7,21.0,-0.14,0.3784548946655397,0.48,7.41,0,1,1
4319,3,sandy,Chilli,55.0,182.8,31.5,1.9,0.22595102258180888,0.12,7.24,1,0,0
4320,1,clay,Green gram,130.1,322.1,27.8,0.08,0.2854180764480493,0.67,8.62,0,1,0
4321,14,clay,Turmeric,23.1,80.7,20.9,0.06,0.055216254058845934,0.64,7.64,0,1,0
4322,4,sandy,Wheat,58.5,195.7,21.5,-1.31,0.8257108551557513,0.41,7.05,0,1,0
4323,10,sandy,Pearl millet,19.9,40.3,25.0,-0.03,0.5678158722779533,0.38,7.01,0,1,1
4324,8,clay,Chilli,32.4,103.2,27.3,-1.33,0.2457313931884854,0.7,6.61,0,0,0
4325,6,clay,Pigeon pea,30.1,67.1,28.2,0.22,0.09214485471248904,0.98,7.95,0,0,0
4326,4,sandy,Potato,34.6,77.5,22.8,-1.08,0.751745269178281,0.8,5.85,0,0,0
4327,1,clay,Potato,89.6,180.0,31.1,-1.71,0.5791504278218325,0.41,8.34,0,1,0
4328,2,loam,Sorghum,0.9,2.2,22.3,-1.05,0.0,0.38,7.0,0,1,0
4329,11,loam,Wheat,112.8,335.3,25.0,0.22,1.023609706650597,0.3,6.41,1,0,0
4330,7,clay,Pearl millet,91.9,206.8,27.7,-0.09,0.037801764196371934,0.92,6.73,0,1,0
4331,15,clay,Potato,86.6,306.2,25.8,1.49,0.3503705104322967,0.62,7.6,0,0,0
4332,3,sandy,Cotton,80.3,237.2,28.0,2.55,1.5,0.73,6.62,0,1,1
4333,14,clay,Pearl millet,23.5,67.3,32.5,1.82,0.0,0.72,8.59,0,0,0
4334,2,loam,Banana,125.8,336.7,22.6,0.47,1.1304881741165869,0.4,6.98,0,0,0
4335,11,loam,Potato,11.6,25.3,22.5,1.99,0.4538478239454209,0.61,7.4,0,1,0
4336,15,clay,Potato,103.3,325.0,28.6,-2.13,0.16753875810931884,0.62,7.22,0,0,1
4337,3,sandy,Cotton,63.9,224.2,26.5,-1.15,1.5,0.55,6.22,1,0,0
4338,8,clay,Cotton,28.4,99.4,30.2,-0.94,0.0,0.53,7.51,1,0,0
4339,14,clay,Cotton,38.1,109.8,24.1,0.3,0.021568105707542334,0.7,7.26,0,0,1
4340,13,sandy,Tomato,231.3,715.1,22.9,-0.82,1.5,0.27,7.86,0,0,1
4341,4,sandy,Rice,41.1,105.1,20.5,-0.7,0.7722641754660775,0.32,7.7,0,0,0
4342,3,sandy,Rice,8.1,18.9,29.2,-0.81,0.14468592349751344,0.33,5.93,0,1,0
4343,6,clay,Cotton,56.1,179.5,25.2,-2.49,0.0,0.55,6.81,0,1,0
4344,7,clay,Onion,25.9,62.0,25.0,-0.0,0.25095136540331386,0.78,8.09,0,0,0
4345,5,loam,Wheat,73.5,190.1,23.6,-0.89,0.0,0.75,5.83,0,0,0
4346,2,loam,Cotton,71.4,183.0,26.2,0.91,0.0,0.77,5.49,0,1,0
4347,8,clay,Rice,5.5,12.4,27.3,-1.39,0.0,0.69,6.68,1,1,0
4348,7,clay,Sugarcane,74.9,174.8,22.0,-0.75,1.235314206229162,0.45,7.11,0,1,0
4349,5,loam,Sugarcane,65.2,215.5,27.0,1.41,0.4690199916680703,0.17,7.4,0,0,0
4350,13,sandy,Tomato,73.0,180.3,25.8,0.68,1.455984526033133,0.58,6.02,0,1,0
4351,5,loam,Sugarcane,42.9,150.9,21.3,0.3,0.15446912815804714,0.67,8.92,0,1,0
4352,14,clay,Cotton,102.0,247.9,22.6,-0.41,0.6149124442967112,0.47,8.23,1,0,0
4353,1,clay,Green gram,32.0,107.9,32.3,-0.03,0.18580716477783632,0.53,7.17,0,0,0
4354,8,clay,Cotton,71.8,247.5,27.8,0.03,0.18789830283199999,0.37,7.26,0,0,0
4355,15,clay,Mustard,117.1,398.2,24.4,-0.49,0.7089964595769465,0.4,7.6,0,1,1
4356,5,loam,Soybean,57.7,145.8,25.7,1.25,0.6774409019802106,0.43,6.94,0,1,0
4357,10,sandy,Soybean,31.5,91.4,25.5,-0.49,0.5998107447506379,0.41,6.67,0,1,1
4358,12,loam,Groundnut,16.4,47.1,32.1,-0.62,0.0,1.05,8.03,0,0,0
4359,6,clay,Soybean,128.7,453.7,26.6,-1.79,1.0553306952669668,0.67,7.24,0,0,0
4360,10,sandy,Groundnut,32.7,106.7,25.4,1.59,0.08110964337671678,0.49,5.27,0,1,0
4361,10,sandy,Pearl millet,128.4,434.4,24.2,-0.39,1.4001964392844457,0.4,6.72,0,1,0
4362,8,clay,Chilli,68.6,153.6,24.1,-0.69,0.4682208749211316,0.67,6.98,0,0,0
4363,6,clay,Mustard,69.0,173.4,29.9,-0.03,0.3346264433434107,0.77,7.26,0,0,0
4364,8,clay,Rice,12.6,38.9,31.9,-0.84,0.308012558081295,0.91,9.2,0,1,0
4365,3,sandy,Cotton,490.6,1063.1,23.9,0.29,1.5,0.59,7.63,0,0,0
4366,8,clay,Cotton,29.9,90.7,31.3,-0.07,0.0,0.52,8.59,0,0,0
4367,5,loam,Sugarcane,125.4,262.1,21.8,0.84,1.1902488757294716,0.28,6.94,0,0,1
4368,6,clay,Cotton,152.7,364.3,30.5,1.21,1.0952574527033032,0.54,7.78,0,0,0
4369,4,sandy,Maize,12.2,31.9,25.0,-0.15,0.4397056646684371,0.43,5.76,0,1,0
4370,8,clay,Sorghum,14.6,35.6,27.8,0.34,0.06489396058943314,0.85,7.13,0,0,0
4371,1,clay,Ragi,55.7,148.7,31.9,-0.11,0.27284678019107494,0.67,6.72,0,0,0
4372,1,clay,Green gram,195.6,427.7,31.1,1.07,0.9089403628898938,0.8,8.51,0,0,0
4373,4,sandy,Mustard,59.1,149.2,26.9,-1.82,0.4687656673010486,0.58,7.84,0,1,1
4374,9,clay,Turmeric,33.6,72.7,25.8,0.45,0.3891156715011858,1.03,7.13,0,0,0
4375,4,sandy,Sugarcane,149.0,401.1,24.2,0.06,1.324317932092448,0.34,5.81,0,0,0
4376,8,clay,Chilli,38.4,128.9,26.7,0.09,0.1617519488147522,0.84,8.22,0,0,0
4377,3,sandy,Wheat,93.9,288.1,32.6,0.52,1.2336297963355,0.53,7.06,1,1,0
4378,7,clay,Onion,39.4,106.9,23.7,1.57,0.3856904144133376,0.16,7.09,1,1,0
4379,7,clay,Lentil,30.4,101.6,26.2,0.44,0.5722620776314034,0.4,8.2,0,1,0
4380,5,loam,Tomato,417.3,1476.7,29.1,1.66,1.5,0.26,7.25,1,0,0
4381,1,clay,Rice,71.6,223.2,32.6,-0.43,0.0,1.07,7.19,0,0,0
4382,10,sandy,Mustard,32.4,71.0,24.6,-1.09,0.39062073463515845,0.55,5.94,0,1,1
4383,4,sandy,Maize,108.0,321.6,29.2,0.27,0.937808161305798,0.42,5.75,0,0,0
4384,8,clay,Cotton,62.0,147.3,28.9,-1.01,0.3727723547677424,0.32,8.23,0,0,0
4385,11,loam,Wheat,4.8,13.5,21.4,3.24,0.08366915508364448,0.28,8.33,1,0,0
4386,2,loam,Cotton,89.1,211.2,23.8,0.98,1.278237842064566,0.45,5.72,0,0,0
4387,11,loam,Wheat,201.5,502.6,21.3,0.51,1.5,0.53,7.59,0,1,0
4388,6,clay,Soybean,12.1,36.2,26.7,-0.59,0.0,0.86,8.67,0,0,0
4389,8,clay,Cotton,32.9,75.4,32.4,-0.12,0.20207668469075762,0.26,9.2,1,1,0
4390,2,loam,Rice,64.0,186.0,28.1,-1.8,0.7146672168745853,0.25,7.73,1,1,0
4391,8,clay,Chilli,202.6,527.5,34.4,-1.19,0.694142639751623,0.61,8.03,0,0,0
4392,6,clay,Pigeon pea,15.6,49.7,31.9,-0.4,0.0356345945603429,0.88,8.7,0,1,0
4393,3,sandy,Ragi,43.5,126.9,28.4,2.11,0.49504603704114625,0.42,7.63,1,0,0
4394,8,clay,Chilli,53.1,169.5,29.4,0.16,0.5708962733087909,0.61,6.77,0,0,0
4395,10,sandy,Pearl millet,52.9,149.0,27.8,0.67,0.46360402161392633,0.44,6.27,0,0,0
4396,6,clay,Cotton,86.7,281.2,32.3,-0.77,0.5239373066118755,0.81,8.33,0,0,0
4397,10,sandy,Maize,52.6,136.9,30.0,0.41,1.4721143156404977,0.1,7.09,1,0,0
4398,6,clay,Soybean,6.5,20.1,26.6,-1.09,0.3126512337019334,0.61,7.42,0,0,0
4399,13,sandy,Tomato,46.3,96.0,27.4,-0.33,0.3200981047659231,0.16,7.48,0,1,1
4400,5,loam,Rice,23.2,62.3,27.8,-0.3,0.06906093260306304,0.82,8.79,0,0,0
4401,12,loam,Chilli,93.9,333.8,25.6,0.12,0.5567074517400886,0.56,7.43,0,0,0
4402,6,clay,Cotton,75.8,219.9,31.7,-0.19,0.35263370042831393,0.67,6.46,0,0,0
4403,9,clay,Wheat,174.1,401.4,26.8,1.58,1.5,1.03,6.06,0,0,0
4404,2,loam,Maize,50.7,149.5,23.9,1.18,0.40048013502875224,0.47,7.53,0,0,0
4405,2,loam,Sorghum,98.2,236.5,25.3,1.04,1.4675256226369804,0.73,5.53,0,0,0
4406,15,clay,Mustard,44.8,140.0,29.4,-0.1,0.0,0.75,7.31,0,0,0
4407,1,clay,Green gram,121.1,289.0,23.9,1.08,0.8495578816428624,0.74,7.53,0,1,0
4408,9,clay,Wheat,49.4,155.3,26.4,-0.13,0.2373973471813596,0.49,7.95,0,0,0
4409,7,clay,Sugarcane,48.8,122.9,26.0,-0.94,0.2962487128186776,0.65,7.43,0,0,0
4410,10,sandy,Wheat,30.4,101.1,22.7,0.2,0.833850741744447,0.41,6.87,0,0,1
4411,1,clay,Groundnut,99.2,279.6,22.2,0.47,1.0790414609060934,0.56,7.43,0,1,0
4412,3,sandy,Banana,80.5,199.4,26.6,-0.31,0.7702705304500551,0.67,6.58,0,0,0
4413,6,clay,Cotton,5.6,14.1,26.2,0.76,0.0,0.73,7.69,0,0,0
4414,14,clay,Sorghum,66.5,151.9,23.2,1.24,0.5056380871176701,0.51,9.2,0,1,0
4415,6,clay,Pigeon pea,113.2,247.0,29.2,0.11,0.915080771699626,0.92,7.93,0,0,0
4416,9,clay,Wheat,92.3,257.8,23.9,0.27,0.07349250669543494,0.78,7.48,0,0,0
4417,9,clay,Chickpea,111.1,309.8,26.1,1.11,0.6308445233779938,0.6,8.59,0,0,0
4418,7,clay,Green gram,58.7,206.2,23.2,0.51,0.9516127638084091,0.75,7.31,0,0,0
4419,13,sandy,Tomato,35.8,85.6,26.6,-1.38,0.0,0.4,5.81,0,0,0
4420,11,loam,Potato,74.7,268.0,23.7,-2.15,0.7548857292968809,0.3,7.18,1,0,0
4421,7,clay,Sugarcane,9.2,26.8,21.0,1.59,0.5863485947733325,0.66,8.0,0,1,0
4422,5,loam,Wheat,59.6,131.4,19.8,-0.68,0.5824439860998695,0.75,8.65,0,1,0
4423,5,loam,Banana,19.9,67.6,18.0,-0.81,0.0,0.61,6.76,0,0,0
4424,15,clay,Mustard,60.9,171.5,29.0,-0.43,0.6595977638364148,0.54,7.66,0,0,0
4425,2,loam,Banana,20.6,48.5,24.5,0.85,0.3362379054733672,0.72,7.18,0,0,1
4426,3,sandy,Chilli,253.5,668.2,29.8,-1.33,1.5,0.34,8.55,0,0,0
4427,4,sandy,Wheat,16.8,53.9,23.7,-0.19,0.05908908854868533,0.35,6.98,0,1,1
4428,13,sandy,Tomato,25.9,63.4,27.4,0.14,0.3950202613295487,0.53,6.61,1,1,0
4429,11,loam,Sorghum,54.8,182.6,26.9,-2.32,0.2987491908043626,0.5,7.12,0,0,0
4430,15,clay,Potato,134.3,382.5,23.6,1.1,1.5,0.81,7.29,0,0,0
4431,11,loam,Rice,52.8,158.6,29.4,-0.99,0.0,0.32,7.77,1,0,0
4432,8,clay,Cotton,125.5,364.3,28.7,1.69,0.9013311668048346,0.8,7.91,0,0,0
4433,1,clay,Green gram,53.2,172.7,25.4,-0.81,0.36156355274932694,0.66,9.2,0,0,0
4434,14,clay,Sorghum,355.5,755.1,23.3,-1.74,1.5,0.85,6.39,0,0,0
4435,11,loam,Tomato,133.0,459.0,28.9,-0.14,0.842370541376472,0.51,6.23,0,0,0
4436,2,loam,Cotton,39.6,122.9,28.0,-0.37,0.0,0.5,7.24,0,0,1
4437,15,clay,Mustard,365.9,1232.1,30.1,-0.3,1.5,0.35,7.94,1,1,0
4438,10,sandy,Mustard,12.3,35.3,26.7,-0.39,0.04064893223044247,0.34,5.46,0,1,0
4439,10,sandy,Pearl millet,37.6,118.0,25.7,0.92,0.7505434804786193,0.1,7.06,1,0,0
4440,6,clay,Cotton,16.9,49.2,23.3,1.24,0.1769269051781092,0.48,6.66,1,0,0
4441,5,loam,Cotton,75.0,183.3,25.5,0.82,0.9593330262109843,0.68,4.53,0,1,0
4442,6,clay,Sunflower,156.0,510.5,31.8,1.01,0.16791995641334112,0.96,7.96,0,1,0
4443,1,clay,Mustard,29.0,102.2,31.5,-0.16,0.0,0.61,7.85,0,0,0
4444,7,clay,Onion,93.4,323.2,27.2,-1.67,0.26786001512462826,0.66,6.74,0,0,0
4445,1,clay,Green gram,103.8,308.5,29.0,1.61,1.0813615629230071,0.83,7.47,0,0,0
4446,9,clay,Sunflower,15.5,42.5,25.0,-0.21,0.07070265135115164,0.71,7.65,0,0,0
4447,4,sandy,Tomato,2.4,6.0,24.9,0.07,0.3302888769726539,0.46,6.63,1,1,1
4448,10,sandy,Lentil,54.3,168.4,25.8,0.5,1.2571167559748786,0.29,7.69,0,1,1
4449,6,clay,Pigeon pea,160.8,397.1,29.1,2.17,0.9268837565382647,0.93,8.42,0,1,0
4450,5,loam,Soybean,89.9,315.9,30.3,0.65,0.4333564747362066,0.33,7.25,0,0,0
4451,3,sandy,Onion,294.1,725.1,31.5,-0.31,1.5,0.31,6.69,1,0,0
4452,6,clay,Rice,73.0,187.2,32.5,1.15,0.6962671232436326,0.43,8.44,1,1,0
4453,2,loam,Cotton,39.3,135.6,26.4,-0.8,0.0,0.31,7.71,0,0,0
4454,4,sandy,Rice,163.0,333.0,20.9,1.15,1.3849453532323053,0.42,6.91,0,0,0
4455,7,clay,Pearl millet,116.3,395.6,24.1,-0.06,0.3626140891788067,0.72,6.75,0,1,0
4456,10,sandy,Pearl millet,2.5,8.2,25.2,0.18,0.0,0.41,5.66,0,1,0
4457,7,clay,Maize,22.3,79.2,25.8,-0.83,0.0,1.05,6.78,0,0,0
4458,2,loam,Cotton,21.7,70.0,25.9,-0.81,0.0,0.39,6.71,1,1,0
4459,11,loam,Wheat,16.6,53.7,27.2,-0.24,0.011948564226024902,0.24,5.55,1,0,1
4460,7,clay,Maize,14.1,30.1,30.3,1.93,0.16409747208419154,0.77,8.88,0,1,1
4461,10,sandy,Banana,24.1,75.2,23.9,-1.22,0.5397555288914632,0.29,7.35,0,0,1
4462,15,clay,Potato,87.0,240.5,31.4,-0.3,0.8757177274237851,0.71,7.14,1,0,1
4463,1,clay,Green gram,45.7,123.6,24.4,-1.88,0.14260652752259614,0.59,8.1,0,0,0
4464,15,clay,Mustard,26.4,62.0,22.6,1.1,0.0,0.41,8.25,1,0,0
4465,15,clay,Potato,185.2,603.0,29.5,-0.16,1.002595731760791,0.71,8.23,0,0,0
4466,8,clay,Rice,12.3,29.4,26.1,-1.67,0.0,0.67,9.2,0,1,0
4467,1,clay,Groundnut,83.7,170.6,29.2,0.5,0.5925388190578198,1.03,7.32,0,0,0
4468,4,sandy,Lentil,82.7,223.6,27.1,0.09,1.1188754625592348,0.62,6.72,0,0,1
4469,4,sandy,Sunflower,16.4,35.1,24.8,0.71,0.8137924031565491,0.46,5.58,0,1,1
4470,9,clay,Chickpea,52.3,106.6,24.3,2.08,1.0675853243506654,0.27,6.13,1,0,0
4471,11,loam,Rice,15.7,49.2,26.2,1.24,0.0,0.69,6.6,0,0,0
4472,8,clay,Ragi,37.4,91.8,26.5,-1.29,0.0268591873766702,0.26,8.79,0,1,0
4473,6,clay,Cotton,54.9,194.8,24.5,0.52,1.2574870853745563,0.57,8.77,0,0,0
4474,1,clay,Green gram,105.4,377.1,25.7,0.02,0.9430168370174513,0.6,7.28,0,0,1
4475,15,clay,Soybean,214.5,495.5,23.3,0.26,1.5,0.61,8.43,0,0,0
4476,15,clay,Rice,8.8,25.8,28.3,1.45,0.11817782521451153,0.57,6.89,0,0,0
4477,1,clay,Pigeon pea,31.1,103.4,28.1,0.07,0.5089353860478415,0.72,6.3,0,1,0
4478,5,loam,Wheat,24.6,52.2,22.3,0.13,0.0,0.62,8.33,0,0,0
4479,15,clay,Potato,54.6,137.7,28.8,-1.56,0.05714128721841544,0.57,7.76,0,1,0
4480,6,clay,Pigeon pea,45.2,132.0,28.0,0.56,0.35621656504477406,0.59,8.87,0,1,0
4481,10,sandy,Mustard,69.6,167.4,20.3,-1.81,0.7610487093298615,0.33,4.78,1,1,1
4482,8,clay,Rice,49.7,129.8,27.9,0.04,0.04131973642366957,0.28,7.72,0,0,0
4483,10,sandy,Groundnut,7.2,25.6,24.8,-1.08,0.12671541730735505,0.56,6.86,0,0,1
4484,14,clay,Chilli,18.2,45.9,28.5,1.01,0.454593815056461,0.89,7.82,0,1,0
4485,6,clay,Pigeon pea,186.9,456.1,28.3,0.67,1.5,0.8,7.41,0,1,0
4486,12,loam,Wheat,9.4,26.9,31.7,0.68,0.231386925653667,0.55,6.03,0,0,0
4487,7,clay,Banana,18.7,63.2,22.0,1.05,0.0,0.66,7.51,0,0,0
4488,4,sandy,Ragi,183.5,577.7,21.5,-1.62,1.4980091629994812,0.39,5.64,0,0,1
4489,2,loam,Maize,5.4,11.0,21.5,1.9,0.0,0.73,7.46,0,1,0
4490,11,loam,Wheat,147.8,326.4,25.4,0.33,0.5334416998165515,0.42,6.41,0,0,0
4491,10,sandy,Green gram,36.6,111.7,21.9,-0.86,0.6218633645851173,0.51,6.24,0,0,0
4492,14,clay,Chilli,22.3,75.8,26.6,0.98,0.08807231061250659,0.84,9.2,0,0,1
4493,4,sandy,Ragi,117.7,376.6,18.9,-0.46,1.4880294786810748,0.58,7.33,0,0,1
4494,11,loam,Potato,42.4,92.6,29.5,1.17,0.6500917073189953,0.46,4.86,0,0,0
4495,1,clay,Rice,65.2,179.7,27.0,-0.24,0.0,0.65,8.12,0,1,0
4496,3,sandy,Chilli,8.9,21.1,28.1,0.38,0.9706373231291661,0.34,7.71,0,1,0
4497,9,clay,Wheat,42.3,146.7,28.4,-0.34,0.024933339653201964,0.53,8.51,0,1,0
4498,9,clay,Chickpea,103.1,262.0,17.4,0.8,0.520387723789846,0.52,8.11,0,1,1
4499,9,clay,Sunflower,131.3,472.0,24.5,-0.71,0.7006638974073472,0.5,7.37,0,0,0
4500,13,sandy,Ragi,44.5,152.0,25.4,1.51,0.7916266215113316,0.49,6.76,0,1,0
4501,13,sandy,Maize,33.5,90.3,28.4,1.01,0.23191890581219787,0.23,5.19,1,0,1
4502,3,sandy,Chilli,85.5,297.0,25.4,-1.2,1.092594994307742,0.35,8.72,0,0,0
4503,4,sandy,Maize,19.1,58.9,25.2,1.56,0.5254102704195184,0.28,6.58,1,0,1
4504,9,clay,Wheat,29.8,69.0,24.3,-0.74,0.0,0.49,8.59,0,0,0
4505,15,clay,Potato,40.2,100.6,27.4,0.78,0.648832506489452,0.47,8.64,0,0,1
4506,11,loam,Potato,143.5,313.8,22.0,-1.58,0.4790201330860694,0.35,7.61,0,1,0
4507,3,sandy,Chickpea,11.8,40.1,27.8,-0.32,0.48310337537670067,0.61,7.52,0,0,0
4508,10,sandy,Green gram,7.5,22.4,28.2,1.52,0.4435496138259113,0.37,8.04,0,0,1
4509,6,clay,Soybean,22.0,44.9,27.6,-0.75,0.463255449023645,0.62,7.5,0,0,0
4510,2,loam,Tomato,71.0,203.3,23.2,0.9,0.7792848944236875,0.28,7.57,1,1,0
4511,11,loam,Potato,73.2,159.9,27.3,0.24,0.8233475490714994,0.28,7.17,0,1,1
4512,5,loam,Wheat,41.3,99.5,19.7,0.42,0.0,0.47,7.8,0,0,0
4513,12,loam,Rice,48.0,116.0,29.0,0.46,0.05292017647929903,0.67,7.38,0,0,0
4514,9,clay,Green gram,254.8,915.0,26.8,1.16,1.5,0.71,7.13,0,0,0
4515,7,clay,Maize,50.3,176.6,23.8,1.23,0.43570378656693404,0.99,7.77,0,0,0
4516,4,sandy,Maize,49.0,111.9,27.7,-1.11,1.0689584049168934,0.46,5.72,0,1,0
4517,5,loam,Cotton,12.5,39.8,20.6,-1.02,0.0,0.65,6.7,0,0,0
4518,6,clay,Soybean,59.8,135.7,24.7,-1.41,0.38790597793187787,0.51,7.04,0,0,0
4519,11,loam,Rice,302.6,979.4,20.8,-0.1,1.5,0.52,6.93,0,0,0
4520,7,clay,Onion,140.8,408.5,26.5,-1.0,0.7228960234481179,0.64,8.12,0,0,0
4521,1,clay,Rice,95.2,323.7,27.8,-0.74,0.08664546463530837,0.85,8.4,0,0,0
4522,1,clay,Banana,40.2,104.7,25.5,-0.7,1.0120881860585793,0.97,8.03,0,0,0
4523,5,loam,Rice,10.6,35.8,19.4,-0.58,0.22625088257320303,0.49,5.59,0,1,1
4524,8,clay,Chilli,98.9,284.3,26.3,0.45,0.4819885368852182,0.84,8.59,0,0,0
4525,5,loam,Sugarcane,128.4,426.1,25.3,2.51,0.8939709712431261,0.53,6.86,0,0,1
4526,15,clay,Wheat,231.6,737.4,22.7,-0.42,1.5,0.73,8.57,0,1,0
4527,4,sandy,Rice,16.1,48.8,28.2,-1.08,0.37719978378619956,0.27,7.93,0,0,0
4528,7,clay,Pigeon pea,7.6,17.0,22.0,-0.2,0.055705064704671514,0.63,8.47,0,0,0
4529,6,clay,Soybean,131.6,300.7,26.2,-0.29,0.8493786165968658,0.69,7.88,0,0,0
4530,5,loam,Soybean,26.8,54.2,25.8,-1.04,0.0,0.31,6.74,1,0,0
4531,14,clay,Sorghum,45.1,101.3,25.7,0.78,0.5372421047286344,0.47,6.77,0,0,0
4532,4,sandy,Maize,141.7,494.6,19.6,1.51,1.2250823310229804,0.59,7.6,0,0,0
4533,1,clay,Green gram,84.1,171.3,28.9,-0.31,0.0942145561302648,0.36,8.04,1,0,0
4534,8,clay,Pigeon pea,12.1,33.1,26.4,-0.84,0.0,0.92,7.6,0,0,0
4535,10,sandy,Pearl millet,10.3,35.5,29.3,-2.21,0.7938610033959406,0.15,5.53,1,1,0
4536,7,clay,Potato,59.2,210.6,26.5,1.12,0.0,0.56,7.58,0,0,0
4537,7,clay,Sugarcane,56.4,123.6,26.5,1.89,1.3146586016650796,0.7,7.16,0,0,0
4538,13,sandy,Maize,36.6,125.5,21.5,-0.08,0.1719031228761655,0.49,6.86,0,0,1
4539,6,clay,Soybean,195.6,609.1,27.9,-0.68,1.2552581785967747,0.77,8.53,0,0,0
4540,10,sandy,Pearl millet,29.2,90.5,22.2,-0.01,1.3307485633143414,0.48,5.41,0,0,0
4541,13,sandy,Tomato,9.8,30.5,24.3,0.7,0.010888193112650713,0.47,7.51,0,1,0
4542,6,clay,Turmeric,6.0,14.5,26.9,1.54,0.0,0.87,7.17,0,1,0
4543,9,clay,Wheat,36.6,93.3,22.6,0.7,0.6523757309255779,0.88,7.55,0,0,0
4544,6,clay,Potato,81.4,196.9,27.1,1.62,1.2438901005758503,0.48,6.17,0,1,0
4545,10,sandy,Wheat,17.7,43.1,23.1,0.18,0.0,0.31,5.84,1,1,0
4546,9,clay,Chickpea,36.9,129.5,20.4,-2.44,0.0,0.74,7.62,0,0,0
4547,13,sandy,Maize,43.9,153.0,26.3,-0.87,0.4374282523635473,0.46,7.31,1,1,1
4548,4,sandy,Wheat,86.6,203.1,23.3,0.13,0.6794674921430629,0.58,4.5,0,1,1
4549,3,sandy,Rice,17.5,40.9,26.7,0.66,0.7328201378044492,0.1,7.93,1,1,0
4550,7,clay,Maize,54.3,125.1,29.1,-0.06,0.2718083629758695,0.67,8.27,0,0,0
4551,10,sandy,Potato,43.9,94.0,24.7,-0.67,0.13122756284520565,0.14,6.78,1,1,0
4552,5,loam,Wheat,33.2,89.9,25.2,-0.33,0.5501040480968706,0.84,6.64,0,0,0
4553,15,clay,Mustard,34.2,81.0,25.4,-0.86,0.0,0.56,6.06,0,0,0
4554,8,clay,Sunflower,222.6,672.1,24.1,-0.16,1.5,0.1,8.7,1,0,0
4555,13,sandy,Lentil,34.3,76.1,24.8,-0.38,0.0,0.34,5.01,0,0,0
4556,9,clay,Wheat,65.8,181.0,24.8,-0.67,0.006854361484723126,0.36,8.68,0,1,0
4557,6,clay,Green gram,48.0,163.6,24.1,1.9,0.0856758245647744,0.72,8.56,0,0,0
4558,13,sandy,Potato,74.4,206.3,22.6,-2.31,1.5,0.57,7.68,0,0,0
4559,3,sandy,Rice,40.5,83.9,37.1,0.24,0.42367925316245036,0.31,6.42,1,1,0
4560,4,sandy,Rice,34.6,72.5,18.8,0.71,0.7716629230408224,0.55,7.46,1,0,0
4561,12,loam,Rice,26.4,84.3,19.8,0.73,0.4184181363919409,0.7,5.81,0,1,0
4562,14,clay,Sorghum,38.2,121.5,24.5,-1.01,0.3420722239564101,0.69,7.75,0,0,0
4563,5,loam,Sugarcane,181.7,495.5,24.3,-0.24,0.9142651731827651,0.61,6.81,0,1,0
4564,9,clay,Rice,82.0,271.9,25.0,-0.68,0.30866450219398717,0.61,8.04,0,0,0
4565,8,clay,Rice,38.5,108.4,22.1,-1.24,0.4216254785585865,0.35,8.71,1,1,0
4566,11,loam,Groundnut,57.9,205.2,32.3,-0.03,0.35716836394357343,0.47,6.92,0,1,0
4567,8,clay,Groundnut,75.7,172.5,30.6,-1.13,0.9796083946631068,0.53,7.7,0,1,0
4568,10,sandy,Pearl millet,17.8,38.1,30.1,0.53,0.0,0.1,7.05,1,0,1
4569,11,loam,Rice,24.6,83.2,25.5,-0.03,0.43574834480803837,0.58,8.55,0,0,0
4570,13,sandy,Cotton,95.0,266.8,17.7,-1.22,1.0082217883854827,0.57,6.72,0,0,0
4571,3,sandy,Sunflower,8.2,26.1,25.7,0.77,1.1199772378684407,0.43,7.22,1,0,0
4572,10,sandy,Wheat,58.6,160.5,17.4,-0.59,1.5,0.36,5.25,1,0,0
4573,3,sandy,Wheat,88.3,220.7,27.7,0.88,1.0253791024675913,0.36,6.79,1,0,0
4574,1,clay,Groundnut,88.9,190.3,29.1,1.42,0.8776412601539422,0.44,8.62,0,1,0
4575,11,loam,Sugarcane,50.6,173.2,28.9,0.9,0.24584539334424493,0.48,6.07,0,0,0
4576,6,clay,Soybean,233.8,522.8,23.7,0.66,1.5,0.58,8.2,0,0,0
4577,11,loam,Ragi,32.7,97.7,21.1,-0.53,0.4855941571410496,0.56,7.82,0,0,0
4578,15,clay,Rice,113.9,335.2,29.8,-1.13,0.49978317705615716,0.74,6.81,0,0,0
4579,2,loam,Cotton,29.4,80.0,22.8,-0.1,0.34145173688301067,0.64,6.64,0,1,0
4580,7,clay,Green gram,39.2,109.4,28.5,0.55,0.22431892445737864,0.5,9.07,0,0,0
4581,2,loam,Rice,73.5,261.7,30.1,-1.31,0.12685820793700175,0.36,7.4,0,0,0
4582,13,sandy,Chickpea,131.9,376.3,20.1,-0.82,1.3250369297982552,0.32,5.61,1,1,0
4583,15,clay,Soybean,50.4,163.6,25.3,1.33,0.609671070616278,0.64,6.98,0,0,1
4584,14,clay,Wheat,62.9,128.4,25.0,-0.03,0.49809154128910094,0.73,7.05,0,0,0
4585,15,clay,Mustard,92.0,309.1,25.1,0.23,0.21501921429221288,0.63,8.92,0,0,0
4586,5,loam,Wheat,11.8,35.9,21.4,0.59,0.0,0.79,7.99,0,0,0
4587,5,loam,Onion,57.9,146.2,24.0,-1.35,0.0,0.45,7.98,1,0,0
4588,13,sandy,Wheat,136.9,346.1,25.2,-2.44,1.2803516593620219,0.44,4.5,0,0,1
4589,10,sandy,Wheat,52.2,130.8,25.1,0.81,0.8549859285252347,0.26,6.9,0,0,0
4590,6,clay,Soybean,26.7,54.6,30.6,-0.25,0.0,0.66,7.6,0,0,0
4591,4,sandy,Rice,59.2,161.2,26.2,-1.36,0.2383898667120945,0.28,6.87,1,1,0
4592,1,clay,Green gram,12.2,27.0,29.1,1.71,0.40707409320503896,0.69,9.2,0,0,0
4593,1,clay,Groundnut,179.0,569.7,30.7,0.01,1.5,0.7,8.42,0,0,0
4594,11,loam,Tomato,65.9,202.9,27.4,0.04,0.027156898011510278,0.65,6.89,0,0,0
4595,4,sandy,Maize,22.2,77.4,22.2,0.57,0.5542812943328727,0.18,7.64,1,0,1
4596,13,sandy,Maize,33.0,94.1,21.0,0.26,0.09566585966528818,0.22,6.8,1,1,0
4597,13,sandy,Sunflower,134.4,297.2,28.6,1.02,1.5,0.73,7.85,0,0,0
4598,7,clay,Pigeon pea,7.0,20.3,27.8,0.26,0.4798043052425778,0.65,8.22,0,0,0
4599,5,loam,Rice,49.9,132.7,28.6,-1.7,0.0,0.48,6.26,0,1,0
4600,3,sandy,Chilli,110.2,351.7,29.2,-0.86,0.5396557302704028,0.51,6.34,0,0,1
4601,4,sandy,Wheat,80.4,188.3,26.0,0.13,0.8262805938870841,0.3,6.62,0,1,1
4602,10,sandy,Pearl millet,38.6,127.0,27.5,-0.32,0.6418254917321106,0.44,7.53,0,0,1
4603,12,loam,Wheat,50.8,168.9,27.3,-0.98,0.0,0.59,6.75,0,0,0
4604,12,loam,Rice,303.8,754.9,29.7,-0.77,1.4915047047574919,0.53,6.35,0,1,1
4605,15,clay,Groundnut,26.7,58.9,28.1,-0.39,0.41923719915320096,0.62,8.17,0,0,0
4606,10,sandy,Ragi,51.2,151.7,25.5,-0.84,0.01604359471379757,0.69,6.37,0,0,0
4607,8,clay,Chickpea,147.9,531.5,28.7,1.14,0.4975939044097686,0.64,8.03,0,0,0
4608,6,clay,Soybean,79.6,269.0,27.0,-1.65,0.3267854020747534,0.74,7.15,0,0,0
4609,6,clay,Wheat,209.0,543.6,26.8,0.57,1.5,0.64,7.1,0,0,0
4610,6,clay,Pigeon pea,238.4,738.4,29.4,-0.18,1.2524478182081327,0.79,7.84,0,0,0
4611,14,clay,Sorghum,22.4,47.3,20.5,2.06,0.0,0.33,6.14,0,0,0
4612,9,clay,Pearl millet,33.7,87.5,26.0,-2.09,0.3149310126076348,0.48,8.12,0,1,0
4613,4,sandy,Rice,153.4,550.1,20.5,0.16,1.5,0.63,6.98,0,0,0
4614,3,sandy,Pearl millet,25.4,52.3,26.8,-0.38,0.9132108867756592,0.67,5.55,0,0,0
4615,1,clay,Rice,28.3,65.8,26.8,0.17,0.20972038111410612,0.69,8.81,0,0,0
4616,13,sandy,Rice,131.2,279.1,25.3,1.38,1.5,0.66,5.51,0,1,1
4617,4,sandy,Wheat,82.3,279.8,17.1,-0.73,1.090128196647512,0.37,7.63,0,1,1
4618,2,loam,Banana,136.4,338.2,24.6,-1.18,0.8962149708036021,0.43,9.2,1,1,0
4619,5,loam,Banana,77.6,238.9,21.9,0.51,1.110914854145534,0.62,8.19,0,0,0
4620,8,clay,Chilli,75.2,161.2,29.3,0.1,0.3790263867433553,0.81,8.93,0,1,0
4621,15,clay,Potato,162.7,546.0,22.1,1.79,1.183450079128002,0.72,7.07,0,1,0
4622,13,sandy,Maize,177.3,413.5,20.3,0.08,1.5,0.49,7.1,0,0,1
4623,3,sandy,Cotton,113.3,318.9,28.6,1.42,1.3371839333742608,0.53,5.41,0,0,0
4624,8,clay,Chilli,122.9,284.7,26.0,1.83,1.5,0.6,9.0,0,0,0
4625,13,sandy,Tomato,20.2,61.2,22.9,1.24,1.3516755681214812,0.33,6.17,1,0,0
4626,12,loam,Wheat,60.0,138.3,23.9,0.51,0.11072217951859825,0.17,8.43,1,1,0
4627,8,clay,Cotton,10.4,31.1,27.0,0.51,0.3555672245682169,0.38,7.22,0,0,0
4628,4,sandy,Maize,22.3,72.7,26.9,-0.9,0.42263041962814607,0.71,5.1,0,0,0
4629,12,loam,Maize,94.1,212.0,19.8,-1.33,0.59840170704443,0.74,7.33,0,1,1
4630,7,clay,Lentil,13.9,49.3,25.9,0.99,0.6081653239510448,0.22,8.4,0,1,0
4631,4,sandy,Wheat,17.5,55.9,20.1,1.3,0.5140724678853084,0.51,7.4,0,0,0
4632,11,loam,Rice,25.7,78.3,28.0,-0.46,0.0,0.5,6.54,0,1,1
4633,14,clay,Cotton,104.9,225.8,25.6,0.25,0.46276636969583557,0.36,8.47,1,0,0
4634,14,clay,Sugarcane,112.6,301.5,25.1,0.02,0.5908052079220925,0.56,8.36,0,0,0
4635,15,clay,Banana,149.8,495.5,32.5,0.1,0.1866597227912321,0.63,7.65,0,1,0
4636,10,sandy,Mustard,112.7,326.6,28.4,-0.93,0.9494212982296437,0.38,5.39,0,1,0
4637,12,loam,Wheat,40.5,120.0,29.4,-0.14,0.13141996724500368,0.66,6.32,0,1,0
4638,4,sandy,Sugarcane,32.7,89.5,26.0,0.57,0.8904012843013285,0.63,7.04,0,0,0
4639,5,loam,Sugarcane,204.4,462.6,27.6,-0.87,1.0194605965352035,0.65,7.39,0,0,0
4640,3,sandy,Chilli,78.5,272.4,32.8,0.46,1.084966730875228,0.25,7.41,1,0,0
4641,2,loam,Banana,80.3,178.3,26.0,-1.68,0.4154115857582275,0.72,8.43,0,0,0
4642,13,sandy,Maize,299.3,946.9,25.7,0.65,1.5,0.62,7.61,0,0,1
4643,7,clay,Sugarcane,44.0,92.0,29.4,-0.19,0.5162420269663004,0.92,8.06,0,0,0
4644,9,clay,Chickpea,108.8,329.7,23.0,0.91,0.6181645429472843,0.48,7.72,1,1,0
4645,2,loam,Green gram,49.0,169.8,20.8,1.76,0.908980951865645,0.45,8.21,0,0,0
4646,3,sandy,Rice,13.5,43.2,25.1,0.57,0.8979369519504261,0.1,6.93,1,1,1
4647,2,loam,Banana,12.2,35.0,26.0,-0.36,0.0,0.33,6.18,0,1,0
4648,8,clay,Rice,24.2,63.1,28.1,0.87,0.5131496953356509,0.75,8.76,0,1,0
4649,9,clay,Wheat,29.7,70.2,27.9,-0.12,0.14983076871803408,0.69,5.46,0,0,0
4650,2,loam,Turmeric,29.1,70.3,28.0,-1.31,0.27330687273890153,0.85,5.62,0,0,0
4651,11,loam,Wheat,35.6,88.7,27.0,-1.06,0.3401699441612206,0.49,8.11,1,1,0
4652,2,loam,Banana,47.8,132.1,27.8,-0.16,0.0673553086351453,0.34,6.74,1,0,0
4653,13,sandy,Ragi,25.4,72.3,24.9,0.33,0.33068200301527156,0.37,5.83,0,0,1
4654,14,clay,Sorghum,20.1,63.0,24.7,-1.09,0.4867119716737215,0.54,7.19,0,0,0
4655,10,sandy,Tomato,107.1,331.4,26.9,-0.21,0.8677471877465721,0.43,8.02,0,1,1
4656,9,clay,Wheat,100.1,288.6,27.4,0.01,0.0,0.53,7.42,0,0,0
4657,11,loam,Wheat,73.0,250.3,27.8,0.46,0.25268450810564635,0.27,5.9,0,0,0
4658,4,sandy,Rice,85.6,234.3,25.2,0.61,1.4261189656711226,0.33,6.2,0,0,0
4659,14,clay,Cotton,42.5,134.6,22.6,-0.69,0.6477753051150738,0.74,7.47,0,1,0
4660,14,clay,Chilli,6.9,20.5,25.2,0.27,0.35342057409922645,0.66,5.74,0,1,0
4661,11,loam,Potato,23.4,83.5,20.8,1.68,0.15535791461710965,0.58,7.8,0,1,0
4662,15,clay,Rice,241.4,829.1,30.3,0.87,1.470510045560019,0.76,7.67,0,0,0
4663,5,loam,Sugarcane,43.8,138.9,23.8,-2.88,0.3203906059080399,0.54,8.43,0,0,0
4664,14,clay,Chilli,130.0,439.6,25.5,-0.21,0.8999878520798807,0.87,8.25,0,1,0
4665,1,clay,Wheat,54.3,142.3,24.9,1.28,0.0,0.83,7.77,0,1,0
4666,12,loam,Sugarcane,63.0,170.2,31.5,-1.23,0.0,0.61,8.23,0,0,0
4667,5,loam,Maize,86.9,259.2,23.5,-0.86,0.5172796002111236,0.5,6.35,0,0,1
4668,15,clay,Potato,276.6,569.4,24.6,0.65,1.5,0.77,7.17,0,1,0
4669,9,clay,Soybean,34.2,105.0,23.2,-0.23,0.0,0.73,6.97,0,0,0
4670,3,sandy,Pigeon pea,182.1,462.7,29.6,0.17,1.5,0.43,7.75,1,0,1
4671,5,loam,Wheat,64.3,186.7,26.5,-0.91,0.11187931734697018,0.61,7.28,0,0,0
4672,14,clay,Mustard,60.4,121.7,24.0,-0.26,0.0,0.59,8.9,0,1,0
4673,13,sandy,Tomato,39.1,140.3,28.4,0.96,1.0884255189262724,0.32,5.55,1,1,0
4674,6,clay,Pigeon pea,199.8,436.7,21.2,0.14,1.1496127766596675,0.84,7.45,0,1,0
4675,4,sandy,Wheat,16.9,37.2,21.1,0.52,0.6859113924950188,0.11,8.41,1,0,0
4676,1,clay,Rice,11.9,42.0,28.1,-1.49,0.0,0.7,8.9,0,1,0
4677,2,loam,Cotton,101.4,268.3,28.3,1.48,0.4375555551153031,0.59,6.52,0,1,0
4678,1,clay,Green gram,25.0,89.9,28.6,0.33,0.0,0.69,9.2,0,1,0
4679,5,loam,Sugarcane,27.3,85.8,29.7,0.23,0.23936033997479997,0.56,5.96,0,0,0
4680,3,sandy,Soybean,12.3,40.1,28.4,-0.26,0.2982948088678061,0.55,7.12,0,0,0
4681,1,clay,Green gram,16.0,50.8,27.1,0.16,0.44660133520974404,0.5,8.05,0,0,0
4682,12,loam,Wheat,29.6,75.2,26.2,0.93,0.02593715696336163,0.45,7.29,0,1,0
4683,14,clay,Sorghum,33.3,68.6,27.4,-1.42,0.0,0.54,7.78,1,0,0
4684,14,clay,Rice,42.9,104.9,27.5,1.35,0.0,0.73,8.12,0,1,0
4685,13,sandy,Soybean,239.5,695.3,21.6,-0.6,1.5,0.32,7.15,0,1,0
4686,2,loam,Sorghum,60.2,209.2,21.9,-0.17,1.1118324922819753,0.5,7.29,0,0,0
4687,3,sandy,Cotton,168.8,468.9,26.6,1.8,1.5,0.51,6.92,0,0,0
4688,13,sandy,Ragi,46.8,116.1,25.4,1.43,1.1175814911374018,0.1,7.26,1,1,0
4689,1,clay,Rice,17.6,56.0,31.6,1.57,0.0159229513574613,0.76,8.27,0,1,0
4690,12,loam,Rice,35.6,77.3,23.0,-0.55,0.0,0.65,6.94,0,0,1
4691,2,loam,Maize,34.6,86.0,25.8,-0.34,0.0,0.78,6.26,0,1,0
4692,1,clay,Rice,87.8,259.6,30.9,-0.79,0.4657954747136911,0.79,6.02,0,1,0
4693,12,loam,Rice,43.1,140.7,22.3,-0.96,0.0,0.34,7.99,0,0,0
4694,11,loam,Wheat,53.4,148.9,24.9,0.16,0.0,0.39,7.82,0,1,0
4695,2,loam,Cotton,235.0,752.8,25.1,-0.93,1.5,0.17,6.99,1,0,1
4696,1,clay,Pearl millet,12.2,37.0,29.1,0.35,0.3222475340557045,0.58,6.43,0,0,0
4697,14,clay,Chilli,41.1,138.5,28.5,0.84,0.711879358022696,0.53,6.54,0,1,0
4698,4,sandy,Maize,19.5,46.7,22.0,0.85,0.710494817180486,0.17,5.71,1,0,0
4699,15,clay,Potato,98.7,239.1,27.1,0.34,0.35215620672347747,0.4,7.03,0,0,0
4700,8,clay,Chilli,53.7,113.4,29.9,-0.02,0.33387479797432384,0.73,7.27,0,0,0
4701,15,clay,Mustard,116.7,290.7,27.9,0.32,0.802649332515969,0.59,7.87,0,0,0
4702,14,clay,Sorghum,51.0,109.5,25.0,-0.03,0.0,0.28,7.55,1,1,0
4703,10,sandy,Wheat,166.7,393.9,31.0,1.25,1.5,0.68,5.53,0,0,1
4704,2,loam,Maize,37.6,87.6,28.1,0.52,0.1880276098957256,0.7,6.84,0,1,0
4705,14,clay,Chilli,7.9,20.0,23.0,0.94,0.16442094452362682,0.45,7.28,0,0,0
4706,6,clay,Soybean,105.3,214.9,25.8,-0.2,0.6293205695600396,0.67,8.96,0,1,0
4707,4,sandy,Maize,68.5,189.9,24.9,-0.22,0.9393123835893448,0.44,6.73,0,0,1
4708,9,clay,Chickpea,12.4,31.9,29.2,-0.26,0.0,0.71,8.68,0,1,0
4709,6,clay,Pigeon pea,15.5,33.9,33.2,0.51,0.5005347154964386,0.61,8.85,0,0,0
4710,12,loam,Wheat,106.0,292.7,24.0,-0.73,1.1105245044389402,0.52,7.01,0,0,0
4711,4,sandy,Maize,117.1,261.3,23.9,0.15,0.48077144221376045,0.25,5.05,0,1,1
4712,14,clay,Chilli,4.0,11.6,24.4,-1.22,0.0,0.52,7.61,0,0,0
4713,2,loam,Banana,20.7,45.7,25.9,-0.38,0.434458987528641,0.47,5.69,0,0,0
4714,8,clay,Chilli,62.5,210.2,31.7,1.14,0.6197642602985506,0.64,6.82,0,0,0
4715,15,clay,Rice,327.5,656.9,25.5,2.49,1.5,0.51,7.86,0,0,0
4716,13,sandy,Ragi,141.4,318.9,21.5,-0.82,1.1579034523338763,0.24,8.19,0,0,0
4717,13,sandy,Wheat,18.9,61.8,27.1,-0.35,0.9274658868396773,0.64,5.56,0,1,1
4718,10,sandy,Sugarcane,12.5,36.3,23.8,1.32,0.04743843374412471,0.39,6.45,1,0,0
4719,9,clay,Green gram,103.3,289.8,22.7,-2.02,0.6608371676395527,0.36,7.66,1,0,0
4720,4,sandy,Rice,161.3,523.5,27.7,-1.07,1.369954413932142,0.36,6.23,1,0,0
4721,5,loam,Rice,3.6,7.3,26.6,0.63,0.0,0.23,6.99,1,0,0
4722,9,clay,Wheat,6.9,16.2,23.0,0.18,0.0,0.49,8.8,1,0,0
4723,5,loam,Wheat,56.9,185.2,19.8,0.63,0.5562342158872826,0.69,8.24,0,1,0
4724,5,loam,Ragi,108.8,241.9,15.1,-1.79,0.8784566721466438,0.45,6.74,1,0,0
4725,11,loam,Chilli,100.6,333.1,23.0,-0.68,0.6249775264749695,0.79,6.73,0,0,0
4726,11,loam,Green gram,67.8,169.4,31.2,1.27,0.7385278919029618,0.61,7.67,1,0,0
4727,8,clay,Green gram,67.3,206.4,27.9,0.62,0.38541136212481764,0.54,7.51,1,0,0
4728,5,loam,Wheat,82.0,279.2,23.4,1.39,1.1198547767212799,0.6,8.18,0,0,0
4729,3,sandy,Rice,14.8,30.3,29.7,-0.29,0.6951706362202814,0.28,6.87,0,1,0
4730,4,sandy,Maize,30.3,99.6,25.8,0.94,0.4875693295177037,0.28,6.77,0,0,0
4731,5,loam,Wheat,176.8,491.2,21.5,1.2,1.3846634965343576,0.75,7.82,0,1,0
4732,15,clay,Potato,236.6,540.2,26.7,0.01,1.5,0.34,8.7,1,1,0
4733,5,loam,Wheat,34.5,84.5,25.2,-0.2,0.2079291694305712,0.48,7.83,0,0,0
4734,14,clay,Chilli,88.9,315.0,23.5,2.36,0.4428628795538981,0.84,7.59,0,0,0
4735,9,clay,Wheat,48.1,150.3,21.1,-0.04,0.0,0.93,6.69,0,0,0
4736,7,clay,Maize,66.1,217.2,23.0,-1.08,0.4852734031000179,0.92,6.54,0,0,0
4737,5,loam,Sugarcane,7.3,25.6,23.7,-0.19,0.0,0.51,6.06,0,0,0
4738,12,loam,Rice,6.5,16.1,33.6,2.37,0.020249750112152798,0.44,5.83,1,0,0
4739,13,sandy,Ragi,29.0,71.6,20.3,0.18,0.29106170495675243,0.25,7.99,1,1,0
4740,15,clay,Potato,66.6,238.0,24.5,1.6,0.23028994036503003,0.56,7.9,0,1,0
4741,13,sandy,Ragi,18.6,51.5,20.0,1.09,0.48921106557314037,0.4,6.08,1,1,1
4742,2,loam,Cotton,40.5,137.1,20.7,-0.78,0.21834815303730892,0.4,6.86,0,0,0
4743,14,clay,Cotton,206.2,418.5,26.5,-0.01,1.0522797753149533,0.33,6.79,0,0,0
4744,10,sandy,Pearl millet,127.0,332.8,24.5,-0.73,0.8416205288176388,0.52,5.55,0,0,0
4745,8,clay,Pearl millet,48.6,141.0,29.6,0.06,0.10005975462839711,0.53,6.96,1,0,0
4746,4,sandy,Rice,41.7,142.1,25.4,0.03,0.5225757981229392,0.4,6.99,1,1,1
4747,8,clay,Sugarcane,684.2,2043.5,26.2,-1.46,1.5,1.05,7.59,0,0,0
4748,13,sandy,Ragi,32.1,75.0,23.5,0.51,0.6832440117967912,0.42,6.68,0,1,1
4749,9,clay,Wheat,5.1,16.8,26.4,1.01,0.0,0.79,8.15,0,0,0
4750,2,loam,Maize,12.8,31.7,27.1,-1.24,0.2631655277153727,0.61,5.36,0,1,0
4751,12,loam,Wheat,42.0,138.4,22.7,-0.16,0.0,0.59,7.2,0,0,0
4752,12,loam,Maize,169.5,453.2,26.5,0.49,1.1857572572336672,0.52,6.78,0,0,1
4753,11,loam,Potato,57.8,158.6,28.2,1.5,0.410568757305401,0.76,6.82,0,0,0
4754,4,sandy,Wheat,39.1,106.8,25.8,1.14,1.316068709249131,0.52,5.94,1,0,0
4755,5,loam,Wheat,6.6,23.6,26.7,-0.99,0.0,0.37,7.07,0,0,0
4756,7,clay,Onion,39.6,108.1,20.2,-0.17,0.20794482750453505,0.36,7.18,0,1,0
4757,14,clay,Onion,72.4,259.1,27.6,2.07,0.7220928470259489,0.48,9.2,0,0,0
4758,13,sandy,Ragi,7.8,21.0,26.4,-2.7,0.5975946888962324,0.32,6.92,1,1,1
4759,2,loam,Banana,62.4,126.2,24.6,-1.37,0.7351876692806638,0.47,7.33,0,0,1
4760,2,loam,Cotton,17.1,46.8,27.9,-0.25,0.11130676886835099,0.48,6.54,0,0,0
4761,1,clay,Groundnut,77.0,222.2,29.2,-1.09,1.1860435533978382,0.68,7.17,0,1,0
4762,14,clay,Cotton,349.2,1009.1,25.0,1.17,1.5,0.46,9.03,0,1,0
4763,13,sandy,Ragi,52.7,176.7,22.1,-0.0,1.0936420339682373,0.39,6.73,0,1,0
4764,4,sandy,Groundnut,28.9,78.2,25.6,-0.03,0.5860573355352677,0.45,6.11,0,0,1
4765,14,clay,Pearl millet,24.4,64.7,30.7,1.62,0.3388887183638896,0.58,7.26,0,1,0
4766,8,clay,Rice,13.8,48.4,30.5,0.03,0.0,0.43,7.91,0,0,0
4767,5,loam,Wheat,77.7,224.6,24.4,0.7,0.7645924387260331,0.32,6.17,1,0,0
4768,12,loam,Maize,52.4,183.8,26.3,-1.08,0.15927196283689676,0.56,7.26,0,1,0
4769,2,loam,Mustard,75.1,194.8,21.3,-0.65,0.34535855656010844,0.73,6.69,0,1,1
4770,2,loam,Sorghum,20.5,54.9,31.8,-0.61,0.08397737704632818,0.24,7.91,1,1,1
4771,4,sandy,Wheat,5.1,15.5,24.8,0.29,0.6480406168091374,0.1,6.96,1,0,1
4772,10,sandy,Groundnut,19.7,53.1,20.2,0.47,0.9420641371233173,0.35,6.54,0,0,0
4773,13,sandy,Green gram,25.3,90.0,26.2,0.16,0.43490422714800087,0.46,8.11,0,0,0
4774,8,clay,Rice,132.3,389.3,32.6,0.53,0.7367488679562818,0.55,8.56,1,0,0
4775,7,clay,Maize,65.4,201.6,25.1,0.26,0.4114488550987802,0.75,7.92,0,0,0
4776,9,clay,Chickpea,98.8,313.7,24.3,1.88,0.4249198417794373,0.74,6.47,0,0,0
4777,1,clay,Green gram,9.4,21.6,23.9,1.96,0.0,0.63,7.4,0,0,0
4778,10,sandy,Pearl millet,15.4,37.7,23.0,0.07,0.6763153341684377,0.1,6.85,1,1,1
4779,13,sandy,Ragi,10.4,37.3,26.5,-0.21,0.18070307514852527,0.45,6.74,0,0,1
4780,7,clay,Mustard,43.0,153.8,22.9,0.15,0.497415902744727,0.45,7.65,0,0,0
4781,10,sandy,Mustard,49.4,147.2,29.1,0.49,0.7049388264566463,0.31,6.18,0,0,0
4782,5,loam,Cotton,17.4,45.1,24.0,0.35,0.0,0.67,7.19,0,1,0
4783,15,clay,Mustard,266.9,898.0,33.4,-1.25,1.5,0.28,8.49,1,1,0
4784,3,sandy,Rice,28.7,99.3,27.8,0.03,0.34503964150762645,0.1,6.83,1,0,1
4785,3,sandy,Rice,279.2,942.8,30.7,0.13,1.5,0.29,5.88,1,1,0
4786,15,clay,Sugarcane,208.1,497.2,24.8,0.98,1.214772073674858,0.49,8.59,0,0,0
4787,8,clay,Cotton,138.6,471.8,28.3,0.11,0.8275687092739947,0.54,7.62,0,0,0
4788,7,clay,Sorghum,88.8,226.4,25.6,-0.19,0.7300946510300772,0.43,8.46,0,1,0
4789,13,sandy,Maize,23.5,73.7,22.1,-0.53,0.5760988181079765,0.17,6.28,1,0,0
4790,5,loam,Sugarcane,41.7,103.5,30.0,1.73,0.4576598336230014,0.33,6.71,1,1,0
4791,5,loam,Wheat,56.2,121.0,24.7,-0.43,0.2585908370149527,0.35,8.14,0,0,0
4792,1,clay,Mustard,39.4,84.3,29.5,-0.7,0.19210062799452338,0.82,8.66,0,0,0
4793,8,clay,Lentil,44.0,106.1,28.6,1.24,0.5419613300390391,0.47,7.75,0,0,0
4794,12,loam,Mustard,90.0,231.9,22.8,0.61,0.7808396506819715,0.31,7.0,0,0,0
4795,15,clay,Banana,201.0,491.8,30.3,0.48,1.3227027259100286,0.75,7.28,0,0,0
4796,8,clay,Chilli,141.7,507.5,29.8,0.26,0.6892248446764543,0.45,9.2,0,0,0
4797,2,loam,Cotton,60.7,135.6,26.6,-0.48,0.24298038272078043,0.57,6.55,0,0,0
4798,3,sandy,Rice,34.8,104.0,33.0,1.2,0.5533391840960635,0.52,5.67,1,1,0
4799,5,loam,Wheat,32.8,88.9,21.8,1.95,0.5783662313811395,0.33,7.6,0,0,0
4800,14,clay,Chilli,44.6,100.6,27.1,0.36,0.21557318001462142,0.22,8.43,1,0,0
4801,9,clay,Chilli,138.6,313.5,25.3,0.37,0.7953187281535464,0.51,7.4,0,1,0
4802,15,clay,Rice,65.4,227.5,32.7,0.11,0.8087642913638763,0.74,7.31,0,0,0
4803,13,sandy,Tomato,80.8,212.2,25.8,-1.39,0.8567064717889107,0.25,7.34,1,1,0
4804,14,clay,Chilli,20.0,40.0,24.1,0.13,0.0,0.66,7.51,0,0,0
4805,5,loam,Cotton,70.3,154.6,23.7,1.31,1.1443724608872061,0.51,6.24,0,0,1
4806,9,clay,Wheat,45.7,117.4,25.2,1.92,0.46022395456279624,0.66,8.42,0,1,0
4807,1,clay,Groundnut,15.4,47.6,30.9,0.28,0.0,0.6,6.98,0,0,1
4808,6,clay,Cotton,158.3,480.3,26.1,-0.34,0.7863710647329297,0.79,8.86,0,1,0
4809,5,loam,Sugarcane,14.9,42.3,23.2,0.47,0.0,0.61,7.17,0,1,0
4810,3,sandy,Chilli,108.5,248.2,31.5,0.44,1.5,0.4,6.85,1,0,0
4811,1,clay,Green gram,243.0,783.6,31.9,-1.1,1.301539469675602,0.6,7.68,0,1,0
4812,6,clay,Pigeon pea,112.7,391.7,25.6,-0.3,0.41037041614527014,0.71,7.34,0,1,0
4813,2,loam,Maize,17.3,38.9,24.2,-0.27,0.0,0.55,6.01,0,1,0
4814,10,sandy,Wheat,48.8,148.1,27.4,-0.2,0.08646888067032554,0.48,6.59,0,0,0
4815,5,loam,Sugarcane,41.3,108.1,25.2,-0.52,0.09197401199317437,0.19,7.31,1,0,0
4816,4,sandy,Rice,78.2,199.4,23.2,-1.78,1.1043451458892293,0.79,7.1,0,0,0
4817,2,loam,Cotton,278.5,742.2,26.5,0.43,1.5,0.7,7.44,0,0,0
4818,7,clay,Maize,194.0,496.8,23.5,-0.81,1.3421563270468655,0.7,7.56,0,1,1
4819,3,sandy,Potato,81.4,166.5,31.5,-0.54,0.7155164560862909,0.1,6.61,0,0,1
4820,9,clay,Chickpea,146.0,393.0,27.0,-1.62,0.252092111191881,0.82,7.82,0,1,0
4821,15,clay,Sorghum,79.1,160.1,21.1,-1.14,0.6621868832140001,0.45,8.09,1,0,0
4822,11,loam,Rice,51.6,114.3,26.0,0.91,0.0969771093811872,0.23,6.55,0,1,1
4823,2,loam,Sorghum,29.7,84.7,22.0,-1.4,0.0,0.52,7.26,0,0,0
4824,2,loam,Banana,59.3,158.5,25.5,-0.3,0.03203813367687258,0.5,7.34,0,1,0
4825,14,clay,Chilli,53.6,155.8,27.5,2.62,0.34187627755913835,0.91,6.98,0,0,0
4826,14,clay,Sorghum,47.0,167.8,22.6,-0.61,0.0,0.92,7.17,0,0,0
4827,6,clay,Cotton,61.2,181.5,28.2,-1.09,0.2876364560778264,0.65,7.11,0,1,0
4828,7,clay,Onion,56.7,137.1,25.2,-2.39,1.0139125257474073,0.55,7.9,0,0,0
4829,6,clay,Cotton,5.3,14.8,28.8,-0.03,0.0,0.86,7.73,0,1,0
4830,9,clay,Soybean,127.0,342.0,22.4,-0.76,0.5595915223562823,0.34,8.88,1,0,0
4831,4,sandy,Maize,26.6,80.9,28.6,1.2,0.6844491623847745,0.47,5.71,0,0,1
4832,15,clay,Potato,59.2,209.1,29.6,1.37,0.7844561489639283,0.7,8.27,0,0,0
4833,7,clay,Onion,52.6,155.1,29.4,0.87,0.0,0.7,7.76,0,1,0
4834,3,sandy,Chilli,20.8,69.6,33.0,0.68,0.4517234055763499,0.22,5.29,1,0,1
4835,5,loam,Rice,52.1,166.5,27.1,-0.11,0.2838779780818349,0.76,7.46,0,1,0
4836,14,clay,Chilli,26.9,72.4,22.7,0.69,0.20278261320820073,1.01,7.31,0,0,0
4837,5,loam,Sugarcane,24.3,64.9,26.6,-1.54,0.0,0.43,7.15,0,0,0
4838,13,sandy,Maize,61.2,163.5,22.6,-0.85,0.17296984723739744,0.87,6.33,0,0,1
4839,12,loam,Rice,376.4,899.0,28.9,-0.31,1.5,0.69,6.09,0,0,0
4840,15,clay,Rice,114.0,356.4,30.2,0.66,0.47500087494449617,0.59,8.22,0,0,0
4841,3,sandy,Banana,13.6,30.3,27.5,-0.2,0.0,0.3,5.28,0,0,1
4842,6,clay,Pigeon pea,52.3,171.3,27.4,0.71,0.3939471899086173,0.5,8.89,0,1,0
4843,13,sandy,Tomato,23.9,48.4,30.5,-0.92,0.5866127739624919,0.28,6.97,0,1,1
4844,2,loam,Onion,43.0,86.2,24.6,1.46,0.27662947959394746,0.77,7.69,0,0,0
4845,1,clay,Green gram,32.5,115.9,31.4,2.85,1.1651910673704697,0.33,7.53,1,0,0
4846,1,clay,Green gram,33.8,98.6,26.8,0.17,0.2954284631702465,0.58,8.02,0,0,0
4847,2,loam,Sorghum,13.4,42.1,21.8,0.15,0.07968271693582993,0.39,6.84,1,0,0
4848,12,loam,Maize,91.0,242.6,24.5,0.39,1.0635046555050334,0.58,5.98,0,1,0
4849,6,clay,Pigeon pea,20.7,47.1,28.2,-0.72,0.6570256806519515,0.62,7.92,0,0,0
4850,3,sandy,Cotton,22.3,67.8,32.7,0.94,0.9567973683148843,0.2,6.17,0,0,0
4851,11,loam,Lentil,56.4,136.6,25.3,0.51,0.26944679114660197,0.13,7.18,1,1,0
4852,5,loam,Sugarcane,53.8,160.5,26.4,0.95,0.5337775763681034,0.58,6.67,0,1,0
4853,3,sandy,Onion,52.7,165.2,32.9,-0.84,0.9864692462623248,0.23,6.07,1,1,1
4854,15,clay,Groundnut,39.8,132.0,28.6,-1.3,0.0,0.69,5.95,0,0,0
4855,9,clay,Chickpea,41.5,109.5,23.6,-0.03,0.0,0.71,8.14,0,0,0
4856,7,clay,Maize,24.2,61.7,25.3,0.56,0.34236812208506584,0.49,7.43,0,0,0
4857,14,clay,Chilli,46.7,113.3,25.6,0.92,0.3059569904518609,0.53,7.99,0,1,0
4858,4,sandy,Banana,80.7,178.6,31.8,-0.19,1.059383248354499,0.3,6.63,1,1,0
4859,9,clay,Wheat,54.7,189.8,29.9,0.03,0.4623325629683003,0.71,7.33,0,0,0
4860,12,loam,Banana,53.2,136.0,25.1,1.55,0.09021010601983653,0.92,7.89,0,0,0
4861,1,clay,Green gram,128.3,398.6,20.1,0.19,0.6767215369115858,0.68,8.09,0,1,0
4862,5,loam,Green gram,85.3,175.5,21.2,-1.03,0.4337674117060689,0.91,7.27,0,0,0
4863,2,loam,Wheat,61.9,193.8,20.9,0.06,0.6227975164720588,0.47,7.72,0,0,0
4864,8,clay,Banana,215.9,457.3,23.5,1.09,1.5,0.43,9.2,0,1,0
4865,11,loam,Rice,18.1,37.0,28.4,-0.53,0.0,0.63,7.37,0,1,0
4866,3,sandy,Cotton,45.4,157.6,27.3,-0.2,0.0,0.61,5.71,0,0,1
4867,3,sandy,Cotton,221.8,543.9,26.4,0.23,1.5,0.33,7.07,1,0,1
4868,7,clay,Onion,154.6,456.0,26.0,1.59,1.5,0.71,8.69,0,0,0
4869,6,clay,Soybean,15.4,40.0,27.1,0.66,0.0,0.58,7.14,0,1,0
4870,2,loam,Cotton,32.9,89.7,25.8,1.17,1.066859162889356,0.42,7.81,0,0,0
4871,11,loam,Potato,72.0,168.6,26.3,1.54,0.06744896445269638,0.94,7.81,0,1,0
4872,12,loam,Rice,206.9,567.3,28.4,-0.31,0.907859389883362,0.58,8.65,1,0,0
4873,7,clay,Cotton,52.1,157.0,27.3,0.52,0.058141092374576375,0.65,6.25,0,0,0
4874,6,clay,Pigeon pea,17.9,58.9,23.4,-0.49,0.0,0.53,6.82,0,0,0
4875,3,sandy,Cotton,44.7,157.1,21.0,-0.64,0.33615295807572115,0.3,7.31,1,0,1
4876,5,loam,Rice,50.8,148.6,25.5,1.38,0.48938688573073286,0.69,7.02,0,0,0
4877,8,clay,Cotton,25.4,55.5,23.3,-1.22,0.04874825094243347,0.65,7.69,0,1,0
4878,15,clay,Potato,71.5,149.6,26.2,-1.55,0.0,0.71,7.07,0,0,0
4879,3,sandy,Chilli,60.0,212.4,29.8,-1.18,0.7208196071073005,0.52,7.65,0,0,1
4880,13,sandy,Tomato,20.4,73.2,25.7,-0.77,0.2524301861529288,0.26,6.66,1,1,1
4881,8,clay,Chilli,37.3,108.1,32.5,0.37,0.47316807387294796,0.42,6.34,0,0,0
4882,9,clay,Turmeric,58.1,159.9,26.9,-0.63,0.41965429047021224,0.34,6.94,0,0,0
4883,5,loam,Sunflower,108.2,255.5,24.2,-1.18,0.8320004173476481,0.36,6.49,0,1,1
4884,15,clay,Onion,376.6,792.1,28.1,0.42,1.5,0.46,7.74,0,0,0
4885,1,clay,Groundnut,122.5,411.1,28.0,0.03,0.6388378782669785,0.68,7.78,0,0,0
4886,4,sandy,Rice,29.3,84.4,23.2,-1.44,0.5821663022534107,0.39,5.34,1,0,1
4887,5,loam,Pearl millet,6.5,18.6,27.5,-1.03,0.8964031802815992,0.36,5.81,0,0,1
4888,9,clay,Wheat,220.9,507.1,28.9,0.21,1.1744114285872005,0.75,8.65,0,0,0
4889,7,clay,Pearl millet,63.9,137.9,25.8,0.63,0.634266542149821,0.56,7.44,0,0,0
4890,14,clay,Sorghum,105.1,353.8,23.9,0.05,0.8214666606998114,0.55,7.12,0,0,0
4891,3,sandy,Chilli,26.4,57.7,34.9,-0.29,1.3160813682532673,0.43,6.61,0,0,1
4892,9,clay,Wheat,131.8,456.7,21.1,-1.25,1.1677732908419332,0.64,6.44,0,0,0
4893,8,clay,Cotton,144.0,333.8,30.6,-0.06,0.13068478733576228,1.05,7.25,0,0,0
4894,5,loam,Sugarcane,25.9,64.0,24.5,-0.38,0.0,0.55,7.59,0,0,0
4895,1,clay,Green gram,31.4,105.5,29.3,-0.73,0.0,0.84,8.92,0,0,0
4896,13,sandy,Maize,8.6,21.7,24.0,-0.18,0.5606843974715084,0.11,6.36,1,0,1
4897,4,sandy,Wheat,138.6,350.0,20.6,0.37,1.439031675707848,0.15,7.32,1,1,0
4898,3,sandy,Rice,18.2,53.3,29.0,1.05,0.5280386390738745,0.2,6.81,1,1,0
4899,9,clay,Wheat,34.7,79.4,28.8,-1.07,0.2223313466762948,0.55,8.23,0,0,0
4900,3,sandy,Maize,41.6,97.7,30.9,-0.31,0.8743919718864861,0.28,6.17,0,0,0
4901,10,sandy,Rice,71.5,176.5,19.9,0.16,0.6453126255524633,0.32,6.3,0,0,0
4902,11,loam,Wheat,28.2,83.0,26.8,0.48,0.0,0.51,7.02,0,0,0
4903,4,sandy,Maize,71.9,144.4,20.1,-0.76,0.6032116981369189,0.38,7.1,1,1,0
4904,2,loam,Maize,40.1,122.9,25.7,1.1,0.5350952454100671,0.33,7.69,1,0,0
4905,2,loam,Green gram,138.4,364.6,25.4,-0.32,0.8350757829248763,0.43,7.06,1,0,0
4906,1,clay,Groundnut,17.3,50.6,22.9,-0.07,0.28749432609041803,0.64,7.49,0,0,0
4907,8,clay,Chilli,54.4,179.6,25.9,-0.77,0.0,0.81,7.59,0,0,0
4908,6,clay,Cotton,16.3,56.0,22.0,-0.4,0.24440767632678273,0.86,8.22,0,1,0
4909,12,loam,Rice,44.5,90.4,19.3,1.64,0.9158166713070486,0.36,6.08,0,0,0
4910,6,clay,Groundnut,69.2,160.1,29.5,-0.56,1.0282887778526932,0.54,6.6,0,0,0
4911,10,sandy,Pearl millet,33.1,108.0,25.5,-0.03,0.6141052591116405,0.55,8.0,0,0,0
4912,8,clay,Pearl millet,194.6,504.9,32.2,-1.72,1.1764876441471273,0.87,9.2,0,0,0
4913,7,clay,Onion,28.3,98.3,27.6,-1.76,0.2934634103962564,0.83,8.52,0,0,1
4914,12,loam,Maize,99.9,341.7,27.6,-0.9,0.5047175137658088,0.74,6.59,0,1,0
4915,8,clay,Wheat,32.3,81.4,23.7,-1.01,0.0,0.77,8.13,0,1,0
4916,9,clay,Soybean,210.4,535.1,24.3,-0.08,0.8095023588880763,0.43,7.45,1,0,0
4917,7,clay,Sugarcane,46.6,147.7,23.9,-0.31,0.0,0.69,7.68,0,0,0
4918,11,loam,Wheat,112.5,313.9,26.0,0.7,1.2574380971379595,0.52,6.94,0,0,0
4919,5,loam,Sugarcane,91.0,302.3,24.0,-0.54,0.6114931931322725,0.52,7.09,0,0,0
4920,1,clay,Turmeric,67.2,156.6,30.0,-1.27,0.0,0.4,7.91,0,1,0
4921,7,clay,Sugarcane,99.5,272.9,22.2,-0.33,0.5691362675599141,0.57,6.82,0,0,0
4922,5,loam,Sugarcane,50.8,112.1,23.6,-1.43,0.42980701264373095,0.43,7.01,0,0,0
4923,14,clay,Cotton,31.2,84.6,26.5,0.73,0.5142944343433067,0.67,8.44,0,0,0
4924,15,clay,Rice,429.5,1199.9,24.7,-2.01,1.5,0.4,8.77,0,0,0
4925,4,sandy,Wheat,73.8,247.9,27.9,0.31,0.8465303864446547,0.27,6.78,1,0,0
4926,7,clay,Onion,14.0,38.4,24.8,0.41,0.0,0.57,9.07,0,0,0
4927,7,clay,Onion,36.1,124.5,26.5,-0.85,0.3165876291531508,0.52,9.16,0,1,0
4928,4,sandy,Maize,5.8,18.5,27.7,-0.64,0.0,0.45,6.1,1,0,0
4929,1,clay,Green gram,37.4,106.4,24.0,-1.76,0.0,0.82,9.2,0,1,0
4930,15,clay,Mustard,57.1,196.5,24.4,0.94,0.19668152055439603,0.6,7.77,0,0,0
4931,10,sandy,Wheat,89.8,260.9,29.7,0.53,1.5,0.33,5.29,0,0,0
4932,7,clay,Sugarcane,64.2,211.0,25.7,-2.24,0.6906489677442789,1.01,7.93,0,0,0
4933,3,sandy,Rice,27.1,92.4,27.8,0.7,0.3327440802609821,0.1,6.2,1,1,0
4934,8,clay,Rice,49.1,175.3,29.6,0.26,0.09183418513831913,0.86,7.74,0,1,0
4935,5,loam,Rice,93.4,283.5,22.1,0.91,0.0,0.64,7.38,0,0,0
4936,4,sandy,Rice,40.5,103.8,22.8,-2.31,0.262539589785333,0.33,7.7,1,1,0
4937,15,clay,Potato,21.0,43.0,31.1,-0.55,0.0,0.94,8.74,0,0,0
4938,10,sandy,Wheat,19.8,46.6,23.5,-0.13,0.626622476088553,0.1,7.62,1,0,1
4939,5,loam,Sugarcane,41.2,147.5,22.3,-0.57,0.33586895699774444,0.75,6.98,0,1,0
4940,4,sandy,Wheat,58.5,140.3,24.9,-1.36,0.28121541569440967,0.66,7.17,0,0,0
4941,12,loam,Potato,4.9,15.5,21.2,-0.36,0.37525482354058576,0.57,7.13,0,0,0
4942,10,sandy,Mustard,15.0,46.1,16.3,-1.33,1.117929978709036,0.28,8.44,0,0,0
4943,13,sandy,Tomato,100.5,270.2,17.1,0.23,0.7953291260228404,0.38,6.54,0,0,0
4944,12,loam,Pigeon pea,77.3,196.3,30.8,0.3,0.1842384461144832,0.57,7.36,0,1,0
4945,7,clay,Maize,76.0,192.9,26.4,1.4,0.9481325932375202,0.46,7.53,0,0,0
4946,10,sandy,Pearl millet,18.5,54.7,25.0,-0.51,0.4069993907922533,0.28,7.18,1,1,0
4947,6,clay,Onion,88.4,178.8,24.5,1.45,0.6284680497631893,0.86,7.69,0,0,1
4948,2,loam,Sorghum,44.1,121.9,25.9,-0.32,0.27298071201467644,0.37,7.62,0,1,0
4949,1,clay,Green gram,24.3,85.7,25.8,1.74,0.4783258422877469,0.52,8.34,0,1,0
4950,2,loam,Cotton,31.4,85.8,27.5,0.49,1.088328079407153,0.33,7.57,0,0,0
4951,14,clay,Sorghum,32.4,94.9,18.6,-0.6,0.0,0.46,7.79,0,0,0
4952,13,sandy,Potato,81.9,257.1,22.0,0.47,1.1582763247153856,0.11,6.44,1,1,1
4953,6,clay,Lentil,122.2,393.1,31.3,-0.62,0.1935221470602912,0.82,8.03,0,0,0
4954,14,clay,Lentil,96.5,261.9,25.6,0.61,0.0,0.82,8.13,0,0,0
4955,12,loam,Maize,19.2,68.8,27.9,0.85,0.5234059230094926,0.58,8.39,0,0,1
4956,3,sandy,Chilli,203.8,705.1,26.9,0.58,1.5,0.61,5.93,0,1,0
4957,4,sandy,Chickpea,99.2,215.6,19.8,1.69,1.3753268883784324,0.82,7.39,0,1,1
4958,6,clay,Pigeon pea,50.7,161.0,24.8,-1.37,0.4014456707637717,0.57,8.55,0,0,0
4959,13,sandy,Maize,81.2,179.6,20.3,-1.27,1.1735103167708663,0.15,7.49,1,0,1
4960,10,sandy,Pearl millet,111.3,287.5,29.4,0.33,0.9964011020965189,0.1,6.52,1,0,0
4961,6,clay,Wheat,53.0,146.7,30.5,0.55,0.5584595779039571,0.43,6.58,1,0,0
4962,13,sandy,Maize,242.3,645.0,18.0,-0.43,1.5,0.61,8.18,0,0,0
4963,5,loam,Sugarcane,10.7,38.1,24.3,0.39,0.07559442061501292,0.55,8.24,0,0,1
4964,14,clay,Chilli,38.9,81.7,24.3,0.5,0.6352744432209106,0.37,7.25,0,1,0
4965,11,loam,Wheat,60.0,135.1,19.9,-0.36,0.11964114082275065,0.74,7.9,0,1,0
4966,11,loam,Rice,1.6,4.5,25.9,0.23,0.0,0.35,7.4,1,1,0
4967,2,loam,Cotton,79.9,246.1,25.4,0.99,1.0060817740119947,0.67,7.89,0,0,1
4968,3,sandy,Cotton,122.4,392.2,21.5,-0.33,1.0178809513993652,0.1,6.64,0,0,0
4969,15,clay,Sugarcane,421.5,1375.0,25.8,-0.75,1.5,0.57,7.42,0,0,0
4970,12,loam,Rice,22.4,64.9,23.9,-0.73,0.0,0.54,7.01,0,0,0
4971,4,sandy,Green gram,19.2,44.5,26.4,0.37,0.1892930185954393,0.41,5.86,1,0,0
4972,13,sandy,Turmeric,85.3,198.9,25.3,0.72,1.1901393984484312,0.43,7.26,0,0,1
4973,5,loam,Rice,229.0,540.8,21.3,-0.96,1.3815830745444007,0.53,7.91,0,0,0
4974,6,clay,Sugarcane,53.7,167.4,27.8,-1.56,0.3152389743259152,0.83,8.2,0,0,0
4975,5,loam,Wheat,40.3,124.3,22.5,-0.11,0.0,0.74,6.32,0,0,0
4976,8,clay,Chilli,33.1,98.0,31.2,-0.98,0.0,0.41,7.75,0,0,0
4977,12,loam,Rice,144.3,410.1,29.2,-1.27,1.079950186917915,0.56,6.79,0,1,0
4978,3,sandy,Cotton,48.8,159.4,29.9,0.27,0.4947186528667833,0.42,5.9,0,1,0
4979,15,clay,Pigeon pea,250.6,731.9,27.8,-0.2,1.5,0.64,7.78,0,0,0
4980,5,loam,Rice,48.9,111.3,22.7,-1.17,0.16924044657641363,0.6,7.29,0,0,0
4981,15,clay,Rice,306.0,626.8,24.0,-1.33,1.5,0.6,7.66,0,1,0
4982,14,clay,Cotton,39.9,100.0,24.0,-0.4,0.945615672155868,0.52,6.93,0,1,0
4983,9,clay,Wheat,41.6,133.6,18.9,0.22,0.43006281420986636,0.87,7.63,0,0,0
4984,2,loam,Sorghum,58.6,135.7,27.0,-0.39,0.7488594809821502,0.63,6.9,0,1,0
4985,9,clay,Tomato,56.0,186.8,24.7,0.58,0.0,0.72,8.32,0,0,0
4986,12,loam,Maize,65.7,197.0,26.0,1.22,0.6037108288945918,0.85,6.49,0,0,0
4987,15,clay,Rice,102.6,272.6,29.8,-0.18,1.092054996452027,0.61,6.98,0,1,0
4988,2,loam,Banana,66.0,212.6,21.4,0.15,0.534884900661778,0.65,8.18,0,0,0
4989,12,loam,Rice,81.3,244.4,24.5,0.66,0.493521298205041,0.49,6.47,0,0,1
4990,5,loam,Wheat,41.0,126.6,27.5,-1.27,0.19050081211423958,0.1,6.75,0,1,0
4991,12,loam,Maize,35.1,107.0,26.5,-1.25,0.0,0.86,7.7,0,0,1
4992,9,clay,Wheat,110.6,352.8,25.6,0.06,0.5098983223120901,0.61,7.64,0,0,0
4993,13,sandy,Maize,43.7,142.2,23.9,0.77,0.4828818005313913,0.51,6.85,0,0,0
4994,1,clay,Green gram,11.4,23.7,27.0,0.56,0.0,0.45,7.1,0,0,0
4995,8,clay,Maize,22.5,57.6,29.0,0.41,0.3268156618014003,0.44,6.97,0,0,0
4996,11,loam,Ragi,8.2,21.0,23.8,-1.12,0.0,0.64,7.92,0,0,0
4997,6,clay,Soybean,105.8,357.4,28.1,-1.21,0.8041150111459023,0.52,7.67,0,0,0
4998,5,loam,Soybean,40.3,113.1,22.7,0.37,0.2509471662093643,0.51,7.64,0,1,0
4999,5,loam,Sugarcane,42.2,140.1,21.5,-1.15,0.9439176422345162,0.38,6.1,0,1,0
5000,12,loam,Maize,120.1,400.2,27.6,-0.2,0.6396995887887089,0.46,6.92,0,0,1
5001,4,sandy,Wheat,84.0,180.2,23.5,-0.63,1.0525452077480202,0.62,6.1,0,0,0
5002,15,clay,Mustard,156.0,320.0,27.3,-0.45,0.7085182711475577,0.51,7.54,0,0,0
5003,4,sandy,Maize,130.5,417.9,26.8,-0.16,1.110229272005121,0.2,7.29,1,0,1
5004,7,clay,Sugarcane,25.1,80.6,24.1,0.44,0.14779915092649665,0.31,8.97,0,0,0
5005,15,clay,Rice,82.0,191.4,25.9,-2.21,0.5143411092242071,0.57,8.55,0,0,0
5006,1,clay,Groundnut,76.4,156.4,28.8,0.09,0.3455049987964767,0.73,6.62,0,0,0
5007,6,clay,Pigeon pea,149.3,363.4,32.0,-0.31,0.6236199159763585,0.51,8.23,0,0,0
5008,13,sandy,Ragi,26.9,95.8,19.5,0.0,0.8013767975824286,0.35,6.51,0,0,1
5009,5,loam,Mustard,35.8,127.6,22.6,-1.5,0.30744536856661103,0.52,6.87,0,1,1
5010,5,loam,Sugarcane,20.9,67.3,23.5,1.41,0.598729010893042,0.55,6.65,0,1,0
5011,1,clay,Onion,224.1,504.1,30.2,-1.87,1.3425906776889822,0.8,8.05,0,0,0
5012,3,sandy,Chilli,146.2,406.6,26.5,0.06,1.5,0.62,8.36,0,0,0
5013,3,sandy,Chilli,122.4,299.6,26.1,-0.65,1.0984139639275188,0.33,7.6,1,0,1
5014,14,clay,Sorghum,23.9,54.5,25.1,0.22,0.0,0.54,8.48,1,0,0
5015,9,clay,Wheat,210.9,744.6,25.1,0.82,1.4686474295131753,0.53,7.26,0,0,0
5016,4,sandy,Rice,73.2,158.2,22.0,0.45,0.11757704706035121,0.3,5.72,0,0,0
5017,13,sandy,Banana,46.9,163.7,22.7,-0.52,0.7019009299291998,0.46,7.08,1,0,1
5018,10,sandy,Wheat,38.7,128.2,25.5,0.11,0.6163279268544888,0.77,7.25,0,0,0
5019,5,loam,Sugarcane,42.6,95.6,27.5,1.15,0.0,0.66,9.2,0,1,0
5020,4,sandy,Maize,54.4,191.0,19.8,-1.29,0.0,0.51,5.86,0,0,0
5021,4,sandy,Maize,135.7,449.2,22.9,-0.34,0.9008178249066703,0.23,6.85,1,0,0
5022,11,loam,Potato,93.6,269.1,27.6,1.73,0.7966853411552762,0.31,7.58,1,0,0
5023,11,loam,Pearl millet,133.8,396.8,24.3,1.74,0.6475057582239867,0.25,7.04,1,0,0
5024,10,sandy,Wheat,68.5,175.1,24.7,-0.63,1.1824703230490399,0.59,6.6,0,0,0
5025,7,clay,Onion,11.7,28.6,23.3,1.96,0.0,1.01,8.4,0,1,0
5026,8,clay,Ragi,70.0,177.8,29.8,-0.07,0.6897804288497942,0.38,8.0,1,1,0
5027,14,clay,Chickpea,186.8,406.2,25.6,1.07,0.5436380839615935,0.72,8.45,0,0,0
5028,9,clay,Wheat,37.0,117.2,23.3,0.08,0.593301150515227,0.72,8.28,0,0,0
5029,10,sandy,Pearl millet,30.5,87.7,23.7,0.42,0.8760952041926049,0.33,7.27,0,1,1
5030,4,sandy,Rice,52.0,186.4,23.1,0.61,0.23381812758904175,0.1,7.26,1,1,0
5031,7,clay,Green gram,90.1,189.4,29.8,-2.04,0.46917762944726055,0.82,7.6,0,0,1
5032,1,clay,Rice,155.0,466.5,28.9,-0.69,1.1429440045328774,0.41,7.54,0,0,0
5033,7,clay,Onion,62.5,163.3,27.7,-0.06,0.8344229947020699,0.49,7.89,0,0,0
5034,13,sandy,Maize,137.3,433.8,23.1,-1.16,0.6611544824771901,0.63,6.21,0,0,0
5035,11,loam,Lentil,79.4,205.9,27.3,0.68,1.1678099449732158,0.28,8.47,0,1,0
5036,14,clay,Chilli,18.8,41.7,29.2,-0.6,0.0,0.7,7.41,0,0,0
5037,6,clay,Pearl millet,101.6,261.5,26.1,0.31,1.4043069107644484,0.55,6.68,0,0,0
5038,12,loam,Wheat,165.9,587.1,26.4,-1.1,1.5,0.53,9.16,0,0,0
5039,11,loam,Wheat,143.1,407.3,23.1,-1.39,0.0,0.76,7.52,0,0,0
5040,11,loam,Potato,253.0,569.2,22.8,-0.83,1.5,0.33,7.62,1,0,1
5041,12,loam,Rice,75.4,247.1,24.5,0.46,0.3620958406302097,0.72,7.34,0,1,1
5042,8,clay,Rice,127.2,434.7,29.9,-0.06,1.0617958250590727,0.52,7.06,1,0,0
5043,6,clay,Pigeon pea,5.3,18.1,29.3,0.18,0.2109643511353948,0.26,8.3,0,1,0
5044,9,clay,Chickpea,63.2,162.6,22.1,0.26,0.37687701486952385,0.96,8.26,0,0,0
5045,6,clay,Cotton,219.7,444.9,25.9,0.35,1.5,0.72,8.39,0,0,0
5046,11,loam,Wheat,162.2,487.5,27.3,0.92,0.8048104647670387,0.32,8.46,0,1,0
5047,13,sandy,Lentil,130.0,433.2,26.2,-1.0,0.5769443205944348,0.22,6.39,0,0,0
5048,1,clay,Groundnut,119.5,336.1,31.0,-0.33,0.8641690736629938,0.77,7.47,0,0,0
5049,10,sandy,Mustard,51.2,156.4,25.5,-1.92,0.7256460451086697,0.6,7.23,0,0,1
5050,7,clay,Maize,53.4,111.8,24.6,1.62,0.8763962290968397,0.71,7.25,0,1,0
5051,2,loam,Sunflower,59.8,133.1,20.7,2.08,0.8708737861658317,0.22,7.26,1,1,0
5052,4,sandy,Cotton,28.9,99.6,23.0,0.14,0.40705513551506933,0.23,5.34,1,0,1
5053,13,sandy,Turmeric,24.3,75.4,26.0,1.35,0.8562198608185677,0.1,5.57,1,0,1
5054,6,clay,Pigeon pea,76.3,202.1,27.3,0.6,0.9234054523385431,0.77,7.95,0,0,0
5055,2,loam,Cotton,42.9,102.4,29.8,-0.06,0.2363509798496765,0.59,8.31,1,0,1
5056,12,loam,Maize,96.5,216.8,25.8,1.61,0.07309479291816956,0.41,8.59,1,1,0
5057,4,sandy,Wheat,26.4,82.7,25.3,1.11,1.1159657746118792,0.65,7.23,0,0,1
5058,6,clay,Soybean,332.8,876.0,26.0,-0.28,1.5,0.74,7.79,0,0,0
5059,3,sandy,Rice,41.0,131.1,31.6,0.04,0.4289909699049549,0.21,6.95,1,0,1
5060,12,loam,Maize,69.0,244.9,26.5,0.32,0.0,0.92,5.9,0,1,0
5061,14,clay,Cotton,22.5,55.0,26.1,-0.98,0.11788560205809574,0.5,7.35,0,0,0
5062,15,clay,Potato,396.4,1080.4,20.7,-0.56,1.5,0.54,9.01,0,1,0
5063,2,loam,Banana,54.6,187.3,22.4,1.02,0.6281208125419677,0.59,8.0,0,1,0
5064,14,clay,Chickpea,75.0,174.1,26.0,-0.33,0.6910271552020617,0.6,8.13,0,0,0
5065,10,sandy,Wheat,14.6,46.4,25.3,0.42,0.0,0.65,7.35,0,0,1
5066,13,sandy,Wheat,89.7,267.5,28.3,0.98,0.2929008479197972,0.41,6.99,0,0,1
5067,2,loam,Banana,60.0,203.2,24.0,-0.46,0.08817415931527378,0.49,6.57,0,0,0
5068,13,sandy,Ragi,16.3,42.2,20.2,-0.04,0.7328426178869234,0.49,7.66,0,0,0
5069,5,loam,Rice,33.5,113.1,21.7,1.38,0.46625095724869814,0.45,8.12,0,0,0
5070,6,clay,Cotton,149.9,382.3,30.2,1.05,1.3032167490751412,0.57,7.8,0,0,1
5071,14,clay,Chilli,50.7,121.4,25.5,2.1,0.06895711835140805,0.75,7.91,0,0,0
5072,11,loam,Turmeric,126.0,426.0,26.5,0.99,0.47028365455306514,0.43,6.41,0,0,0
5073,8,clay,Cotton,19.5,56.4,24.0,-0.33,0.2940066021945794,0.46,8.0,1,0,0
5074,11,loam,Wheat,70.2,205.9,30.1,0.61,0.04855252213413036,0.54,7.77,0,0,1
5075,6,clay,Lentil,100.8,256.9,30.8,-0.89,0.6145177716087711,0.84,7.86,0,0,0
5076,15,clay,Potato,158.9,478.8,26.7,0.91,0.481966297388032,0.77,8.56,0,1,0
5077,2,loam,Cotton,65.7,211.8,26.5,0.44,0.29867191434255547,0.63,8.21,0,0,0
5078,9,clay,Wheat,114.3,284.7,22.5,2.27,0.7070325641542488,0.68,8.04,0,1,0
5079,1,clay,Green gram,2.1,5.4,26.5,-0.32,0.17278322206221403,0.24,9.16,1,1,0
5080,7,clay,Onion,33.6,82.2,27.0,0.99,0.0,0.62,8.67,0,1,0
5081,8,clay,Cotton,27.0,68.3,30.5,0.39,0.4931234046933715,0.31,8.23,0,0,0
5082,13,sandy,Ragi,18.4,45.5,28.7,-0.45,0.5090408649917347,0.25,5.75,1,0,0
5083,15,clay,Chilli,104.2,276.7,29.7,-2.09,0.814739863593058,0.9,6.42,0,0,0
5084,12,loam,Maize,20.7,70.1,25.2,0.89,0.0,0.56,6.78,0,1,0
5085,15,clay,Mustard,435.8,1488.5,25.0,1.25,1.5,0.68,7.62,1,1,0
5086,2,loam,Maize,2.7,6.1,25.2,1.07,0.0,0.44,6.63,0,0,0
5087,8,clay,Chilli,47.8,163.0,31.0,1.73,0.9562716008519044,0.6,7.29,1,0,0
5088,9,clay,Lentil,317.9,1070.5,24.1,0.92,1.5,0.55,8.61,0,0,0
5089,2,loam,Banana,27.0,62.4,22.6,0.48,0.0,0.73,7.3,0,0,0
5090,9,clay,Wheat,23.7,80.7,27.5,1.76,0.26405970287107955,0.65,7.71,0,0,0
5091,1,clay,Green gram,176.0,625.3,25.5,-0.36,1.1474789300748367,0.39,6.64,1,0,0
5092,10,sandy,Mustard,55.6,176.8,24.9,-0.18,0.7707273731646573,0.32,8.12,0,0,1
5093,4,sandy,Rice,49.4,115.2,28.9,-0.61,0.9158941001923273,0.1,6.63,1,0,0
5094,15,clay,Mustard,219.5,601.7,25.5,1.75,1.139037328479697,0.47,8.27,1,0,0
5095,5,loam,Chickpea,29.2,76.0,19.4,-1.51,0.747119773341997,0.26,5.78,0,0,0
5096,10,sandy,Wheat,94.4,235.1,22.3,0.62,0.9647979296307779,0.61,7.83,0,0,0
5097,10,sandy,Mustard,5.5,11.6,30.2,0.62,0.7551856311144833,0.19,5.05,1,0,0
5098,14,clay,Sorghum,34.7,98.1,24.3,0.77,0.23894737384693263,0.66,8.29,0,0,0
5099,6,clay,Pigeon pea,60.2,151.1,25.3,-1.73,0.6252087222441797,0.57,7.35,0,0,0
5100,6,clay,Pearl millet,118.5,275.3,26.8,1.49,1.5,0.36,8.62,0,0,0
5101,11,loam,Chickpea,101.7,278.5,26.5,-0.81,0.19085243266684088,0.66,6.91,0,0,0
5102,1,clay,Groundnut,65.0,136.4,34.2,0.54,0.411057910937888,0.67,6.51,0,0,0
5103,9,clay,Pearl millet,114.7,386.3,26.4,-0.27,0.5785974498711011,0.6,7.17,0,0,0
5104,6,clay,Pearl millet,19.1,48.1,31.2,-0.46,0.4482061373452462,0.66,8.06,0,1,0
5105,15,clay,Tomato,30.9,76.3,28.8,2.26,0.7353554009509304,0.25,7.65,0,0,0
5106,8,clay,Cotton,140.4,425.4,25.9,-1.28,1.1935649250982028,0.5,7.72,1,0,0
5107,12,loam,Rice,126.0,292.9,29.5,-0.51,0.5146462422574256,0.88,6.89,0,1,0
5108,13,sandy,Maize,38.6,107.4,25.1,0.25,0.8767209656719259,0.42,6.58,0,0,1
5109,3,sandy,Chilli,35.8,104.9,27.3,-2.22,0.21296054035132306,0.57,6.39,0,1,0
5110,10,sandy,Pearl millet,38.2,95.3,23.3,0.11,0.4251298986840685,0.26,6.97,1,0,0
5111,11,loam,Potato,44.9,118.5,24.4,-1.95,0.521808123755713,0.84,7.96,0,0,0
5112,7,clay,Ragi,194.9,620.7,27.9,0.61,1.5,0.63,8.16,0,0,0
5113,3,sandy,Rice,38.2,101.3,27.5,0.14,0.968377863097708,0.35,6.42,0,0,0
5114,7,clay,Onion,24.5,62.1,21.6,-0.73,0.0,0.61,8.11,0,0,0
5115,1,clay,Maize,48.2,149.6,31.0,-0.06,0.5108015449531722,0.34,8.47,0,1,0
5116,15,clay,Wheat,37.3,113.9,25.4,-0.41,0.0,0.9,6.65,0,1,0
5117,2,loam,Maize,25.0,64.6,26.2,-0.96,0.08270957904193978,0.52,5.68,0,0,0
5118,3,sandy,Chilli,66.7,148.3,27.3,-0.71,1.075785833955555,0.27,5.58,0,0,1
5119,3,sandy,Wheat,138.8,462.8,26.1,0.63,1.4660003557284664,0.39,7.77,0,0,1
5120,4,sandy,Maize,29.8,74.2,25.1,-0.96,0.9353312253315504,0.43,7.74,0,0,1
5121,3,sandy,Ragi,19.4,43.3,29.2,1.02,0.0795043582291054,0.3,7.14,0,0,1
5122,10,sandy,Wheat,8.7,19.2,23.5,0.02,0.22490024368927133,0.42,7.33,0,1,0
5123,2,loam,Maize,25.8,55.4,29.0,1.34,0.0,0.11,6.55,1,1,1
5124,11,loam,Green gram,33.3,91.6,29.0,-1.27,0.0,0.57,7.0,0,0,1
5125,7,clay,Maize,33.4,70.6,22.7,-0.14,0.11252193937454255,0.52,9.2,0,0,0
5126,6,clay,Soybean,7.8,16.7,28.5,1.67,0.15380031997817317,0.8,9.2,0,1,0
5127,8,clay,Chilli,30.3,89.0,29.5,-0.87,0.3512182612108274,0.78,6.67,0,1,0
5128,1,clay,Ragi,170.4,567.3,27.7,1.9,1.5,0.5,7.53,0,0,0
5129,8,clay,Wheat,19.0,59.5,25.1,0.08,0.0,0.5,7.88,0,0,0
5130,8,clay,Rice,28.7,62.9,28.8,0.48,0.28425324484689757,0.69,7.95,0,0,0
5131,12,loam,Maize,31.5,68.5,21.6,1.22,0.9144534413927974,0.31,6.18,0,1,1
5132,3,sandy,Cotton,72.4,234.7,28.6,0.67,1.4412448834270357,0.53,5.94,0,0,0
5133,1,clay,Rice,213.0,689.5,31.3,0.62,1.402340040264022,0.61,8.27,0,0,0
5134,1,clay,Green gram,102.7,358.0,36.3,1.28,0.956443197927589,0.59,7.03,0,0,0
5135,15,clay,Pearl millet,66.7,232.5,24.1,-0.0,0.30638595836787985,0.64,7.23,0,0,0
5136,6,clay,Onion,104.6,374.0,24.8,-0.6,0.0,0.86,6.89,0,1,0
5137,4,sandy,Maize,48.5,139.4,21.5,-0.29,0.20150316657648243,0.4,7.07,0,1,1
5138,3,sandy,Cotton,36.2,126.2,31.3,-1.32,0.3888314564971299,0.38,5.16,1,0,0
5139,4,sandy,Pearl millet,44.6,124.8,30.3,1.89,0.7978827239672159,0.15,6.79,1,0,1
5140,7,clay,Maize,17.3,48.3,24.9,-0.52,0.0,0.87,8.52,0,0,0
5141,15,clay,Mustard,221.5,715.9,23.1,-0.77,1.125929123169139,0.46,6.99,0,0,0
5142,12,loam,Sorghum,222.6,507.4,25.9,1.76,1.5,0.75,8.36,0,0,0
5143,13,sandy,Tomato,45.8,134.4,29.1,1.33,0.7359897040543555,0.43,7.33,1,0,1
5144,1,clay,Wheat,197.5,590.3,31.6,0.18,0.9476490424866966,0.72,8.54,0,0,0
5145,9,clay,Sunflower,25.2,85.8,27.8,-0.99,0.0,0.64,7.04,0,0,0
5146,8,clay,Chilli,86.7,180.2,29.3,-0.1,0.1958071672977326,0.72,7.27,0,1,0
5147,3,sandy,Rice,57.8,181.2,25.9,0.24,1.153445948158578,0.31,6.92,0,0,0
5148,8,clay,Cotton,73.0,158.3,21.5,-1.29,0.5303249336979456,0.71,7.43,0,0,0
5149,9,clay,Soybean,10.3,26.3,23.7,-1.45,0.0,0.75,7.14,0,0,0
5150,1,clay,Green gram,9.2,28.1,29.4,0.55,0.2877311561066246,0.58,7.97,0,0,0
5151,15,clay,Potato,110.6,369.1,31.7,0.39,0.51108980715644,0.61,8.04,0,0,0
5152,12,loam,Maize,83.6,225.6,20.8,-1.23,0.3298759876936325,0.73,7.77,0,0,0
5153,14,clay,Sorghum,131.4,271.1,29.4,0.24,0.6988800807248017,0.58,7.66,0,0,0
5154,2,loam,Cotton,20.9,64.6,28.4,1.62,0.68507684239183,0.49,7.22,0,1,0
5155,1,clay,Rice,67.2,171.9,29.4,0.48,0.5024372190433928,0.56,8.35,1,0,0
5156,14,clay,Sorghum,38.6,130.5,30.5,-0.14,0.0,0.93,9.2,0,0,0
5157,14,clay,Cotton,160.5,417.0,24.1,2.8,1.5,0.64,9.06,0,0,0
5158,10,sandy,Mustard,18.0,43.8,23.0,-0.16,0.33216715789621204,0.62,8.68,0,1,1
5159,4,sandy,Wheat,11.3,40.2,21.2,1.74,0.21951402171770013,0.73,6.39,0,0,0
5160,5,loam,Rice,19.6,59.1,22.1,-0.34,0.0,0.17,9.13,1,0,0
5161,12,loam,Rice,39.4,137.1,26.4,-1.18,0.0,0.49,7.28,0,1,0
5162,14,clay,Cotton,79.5,256.5,24.5,-2.16,0.16382700558830884,0.59,7.02,0,0,0
5163,11,loam,Potato,26.9,73.4,27.0,-0.43,0.0,0.84,7.95,0,1,0
5164,7,clay,Onion,62.5,148.2,27.2,1.0,0.059315909780552956,0.57,7.25,0,0,0
5165,13,sandy,Rice,27.2,68.0,26.9,-1.13,0.2890117533611722,0.18,8.5,1,0,0
5166,4,sandy,Wheat,106.5,300.7,21.5,0.7,0.7777584466824472,0.35,6.92,1,0,1
5167,2,loam,Cotton,32.1,96.9,24.7,0.14,0.46195370087269716,0.5,7.54,0,0,1
5168,6,clay,Pigeon pea,109.3,283.9,29.6,1.28,0.2091972144961204,0.71,9.1,0,0,0
5169,8,clay,Chilli,63.1,142.9,29.2,1.33,0.02840347723108072,0.75,8.07,0,0,0
5170,10,sandy,Chickpea,59.3,150.8,27.1,0.09,0.7446804282378875,0.41,5.45,0,1,1
5171,11,loam,Potato,6.7,24.0,26.5,0.77,0.0,0.64,5.48,0,1,0
5172,11,loam,Mustard,64.3,148.0,21.8,-0.82,0.41931733120156717,0.28,6.1,1,0,0
5173,4,sandy,Maize,44.7,94.5,24.6,-0.39,0.2113524409099647,0.39,7.73,0,1,0
5174,10,sandy,Pearl millet,148.5,375.8,28.0,0.6,1.5,0.55,7.4,0,1,1
5175,1,clay,Green gram,31.5,91.5,27.7,0.97,0.0,0.85,7.98,0,0,0
5176,14,clay,Lentil,15.1,49.5,27.1,1.02,0.0,0.61,7.6,0,0,0
5177,7,clay,Onion,72.3,184.3,26.7,-0.65,0.5969885478279298,0.62,8.42,0,0,0
5178,15,clay,Cotton,103.9,208.6,25.7,-0.55,0.598376970284172,0.53,6.23,0,0,0
5179,14,clay,Cotton,82.4,186.7,29.9,-0.06,0.0,0.82,8.27,0,0,0
5180,3,sandy,Cotton,38.3,87.0,30.8,-1.17,0.6089565822898129,0.35,6.88,1,0,0
5181,2,loam,Maize,57.2,190.9,28.0,-0.79,0.1145622253202941,0.88,6.78,0,1,0
5182,14,clay,Chilli,75.7,176.8,22.4,-0.97,0.2589180567843742,0.62,7.52,0,0,0
5183,8,clay,Chilli,18.8,44.4,28.0,1.89,0.04838931532184565,0.96,7.82,0,1,0
5184,2,loam,Maize,36.5,104.4,26.2,0.31,0.0,0.68,7.43,0,0,0
5185,10,sandy,Pearl millet,12.3,33.2,30.5,0.33,0.5429744846825291,0.32,6.56,0,0,1
5186,15,clay,Potato,202.6,456.5,24.0,1.46,1.1950175612737108,0.72,7.98,0,1,0
5187,10,sandy,Wheat,65.3,144.8,25.3,-1.02,1.4018021042943287,0.29,7.41,1,0,0
5188,4,sandy,Chilli,164.1,390.5,25.0,0.2,1.5,0.82,6.65,0,0,1
5189,6,clay,Soybean,117.9,408.8,23.9,-0.11,0.6588197474896175,0.52,7.53,0,1,0
5190,4,sandy,Maize,93.9,242.4,21.1,3.12,1.5,0.54,7.53,0,1,0
5191,9,clay,Groundnut,81.6,184.7,23.5,-0.65,0.31318605310732367,0.7,7.53,0,0,0
5192,7,clay,Lentil,19.4,68.1,22.1,0.29,0.0,0.56,6.95,1,0,0
5193,6,clay,Soybean,25.3,68.5,31.0,-0.98,0.015720805552137028,0.78,7.22,0,0,0
5194,3,sandy,Chilli,94.9,234.7,26.4,-1.33,0.6225401901762979,0.41,7.92,0,1,0
5195,1,clay,Green gram,50.7,122.3,24.8,-0.92,0.0,0.99,7.97,0,0,0
5196,13,sandy,Tomato,10.9,28.5,22.5,-0.59,1.0894332623216867,0.41,6.85,0,1,0
5197,13,sandy,Maize,55.0,142.0,22.3,0.21,0.6708012845308178,0.52,5.15,0,0,0
5198,2,loam,Cotton,153.5,354.9,21.0,0.18,1.0922465873935114,0.69,7.22,0,0,1
5199,4,sandy,Rice,46.7,142.2,20.7,-0.77,0.8061028335348959,0.78,7.59,0,0,1
5200,7,clay,Mustard,59.0,118.2,27.0,-1.2,0.0,0.51,7.26,0,0,0
5201,9,clay,Soybean,20.7,47.9,23.4,-1.91,0.0,0.68,6.55,0,0,0
5202,14,clay,Sorghum,115.5,355.9,30.4,-1.2,1.1601793488625884,0.82,9.11,0,0,0
5203,11,loam,Rice,59.3,122.4,30.9,1.46,0.5911347139629859,0.48,9.2,0,1,0
5204,10,sandy,Wheat,81.1,285.4,25.3,-2.96,0.9060450453038773,0.19,7.38,1,1,0
5205,12,loam,Wheat,254.9,577.0,25.1,0.1,1.5,0.63,6.48,0,0,0
5206,10,sandy,Wheat,6.3,18.1,26.6,1.97,0.7501741986455476,0.65,7.3,0,0,0
5207,14,clay,Sorghum,61.5,205.3,27.1,-1.39,0.5875979974185559,0.87,7.28,0,0,0
5208,15,clay,Potato,31.8,112.5,27.2,0.42,0.4087778344102134,0.84,7.13,0,0,0
5209,7,clay,Maize,86.5,278.8,28.2,-0.68,0.4496415564434448,0.62,8.98,0,0,0
5210,1,clay,Groundnut,23.5,47.5,28.9,1.31,0.2194680964387082,0.68,8.06,0,0,0
5211,15,clay,Sugarcane,78.1,201.1,29.3,-1.54,0.8547598528249034,0.7,7.26,0,0,0
5212,5,loam,Wheat,60.9,142.0,18.0,0.28,0.0,0.73,8.16,0,0,0
5213,5,loam,Rice,73.2,188.7,26.0,0.77,0.4461439410146464,0.96,7.17,0,0,0
5214,2,loam,Banana,3.3,8.6,27.4,-1.18,0.0,0.28,7.08,1,1,0
5215,12,loam,Sugarcane,34.3,78.9,27.8,0.18,0.0,0.25,7.28,1,1,0
5216,3,sandy,Cotton,17.5,50.3,31.8,1.17,0.4125016032336572,0.1,7.08,1,1,1
5217,15,clay,Potato,38.1,135.5,24.6,-0.4,0.0,0.2,7.38,1,0,0
5218,4,sandy,Chickpea,17.1,46.5,24.8,1.07,0.7652237546737994,0.54,6.8,0,0,1
5219,2,loam,Sorghum,28.2,77.0,26.9,0.05,0.0,0.35,7.07,0,0,1
5220,10,sandy,Mustard,17.8,49.9,25.8,-0.7,0.8571868586259423,0.39,7.77,0,0,0
5221,4,sandy,Green gram,99.4,342.2,22.4,-0.25,0.8228183775368263,0.53,7.07,0,0,1
5222,5,loam,Sugarcane,34.5,88.0,20.7,1.66,0.6122961156797184,0.74,8.01,0,0,0
5223,2,loam,Sorghum,73.3,195.9,21.6,-1.06,0.15926421091945853,0.5,8.96,0,0,1
5224,10,sandy,Mustard,32.2,97.6,26.7,1.16,0.44470232521070124,0.41,7.6,0,0,0
5225,4,sandy,Rice,109.4,315.2,23.1,0.25,1.0034180644498774,0.15,5.46,0,0,0
5226,12,loam,Chilli,27.9,61.2,22.7,-0.88,0.0,0.32,7.56,1,0,1
5227,4,sandy,Mustard,91.0,237.9,22.5,-0.59,0.8233595811294785,0.29,5.99,0,1,0
5228,7,clay,Onion,43.3,114.9,24.3,0.2,0.0,0.76,6.94,0,1,0
5229,8,clay,Chilli,85.4,268.3,25.7,0.8,0.5005877812044266,0.76,9.2,0,0,0
5230,9,clay,Wheat,53.1,176.6,31.8,-0.95,0.33538332872208937,0.5,8.92,0,0,0
5231,13,sandy,Maize,150.4,494.0,27.7,-0.46,1.4994990965772284,0.29,8.17,1,0,1
5232,2,loam,Sorghum,87.1,192.5,27.1,1.01,1.092740076074654,0.31,7.72,0,1,1
5233,4,sandy,Lentil,117.9,247.9,26.3,2.17,1.4690225808706654,0.4,6.92,1,1,0
5234,12,loam,Soybean,202.5,688.7,29.0,0.8,1.5,0.69,6.75,0,0,0
5235,13,sandy,Ragi,133.2,308.5,21.7,-0.24,1.5,0.33,6.16,0,1,1
5236,7,clay,Rice,38.5,97.0,26.0,-0.51,0.0,0.59,7.11,0,0,0
5237,1,clay,Groundnut,76.2,218.1,28.9,-1.05,0.5879390062914732,0.69,8.25,0,1,0
5238,13,sandy,Maize,74.6,223.1,23.7,-0.92,0.53942731014444,0.55,7.53,0,1,0
5239,10,sandy,Mustard,95.2,315.7,26.1,-0.13,0.6927975499394203,0.51,7.18,0,0,0
5240,8,clay,Chilli,8.2,21.1,25.5,-0.92,0.0,0.68,7.66,0,1,0
5241,6,clay,Cotton,49.6,155.4,30.4,-0.38,0.0,0.26,7.75,0,0,0
5242,11,loam,Rice,98.6,254.6,28.6,-0.75,0.4311795342191801,0.64,6.8,0,1,0
5243,5,loam,Rice,170.8,350.7,29.4,-0.86,0.7827559724616087,0.43,7.63,0,1,0
5244,6,clay,Pigeon pea,10.0,20.4,19.3,-0.48,0.0,0.77,7.07,0,0,0
5245,12,loam,Rice,244.2,664.3,27.4,-0.98,1.5,0.51,7.31,0,0,0
5246,6,clay,Green gram,56.2,196.6,23.9,-0.89,0.03525757040861793,0.41,7.44,0,0,0
5247,15,clay,Mustard,178.8,362.3,22.0,-0.45,1.2917752468783026,0.38,8.0,0,1,0
5248,7,clay,Sugarcane,7.5,18.3,22.6,-0.13,0.20341669155579295,0.55,6.98,0,0,0
5249,9,clay,Chickpea,46.8,147.2,28.3,-1.3,0.4586174265813613,0.74,6.55,0,0,0
5250,10,sandy,Mustard,32.7,103.2,26.3,-0.43,1.3139184847111292,0.62,7.81,0,0,1
5251,11,loam,Rice,67.3,224.1,28.1,-0.17,0.13219030738589957,0.48,7.75,0,0,1
5252,8,clay,Rice,63.1,161.2,27.9,-0.32,0.0,0.97,7.36,0,0,0
5253,6,clay,Pigeon pea,34.0,85.6,27.4,-0.67,0.8213660525643881,0.76,9.2,0,0,0
5254,13,sandy,Pearl millet,7.8,17.0,19.4,-1.25,0.15351148133946818,0.98,5.81,0,0,0
5255,11,loam,Rice,4.1,10.9,26.7,0.67,0.0,0.34,6.83,0,0,0
5256,1,clay,Rice,108.3,317.8,28.4,0.98,1.068711134785254,0.52,9.2,0,1,0
5257,10,sandy,Mustard,42.0,113.6,23.5,2.77,1.0347130263932143,0.23,7.39,1,0,0
5258,14,clay,Onion,62.2,153.9,26.2,0.35,0.29079706762999014,0.5,7.53,0,0,0
5259,9,clay,Wheat,61.0,176.0,26.6,-0.03,0.5903188239382122,0.65,7.68,0,0,0
5260,14,clay,Sorghum,14.5,30.3,26.0,1.93,0.0,0.8,6.7,0,0,0
5261,6,clay,Cotton,41.1,145.0,24.4,-0.13,0.0,0.65,5.47,0,0,0
5262,4,sandy,Banana,39.1,124.0,27.4,-0.11,0.6243267636465176,0.15,7.17,1,0,0
5263,8,clay,Cotton,102.7,248.9,30.3,-0.05,0.0,0.54,9.18,0,0,0
5264,2,loam,Maize,109.0,229.7,24.6,1.47,0.25284046785141756,0.49,7.51,0,1,0
5265,1,clay,Groundnut,95.4,193.3,28.8,2.16,1.4405550470746809,0.5,8.19,0,0,0
5266,9,clay,Wheat,109.5,255.0,22.3,0.08,0.0,1.05,7.77,0,0,0
5267,1,clay,Rice,12.4,29.5,24.6,-0.6,0.0,0.75,8.28,0,0,0
5268,1,clay,Groundnut,73.3,181.1,23.5,-0.51,0.5946702915147513,0.84,9.04,0,0,0
5269,7,clay,Soybean,31.9,99.6,30.7,0.47,0.4849896604138005,0.67,7.97,0,1,0
5270,4,sandy,Maize,64.3,156.5,24.9,-0.47,0.9147315756372877,0.27,6.83,1,1,1
5271,3,sandy,Rice,54.3,132.4,32.3,0.44,0.49387887753179616,0.75,6.04,0,0,0
5272,8,clay,Cotton,18.8,58.1,27.1,-1.64,0.0,0.73,8.07,0,0,0
5273,5,loam,Rice,61.0,124.8,18.8,-1.92,0.11640785160866705,0.92,6.89,0,1,0
5274,10,sandy,Turmeric,28.1,77.6,31.1,1.03,0.800743904108095,0.18,5.92,1,0,0
5275,7,clay,Turmeric,49.0,161.6,26.0,-0.77,0.0,0.57,8.19,0,1,0
5276,3,sandy,Cotton,46.3,164.4,35.9,-0.75,0.7812639331650446,0.64,6.62,0,0,0
5277,11,loam,Rice,11.2,25.2,24.6,-1.02,0.00612199585172853,0.35,7.75,1,1,0
5278,14,clay,Cotton,7.8,24.4,27.7,-1.29,0.0,0.8,9.2,0,0,0
5279,11,loam,Soybean,9.3,23.3,29.5,-0.26,0.09973833825023573,0.84,7.38,0,0,0
5280,3,sandy,Cotton,30.7,84.6,28.2,0.23,0.9942166044103743,0.55,6.44,0,0,1
5281,9,clay,Soybean,48.9,126.0,24.5,0.56,0.3552377184748087,0.53,7.38,0,0,0
5282,3,sandy,Chilli,75.3,174.0,30.4,0.18,0.8936026868483702,0.34,8.5,0,0,0
5283,1,clay,Rice,33.9,75.3,27.5,0.58,0.09159728717903207,0.4,6.83,0,0,0
5284,3,sandy,Cotton,65.0,220.3,29.5,0.01,0.1721971614180925,0.38,6.12,0,1,0
5285,13,sandy,Maize,154.4,481.0,23.5,-0.8,1.080603946261277,0.17,6.92,0,0,1
5286,14,clay,Chilli,201.1,677.6,29.8,-0.6,1.169708563355349,0.77,7.42,0,0,0
5287,9,clay,Chickpea,17.3,46.3,29.3,-1.34,0.0,0.71,7.7,0,1,0
5288,14,clay,Rice,10.7,35.5,24.8,0.31,0.0,0.23,6.71,1,0,0
5289,7,clay,Maize,36.9,121.5,26.5,1.09,0.0,0.53,7.16,0,1,1
5290,1,clay,Mustard,0.7,1.7,26.6,0.78,0.0,0.8,7.89,0,0,0
5291,14,clay,Sorghum,175.0,461.4,22.6,0.34,1.2936244278003104,0.72,6.91,0,1,0
5292,11,loam,Maize,66.5,237.6,27.5,1.09,0.7806290396187934,0.29,7.94,1,1,0
5293,10,sandy,Mustard,8.7,26.3,21.0,0.78,1.0557301936802073,0.1,6.06,1,1,0
5294,2,loam,Maize,22.7,61.8,31.0,-0.61,0.0,0.67,8.14,0,0,0
5295,15,clay,Pearl millet,112.2,382.2,28.0,-0.98,0.9037137036703164,0.78,7.58,0,1,0
5296,2,loam,Green gram,46.5,95.4,28.1,0.19,0.32746935028078983,0.49,7.42,0,0,0
5297,1,clay,Groundnut,45.2,106.4,29.7,-1.95,0.22064207089486018,1.06,7.46,0,1,0
5298,2,loam,Sorghum,71.5,229.8,22.6,-0.9,0.8450414714419772,0.77,7.77,0,0,0
5299,15,clay,Mustard,51.0,152.7,28.5,-1.59,0.0,0.5,8.91,0,1,0
5300,13,sandy,Groundnut,58.7,211.1,28.9,-1.89,0.6666353055243509,0.34,6.48,0,0,1
5301,2,loam,Lentil,118.8,262.6,23.7,0.9,0.6514500465355627,0.54,4.52,0,0,0
5302,7,clay,Maize,45.3,157.0,29.1,0.64,0.0,0.71,7.88,0,0,0
5303,8,clay,Chilli,10.8,26.1,33.2,0.52,0.0,0.6,7.51,0,0,0
5304,9,clay,Wheat,27.9,92.3,21.5,-0.61,0.24018144961460225,0.41,7.16,1,1,0
5305,4,sandy,Maize,36.8,97.2,19.2,-0.15,0.6155109835021935,0.1,5.08,0,0,1
5306,1,clay,Rice,60.9,185.2,29.2,0.34,0.0,0.7,6.32,0,0,0
5307,1,clay,Green gram,140.8,330.5,28.8,0.06,0.780033249252238,0.4,7.78,1,0,0
5308,14,clay,Chilli,23.9,72.2,21.8,-0.94,0.0,0.62,6.65,0,0,0
5309,10,sandy,Mustard,7.2,23.6,32.7,1.13,0.17808325330750258,0.63,6.04,0,0,0
5310,15,clay,Mustard,141.1,305.2,34.8,-0.91,0.5274884568871916,0.43,8.08,0,0,0
5311,13,sandy,Ragi,8.0,28.0,32.3,-0.12,0.9536402408688203,0.53,7.02,0,0,1
5312,4,sandy,Rice,17.4,49.3,23.3,0.76,0.3624530598737479,0.51,5.51,0,1,0
5313,2,loam,Cotton,11.6,35.5,28.8,0.74,0.0,0.34,8.57,1,0,0
5314,10,sandy,Mustard,125.5,406.2,24.9,1.27,1.346496203439399,0.36,7.22,1,1,0
5315,4,sandy,Maize,32.5,80.9,25.9,-0.8,0.3491526558713003,0.22,7.12,1,1,0
5316,11,loam,Rice,33.2,108.2,25.9,0.26,0.4879498035713882,0.58,6.59,0,0,0
5317,15,clay,Rice,262.0,832.2,25.2,0.07,1.5,0.53,6.89,0,0,0
5318,15,clay,Banana,99.5,209.3,27.1,0.65,0.8018990141337319,0.45,6.45,0,0,0
5319,4,sandy,Rice,9.9,19.8,20.4,-0.64,0.3548864573786197,0.41,5.96,0,1,0
5320,8,clay,Rice,22.3,48.9,29.7,-0.41,0.24476865040634171,0.6,6.63,0,0,0
5321,11,loam,Potato,7.1,18.7,24.6,0.8,0.009302215201000691,0.51,7.07,0,0,1
5322,4,sandy,Maize,140.7,402.5,23.5,-1.06,1.5,0.27,7.31,1,1,0
5323,9,clay,Wheat,202.4,606.3,24.0,-0.93,1.2789700894785014,0.78,7.65,0,0,0
5324,6,clay,Cotton,306.5,797.0,29.8,-0.84,1.5,0.6,6.8,0,0,0
5325,9,clay,Sunflower,56.6,176.7,26.3,-0.88,0.23900601711042138,0.57,7.53,0,0,0
5326,10,sandy,Wheat,49.0,120.2,22.7,-0.56,0.9215680365071026,0.36,7.04,0,1,0
5327,14,clay,Cotton,40.2,112.3,25.9,-0.41,0.1157481053169797,0.97,7.93,0,0,0
5328,8,clay,Groundnut,129.7,289.0,29.6,0.12,0.4816569419793685,0.52,7.1,0,0,0
5329,5,loam,Sorghum,41.2,111.2,26.6,-1.28,0.8601757005851343,0.57,7.07,1,0,0
5330,2,loam,Onion,59.2,195.9,22.4,0.18,0.10687710486845597,0.8,5.96,0,0,0
5331,11,loam,Potato,133.3,270.2,28.2,1.81,1.1158592384225787,0.3,8.61,0,1,1
5332,13,sandy,Ragi,49.6,161.8,31.5,-1.61,0.6236796005471174,0.45,7.56,0,1,0
5333,7,clay,Onion,87.4,232.2,22.1,-0.88,1.1564995148583317,0.74,8.32,0,0,0
5334,13,sandy,Maize,67.5,169.6,29.9,1.16,0.9603703069528357,0.1,7.89,0,0,0
5335,8,clay,Rice,98.6,238.0,27.3,-1.17,0.8647654429199317,0.45,6.37,0,0,0
5336,8,clay,Groundnut,135.5,379.4,30.9,0.3,1.1271106967148465,0.63,7.63,0,0,0
5337,1,clay,Groundnut,21.7,65.8,24.5,-0.41,0.0,0.67,8.57,0,0,0
5338,8,clay,Cotton,96.5,308.1,24.7,0.45,1.1529670384250017,0.61,7.77,0,1,0
5339,9,clay,Turmeric,79.9,272.5,27.5,0.08,0.500753779440574,0.52,9.08,0,1,0
5340,8,clay,Chilli,87.8,246.4,28.9,-0.25,0.4762690650943536,0.58,7.51,0,0,0
5341,9,clay,Mustard,95.1,328.7,26.0,-2.23,0.6743426585462523,0.39,7.85,1,1,0
5342,8,clay,Cotton,76.9,222.2,30.3,-0.62,1.1632041160634055,0.53,7.61,0,0,0
5343,11,loam,Rice,46.9,151.1,27.6,-0.85,0.23083279036691345,0.43,6.3,0,1,0
5344,2,loam,Pigeon pea,37.0,131.4,30.0,-0.03,0.16915270322672554,0.77,7.82,0,0,0
5345,8,clay,Rice,72.4,189.7,34.1,-1.21,0.5813532721686873,0.94,7.84,0,0,0
5346,7,clay,Sugarcane,105.2,234.7,24.2,0.95,0.8369271444761135,0.52,7.68,0,1,0
5347,6,clay,Pigeon pea,45.1,95.3,31.6,-0.82,0.5896092315810875,0.58,6.65,0,0,0
5348,7,clay,Onion,106.1,226.3,23.2,-1.02,0.6948326166666035,0.83,8.79,0,0,0
5349,11,loam,Rice,64.1,182.2,24.6,-0.07,0.7701640208109901,0.31,7.24,0,1,0
5350,15,clay,Mustard,67.5,211.1,31.6,-1.02,0.5776602497990659,0.51,8.96,0,0,0
5351,4,sandy,Mustard,48.3,114.4,22.6,0.88,0.8354086222555495,0.4,5.84,0,0,0
5352,1,clay,Green gram,19.9,44.4,30.5,0.9,0.4994290936599416,0.74,7.17,0,1,0
5353,6,clay,Soybean,199.0,671.1,27.1,-0.45,1.448545918083165,0.81,6.44,0,1,0
5354,5,loam,Wheat,82.2,246.3,24.1,1.1,0.541246495853778,0.62,8.06,0,1,0
5355,2,loam,Groundnut,42.3,88.6,26.3,-0.39,0.0,0.45,8.13,0,1,0
5356,8,clay,Groundnut,142.2,440.0,31.1,-0.13,0.8556330011894764,0.84,7.44,0,1,0
5357,8,clay,Chilli,60.6,168.8,26.1,0.12,0.6566604197333106,0.98,7.01,0,1,0
5358,13,sandy,Tomato,8.3,29.7,20.4,0.68,0.1074186273140097,0.48,5.9,0,0,0
5359,11,loam,Pigeon pea,38.7,136.5,25.3,-0.24,0.1504220537750684,0.29,7.23,0,0,1
5360,7,clay,Maize,34.7,102.4,19.8,0.99,0.25012511080834143,0.56,8.69,0,0,0
5361,10,sandy,Groundnut,7.5,22.8,26.3,-1.04,0.6978029760360175,0.58,7.89,0,0,0
5362,5,loam,Wheat,39.6,128.3,27.5,-0.39,0.0,0.74,7.58,0,1,0
5363,3,sandy,Chilli,104.0,317.0,25.3,-1.36,1.3606644274665753,0.48,4.83,0,1,0
5364,9,clay,Chickpea,18.1,41.9,25.2,1.01,0.0,0.7,8.04,0,1,0
5365,8,clay,Wheat,78.2,159.8,24.3,0.74,0.48027802694411575,0.85,8.21,0,0,0
5366,5,loam,Rice,74.8,203.0,25.7,-0.23,0.7287644501943028,0.36,7.19,1,1,0
5367,14,clay,Chilli,17.5,51.4,20.7,0.87,0.5989380967123692,0.93,7.22,0,0,0
5368,9,clay,Wheat,187.2,492.9,25.7,-0.64,1.4746242404051726,0.93,6.75,0,0,0
5369,9,clay,Lentil,22.7,65.5,25.1,1.21,0.042440363119772034,0.51,8.76,0,0,0
5370,11,loam,Soybean,61.1,182.7,26.8,0.14,0.008773820219473094,0.5,7.32,0,1,0
5371,5,loam,Sugarcane,56.3,175.0,27.1,0.76,1.0919192727825382,0.32,6.84,0,0,0
5372,8,clay,Cotton,151.5,315.3,24.3,1.21,0.585511691290784,0.84,7.92,0,1,0
5373,14,clay,Cotton,108.3,331.2,19.3,1.29,1.400287206644978,0.61,9.2,0,1,0
5374,10,sandy,Pearl millet,264.7,777.4,30.3,0.16,1.5,0.44,6.73,0,0,0
5375,13,sandy,Chickpea,53.1,134.0,23.5,-1.12,0.982958940255338,0.43,5.58,0,0,0
5376,1,clay,Rice,108.9,241.2,26.7,0.85,0.9535122987104905,0.84,8.12,0,0,0
5377,11,loam,Potato,133.4,460.5,30.8,0.29,0.5097154892466559,0.57,7.94,0,0,0
5378,10,sandy,Pearl millet,78.9,232.3,26.7,-1.33,0.7310185065153728,0.44,7.08,0,0,0
5379,14,clay,Onion,93.3,261.1,19.9,-0.13,1.1524538444855184,0.67,7.6,0,0,0
5380,15,clay,Potato,87.4,293.9,27.6,1.07,0.17770728630725946,0.67,7.73,0,0,1
5381,3,sandy,Onion,5.0,12.8,24.6,-0.54,0.8720061447538463,0.54,6.8,0,0,0
5382,8,clay,Cotton,20.5,54.0,26.2,0.18,0.6267296345178139,0.86,7.95,0,1,0
5383,14,clay,Groundnut,110.8,330.5,27.6,0.34,0.3468262043645004,0.7,8.8,0,0,0
5384,13,sandy,Maize,39.1,96.6,20.1,0.73,1.0894125067752716,0.1,5.92,1,1,0
5385,2,loam,Cotton,74.2,248.8,24.8,0.55,1.1588199875304803,0.41,6.88,0,0,0
5386,9,clay,Soybean,57.6,130.6,24.9,-0.87,0.9111616096176475,0.82,7.96,0,1,0
5387,6,clay,Soybean,169.0,389.0,24.0,-1.16,0.26112031563654303,0.76,9.2,0,1,0
5388,11,loam,Rice,237.0,526.8,29.3,-1.58,1.5,0.46,6.22,0,0,1
5389,8,clay,Onion,130.4,434.5,31.2,2.32,1.2139851360816398,0.6,7.48,0,0,0
5390,5,loam,Lentil,148.6,413.0,30.3,-3.09,1.3652823046884344,0.55,8.44,0,0,0
5391,7,clay,Sugarcane,43.6,105.6,24.7,0.38,0.40692069169160244,0.64,8.65,0,0,0
5392,15,clay,Rice,71.6,238.0,30.6,1.84,0.6807422933627104,0.61,8.05,0,1,0
5393,6,clay,Soybean,91.9,203.8,29.6,0.32,1.2772096736867693,0.73,7.23,0,0,0
5394,4,sandy,Maize,47.6,113.8,25.4,-0.23,0.7955825575422467,0.1,5.82,1,0,0
5395,2,loam,Maize,134.4,460.5,21.9,1.05,1.5,0.29,7.36,0,0,0
5396,3,sandy,Cotton,36.0,128.1,33.0,0.14,0.8624981356612036,0.37,7.69,0,0,0
5397,1,clay,Banana,105.8,296.5,29.4,-0.41,0.17662610587564415,0.92,7.94,0,0,0
5398,1,clay,Green gram,14.8,51.4,22.1,-0.84,0.07591351494605873,1.05,8.93,0,0,0
5399,8,clay,Chilli,33.5,99.9,27.1,1.34,0.8708595312293514,0.7,7.58,0,0,0
5400,9,clay,Chilli,63.7,214.0,26.2,1.02,0.13812068671516747,0.67,7.35,1,0,0
5401,12,loam,Maize,81.8,280.6,28.3,-1.12,0.4939148726417497,0.81,7.15,0,0,0
5402,10,sandy,Mustard,67.0,168.3,25.8,-1.43,0.0,0.57,5.28,0,0,1
5403,3,sandy,Sugarcane,40.4,119.8,26.1,-0.01,0.28590465681579347,0.41,5.69,0,0,0
5404,10,sandy,Pearl millet,42.2,129.8,27.0,1.13,0.3115291494958186,0.48,7.97,0,1,0
5405,7,clay,Turmeric,36.9,105.3,23.2,1.44,0.0,1.16,9.2,0,1,0
5406,3,sandy,Rice,20.6,57.1,30.2,0.95,1.0583905110606544,0.38,6.35,0,0,0
5407,10,sandy,Mustard,37.9,101.4,24.9,0.25,0.4900394305500504,0.28,6.05,1,0,1
5408,10,sandy,Mustard,57.1,164.7,24.3,0.61,0.6130103943691118,0.51,5.63,0,1,0
5409,7,clay,Sugarcane,28.9,61.0,25.9,0.07,0.0,0.61,9.05,0,1,0
5410,3,sandy,Rice,21.9,53.5,23.9,-0.64,0.6847603402479635,0.52,5.72,1,0,1
5411,1,clay,Green gram,14.6,47.3,28.4,-0.18,0.5577209468586811,0.7,8.25,0,1,0
5412,12,loam,Maize,62.6,128.0,26.1,2.81,0.9336014680035605,0.66,6.13,0,0,0
5413,3,sandy,Chilli,42.2,90.9,26.3,0.91,1.0046584852055074,0.51,6.33,1,0,0
5414,5,loam,Sugarcane,25.8,80.5,22.0,0.98,0.5070025968998503,1.01,6.19,0,0,0
5415,11,loam,Rice,364.1,817.8,24.6,-2.01,1.5,0.71,7.73,0,0,0
5416,7,clay,Green gram,27.2,94.2,21.8,1.18,0.0,0.54,8.06,0,1,0
5417,13,sandy,Turmeric,7.3,24.3,25.2,-1.09,0.788127432452066,0.39,7.66,0,0,1
5418,6,clay,Cotton,36.7,77.6,25.9,-1.16,0.06183117266355667,0.48,6.95,0,0,0
5419,14,clay,Cotton,72.6,223.0,22.5,-0.72,0.0,0.79,7.9,0,0,0
5420,6,clay,Sunflower,9.7,24.1,24.6,-0.93,0.15631634853883064,0.52,9.2,0,0,0
5421,2,loam,Banana,6.7,18.7,23.9,0.12,0.6977075557724403,0.46,8.59,0,0,0
5422,11,loam,Potato,76.3,189.4,25.5,1.24,1.0702676675511897,0.4,7.59,0,0,1
5423,10,sandy,Pearl millet,77.8,241.8,25.3,1.17,0.47883033838249145,0.46,6.49,0,1,0
5424,15,clay,Chilli,254.5,805.3,29.0,1.97,1.5,0.62,8.55,0,1,0
5425,2,loam,Sorghum,79.8,222.9,31.1,0.87,0.34024269529821105,0.49,5.77,0,0,0
5426,8,clay,Turmeric,38.5,90.9,23.7,-0.49,0.0,0.5,7.16,0,1,0
5427,11,loam,Rice,54.0,131.5,22.6,1.22,0.3897146258399221,0.55,7.28,0,0,0
5428,7,clay,Maize,71.8,185.3,27.4,-0.77,0.30473773053459235,0.59,6.91,0,1,0
5429,4,sandy,Pearl millet,48.8,127.2,19.2,-0.26,0.2890639875633624,0.17,6.81,0,0,1
5430,5,loam,Sunflower,58.2,141.5,26.6,0.73,0.23347763565585725,0.61,7.36,0,0,0
5431,1,clay,Green gram,58.2,184.4,22.3,-0.42,0.15000680494719415,0.73,8.14,0,0,0
5432,10,sandy,Mustard,15.6,41.2,24.0,0.08,0.08873908372066641,0.44,6.51,1,0,0
5433,12,loam,Wheat,14.1,29.2,21.2,1.54,0.0,0.48,8.21,0,0,1
5434,7,clay,Wheat,198.7,648.4,25.2,0.47,0.9671924519092263,0.72,6.39,0,0,0
5435,1,clay,Sunflower,10.7,31.9,21.4,0.43,0.0,1.1,7.86,0,0,0
5436,12,loam,Wheat,252.4,620.9,29.1,1.07,1.5,0.71,7.77,0,0,0
5437,14,clay,Chilli,101.3,293.5,28.6,1.47,0.711902799149765,0.9,6.12,0,0,0
5438,10,sandy,Mustard,31.8,80.9,22.9,-0.9,0.9705131340516391,0.41,5.74,0,0,0
5439,2,loam,Sorghum,266.7,694.2,22.1,-0.48,0.8838054618448193,0.43,7.76,0,0,1
5440,7,clay,Onion,63.3,156.6,26.6,1.01,0.8815150405969758,0.77,7.13,0,0,0
5441,9,clay,Soybean,133.0,340.2,23.6,-0.86,0.3116154625814266,0.69,7.86,0,0,0
5442,15,clay,Cotton,87.7,217.5,27.7,-0.88,0.4662546448554409,0.45,7.55,1,0,0
5443,8,clay,Maize,33.8,94.9,27.4,-0.32,0.0,0.61,7.89,0,0,0
5444,1,clay,Groundnut,24.6,82.2,24.3,0.33,0.0,0.76,9.2,0,0,0
5445,11,loam,Potato,242.9,520.6,22.0,0.5,1.5,0.53,6.6,0,1,1
5446,11,loam,Wheat,36.9,105.4,26.5,-0.08,0.13521654984934672,0.65,7.15,0,0,1
5447,4,sandy,Rice,16.6,35.0,32.0,0.19,1.114655075862188,0.55,8.39,0,0,0
5448,7,clay,Chickpea,81.2,212.1,25.5,-1.13,0.49064469921791226,0.48,8.38,1,0,0
5449,1,clay,Green gram,14.3,48.6,28.0,-1.04,0.0,0.94,7.63,0,0,0
5450,2,loam,Maize,18.5,64.1,33.3,0.25,0.0,0.71,6.53,0,1,0
5451,5,loam,Rice,51.9,120.2,26.1,-1.82,0.0,0.75,6.51,0,1,0
5452,2,loam,Banana,22.5,59.1,25.6,-0.42,0.0,0.52,6.69,0,0,0
5453,5,loam,Maize,25.6,62.4,17.2,1.98,0.1730104980943295,0.37,6.93,1,0,0
5454,10,sandy,Mustard,1.4,2.9,25.3,-0.24,0.4608796575314861,0.58,6.96,0,0,0
5455,6,clay,Pigeon pea,171.8,346.4,20.6,-0.72,0.7619513490585814,0.48,8.19,0,0,0
5456,3,sandy,Cotton,103.2,223.6,32.4,-0.51,1.3227589074426813,0.55,8.36,0,0,0
5457,10,sandy,Wheat,14.4,45.3,26.7,0.54,0.4497170141775018,0.59,7.23,1,0,1
5458,13,sandy,Maize,34.3,98.6,21.0,-1.01,0.8241489644337696,0.3,6.82,1,0,0
5459,9,clay,Soybean,113.1,280.1,25.9,0.54,0.6193711605887428,0.54,7.66,0,1,0
5460,5,loam,Wheat,15.5,46.4,30.5,-0.54,0.0,0.77,6.67,0,0,0
5461,13,sandy,Tomato,158.4,494.4,19.5,-0.74,1.5,0.48,7.5,0,0,0
5462,6,clay,Lentil,135.5,382.6,26.3,1.01,0.9150087618352847,0.62,7.87,0,0,0
5463,1,clay,Green gram,7.5,23.4,32.1,0.17,0.3586735959572675,0.57,8.47,0,0,0
5464,10,sandy,Chilli,159.5,482.2,20.3,-0.37,1.193362457622625,0.6,6.71,0,0,1
5465,11,loam,Potato,22.7,51.9,28.0,2.36,0.0,0.38,8.24,0,0,0
5466,4,sandy,Pearl millet,38.5,104.6,20.8,-0.27,1.1671202062779773,0.47,6.78,0,0,1
5467,6,clay,Banana,42.4,106.1,26.2,0.39,0.0,0.53,7.09,0,0,0
5468,1,clay,Rice,191.5,542.1,29.9,1.16,0.8193985506765541,0.75,8.51,0,0,0
5469,8,clay,Wheat,316.5,816.8,27.9,1.26,1.5,0.23,7.01,0,0,0
5470,7,clay,Onion,19.4,49.2,23.1,-0.68,0.0,0.74,7.05,0,0,0
5471,4,sandy,Maize,54.9,186.4,21.7,1.41,1.2714909625299429,0.23,7.34,1,0,0
5472,8,clay,Cotton,128.1,420.7,29.0,-0.99,0.7461619343132846,0.65,7.43,0,1,0
5473,11,loam,Wheat,121.7,294.2,22.9,0.53,0.8901584305379237,0.46,7.75,0,0,0
5474,7,clay,Onion,80.1,272.4,23.5,0.37,0.6206221783484909,0.62,7.85,0,1,0
5475,12,loam,Maize,35.5,93.0,28.2,-0.71,0.0,0.18,7.24,1,1,0
5476,7,clay,Onion,21.0,47.8,26.4,-0.31,0.0,1.02,7.21,0,0,0
5477,7,clay,Sugarcane,20.6,42.5,23.3,-0.52,0.3160943136381527,0.69,7.89,0,0,0
5478,10,sandy,Wheat,106.9,266.7,25.3,-0.5,0.7966458717444977,0.47,7.57,0,0,1
5479,3,sandy,Banana,164.8,399.6,24.9,0.09,1.3931357660235908,0.1,5.07,1,0,0
5480,13,sandy,Ragi,201.8,553.0,28.4,-2.62,1.5,0.59,7.44,0,0,0
5481,10,sandy,Mustard,14.8,51.4,27.6,0.32,0.6798520719196189,0.55,7.12,1,1,0
5482,6,clay,Pigeon pea,259.7,927.0,26.0,0.98,1.1267099925525956,0.82,9.18,1,1,0
5483,4,sandy,Rice,25.1,82.7,29.1,0.53,0.762343259118019,0.25,7.2,1,1,1
5484,12,loam,Maize,196.2,468.6,23.9,-0.66,1.5,0.46,7.39,0,0,0
5485,1,clay,Green gram,52.8,180.6,25.2,0.82,0.49627874596309396,0.69,7.3,0,1,1
5486,1,clay,Ragi,49.1,103.5,29.3,-0.88,0.5829511081960208,1.12,7.14,0,0,0
5487,10,sandy,Pigeon pea,56.8,143.0,25.3,0.67,0.6720391873393396,0.51,5.87,0,1,0
5488,8,clay,Maize,25.7,65.3,26.8,-0.23,0.0,0.52,7.16,0,0,0
5489,3,sandy,Chilli,17.7,37.9,27.5,0.46,0.7564753712778706,0.1,6.47,1,0,1
5490,6,clay,Soybean,122.6,397.1,24.1,-0.02,0.6676507640569717,0.78,7.18,0,1,0
5491,12,loam,Rice,6.6,19.0,26.2,2.46,0.916696435632465,0.74,6.96,0,0,0
5492,7,clay,Onion,43.5,131.5,29.8,0.98,0.3918252915516738,0.7,7.13,0,0,0
5493,8,clay,Maize,26.3,76.8,25.5,0.37,0.3997183073391496,0.69,8.0,0,0,0
5494,2,loam,Sorghum,89.9,254.4,25.0,0.95,0.4829804322543444,0.73,6.82,0,0,1
5495,11,loam,Chilli,5.4,16.6,27.0,0.44,0.0,0.74,7.21,0,1,0
5496,3,sandy,Cotton,64.4,157.7,26.9,0.52,1.2271214446452225,0.56,6.58,0,0,1
5497,4,sandy,Potato,24.0,86.4,23.7,-1.54,0.7448316952090995,0.22,7.71,1,1,0
5498,5,loam,Wheat,149.0,438.1,18.8,0.6,1.5,1.02,6.92,0,0,1
5499,7,clay,Maize,15.0,40.2,25.1,-1.29,0.2738994160840095,0.8,7.7,0,1,0
5500,5,loam,Tomato,66.5,219.1,25.2,0.52,0.4361979760688268,0.57,7.79,0,0,0
5501,13,sandy,Tomato,35.3,125.6,18.7,-1.26,0.6019946100011027,0.66,6.19,0,0,0
5502,6,clay,Cotton,198.8,593.8,29.7,-0.68,1.393236370755164,0.88,7.49,0,0,0
5503,1,clay,Rice,80.2,192.3,25.6,-2.8,0.777265172300782,1.23,6.88,0,0,0
5504,7,clay,Pigeon pea,32.6,66.9,25.8,-1.65,0.05904160252190981,0.53,7.36,0,0,0
5505,2,loam,Sorghum,168.7,469.1,28.2,-2.06,0.4661307695557857,0.32,6.96,0,0,0
5506,4,sandy,Maize,35.2,106.4,28.7,-0.18,0.8377892365832251,0.46,6.4,0,0,0
5507,9,clay,Chickpea,246.9,832.2,23.6,-1.13,1.5,0.72,6.53,0,1,0
5508,10,sandy,Wheat,49.3,101.0,27.0,0.47,0.6158355116114197,0.23,7.2,1,0,0
5509,10,sandy,Mustard,115.6,345.6,19.8,-0.64,1.5,0.54,4.59,0,1,1
5510,6,clay,Rice,127.6,443.1,28.5,1.3,1.216384106402144,0.71,5.66,0,1,0
5511,13,sandy,Ragi,55.1,145.0,24.8,1.01,0.9759673469775363,0.29,6.42,0,0,0
5512,1,clay,Groundnut,55.6,120.3,24.1,0.69,0.20657620517728498,0.56,6.72,0,0,0
5513,6,clay,Pigeon pea,83.6,208.8,23.3,0.12,0.13472322746930987,0.69,7.83,0,0,0
5514,4,sandy,Sorghum,37.0,128.2,24.9,0.12,0.8086629364050668,0.39,8.28,0,1,0
5515,1,clay,Groundnut,260.9,598.0,34.3,-0.14,1.5,0.66,6.71,0,0,0
5516,9,clay,Banana,65.9,189.1,19.6,-0.28,0.18300112028183035,0.81,7.97,0,0,0
5517,1,clay,Green gram,24.4,54.2,25.1,-0.95,0.0,0.92,8.41,0,0,0
5518,10,sandy,Pearl millet,10.9,31.3,27.4,-0.78,0.626423650991816,0.36,7.07,1,1,0
5519,13,sandy,Maize,9.8,23.8,27.7,-0.63,0.6431153493251434,0.32,5.65,0,1,1
5520,12,loam,Wheat,28.4,99.1,24.1,1.82,0.42778700696387567,0.62,7.82,0,1,0
5521,11,loam,Wheat,226.4,711.7,24.5,-0.49,1.342340441169907,0.7,8.92,0,0,0
5522,4,sandy,Maize,2.9,8.1,22.7,-0.09,0.013733669140656324,0.26,5.46,1,0,0
5523,10,sandy,Wheat,121.7,327.5,22.7,0.01,1.3615202521083292,0.52,6.31,0,0,0
5524,9,clay,Green gram,77.6,254.9,27.1,1.43,1.2935517870729818,0.46,6.61,0,0,0
5525,8,clay,Soybean,49.9,129.2,28.4,-0.37,0.0,0.41,8.56,1,0,0
5526,8,clay,Rice,43.9,111.8,26.5,0.66,0.0,0.88,7.92,0,1,0
5527,3,sandy,Pigeon pea,34.1,111.8,25.6,0.61,0.49610129149217674,0.48,5.02,0,1,0
5528,13,sandy,Maize,34.8,117.7,24.5,0.28,1.0601203254419445,0.34,7.66,0,1,1
5529,13,sandy,Tomato,118.6,354.9,23.6,0.26,1.5,0.4,6.07,1,0,1
5530,11,loam,Maize,61.2,152.3,33.2,1.08,0.4032118483256565,0.75,7.81,0,0,0
5531,9,clay,Soybean,76.3,174.4,26.2,-1.81,0.43847813461275964,0.36,8.42,1,1,0
5532,2,loam,Maize,25.5,57.9,30.0,0.21,0.14996543774224036,0.36,6.7,1,0,0
5533,10,sandy,Pearl millet,17.3,52.5,19.3,2.29,0.2500475494826095,0.56,6.59,0,1,0
5534,15,clay,Potato,156.7,344.2,25.8,-1.06,0.4217483488783428,0.36,7.64,1,0,0
5535,2,loam,Wheat,11.0,33.3,28.9,-1.43,0.11144818578959892,0.53,7.94,0,1,0
5536,6,clay,Cotton,42.1,99.8,27.3,-0.64,0.8762516900138428,0.61,9.2,1,1,0
5537,14,clay,Sorghum,4.8,12.9,25.6,1.18,0.9733034849675752,0.69,8.86,0,0,0
5538,15,clay,Rice,184.0,425.1,29.9,-0.17,1.0091611546859751,0.69,7.55,0,0,0
5539,7,clay,Sugarcane,131.6,304.5,25.7,0.19,0.4651081915894675,0.81,9.2,0,1,0
5540,5,loam,Rice,70.9,159.5,26.9,1.27,0.1750491117294814,0.68,7.04,0,0,0
5541,5,loam,Pearl millet,63.8,212.2,23.1,0.96,1.21211692968732,0.66,7.36,0,1,0
5542,8,clay,Chilli,253.4,627.0,26.4,-0.8,1.148053534497524,0.73,7.82,0,1,0
5543,5,loam,Groundnut,107.1,334.8,27.7,-0.52,0.6326592134289837,0.43,6.75,1,0,0
5544,9,clay,Sunflower,35.7,84.1,23.5,1.1,0.6583096478273742,0.57,8.97,0,1,0
5545,2,loam,Cotton,42.7,97.8,23.9,0.29,0.1980464550607823,0.66,7.21,0,0,0
5546,1,clay,Potato,27.2,69.6,28.8,0.52,0.6694777055498956,0.6,9.2,1,0,0
5547,1,clay,Green gram,63.3,131.0,36.3,-0.89,0.0,0.6,8.2,0,1,0
5548,11,loam,Wheat,99.1,201.2,25.9,0.06,0.3335140852980304,0.41,5.65,0,0,0
5549,14,clay,Sugarcane,31.6,74.3,21.1,-0.64,0.0,0.63,7.06,0,0,0
5550,2,loam,Cotton,205.3,625.6,23.1,0.03,1.2290422990146554,0.49,5.9,0,0,0
5551,14,clay,Sorghum,23.5,48.2,27.6,-0.01,0.4601034163210691,0.32,7.36,1,0,0
5552,3,sandy,Chilli,78.5,197.6,27.1,-1.76,0.09442730868409199,0.4,5.55,0,0,1
5553,1,clay,Wheat,69.5,143.1,30.4,1.0,0.42923027525714885,0.61,8.66,0,0,0
5554,5,loam,Groundnut,91.9,310.5,26.8,0.5,0.7096273807333315,0.6,8.4,0,0,0
5555,5,loam,Wheat,93.7,312.8,25.5,1.89,1.091575621181481,0.65,6.28,0,1,0
5556,15,clay,Mustard,124.3,307.4,26.7,0.24,0.49883481258468343,0.82,7.55,0,0,0
5557,2,loam,Wheat,15.7,49.3,25.4,0.29,0.0,0.77,5.92,0,0,0
5558,15,clay,Rice,182.7,398.0,30.4,0.29,1.2131288779196834,0.57,8.27,0,0,0
5559,13,sandy,Tomato,24.5,63.7,26.6,-0.11,0.7443975513033474,0.19,7.78,1,0,1
5560,8,clay,Rice,58.7,127.4,29.9,1.71,1.1057265659255227,0.64,7.97,0,0,0
5561,11,loam,Mustard,48.9,154.4,27.7,-0.72,0.22886667697300903,0.42,6.02,0,1,0
5562,8,clay,Mustard,34.0,117.0,32.4,0.25,0.32327363376258855,0.78,8.69,0,0,0
5563,14,clay,Sorghum,24.4,72.3,25.4,-0.49,0.0,0.89,8.9,0,1,0
5564,4,sandy,Rice,30.7,78.1,27.7,-0.38,0.45634380869729585,0.34,6.07,1,1,1
5565,15,clay,Mustard,225.7,631.1,29.8,0.07,1.5,0.62,6.21,0,1,0
5566,7,clay,Sugarcane,172.7,440.9,26.0,0.9,1.5,0.51,7.4,0,0,0
5567,14,clay,Sorghum,52.1,114.0,24.4,-1.38,0.0,0.88,8.88,0,1,0
5568,15,clay,Rice,149.8,442.5,27.3,0.59,0.9365112184002111,0.64,8.52,0,1,0
5569,13,sandy,Pigeon pea,68.9,213.3,29.2,0.65,0.7479514587977836,0.19,5.97,0,1,0
5570,12,loam,Wheat,10.8,32.8,24.1,0.56,0.4817952891728654,0.5,6.88,0,0,0
5571,7,clay,Sugarcane,45.6,130.3,22.6,-1.67,0.0,0.86,6.39,0,0,0
5572,11,loam,Groundnut,112.6,308.2,22.7,0.91,0.9823279042849301,0.6,6.54,0,1,0
5573,4,sandy,Rice,16.0,35.6,25.3,-0.45,0.5509086266596068,0.47,6.63,0,0,0
5574,5,loam,Ragi,48.7,120.8,23.2,0.72,0.5489066227190612,0.77,8.03,0,0,1
5575,12,loam,Rice,73.3,190.4,28.6,-0.32,0.4600948313657786,0.4,7.3,0,0,0
5576,12,loam,Banana,126.7,275.2,24.1,-0.27,0.9226200238381481,0.6,5.67,0,0,0
5577,4,sandy,Rice,127.6,404.0,24.9,0.08,1.433747363670903,0.53,6.87,0,1,0
5578,15,clay,Potato,76.6,268.7,23.7,0.38,0.253249234933089,0.49,7.58,0,0,0
5579,11,loam,Potato,92.4,328.2,27.3,0.49,0.4613808328713686,0.89,6.57,0,0,0
5580,15,clay,Mustard,196.2,562.2,25.5,-0.52,1.4539324576914194,0.81,8.81,0,0,0
5581,8,clay,Chilli,70.2,161.6,25.2,0.49,0.4931475176665411,0.67,8.26,0,0,0
5582,9,clay,Soybean,157.4,531.4,21.9,1.21,0.326464858121312,1.0,8.03,0,1,0
5583,10,sandy,Wheat,56.1,120.6,19.4,0.27,0.18091646147822116,0.51,6.8,0,1,0
5584,3,sandy,Chilli,68.4,211.1,30.4,0.45,1.362091320424741,0.36,7.26,0,0,0
5585,5,loam,Rice,11.1,32.7,20.8,-0.53,0.0,0.85,6.19,0,1,0
5586,15,clay,Cotton,84.7,291.9,27.5,1.03,0.0,0.73,8.0,0,1,0
5587,11,loam,Cotton,73.3,170.9,31.2,-0.17,0.1658516150956617,0.69,7.32,0,0,0
5588,9,clay,Wheat,17.1,41.1,26.1,-0.61,0.25878473649229894,0.71,7.12,0,0,0
5589,1,clay,Green gram,189.6,553.1,29.6,-0.3,0.81716616993404,1.28,8.52,0,0,0
5590,1,clay,Onion,152.4,527.9,28.3,0.63,1.4159190731022884,0.93,7.23,0,0,0
5591,9,clay,Soybean,6.0,19.7,27.8,-0.22,0.0,0.84,7.17,0,0,0
5592,2,loam,Groundnut,41.6,114.5,29.6,0.66,0.41724700790886715,0.66,6.18,0,1,0
5593,3,sandy,Cotton,51.2,177.9,27.1,-1.29,0.9263263005086683,0.57,6.95,0,0,1
5594,9,clay,Wheat,116.3,346.2,26.9,-0.35,0.7504903805028017,0.65,6.14,0,0,0
5595,15,clay,Potato,146.2,296.1,24.8,0.88,1.2796034772605014,0.32,7.98,0,0,0
5596,13,sandy,Groundnut,71.2,207.0,25.3,-0.53,1.4404600107234127,0.29,7.69,0,0,0
5597,7,clay,Tomato,57.8,173.8,19.2,-0.3,0.44565430989095073,0.73,8.47,0,0,0
5598,15,clay,Rice,304.2,836.8,29.7,0.87,1.4281965272160093,0.45,6.69,0,0,0
5599,10,sandy,Mustard,53.4,160.3,25.6,0.34,0.7173296627257186,0.38,8.99,0,0,0
5600,15,clay,Potato,265.0,786.3,27.0,-1.46,1.5,0.72,8.36,0,1,0
5601,4,sandy,Chickpea,10.9,22.0,26.5,0.29,0.7963616622257544,0.77,6.83,0,0,0
5602,9,clay,Chickpea,41.1,112.5,23.8,1.99,0.5751784482086704,0.68,8.35,0,1,0
5603,14,clay,Sorghum,66.2,179.2,25.9,-0.11,0.44000092003605673,0.52,8.5,0,0,0
5604,15,clay,Rice,41.0,99.2,29.9,0.15,0.4068210773882939,0.71,7.13,0,1,0
5605,13,sandy,Tomato,22.9,61.8,27.9,0.3,0.6816862223249043,0.19,6.49,0,1,0
5606,3,sandy,Cotton,29.7,101.1,32.3,-0.22,0.21981431702027504,0.32,7.33,0,1,0
5607,10,sandy,Mustard,101.1,304.3,27.9,-0.18,1.321210207989685,0.82,4.75,0,0,1
5608,2,loam,Cotton,16.3,41.2,24.5,-0.64,0.0,0.58,6.4,0,1,0
5609,6,clay,Pigeon pea,125.9,375.8,25.4,-0.01,0.14111044636489634,0.68,7.74,0,0,0
5610,1,clay,Onion,212.9,603.7,27.5,0.21,1.3846795577022517,0.89,7.66,0,0,0
5611,12,loam,Maize,162.9,489.0,25.1,1.01,0.919277094088923,0.34,5.41,0,1,0
5612,12,loam,Wheat,63.9,223.0,28.4,-1.21,0.37541851233778895,0.53,6.88,0,0,0
5613,2,loam,Banana,336.8,1026.9,28.4,-1.26,1.5,0.54,7.2,0,0,0
5614,14,clay,Cotton,93.9,190.9,29.6,-0.24,0.6042121719097063,0.34,7.34,1,1,0
5615,13,sandy,Ragi,10.0,24.2,25.2,0.24,0.3356542444248104,0.2,6.83,0,0,0
5616,13,sandy,Tomato,194.6,672.9,25.0,0.58,1.5,0.34,7.62,1,0,0
5617,7,clay,Cotton,121.7,434.7,27.3,0.62,0.7865166225592113,0.83,6.45,0,0,0
5618,15,clay,Rice,80.6,240.5,26.7,1.42,0.5491290230108287,0.62,7.26,0,0,0
5619,15,clay,Potato,63.2,153.7,27.7,0.81,0.1497774645815111,0.71,8.79,0,0,0
5620,9,clay,Soybean,25.0,79.7,24.5,-1.1,0.0,0.5,7.03,1,0,0
5621,6,clay,Soybean,63.7,188.3,27.6,1.0,0.5942936459453202,0.7,6.21,0,1,0
5622,12,loam,Wheat,86.4,229.0,28.7,-0.92,0.2440406115331335,0.43,7.13,0,0,0
5623,1,clay,Groundnut,39.8,116.2,27.2,0.82,0.0,0.74,7.48,0,1,0
5624,6,clay,Turmeric,52.6,133.6,26.9,-0.22,0.03872617029687536,0.71,8.64,0,0,0
5625,1,clay,Green gram,83.3,207.1,25.0,1.1,0.33190882402152067,0.74,8.25,0,0,0
5626,12,loam,Wheat,77.8,271.2,26.0,0.38,0.28578229707377445,0.47,6.99,0,1,0
5627,1,clay,Pigeon pea,29.4,59.0,30.7,0.95,0.4534888966111472,1.08,8.67,0,0,0
5628,12,loam,Maize,176.5,604.6,25.1,0.41,0.7214077150889313,0.94,6.4,0,0,0
5629,9,clay,Soybean,85.4,225.0,25.2,-0.31,1.0451127735235048,0.66,6.22,0,0,0
5630,7,clay,Onion,56.0,186.9,25.7,-0.21,0.22487889365771954,0.72,7.36,0,0,0
5631,10,sandy,Wheat,7.9,19.0,20.5,0.62,0.3236946038651859,0.37,5.6,1,0,0
5632,1,clay,Onion,113.9,407.6,23.4,0.03,1.1190331518365069,0.41,7.3,0,0,0
5633,13,sandy,Maize,27.9,84.8,26.0,-0.63,0.44270394931086726,0.44,4.79,0,0,0
5634,4,sandy,Wheat,36.3,126.9,32.4,-0.38,0.4532734406375519,0.1,7.49,0,0,1
5635,13,sandy,Tomato,167.1,365.7,27.6,-1.45,1.3001143759035734,0.72,5.99,0,1,1
5636,14,clay,Chilli,55.5,156.4,24.3,-0.01,1.4768961101305107,0.96,6.75,0,0,0
5637,9,clay,Soybean,54.7,113.7,20.0,-0.31,0.0,0.51,8.4,0,0,0
5638,9,clay,Wheat,31.1,67.3,20.3,1.45,0.3087875617197343,0.6,7.93,0,1,0
5639,14,clay,Chilli,73.9,156.8,24.7,0.39,0.8188670063668584,0.61,8.1,0,0,0
5640,7,clay,Maize,20.4,57.3,26.4,-0.2,0.1626831586637789,0.62,7.64,0,0,0
5641,6,clay,Soybean,29.1,95.3,20.8,-0.44,0.16480429800242177,0.89,8.15,0,0,0
5642,15,clay,Mustard,163.9,396.2,25.3,0.05,1.21294597293777,0.9,7.73,0,0,0
5643,7,clay,Onion,48.7,140.6,23.8,2.14,0.672632173831946,1.21,8.28,0,0,0
5644,6,clay,Cotton,75.0,197.4,25.8,-1.49,0.21057126045613828,1.04,8.07,0,0,0
5645,1,clay,Groundnut,249.1,644.3,27.1,-1.16,1.5,0.61,6.83,0,1,0
5646,5,loam,Sugarcane,214.0,610.3,23.6,-0.12,1.3934747626296389,0.35,6.42,1,0,0
5647,4,sandy,Rice,183.1,472.0,20.7,-0.33,1.5,0.34,6.42,1,0,0
5648,12,loam,Sunflower,164.8,546.4,26.2,0.64,0.7419279624004165,0.61,8.08,0,0,0
5649,8,clay,Turmeric,64.7,231.3,26.0,-0.01,0.08555203262913194,0.54,7.64,0,0,0
5650,6,clay,Pigeon pea,80.3,260.8,26.5,0.61,0.31970448528326423,0.58,7.77,0,0,0
5651,15,clay,Rice,590.4,1247.2,27.3,0.17,1.5,0.47,8.67,0,1,0
5652,7,clay,Onion,188.4,425.5,26.0,1.31,0.959287885490479,0.52,7.64,0,0,0
5653,7,clay,Sugarcane,90.6,311.0,26.1,-0.57,0.8012942440452331,0.57,7.35,0,0,0
5654,11,loam,Rice,85.6,264.6,22.4,-2.39,0.29804189050416485,0.11,6.71,0,0,0
5655,4,sandy,Wheat,139.3,476.8,26.5,-0.47,0.8723225842632585,0.33,6.64,0,1,1
5656,7,clay,Maize,17.3,35.7,25.0,0.47,0.10808595250071489,0.72,7.55,0,0,0
5657,11,loam,Sugarcane,90.9,214.3,30.9,0.3,0.23864252056409296,0.47,6.92,0,0,0
5658,5,loam,Sugarcane,158.9,347.3,26.6,0.75,1.2447946858987318,0.68,7.37,0,1,1
5659,7,clay,Chickpea,119.7,393.6,22.6,0.12,0.808121271110252,0.59,7.43,0,0,0
5660,1,clay,Green gram,72.8,184.7,31.3,-0.45,0.5002717151332133,0.69,7.94,0,0,0
5661,12,loam,Soybean,152.3,329.6,25.3,-1.43,0.5958403326167847,0.52,6.25,0,0,0
5662,13,sandy,Sorghum,163.9,401.6,27.7,-0.57,1.2440096944146712,0.33,6.18,1,0,0
5663,11,loam,Rice,258.7,873.4,21.8,0.61,1.5,0.72,5.79,0,0,0
5664,8,clay,Tomato,32.3,88.2,32.9,1.4,0.0,0.41,8.76,1,0,0
5665,14,clay,Tomato,190.2,579.0,22.8,0.74,1.4302421891365298,0.33,8.88,0,0,0
5666,13,sandy,Tomato,31.1,103.8,26.2,1.5,0.8197071830016749,0.1,7.6,0,0,0
5667,8,clay,Chilli,15.3,49.6,30.4,-1.93,0.3955258416819529,0.77,9.01,0,0,0
5668,10,sandy,Pigeon pea,117.3,416.4,24.2,0.06,0.6094714851036472,0.11,5.74,1,1,0
5669,15,clay,Wheat,17.2,36.2,30.1,0.57,0.0,0.39,7.48,0,1,0
5670,4,sandy,Lentil,5.2,15.0,24.8,0.04,0.36133701991435796,0.62,6.25,1,0,0
5671,12,loam,Wheat,550.5,1723.0,27.9,-0.5,1.5,0.23,7.97,0,0,0
5672,6,clay,Pigeon pea,11.6,37.5,26.9,1.9,0.4802405393050707,0.75,7.4,0,0,0
5673,2,loam,Maize,9.0,21.4,28.9,-0.25,0.0,0.42,7.54,0,1,0
5674,7,clay,Lentil,3.3,8.2,20.4,-0.98,0.0,0.6,8.04,0,1,0
5675,8,clay,Rice,25.0,66.4,32.5,0.13,0.38862417761001533,0.54,6.77,0,0,0
5676,12,loam,Wheat,72.8,238.4,28.0,-0.15,0.6624902976626558,0.56,6.05,0,0,0
5677,3,sandy,Banana,41.7,118.7,25.8,-0.29,1.0813113116259476,0.1,7.44,1,1,0
5678,9,clay,Wheat,50.5,103.6,28.8,-0.09,0.0,0.74,7.59,0,0,0
5679,10,sandy,Mustard,113.3,287.6,29.6,1.38,1.5,0.1,6.28,0,1,0
5680,10,sandy,Lentil,12.4,43.0,21.4,-0.17,0.12690024930504523,0.19,7.89,1,0,0
5681,13,sandy,Maize,90.2,277.6,20.4,0.59,1.0885164562145409,0.41,7.53,0,0,1
5682,12,loam,Maize,150.2,442.2,24.5,-0.52,0.7312998196146485,0.37,6.97,0,0,0
5683,7,clay,Maize,15.2,36.9,20.6,-1.31,0.0,0.65,8.58,0,0,0
5684,5,loam,Sugarcane,17.1,37.5,20.8,-1.48,0.0,0.54,8.14,0,1,0
5685,14,clay,Chilli,167.8,374.5,26.0,0.56,1.5,0.34,8.02,0,1,0
5686,14,clay,Sorghum,8.6,17.5,27.0,1.2,0.0,0.85,7.85,0,0,0
5687,2,loam,Onion,4.9,12.1,27.0,-1.06,0.0,0.57,7.6,0,0,0
5688,7,clay,Soybean,53.7,167.2,23.8,0.89,0.0,0.68,8.95,0,0,0
5689,12,loam,Maize,71.2,184.2,27.6,1.39,0.21124365959796415,0.55,7.86,0,0,0
5690,10,sandy,Mustard,149.0,396.5,23.8,-0.39,1.4716072094349513,0.52,6.14,0,1,0
5691,14,clay,Cotton,51.4,181.2,28.8,-0.38,0.12343729257873226,0.76,6.14,0,0,0
5692,4,sandy,Chilli,23.6,50.3,27.5,1.02,0.793867011617927,0.19,6.54,1,0,0
5693,15,clay,Rice,222.2,755.7,24.6,0.28,1.473052900058384,0.74,7.14,0,0,0
5694,4,sandy,Wheat,18.6,46.9,20.4,-0.83,0.19511147379468075,0.19,6.6,1,1,1
5695,2,loam,Wheat,27.7,63.8,27.1,-0.56,0.0,0.51,6.94,0,0,0
5696,12,loam,Wheat,210.6,624.7,30.4,-1.67,0.8622079017619433,0.74,7.04,0,1,0
5697,14,clay,Sorghum,107.6,242.9,21.0,1.74,1.0912252193997753,0.67,7.93,0,0,0
5698,6,clay,Pigeon pea,42.1,119.2,28.6,-0.01,0.0,0.6,6.41,0,1,0
5699,3,sandy,Cotton,18.7,59.4,23.0,0.73,0.0,0.52,6.63,0,1,1
5700,14,clay,Sorghum,41.8,125.2,25.4,0.39,0.0,0.72,7.53,0,1,0
5701,2,loam,Sorghum,80.7,201.3,22.6,0.39,0.976758261017024,0.61,6.82,0,0,0
5702,10,sandy,Turmeric,36.5,84.2,23.6,0.12,0.2934782539768064,0.27,7.47,1,0,0
5703,2,loam,Groundnut,19.0,57.5,24.7,-0.53,0.0,0.52,7.76,0,0,0
5704,10,sandy,Tomato,13.7,47.7,22.9,-1.06,0.005729522983624391,0.41,6.62,0,1,1
5705,2,loam,Sorghum,63.8,226.0,26.2,0.95,0.0,0.43,8.0,0,1,1
5706,6,clay,Pigeon pea,87.0,201.7,24.8,0.34,0.19725163298420395,0.58,8.61,0,0,0
5707,7,clay,Onion,43.0,91.7,20.7,0.1,0.34100592542992336,0.61,8.89,0,0,0
5708,14,clay,Cotton,163.2,545.7,22.8,2.1,0.6669333564672092,0.51,7.69,1,0,0
5709,11,loam,Rice,159.4,342.9,21.1,-0.28,1.463675016936914,0.71,6.94,0,1,0
5710,15,clay,Maize,276.1,755.4,27.8,-1.77,1.1274921657163168,0.55,8.01,0,0,0
5711,9,clay,Mustard,297.6,662.6,25.4,0.73,1.5,0.89,7.87,0,0,0
5712,4,sandy,Rice,284.7,612.2,18.8,-0.02,1.5,0.37,6.84,0,0,0
5713,7,clay,Onion,82.4,187.5,22.8,-1.08,0.20492644285934222,0.66,8.52,0,0,0
5714,8,clay,Tomato,49.6,169.4,28.5,-0.53,0.7419124015831672,0.7,7.38,0,0,0
5715,9,clay,Soybean,77.0,181.3,26.6,-1.7,0.23572822195816656,0.71,6.72,0,1,0
5716,14,clay,Sorghum,27.3,93.9,23.1,1.81,0.17700670720145045,0.49,7.87,0,1,0
5717,14,clay,Turmeric,42.7,115.6,24.3,-0.11,0.3959322670070755,0.47,7.14,1,0,0
5718,2,loam,Sunflower,56.2,138.5,23.6,1.18,0.12113416571834473,0.44,7.91,0,0,0
5719,12,loam,Rice,191.0,571.2,22.4,2.12,1.5,0.48,6.4,0,1,0
5720,5,loam,Wheat,16.0,45.2,24.0,1.04,0.6712505152033341,0.42,7.38,0,1,0
5721,9,clay,Chickpea,28.0,87.4,24.9,1.6,0.5508591494903599,0.54,8.51,0,1,0
5722,15,clay,Rice,35.2,96.2,30.1,0.16,0.24276132953014706,0.6,8.09,0,0,0
5723,14,clay,Cotton,80.9,180.7,27.8,0.27,0.5117788319148917,0.79,7.23,0,1,0
5724,8,clay,Groundnut,41.6,142.3,26.0,-0.96,0.0,0.61,7.35,0,0,0
5725,1,clay,Rice,7.6,18.0,27.1,-1.31,0.0,0.62,7.29,0,1,0
5726,15,clay,Chilli,153.5,535.6,29.3,2.29,1.4567893682494268,0.68,7.62,0,1,0
5727,14,clay,Lentil,48.4,97.8,28.0,-0.17,0.19485539648273736,0.47,8.85,0,1,0
5728,6,clay,Sunflower,219.3,779.0,23.5,0.73,1.5,0.95,8.21,0,1,0
5729,3,sandy,Soybean,133.7,462.8,27.3,-1.3,1.5,0.1,6.47,1,1,1
5730,8,clay,Cotton,156.3,359.1,32.3,0.59,1.4550612520908695,0.83,8.08,0,0,0
5731,13,sandy,Tomato,72.9,174.9,22.3,-0.1,0.8150067603879,0.33,5.85,0,1,1
5732,7,clay,Sugarcane,44.9,97.0,24.6,0.98,0.3770238130393496,0.69,8.61,0,0,0
5733,1,clay,Groundnut,99.5,218.3,33.0,0.18,0.20746173201690776,0.59,5.59,0,0,0
5734,7,clay,Maize,47.8,103.0,26.6,-0.65,0.0036504561521537304,0.35,8.85,0,0,0
5735,8,clay,Rice,4.3,11.9,34.3,1.86,0.0,0.81,7.35,0,1,0
5736,14,clay,Cotton,30.2,61.4,24.9,-1.02,0.22776383759894178,0.51,8.45,0,0,0
5737,13,sandy,Cotton,59.0,194.4,27.3,0.51,0.6519183351017545,0.53,5.45,0,1,0
5738,11,loam,Wheat,63.2,205.4,28.1,-1.32,0.2802288795338759,1.01,7.93,0,1,0
5739,7,clay,Onion,31.2,69.9,28.7,-0.86,0.0050299123190263445,0.44,6.81,0,0,0
5740,15,clay,Mustard,146.0,458.7,29.2,1.43,0.7356779161431137,0.91,8.73,0,1,0
5741,4,sandy,Groundnut,60.6,209.8,24.5,-1.5,0.9222159301566214,0.45,6.13,0,0,1
5742,5,loam,Sugarcane,42.6,111.1,27.4,0.96,0.4694803774037002,0.26,9.02,0,0,0
5743,13,sandy,Tomato,10.0,23.7,29.9,-2.23,0.1685377628030522,0.25,8.59,0,0,1
5744,15,clay,Potato,321.0,1079.4,29.4,0.72,1.5,0.93,6.4,0,0,0
5745,13,sandy,Ragi,81.7,290.5,19.4,0.14,0.6771392161882112,0.57,7.63,0,0,0
5746,11,loam,Potato,83.0,225.0,23.9,-0.91,0.7138458246899118,0.72,5.82,0,0,1
5747,15,clay,Mustard,77.1,226.0,25.8,0.09,0.918120176522189,0.76,7.34,0,0,0
5748,2,loam,Maize,4.2,12.9,32.8,-0.23,0.0,0.37,8.36,1,0,0
5749,11,loam,Pearl millet,85.0,287.2,24.8,-0.11,0.5064319720938861,0.76,6.47,0,0,0
5750,7,clay,Maize,94.5,310.0,25.5,-1.9,0.634334102204683,0.86,6.91,0,0,0
5751,9,clay,Chickpea,196.4,549.9,30.3,-0.68,1.166378171214758,0.46,6.73,0,0,0
5752,4,sandy,Wheat,49.4,124.8,27.1,-1.38,0.381387287390872,0.25,6.35,0,0,0
5753,8,clay,Cotton,70.7,218.8,25.6,-0.28,0.3900265060160274,0.56,8.48,0,1,0
5754,4,sandy,Rice,74.2,208.7,24.8,-0.01,0.9825299420062067,0.68,5.78,0,0,1
5755,10,sandy,Chilli,69.4,203.7,23.6,1.16,0.4093977596521269,0.49,6.93,0,1,1
5756,14,clay,Sorghum,48.1,165.3,28.3,-0.64,0.08685032121681273,0.67,5.35,0,1,0
5757,1,clay,Green gram,212.8,641.9,35.2,-0.39,1.5,0.67,9.2,0,0,0
5758,15,clay,Potato,159.8,469.1,28.5,1.08,1.4450897207423985,0.55,8.13,0,1,0
5759,10,sandy,Sunflower,165.0,506.0,23.1,0.5,1.020914376842767,0.45,4.71,1,1,0
5760,1,clay,Mustard,36.3,88.3,29.4,-0.52,0.0,1.05,8.23,0,0,0
5761,9,clay,Pigeon pea,49.2,149.9,25.5,1.59,0.7223927545546664,1.13,8.17,0,1,0
5762,3,sandy,Rice,62.3,131.2,32.3,0.9,0.23209639742875066,0.28,6.69,0,0,0
5763,13,sandy,Tomato,59.2,134.0,22.3,-0.48,0.4710515955542541,0.28,7.93,0,0,1
5764,5,loam,Sugarcane,60.6,216.1,23.3,-0.31,0.5451343600406994,0.74,6.4,0,0,1
5765,1,clay,Chilli,16.1,34.3,32.1,1.06,0.5896712376010529,0.63,7.12,0,1,0
5766,13,sandy,Ragi,67.9,234.9,19.7,2.3,0.7286195719974691,0.5,5.76,0,1,1
5767,9,clay,Wheat,44.4,146.8,24.1,-0.35,0.31294986647429235,0.38,8.15,0,0,0
5768,10,sandy,Mustard,13.0,42.9,28.3,-2.28,0.8186985187471574,0.34,6.54,1,1,0
5769,13,sandy,Maize,46.4,123.8,24.4,1.36,0.7236310342487303,0.28,6.27,0,1,0
5770,9,clay,Chilli,39.0,99.0,26.3,0.86,0.05590543946392773,0.8,9.2,0,1,0
5771,12,loam,Wheat,18.7,52.3,24.1,1.41,0.8707841517897997,0.26,7.13,1,0,0
5772,9,clay,Wheat,12.9,35.6,27.2,-0.32,0.0,0.63,7.39,0,1,0
5773,1,clay,Rice,133.0,400.6,25.3,0.46,0.0,0.96,8.05,0,0,0
5774,15,clay,Potato,263.1,944.3,29.0,1.78,1.5,0.79,7.66,0,1,0
5775,15,clay,Potato,41.5,137.2,27.7,-0.17,0.41926833353024895,0.24,7.79,1,0,0
5776,5,loam,Ragi,51.7,155.3,22.6,-0.07,0.6349855828719662,0.42,6.94,0,0,0
5777,10,sandy,Onion,121.1,400.3,27.3,-0.15,1.3887552085176167,0.33,4.91,0,0,1
5778,2,loam,Banana,195.5,635.2,30.2,-0.91,1.3029603589931527,0.71,7.48,0,1,0
5779,5,loam,Sugarcane,30.7,110.0,22.3,-0.25,0.0,0.82,6.39,0,0,0
5780,10,sandy,Sorghum,11.7,35.6,30.1,-0.88,0.9820928651198395,0.2,6.06,1,1,1
5781,6,clay,Cotton,47.6,165.1,25.2,0.83,0.23123569198077348,0.82,8.47,0,0,0
5782,15,clay,Potato,177.4,604.2,23.9,1.2,1.5,0.57,7.66,0,1,0
5783,2,loam,Cotton,65.2,169.3,24.3,-0.32,0.6322887987000052,0.53,6.76,0,0,1
5784,11,loam,Rice,57.1,180.1,25.8,0.23,0.5691913813318583,0.29,6.18,0,0,0
5785,10,sandy,Pigeon pea,11.3,23.4,20.0,-1.19,0.2624402042798928,0.4,7.95,1,0,1
5786,14,clay,Cotton,24.9,68.0,18.9,-0.99,0.44711688265079386,1.08,7.32,0,0,0
5787,13,sandy,Ragi,54.5,188.0,25.9,0.29,0.758568862857194,0.42,6.81,0,0,0
5788,14,clay,Chilli,54.5,182.7,25.3,1.71,0.540536563056826,0.9,8.27,0,1,0
5789,12,loam,Chilli,76.2,177.1,28.4,0.51,0.7547379173605704,0.57,6.61,1,0,0
5790,4,sandy,Rice,80.0,191.5,21.0,0.01,0.8156049185589249,0.45,8.16,0,0,1
5791,7,clay,Sugarcane,16.2,47.7,21.3,-1.46,0.3602479881536671,0.59,8.29,0,1,0
5792,11,loam,Maize,95.1,300.2,25.6,-2.86,0.6662477971987428,0.44,8.71,0,0,1
5793,15,clay,Green gram,132.9,465.0,29.4,-0.04,0.6152374888271652,0.69,8.71,0,0,0
5794,13,sandy,Tomato,42.7,111.5,25.2,0.56,0.8908129983783396,0.36,6.86,0,0,0
5795,10,sandy,Pearl millet,102.5,359.1,26.4,-0.36,0.6481220558361585,0.44,5.72,0,0,1
5796,2,loam,Maize,55.9,115.5,27.8,-0.61,0.3304053213962851,0.51,6.98,0,0,0
5797,7,clay,Sugarcane,39.9,123.7,26.5,-0.78,0.050094970852817514,0.7,8.31,0,0,0
5798,10,sandy,Mustard,6.7,19.2,22.8,-0.29,0.5743872758443166,0.63,6.05,0,0,0
5799,12,loam,Wheat,48.5,157.1,27.7,1.65,0.7061750596205726,0.66,6.47,0,0,0
5800,5,loam,Rice,26.3,60.6,24.9,0.33,0.0,0.52,7.28,0,1,0
5801,8,clay,Onion,41.8,143.9,21.7,-0.04,0.0,0.65,8.27,0,0,0
5802,13,sandy,Maize,4.5,11.6,21.9,0.54,0.9008468531047145,0.48,5.18,0,0,0
5803,13,sandy,Banana,23.4,52.4,21.8,-0.97,1.1132190057121423,0.1,7.42,1,1,0
5804,4,sandy,Cotton,9.9,23.4,26.3,0.27,1.3775840335158152,0.2,6.77,1,1,0
5805,4,sandy,Onion,11.2,38.1,18.5,1.55,0.4853002290154671,0.43,6.62,0,0,1
5806,6,clay,Soybean,21.0,49.4,32.9,-0.45,0.0,0.79,7.27,0,0,0
5807,10,sandy,Mustard,35.0,88.6,29.2,-0.53,0.15506122964174351,0.6,5.64,0,1,1
5808,11,loam,Potato,27.3,73.6,31.5,0.24,0.03491332328949065,0.6,7.56,0,1,0
5809,12,loam,Wheat,16.1,39.8,23.3,-1.02,0.0,0.65,5.84,0,0,1
5810,9,clay,Wheat,6.5,20.3,30.7,0.04,0.0,0.5,8.67,1,0,0
5811,14,clay,Sorghum,112.4,257.9,26.9,1.02,0.7468179920328845,0.97,8.49,0,0,0
5812,2,loam,Groundnut,5.4,11.7,28.1,1.39,0.0,0.85,7.0,0,0,0
5813,8,clay,Chilli,44.8,149.3,30.1,-0.52,0.24682345662929076,0.48,8.34,0,0,0
5814,4,sandy,Rice,17.9,62.0,27.0,1.17,0.94549786656623,0.63,7.08,0,0,0
5815,9,clay,Soybean,37.3,110.7,27.2,-0.43,0.28303886851953836,0.46,8.23,0,0,0
5816,14,clay,Tomato,56.3,176.1,22.2,1.81,0.7948702314532421,0.66,6.36,0,0,0
5817,14,clay,Cotton,49.7,131.1,26.0,0.36,0.0,0.98,6.72,0,0,0
5818,15,clay,Sorghum,196.9,545.4,24.9,-0.13,0.6400042585179749,0.61,8.34,0,1,0
5819,8,clay,Cotton,62.5,167.0,33.9,0.76,0.7608874852158887,0.75,7.02,0,1,0
5820,11,loam,Potato,54.5,187.1,21.2,-1.14,0.2859047103242943,0.92,7.99,0,0,1
5821,8,clay,Cotton,139.8,449.1,28.8,-0.21,0.6851150431013467,0.95,7.22,0,0,0
5822,1,clay,Groundnut,54.6,136.1,29.4,1.3,0.4162468176314847,0.65,7.78,0,0,0
5823,5,loam,Sugarcane,64.0,211.9,26.5,2.54,0.36221972582510475,0.37,7.51,0,0,0
5824,12,loam,Rice,130.1,261.7,26.0,-0.69,0.8276029121588732,0.75,7.37,0,1,1
5825,1,clay,Green gram,116.5,399.6,26.0,0.05,0.6775563900176687,1.03,8.7,0,0,0
5826,10,sandy,Wheat,60.8,130.8,31.5,0.43,0.9266236912005755,0.18,6.31,1,1,0
5827,7,clay,Onion,29.6,95.2,27.3,-0.2,0.0,0.71,8.03,0,0,0
5828,7,clay,Banana,21.4,62.0,24.4,-0.5,0.12236063223621638,0.82,7.06,0,0,0
5829,12,loam,Maize,124.2,359.6,24.2,0.31,0.8689012075571906,0.58,8.12,0,0,0
5830,4,sandy,Maize,10.5,32.7,26.1,0.15,0.5708571638770223,0.11,7.47,0,1,0
5831,4,sandy,Onion,82.3,244.6,26.7,1.41,1.0672827362169852,0.38,8.51,0,0,1
5832,3,sandy,Mustard,50.3,160.9,24.6,-0.32,0.6483220337641035,0.29,5.77,0,0,0
5833,2,loam,Potato,54.8,148.4,23.5,1.11,0.31909285270886467,0.58,9.2,0,1,0
5834,2,loam,Sorghum,124.2,445.9,24.5,-1.04,0.7000411881371752,0.8,7.33,0,0,0
5835,2,loam,Maize,15.4,32.7,28.6,0.9,0.0,0.86,7.98,0,1,0
5836,10,sandy,Wheat,37.7,125.7,26.1,0.03,0.5762755910822024,0.45,6.1,0,0,1
5837,5,loam,Rice,97.4,317.9,28.0,1.53,0.7421946563312474,0.31,8.43,1,0,0
5838,6,clay,Soybean,28.4,96.6,28.4,0.11,0.6113160206527505,0.8,7.58,0,0,0
5839,12,loam,Wheat,194.4,600.2,29.1,1.71,1.0260324800446396,0.73,6.99,0,1,0
5840,8,clay,Chilli,110.1,252.6,25.3,0.35,0.22186686234968317,0.53,6.95,0,0,0
5841,2,loam,Tomato,85.7,177.8,21.8,-1.92,0.2568799699170473,0.39,7.66,0,0,0
5842,8,clay,Cotton,49.4,105.0,27.7,-0.85,0.2926665479945042,0.64,7.38,0,0,0
5843,10,sandy,Mustard,8.5,25.4,26.5,-0.72,0.30506562935773984,0.32,7.95,0,0,0
5844,10,sandy,Mustard,46.0,107.4,26.8,-0.42,0.0026313408506017932,0.48,6.67,1,1,1
5845,14,clay,Sorghum,184.5,634.0,25.7,-1.3,0.7407631809382397,0.15,7.79,0,1,0
5846,9,clay,Chickpea,136.2,404.6,25.5,-0.47,1.2359435060728747,0.31,6.05,1,1,0
5847,13,sandy,Ragi,46.5,97.0,28.7,1.0,1.5,0.12,6.3,1,1,1
5848,8,clay,Cotton,267.2,919.0,32.0,-1.05,1.5,0.84,7.83,0,0,0
5849,10,sandy,Pearl millet,83.4,265.8,20.9,2.07,1.1514978437803414,0.28,7.42,1,0,0
5850,3,sandy,Rice,79.8,185.5,26.1,0.92,1.0278271395488805,0.58,6.48,0,0,0
5851,15,clay,Maize,8.3,26.2,23.2,-0.57,0.0,0.49,7.95,0,0,0
5852,1,clay,Groundnut,56.0,201.5,27.5,0.61,0.8038394623937257,0.57,7.41,0,0,0
5853,15,clay,Potato,173.8,369.5,25.6,1.38,1.5,0.43,8.0,0,1,0
5854,9,clay,Soybean,3.9,13.6,25.2,-1.2,0.0,1.01,8.9,0,1,0
5855,6,clay,Pigeon pea,18.9,57.6,29.4,1.14,0.32186015149416575,0.72,7.88,0,0,0
5856,7,clay,Maize,41.5,137.7,26.6,0.34,0.03576730858459723,0.66,7.22,0,0,0
5857,2,loam,Banana,6.0,19.7,25.1,0.97,0.23526108428111786,0.74,7.02,0,0,0
5858,7,clay,Maize,107.7,355.8,33.5,-0.18,0.47875283148654574,0.65,8.15,0,1,0
5859,2,loam,Cotton,38.1,76.6,23.4,-0.32,0.0,0.54,8.52,1,0,0
5860,7,clay,Mustard,330.5,978.8,22.2,1.24,1.5,0.72,7.31,0,0,0
5861,3,sandy,Cotton,107.3,317.3,27.6,-0.6,0.4852807720712443,0.73,8.6,1,0,1
5862,2,loam,Rice,146.2,358.9,28.1,-0.98,0.8445403951178126,0.6,8.44,0,0,0
5863,11,loam,Maize,52.4,127.8,22.2,-0.86,0.15847184644409024,0.53,8.49,0,0,1
5864,3,sandy,Rice,118.8,375.4,28.1,0.27,1.4071700791413038,0.21,6.33,1,0,0
5865,6,clay,Cotton,138.4,354.8,23.3,-0.4,0.9333005384552415,0.31,7.76,0,0,0
5866,10,sandy,Mustard,17.2,49.8,22.3,0.63,0.5348070081120957,0.42,5.94,0,1,0
5867,8,clay,Rice,92.6,202.6,28.8,-0.69,0.7778732389277029,0.76,8.1,0,0,0
5868,8,clay,Chilli,22.1,67.9,36.4,0.15,0.3973469654476547,0.24,8.9,0,1,0
5869,7,clay,Rice,154.6,444.9,28.6,-0.3,1.1298375037713404,0.99,7.87,0,0,0
5870,10,sandy,Mustard,41.0,84.3,26.4,-0.17,0.2265465249836997,0.41,5.62,0,1,0
5871,10,sandy,Mustard,176.9,554.7,25.7,-1.62,1.5,0.51,7.87,0,0,1
5872,2,loam,Turmeric,77.7,255.0,23.7,-1.02,1.0296419013205433,0.13,6.61,1,0,0
5873,15,clay,Mustard,73.0,208.4,26.0,-0.58,0.0,0.87,7.64,0,1,0
5874,13,sandy,Tomato,22.3,66.2,25.7,-0.91,0.0,0.63,5.78,0,0,0
5875,7,clay,Onion,93.1,271.9,20.7,-1.11,1.1144757752733123,0.73,7.31,0,1,0
5876,6,clay,Soybean,20.7,71.5,28.2,0.13,0.205977841200405,0.49,6.72,0,1,0
5877,11,loam,Green gram,346.9,754.6,25.4,0.45,1.5,0.35,7.42,1,0,0
5878,10,sandy,Tomato,133.1,348.5,25.6,-1.79,0.7548702063389596,0.49,7.39,0,1,0
5879,13,sandy,Tomato,33.4,92.0,21.3,1.48,0.5014254726670321,0.57,6.41,0,0,0
5880,7,clay,Maize,24.2,60.1,19.3,-0.08,0.0,0.29,8.05,1,0,0
5881,7,clay,Maize,103.0,223.9,25.6,-1.35,0.673292603744891,0.64,7.76,0,0,0
5882,8,clay,Cotton,52.0,136.9,26.6,-1.6,0.44454891650672046,1.08,8.5,0,0,0
5883,5,loam,Wheat,93.0,234.4,30.2,0.2,1.0181232041120878,0.56,7.0,1,0,0
5884,12,loam,Maize,120.9,270.4,24.3,-1.34,0.05044324774455,0.56,6.76,1,1,0
5885,12,loam,Wheat,130.2,306.2,24.8,-0.97,0.9337372668553279,0.65,7.36,0,1,0
5886,2,loam,Maize,36.2,116.8,28.2,0.3,0.14481315132699385,0.84,8.08,0,0,0
5887,2,loam,Maize,211.0,563.4,24.9,-0.17,1.5,0.67,7.85,0,0,0
5888,2,loam,Cotton,48.6,105.2,24.7,0.72,0.0,0.52,7.24,0,0,0
5889,5,loam,Wheat,23.3,83.6,17.7,0.37,0.1259148986266501,0.37,7.26,1,0,0
5890,2,loam,Cotton,17.9,59.5,24.9,0.21,0.0,0.7,6.91,0,1,0
5891,9,clay,Chickpea,115.2,248.3,22.0,0.2,0.3222949942529566,0.48,7.05,1,0,0
5892,15,clay,Rice,213.2,630.4,31.9,1.27,1.5,0.52,7.54,0,0,0
5893,11,loam,Green gram,237.4,669.4,28.7,-0.67,1.5,0.65,7.68,0,0,0
5894,14,clay,Chilli,50.3,113.5,20.9,-0.18,0.23701656871283192,0.83,7.81,0,1,0
5895,3,sandy,Maize,83.5,258.5,30.6,0.02,0.19088224248970787,0.31,5.86,0,0,1
5896,11,loam,Tomato,105.6,330.0,28.2,0.68,0.38721528838566266,0.91,7.32,0,0,0
5897,11,loam,Wheat,46.0,109.8,25.0,-0.6,0.8968821828836386,0.23,6.15,0,0,0
5898,7,clay,Onion,166.1,390.8,23.7,0.43,0.9944133695748507,0.54,9.09,0,1,0
5899,12,loam,Maize,42.2,146.4,27.9,-0.69,0.0,0.86,6.62,0,1,0
5900,2,loam,Maize,28.4,97.3,20.6,0.8,0.29176882991697783,0.33,7.13,0,1,0
5901,10,sandy,Wheat,39.8,95.4,23.9,0.19,0.5458545817379022,0.58,7.08,0,0,0
5902,13,sandy,Ragi,21.5,59.1,22.0,0.72,0.14049586556879512,0.64,7.87,0,0,0
5903,6,clay,Cotton,62.1,171.8,27.8,0.5,0.06819289883269763,0.96,7.65,0,1,0
5904,3,sandy,Chilli,19.2,41.3,29.4,-1.83,0.0,0.33,6.56,0,0,0
5905,1,clay,Cotton,67.6,210.9,26.3,-0.42,1.1810072095098032,0.62,7.45,1,0,0
5906,5,loam,Rice,14.9,45.9,18.4,-0.96,0.0,0.29,6.35,1,0,0
5907,13,sandy,Sorghum,69.9,171.2,22.1,0.68,0.6938080207182975,0.48,5.76,0,0,0
5908,13,sandy,Tomato,19.2,67.5,23.7,2.25,0.6347416597132675,0.55,6.8,1,1,0
5909,10,sandy,Onion,18.0,54.2,25.3,0.31,0.7544833860071618,0.29,7.97,1,1,0
5910,4,sandy,Mustard,21.8,70.0,32.4,0.1,0.0,0.58,6.28,1,1,0
5911,4,sandy,Rice,160.8,406.6,23.0,1.58,1.5,0.64,6.07,0,1,1
5912,13,sandy,Rice,32.4,68.6,22.0,-0.73,0.5897166834120856,0.37,7.29,0,1,0
5913,9,clay,Pigeon pea,234.4,479.5,31.7,1.37,1.5,0.82,8.56,0,0,0
5914,12,loam,Potato,16.7,45.3,25.9,0.7,0.17236056630876898,0.49,5.96,0,0,0
5915,6,clay,Cotton,143.5,489.2,29.1,-0.87,0.4046606636691323,0.92,8.19,0,1,0
5916,13,sandy,Tomato,164.5,373.8,21.5,-1.06,1.3549573814063993,0.52,7.33,1,0,1
5917,8,clay,Rice,155.1,329.4,29.5,-0.01,1.1351556969246481,0.43,7.13,0,0,0
5918,11,loam,Rice,32.3,88.2,30.6,-0.89,0.08971903788634779,0.73,7.75,0,1,0
5919,13,sandy,Ragi,65.9,178.3,21.1,0.08,0.7663302087034248,0.28,5.55,1,0,0
5920,6,clay,Soybean,241.8,692.0,29.2,-0.12,1.5,0.77,8.47,0,0,0
5921,12,loam,Maize,41.4,148.6,23.2,-0.94,0.5414352548680534,0.1,7.96,1,1,0
5922,10,sandy,Pearl millet,9.3,22.2,29.0,1.26,0.24291796788456188,0.88,6.06,0,1,1
5923,8,clay,Chilli,32.8,67.5,28.1,-1.19,0.0,0.71,9.08,0,1,0
5924,13,sandy,Maize,42.2,133.2,26.9,0.25,0.7691490855990206,0.45,6.53,0,1,0
5925,7,clay,Onion,24.5,54.6,27.8,0.52,0.0,0.81,7.51,0,0,0
5926,12,loam,Maize,103.3,313.9,26.5,-0.05,0.6156163072866702,0.37,7.19,0,0,0
5927,2,loam,Banana,22.7,73.6,27.9,-0.05,0.14946119496231097,0.74,9.02,0,0,0
5928,13,sandy,Maize,134.9,454.2,20.5,-1.22,0.8120467854089317,0.57,6.87,0,1,0
5929,15,clay,Rice,261.2,545.9,20.9,0.61,1.5,0.59,7.95,0,0,0
5930,15,clay,Potato,72.9,198.5,26.4,0.24,0.7078935254376839,0.52,8.38,0,1,0
5931,13,sandy,Chilli,45.3,143.4,30.7,0.21,0.0,0.41,6.2,0,0,0
5932,11,loam,Potato,14.6,43.0,27.8,-0.52,0.14150680162118356,0.62,6.35,0,0,1
5933,12,loam,Wheat,37.4,113.6,26.5,0.41,0.6542560223731099,0.92,7.46,0,0,0
5934,14,clay,Soybean,29.8,63.6,24.3,-0.61,0.0943714802670838,0.52,7.37,1,0,0
5935,11,loam,Potato,31.9,78.3,25.7,0.23,0.0,0.41,6.57,0,0,0
5936,5,loam,Pigeon pea,71.6,206.1,30.4,0.02,0.6212837956683563,0.36,8.68,1,0,1
5937,3,sandy,Pearl millet,27.7,97.5,30.9,0.0,0.3095575541032483,0.44,5.78,0,0,1
5938,15,clay,Mustard,50.5,170.9,25.3,-1.26,0.3899279802957291,0.7,7.3,0,0,0
5939,3,sandy,Chilli,201.0,590.7,28.3,-0.91,1.5,0.23,6.03,1,0,0
5940,14,clay,Sorghum,43.6,95.3,25.1,-1.47,0.0,0.77,6.36,0,0,0
5941,15,clay,Rice,247.4,715.3,22.3,2.7,1.5,0.48,8.25,1,0,0
5942,1,clay,Green gram,66.2,146.3,33.2,-0.44,0.0,1.09,6.75,0,0,0
5943,13,sandy,Sorghum,100.6,298.9,23.4,0.67,0.6294243052628992,0.47,5.62,0,0,1
5944,9,clay,Soybean,56.7,138.2,24.7,-0.53,0.49141274021584147,0.75,8.5,0,0,0
5945,6,clay,Sunflower,31.8,94.2,28.2,-1.36,0.15290931046769618,0.47,6.85,0,0,0
5946,8,clay,Sugarcane,25.7,88.1,26.0,0.11,0.0,0.41,7.21,0,1,0
5947,7,clay,Maize,39.1,102.8,30.0,-2.93,0.36008570876887325,0.64,8.39,0,1,0
5948,13,sandy,Maize,186.9,381.0,20.4,0.2,1.2121415742046744,0.26,7.57,1,1,0
5949,7,clay,Sugarcane,14.4,29.3,26.0,-0.67,0.0,0.94,7.3,0,0,0
5950,2,loam,Pearl millet,79.0,158.7,23.6,-1.07,0.3189219196027129,0.31,7.5,0,1,1
5951,6,clay,Sorghum,21.0,42.5,28.2,0.33,0.36331547055050983,0.81,7.76,0,0,0
5952,8,clay,Rice,120.2,243.5,28.3,1.17,1.0969483762358896,0.3,7.78,0,0,0
5953,7,clay,Onion,22.4,47.1,24.1,1.72,0.4134633456515804,0.42,7.33,0,0,0
5954,8,clay,Chilli,47.5,125.6,27.4,-1.63,0.3773693476709412,0.69,7.37,0,0,0
5955,15,clay,Chilli,372.4,1244.3,27.0,2.73,1.5,0.68,7.22,0,0,0
5956,6,clay,Pigeon pea,231.6,814.0,28.6,0.49,1.5,0.72,7.1,0,1,0
5957,13,sandy,Maize,19.4,57.0,25.0,-0.57,0.5296304561352243,0.5,6.23,0,0,0
5958,15,clay,Chickpea,97.3,197.4,25.2,0.23,0.844910953650025,0.85,7.58,0,1,1
5959,13,sandy,Maize,74.4,231.8,23.2,-2.3,1.3555298474325816,0.22,5.75,1,0,0
5960,9,clay,Chickpea,57.6,202.6,26.3,-1.78,0.6218127586363011,0.72,8.19,0,1,0
5961,15,clay,Mustard,86.7,279.0,21.7,0.13,0.5304563752256987,0.45,8.02,0,0,0
5962,7,clay,Onion,43.6,118.4,30.5,0.63,0.8537392762831935,0.44,7.73,0,1,0
5963,5,loam,Sugarcane,20.6,52.4,20.7,-1.66,0.0,0.57,8.19,0,1,1
5964,13,sandy,Chickpea,61.1,151.0,21.3,-1.28,0.6034399064981928,0.91,5.24,0,0,0
5965,14,clay,Tomato,97.3,328.6,24.3,2.32,1.002502533947457,0.9,7.9,0,0,0
5966,3,sandy,Cotton,58.4,188.0,25.6,-0.1,0.5742024672368066,0.59,6.17,0,0,0
5967,5,loam,Green gram,116.6,413.4,22.1,0.35,1.0688037500872376,0.36,6.23,1,0,0
5968,5,loam,Rice,29.2,68.7,20.8,-0.49,0.05673784640324083,0.74,7.27,0,0,0
5969,13,sandy,Maize,13.1,34.2,25.0,0.3,0.0,0.32,8.3,1,0,0
5970,5,loam,Rice,146.6,320.0,22.9,1.18,0.5964991754319866,0.55,7.78,0,0,0
5971,10,sandy,Wheat,2.3,6.4,26.1,0.38,0.6663988916725214,0.63,6.35,0,1,1
5972,15,clay,Mustard,91.1,304.2,29.6,-0.42,0.14623723709189484,0.62,7.83,0,1,0
5973,14,clay,Sorghum,95.9,241.8,24.6,-1.2,0.5703449718985429,0.43,7.81,1,1,0
5974,14,clay,Chilli,13.2,33.1,26.2,0.82,0.0,0.61,7.27,1,1,0
5975,8,clay,Chilli,83.7,281.2,30.4,-0.26,0.6472442483124092,0.4,7.72,0,0,0
5976,10,sandy,Wheat,123.2,429.2,27.9,-0.96,1.1737474974887976,0.16,6.86,0,1,0
5977,11,loam,Potato,17.8,48.1,25.3,-0.18,0.0,0.65,7.92,0,0,0
5978,5,loam,Sugarcane,23.5,81.7,21.2,0.51,0.0,0.83,7.74,0,0,0
5979,8,clay,Cotton,52.4,157.1,29.4,-1.6,0.510666136311374,0.66,8.66,0,0,0
5980,8,clay,Pearl millet,16.9,57.7,30.5,-1.04,0.0,0.91,6.27,0,0,0
5981,13,sandy,Tomato,36.7,88.2,26.6,-0.92,0.09317819031382335,0.25,6.33,1,0,1
5982,9,clay,Wheat,106.1,342.8,19.6,-1.39,0.6694236953777087,0.58,8.54,0,1,0
5983,7,clay,Sugarcane,146.4,525.1,26.4,-0.11,1.018461914693202,0.36,7.22,0,0,0
5984,9,clay,Ragi,68.6,233.6,28.5,-2.27,0.20874806427050552,0.61,7.71,1,0,0
5985,3,sandy,Rice,58.3,160.8,27.4,0.64,0.762254051746504,0.44,5.61,0,0,1
5986,4,sandy,Rice,33.5,81.7,26.0,1.09,1.0490509804355472,0.51,7.41,0,0,0
5987,13,sandy,Cotton,27.7,88.3,20.8,-0.09,0.5251679999489715,0.4,5.49,0,1,0
5988,2,loam,Sorghum,34.1,83.2,26.6,-0.41,0.0,0.41,6.87,1,0,0
5989,11,loam,Ragi,91.5,208.6,28.2,-0.22,0.5441467827886413,0.42,7.63,1,0,0
5990,14,clay,Tomato,35.5,101.8,24.3,0.25,0.49754416464562523,0.59,7.36,0,0,0
5991,11,loam,Rice,244.5,496.2,26.9,0.67,1.144630049405335,0.6,8.19,1,1,1
5992,10,sandy,Ragi,17.4,61.7,27.5,0.66,0.8330787105472075,0.16,8.0,0,1,0
5993,11,loam,Wheat,197.7,477.8,23.7,-0.31,1.1540258131173144,0.67,7.12,0,0,0
5994,3,sandy,Groundnut,59.9,131.4,26.8,-0.39,0.1593719636307298,0.58,6.12,0,0,0
5995,3,sandy,Cotton,48.9,156.7,23.1,0.74,1.0771901795288783,0.37,7.26,0,1,0
5996,15,clay,Lentil,18.0,45.0,25.8,-0.62,0.0,0.67,5.81,0,0,0
5997,7,clay,Maize,20.1,68.8,22.8,-0.5,0.0,0.79,8.5,0,0,0
5998,7,clay,Onion,34.0,118.0,22.9,0.32,0.24020607486305345,0.7,6.59,0,0,0
5999,3,sandy,Rice,49.4,159.6,35.9,-0.54,0.7098606225900442,0.26,6.8,0,0,0
6000,11,loam,Rice,29.9,92.8,30.0,0.34,0.0,0.46,6.61,0,1,0
