report_id,district_id,district,soil_texture,crop,N_kg_ha,P_kg_ha,K_kg_ha,OC_pct,pH,EC_dS_m,rain_30d_mm,rain_90d_mm,temp_30d_c,rain_anomaly_z,N_rating,P_rating,K_rating,any_deficiency,any_high,label_source
1,12,Patna,loam,Rice,325,31.3,81,0.62,6.53,0.19,19.4,41.2,27.6,0.58,medium,high,low,1,1,rule-derived from synthetic thresholds
2,6,Nagpur,clay,Pigeon pea,419,7.4,174,0.66,8.24,0.46,306.0,871.7,26.0,0.04,medium,low,medium,1,0,rule-derived from synthetic thresholds
3,15,Kolkata (24 Pgs),clay,Rice,568,24.2,257,1.02,8.61,0.52,141.0,471.7,29.9,0.14,high,medium,medium,0,1,rule-derived from synthetic thresholds
4,4,Ludhiana,sandy,Maize,361,11.0,126,0.3,6.83,0.73,20.0,41.7,25.1,-0.18,medium,medium,medium,0,0,rule-derived from synthetic thresholds
5,12,Patna,loam,Banana,364,11.6,225,0.5,8.18,0.67,45.4,127.8,26.0,1.17,medium,medium,medium,0,0,rule-derived from synthetic thresholds
6,4,Ludhiana,sandy,Chilli,401,15.5,45,0.66,7.05,0.31,84.9,180.8,30.5,-1.05,medium,medium,low,1,0,rule-derived from synthetic thresholds
7,11,Kanpur,loam,Wheat,412,8.3,248,0.74,6.18,0.45,53.8,185.5,27.1,-2.0,medium,low,medium,1,0,rule-derived from synthetic thresholds
8,2,Coimbatore,loam,Cotton,279,16.8,204,0.37,6.43,2.0,25.6,59.9,29.7,-1.66,low,medium,medium,1,0,rule-derived from synthetic thresholds
9,11,Kanpur,loam,Potato,140,12.0,144,0.31,7.39,0.44,20.6,47.5,26.7,0.77,low,medium,medium,1,0,rule-derived from synthetic thresholds
10,7,Pune,clay,Onion,392,25.3,64,0.6,7.72,0.51,20.3,66.5,23.6,-0.66,medium,high,low,1,1,rule-derived from synthetic thresholds
11,9,Indore,clay,Wheat,623,9.4,342,0.97,7.9,1.91,358.7,727.5,20.3,-0.52,high,low,high,1,1,rule-derived from synthetic thresholds
12,1,Thanjavur,clay,Green gram,506,20.1,296,0.73,7.38,0.37,137.5,360.6,30.1,0.88,medium,medium,high,0,1,rule-derived from synthetic thresholds
13,6,Nagpur,clay,Cotton,496,35.9,364,0.79,9.2,0.49,15.9,48.9,28.6,0.99,medium,high,high,0,1,rule-derived from synthetic thresholds
14,3,Madurai,sandy,Chilli,260,17.8,297,0.21,5.84,1.76,24.4,62.3,27.9,0.49,low,medium,high,1,1,rule-derived from synthetic thresholds
15,10,Jaipur,sandy,Wheat,335,5.2,177,0.35,7.54,1.69,1.9,5.3,23.4,-0.07,medium,low,medium,1,0,rule-derived from synthetic thresholds
16,1,Thanjavur,clay,Rice,502,26.1,285,0.97,7.96,1.52,69.5,217.0,32.2,0.83,medium,high,high,0,1,rule-derived from synthetic thresholds
17,14,Dharwad,clay,Sorghum,457,14.5,207,0.65,7.39,0.59,126.1,425.4,34.6,1.94,medium,medium,medium,0,0,rule-derived from synthetic thresholds
18,3,Madurai,sandy,Cotton,445,13.3,153,0.55,6.39,1.45,218.4,523.6,28.6,2.05,medium,medium,medium,0,0,rule-derived from synthetic thresholds
19,8,Guntur,clay,Chilli,581,20.1,231,1.02,7.12,0.35,69.2,165.5,27.2,1.24,high,medium,medium,0,1,rule-derived from synthetic thresholds
20,15,Kolkata (24 Pgs),clay,Rice,485,25.1,239,0.68,8.21,0.96,53.5,179.1,27.1,1.59,medium,high,medium,0,1,rule-derived from synthetic thresholds
21,7,Pune,clay,Maize,518,22.4,185,0.98,7.44,1.24,18.3,60.4,19.7,0.91,medium,medium,medium,0,0,rule-derived from synthetic thresholds
22,9,Indore,clay,Chickpea,482,7.5,378,0.73,7.5,1.35,140.2,484.6,26.4,0.97,medium,low,high,1,1,rule-derived from synthetic thresholds
23,15,Kolkata (24 Pgs),clay,Maize,512,11.1,343,0.91,8.47,0.24,46.0,92.1,28.4,-1.83,medium,medium,high,0,1,rule-derived from synthetic thresholds
24,2,Coimbatore,loam,Cotton,603,18.1,145,0.68,7.31,0.32,48.8,149.4,29.4,-1.62,high,medium,medium,0,1,rule-derived from synthetic thresholds
25,9,Indore,clay,Soybean,416,17.8,344,0.6,8.3,0.79,14.5,36.3,27.1,0.41,medium,medium,high,0,1,rule-derived from synthetic thresholds
26,9,Indore,clay,Soybean,385,15.4,110,0.71,7.47,0.12,30.8,84.5,23.5,0.69,medium,medium,medium,0,0,rule-derived from synthetic thresholds
27,11,Kanpur,loam,Wheat,204,33.0,306,0.4,6.77,0.41,14.3,46.5,32.2,-0.35,low,high,high,1,1,rule-derived from synthetic thresholds
28,10,Jaipur,sandy,Tomato,225,13.8,118,0.46,7.77,1.72,44.1,130.6,25.8,1.1,low,medium,medium,1,0,rule-derived from synthetic thresholds
29,8,Guntur,clay,Rice,331,23.7,331,0.52,7.93,0.48,44.3,104.4,27.1,0.51,medium,medium,high,0,1,rule-derived from synthetic thresholds
30,9,Indore,clay,Potato,242,13.2,104,0.43,9.2,0.47,109.4,335.5,23.8,0.05,low,medium,low,1,0,rule-derived from synthetic thresholds
31,5,Karnal,loam,Rice,237,34.0,155,0.64,7.13,0.56,13.8,31.3,21.8,0.54,low,high,medium,1,1,rule-derived from synthetic thresholds
32,6,Nagpur,clay,Soybean,293,13.6,289,0.58,7.75,0.4,94.8,289.8,35.2,0.29,medium,medium,high,0,1,rule-derived from synthetic thresholds
33,15,Kolkata (24 Pgs),clay,Green gram,386,17.4,209,0.51,9.2,0.64,57.3,136.1,26.4,-0.88,medium,medium,medium,0,0,rule-derived from synthetic thresholds
34,10,Jaipur,sandy,Mustard,342,19.7,182,0.29,7.32,2.42,102.1,298.4,25.8,1.18,medium,medium,medium,0,0,rule-derived from synthetic thresholds
35,11,Kanpur,loam,Sunflower,331,14.5,141,0.45,6.41,0.38,26.8,81.9,26.5,1.79,medium,medium,medium,0,0,rule-derived from synthetic thresholds
36,3,Madurai,sandy,Cotton,392,20.4,112,0.53,6.68,2.3,17.6,59.8,30.7,0.15,medium,medium,medium,0,0,rule-derived from synthetic thresholds
37,6,Nagpur,clay,Soybean,400,32.2,98,0.69,7.89,0.41,71.2,165.2,19.6,0.51,medium,high,low,1,1,rule-derived from synthetic thresholds
38,4,Ludhiana,sandy,Maize,274,26.5,306,0.32,5.18,0.82,27.4,88.9,26.5,0.66,low,high,high,1,1,rule-derived from synthetic thresholds
39,15,Kolkata (24 Pgs),clay,Rice,436,3.7,144,0.89,7.34,1.71,149.8,515.9,19.4,-1.18,medium,low,medium,1,0,rule-derived from synthetic thresholds
40,15,Kolkata (24 Pgs),clay,Turmeric,477,8.1,275,0.96,6.67,0.59,24.5,62.4,23.6,0.26,medium,low,medium,1,0,rule-derived from synthetic thresholds
41,6,Nagpur,clay,Pearl millet,462,25.6,293,0.79,7.66,0.37,25.4,76.6,22.8,-1.03,medium,high,high,0,1,rule-derived from synthetic thresholds
42,7,Pune,clay,Maize,350,9.5,394,0.24,8.78,0.48,197.0,572.1,28.4,-1.09,medium,low,high,1,1,rule-derived from synthetic thresholds
43,11,Kanpur,loam,Sorghum,314,10.5,187,0.35,6.8,0.25,85.5,261.6,30.6,0.96,medium,medium,medium,0,0,rule-derived from synthetic thresholds
44,3,Madurai,sandy,Sorghum,222,8.3,77,0.31,5.43,0.44,62.4,149.5,34.3,-0.07,low,low,low,1,0,rule-derived from synthetic thresholds
45,9,Indore,clay,Chickpea,299,14.9,347,0.56,6.78,0.49,43.2,139.7,31.2,-0.87,medium,medium,high,0,1,rule-derived from synthetic thresholds
46,4,Ludhiana,sandy,Lentil,437,5.0,157,0.44,6.44,1.09,51.0,136.6,26.4,1.39,medium,low,medium,1,0,rule-derived from synthetic thresholds
47,8,Guntur,clay,Chilli,454,13.6,164,0.62,8.56,0.3,6.5,21.1,31.5,-1.97,medium,medium,medium,0,0,rule-derived from synthetic thresholds
48,11,Kanpur,loam,Rice,309,10.5,82,0.35,6.36,0.31,94.4,249.5,24.4,0.13,medium,medium,low,1,0,rule-derived from synthetic thresholds
49,12,Patna,loam,Turmeric,425,3.2,154,0.56,6.08,0.54,118.5,391.0,26.7,-1.68,medium,low,medium,1,0,rule-derived from synthetic thresholds
50,2,Coimbatore,loam,Sorghum,290,33.3,242,0.59,6.48,0.21,20.3,72.0,25.3,0.73,medium,high,medium,0,1,rule-derived from synthetic thresholds
51,5,Karnal,loam,Rice,395,8.1,222,0.49,7.3,1.56,86.8,263.5,22.1,-0.82,medium,low,medium,1,0,rule-derived from synthetic thresholds
52,6,Nagpur,clay,Pigeon pea,442,33.9,299,0.69,6.82,0.69,61.2,210.6,30.2,0.18,medium,high,high,0,1,rule-derived from synthetic thresholds
53,11,Kanpur,loam,Rice,369,12.5,271,0.88,5.79,0.28,213.9,568.9,27.7,0.31,medium,medium,medium,0,0,rule-derived from synthetic thresholds
54,5,Karnal,loam,Sugarcane,432,3.9,217,0.26,6.68,1.22,27.1,61.3,19.8,0.19,medium,low,medium,1,0,rule-derived from synthetic thresholds
55,7,Pune,clay,Onion,526,27.0,368,0.61,6.01,0.88,5.4,18.8,21.0,-0.8,medium,high,high,0,1,rule-derived from synthetic thresholds
56,4,Ludhiana,sandy,Sorghum,307,10.2,212,0.5,5.19,0.7,68.1,238.2,28.6,-0.86,medium,medium,medium,0,0,rule-derived from synthetic thresholds
57,6,Nagpur,clay,Soybean,434,11.6,354,0.52,8.16,0.46,33.1,83.8,27.7,-0.67,medium,medium,high,0,1,rule-derived from synthetic thresholds
58,8,Guntur,clay,Cotton,355,14.3,226,0.65,7.23,0.5,89.7,266.5,28.9,-0.67,medium,medium,medium,0,0,rule-derived from synthetic thresholds
59,4,Ludhiana,sandy,Wheat,477,6.9,232,0.58,6.56,0.31,195.0,661.7,20.4,-1.23,medium,low,medium,1,0,rule-derived from synthetic thresholds
60,2,Coimbatore,loam,Lentil,299,10.4,312,0.56,8.49,1.78,163.9,461.2,29.1,0.7,medium,medium,high,0,1,rule-derived from synthetic thresholds
61,3,Madurai,sandy,Ragi,204,28.1,245,0.33,6.59,0.74,19.3,61.0,30.3,0.01,low,high,medium,1,1,rule-derived from synthetic thresholds
62,7,Pune,clay,Maize,504,5.5,247,0.56,9.1,0.25,75.1,226.0,22.3,0.45,medium,low,medium,1,0,rule-derived from synthetic thresholds
63,3,Madurai,sandy,Cotton,274,28.9,110,0.57,7.26,0.85,72.9,154.2,25.7,0.81,low,high,medium,1,1,rule-derived from synthetic thresholds
64,1,Thanjavur,clay,Pearl millet,442,4.1,379,0.79,5.1,0.57,6.7,22.5,27.8,1.34,medium,low,high,1,1,rule-derived from synthetic thresholds
65,13,Bengaluru Rural,sandy,Tomato,434,18.6,59,0.37,6.21,0.26,86.7,271.7,25.8,-0.39,medium,medium,low,1,0,rule-derived from synthetic thresholds
66,15,Kolkata (24 Pgs),clay,Rice,493,7.4,167,0.61,8.55,0.15,313.4,1067.7,22.5,-1.84,medium,low,medium,1,0,rule-derived from synthetic thresholds
67,8,Guntur,clay,Chilli,441,14.8,221,0.52,6.75,0.7,22.8,65.6,32.1,0.93,medium,medium,medium,0,0,rule-derived from synthetic thresholds
68,10,Jaipur,sandy,Lentil,216,11.4,212,0.29,6.63,1.48,1.8,5.2,27.8,-0.79,low,medium,medium,1,0,rule-derived from synthetic thresholds
69,3,Madurai,sandy,Sunflower,196,28.6,166,0.1,6.8,2.03,7.3,17.8,34.4,1.02,low,high,medium,1,1,rule-derived from synthetic thresholds
70,2,Coimbatore,loam,Maize,328,34.1,74,0.36,7.3,0.14,10.7,33.2,29.5,-0.54,medium,high,low,1,1,rule-derived from synthetic thresholds
71,2,Coimbatore,loam,Sorghum,432,27.0,252,0.62,7.52,0.91,114.5,244.3,21.1,0.33,medium,high,medium,0,1,rule-derived from synthetic thresholds
72,3,Madurai,sandy,Rice,334,19.9,158,0.56,6.79,0.24,23.7,85.2,27.7,0.08,medium,medium,medium,0,0,rule-derived from synthetic thresholds
73,2,Coimbatore,loam,Cotton,395,14.8,128,0.57,5.96,1.21,79.5,231.2,18.7,-0.25,medium,medium,medium,0,0,rule-derived from synthetic thresholds
74,12,Patna,loam,Lentil,475,9.1,155,0.58,6.4,0.62,20.8,66.4,29.6,-0.11,medium,low,medium,1,0,rule-derived from synthetic thresholds
75,12,Patna,loam,Rice,406,28.2,106,0.45,7.49,1.31,83.1,286.8,27.3,0.25,medium,high,low,1,1,rule-derived from synthetic thresholds
76,11,Kanpur,loam,Potato,277,4.7,248,0.5,7.29,0.83,61.9,133.4,28.6,-0.74,low,low,medium,1,0,rule-derived from synthetic thresholds
77,5,Karnal,loam,Wheat,336,10.8,283,0.1,6.67,0.34,45.2,101.2,23.0,0.04,medium,medium,high,0,1,rule-derived from synthetic thresholds
78,6,Nagpur,clay,Cotton,408,7.9,226,0.91,9.2,1.03,151.4,526.1,29.1,0.06,medium,low,medium,1,0,rule-derived from synthetic thresholds
79,6,Nagpur,clay,Pigeon pea,467,5.9,220,0.91,7.43,0.34,22.2,72.0,32.1,-0.81,medium,low,medium,1,0,rule-derived from synthetic thresholds
80,3,Madurai,sandy,Chilli,421,11.3,96,0.37,6.58,1.48,38.4,96.8,29.8,-0.63,medium,medium,low,1,0,rule-derived from synthetic thresholds
81,8,Guntur,clay,Pearl millet,308,23.0,246,0.77,6.65,0.64,42.7,110.5,28.4,-0.16,medium,medium,medium,0,0,rule-derived from synthetic thresholds
82,9,Indore,clay,Chickpea,509,57.8,300,0.81,7.1,0.86,67.8,176.2,29.9,0.8,medium,high,high,0,1,rule-derived from synthetic thresholds
83,4,Ludhiana,sandy,Chickpea,172,22.5,119,0.1,7.61,0.63,116.8,234.0,24.3,-0.07,low,medium,medium,1,0,rule-derived from synthetic thresholds
84,5,Karnal,loam,Turmeric,272,6.7,30,0.43,8.39,0.32,2.8,7.9,26.0,-1.42,low,low,low,1,0,rule-derived from synthetic thresholds
85,8,Guntur,clay,Rice,272,45.7,213,0.47,7.0,0.44,60.8,182.5,26.5,0.23,low,high,medium,1,1,rule-derived from synthetic thresholds
86,2,Coimbatore,loam,Maize,500,9.9,308,0.5,6.72,0.22,67.1,239.6,23.4,0.39,medium,low,high,1,1,rule-derived from synthetic thresholds
87,9,Indore,clay,Sugarcane,349,22.1,299,0.42,7.82,0.29,88.6,215.9,26.6,-0.08,medium,medium,high,0,1,rule-derived from synthetic thresholds
88,6,Nagpur,clay,Sorghum,318,20.7,468,0.53,7.91,0.26,112.6,371.9,31.2,0.54,medium,medium,high,0,1,rule-derived from synthetic thresholds
89,11,Kanpur,loam,Wheat,354,11.8,30,0.49,8.22,0.96,155.6,338.2,26.2,-1.36,medium,medium,low,1,0,rule-derived from synthetic thresholds
90,12,Patna,loam,Rice,230,25.7,231,0.39,8.4,0.46,162.3,493.8,27.6,-0.13,low,high,medium,1,1,rule-derived from synthetic thresholds
91,6,Nagpur,clay,Cotton,441,21.6,299,0.82,8.67,0.51,24.9,55.9,24.5,0.32,medium,medium,high,0,1,rule-derived from synthetic thresholds
92,6,Nagpur,clay,Chilli,287,10.5,146,0.57,8.87,0.64,65.8,231.0,32.5,-1.49,medium,medium,medium,0,0,rule-derived from synthetic thresholds
93,8,Guntur,clay,Rice,359,16.4,227,0.88,8.33,0.63,49.7,131.9,31.1,0.63,medium,medium,medium,0,0,rule-derived from synthetic thresholds
94,1,Thanjavur,clay,Soybean,393,17.7,165,0.47,7.63,2.99,47.5,98.1,28.9,-0.45,medium,medium,medium,0,0,rule-derived from synthetic thresholds
95,3,Madurai,sandy,Chilli,446,12.0,212,0.75,5.49,1.96,231.2,802.3,27.5,-0.11,medium,medium,medium,0,0,rule-derived from synthetic thresholds
96,2,Coimbatore,loam,Onion,302,11.2,108,0.37,6.36,0.66,11.7,29.1,29.9,-0.1,medium,medium,low,1,0,rule-derived from synthetic thresholds
97,5,Karnal,loam,Groundnut,435,12.7,157,0.61,7.08,1.01,125.3,382.5,23.8,0.06,medium,medium,medium,0,0,rule-derived from synthetic thresholds
98,9,Indore,clay,Chickpea,363,10.3,168,0.71,6.29,0.27,168.4,359.2,23.1,-0.94,medium,medium,medium,0,0,rule-derived from synthetic thresholds
99,4,Ludhiana,sandy,Wheat,353,5.8,62,0.54,6.34,1.03,42.1,94.3,21.2,-0.69,medium,low,low,1,0,rule-derived from synthetic thresholds
100,8,Guntur,clay,Turmeric,425,1.1,298,0.76,8.58,0.34,87.2,260.4,27.9,0.2,medium,low,high,1,1,rule-derived from synthetic thresholds
101,11,Kanpur,loam,Groundnut,310,45.8,267,0.58,7.61,0.54,82.0,243.0,22.7,-1.58,medium,high,medium,0,1,rule-derived from synthetic thresholds
102,11,Kanpur,loam,Rice,440,28.0,203,0.51,7.14,0.27,65.2,179.7,24.3,-0.83,medium,high,medium,0,1,rule-derived from synthetic thresholds
103,8,Guntur,clay,Chilli,477,11.3,286,0.6,7.35,0.59,41.6,103.4,30.2,-0.3,medium,medium,high,0,1,rule-derived from synthetic thresholds
104,9,Indore,clay,Banana,491,67.8,261,0.76,7.95,0.84,202.2,567.7,28.0,-0.07,medium,high,medium,0,1,rule-derived from synthetic thresholds
105,7,Pune,clay,Sugarcane,397,79.0,250,0.6,7.84,0.45,80.9,234.4,23.8,-0.84,medium,high,medium,0,1,rule-derived from synthetic thresholds
106,8,Guntur,clay,Chilli,381,38.8,353,0.68,7.62,0.31,38.1,123.7,25.4,0.03,medium,high,high,0,1,rule-derived from synthetic thresholds
107,12,Patna,loam,Maize,374,14.7,168,0.57,7.49,0.36,48.6,144.4,20.9,0.5,medium,medium,medium,0,0,rule-derived from synthetic thresholds
108,8,Guntur,clay,Cotton,409,4.2,275,0.75,6.51,0.56,5.2,13.9,27.4,-0.13,medium,low,medium,1,0,rule-derived from synthetic thresholds
109,6,Nagpur,clay,Sugarcane,388,17.5,150,0.52,7.99,0.29,146.6,387.3,28.1,-1.43,medium,medium,medium,0,0,rule-derived from synthetic thresholds
110,15,Kolkata (24 Pgs),clay,Rice,384,12.7,322,0.7,7.54,2.64,230.3,696.8,25.2,0.13,medium,medium,high,0,1,rule-derived from synthetic thresholds
111,14,Dharwad,clay,Sorghum,513,20.9,250,0.77,8.22,1.49,71.0,245.5,22.0,0.87,medium,medium,medium,0,0,rule-derived from synthetic thresholds
112,13,Bengaluru Rural,sandy,Tomato,201,16.5,125,0.28,5.6,0.56,66.1,223.1,21.2,-0.49,low,medium,medium,1,0,rule-derived from synthetic thresholds
113,13,Bengaluru Rural,sandy,Ragi,323,2.5,202,0.4,6.96,0.73,198.8,682.6,27.5,0.05,medium,low,medium,1,0,rule-derived from synthetic thresholds
114,6,Nagpur,clay,Cotton,166,5.8,195,0.41,7.29,0.82,116.1,247.8,27.1,-0.54,low,low,medium,1,0,rule-derived from synthetic thresholds
115,15,Kolkata (24 Pgs),clay,Potato,509,49.8,293,0.95,8.35,1.25,80.1,211.2,27.9,0.13,medium,high,high,0,1,rule-derived from synthetic thresholds
116,10,Jaipur,sandy,Pearl millet,248,60.5,197,0.47,6.16,0.27,18.9,50.4,23.6,-0.74,low,high,medium,1,1,rule-derived from synthetic thresholds
117,14,Dharwad,clay,Green gram,448,23.3,193,0.69,8.47,0.3,22.9,74.3,26.8,0.68,medium,medium,medium,0,0,rule-derived from synthetic thresholds
118,1,Thanjavur,clay,Sugarcane,422,11.3,206,0.8,9.09,0.26,45.8,163.1,26.6,0.14,medium,medium,medium,0,0,rule-derived from synthetic thresholds
119,2,Coimbatore,loam,Banana,420,10.6,379,0.51,5.45,0.78,37.6,128.4,26.7,0.41,medium,medium,high,0,1,rule-derived from synthetic thresholds
120,1,Thanjavur,clay,Rice,363,84.0,120,0.15,7.84,1.57,201.4,555.8,32.4,0.64,medium,high,medium,0,1,rule-derived from synthetic thresholds
121,15,Kolkata (24 Pgs),clay,Mustard,332,35.6,389,0.43,7.22,0.45,105.7,322.0,28.4,-0.87,medium,high,high,0,1,rule-derived from synthetic thresholds
122,5,Karnal,loam,Green gram,311,11.3,242,0.48,8.71,0.4,78.8,172.2,27.7,0.08,medium,medium,medium,0,0,rule-derived from synthetic thresholds
123,1,Thanjavur,clay,Turmeric,272,13.8,271,0.54,7.91,0.38,82.2,283.4,25.7,-0.89,low,medium,medium,1,0,rule-derived from synthetic thresholds
124,12,Patna,loam,Chilli,267,10.2,299,0.47,6.96,0.25,206.4,421.0,29.5,0.53,low,medium,high,1,1,rule-derived from synthetic thresholds
125,12,Patna,loam,Rice,462,10.7,203,0.89,7.24,0.9,69.2,210.4,24.0,1.45,medium,medium,medium,0,0,rule-derived from synthetic thresholds
126,14,Dharwad,clay,Sorghum,411,22.1,189,0.94,7.29,1.13,186.9,428.6,26.6,-0.24,medium,medium,medium,0,0,rule-derived from synthetic thresholds
127,9,Indore,clay,Onion,447,14.8,343,0.72,6.36,0.64,20.2,66.6,24.8,0.34,medium,medium,high,0,1,rule-derived from synthetic thresholds
128,11,Kanpur,loam,Sorghum,458,10.8,44,0.48,6.92,0.62,82.2,225.4,23.1,0.76,medium,medium,low,1,0,rule-derived from synthetic thresholds
129,10,Jaipur,sandy,Mustard,244,17.4,175,0.16,6.15,0.55,78.5,248.5,29.4,1.81,low,medium,medium,1,0,rule-derived from synthetic thresholds
130,11,Kanpur,loam,Potato,469,9.3,323,0.62,6.1,3.14,98.3,320.1,19.8,-0.95,medium,low,high,1,1,rule-derived from synthetic thresholds
131,8,Guntur,clay,Banana,401,5.0,402,0.62,7.5,1.04,25.8,58.1,27.7,0.93,medium,low,high,1,1,rule-derived from synthetic thresholds
132,1,Thanjavur,clay,Groundnut,385,71.3,207,0.66,8.4,2.11,119.7,334.5,26.1,-0.57,medium,high,medium,0,1,rule-derived from synthetic thresholds
133,3,Madurai,sandy,Lentil,237,17.9,227,0.4,7.66,0.5,49.0,159.6,27.8,-1.26,low,medium,medium,1,0,rule-derived from synthetic thresholds
134,14,Dharwad,clay,Cotton,319,29.4,303,0.5,7.94,0.21,87.4,304.9,23.6,-0.51,medium,high,high,0,1,rule-derived from synthetic thresholds
135,1,Thanjavur,clay,Groundnut,357,14.9,149,0.75,6.96,0.68,37.9,120.1,28.5,-1.9,medium,medium,medium,0,0,rule-derived from synthetic thresholds
136,2,Coimbatore,loam,Green gram,461,7.1,237,0.36,6.61,0.53,27.4,91.2,29.1,-0.62,medium,low,medium,1,0,rule-derived from synthetic thresholds
137,13,Bengaluru Rural,sandy,Maize,390,21.6,153,0.58,7.21,0.34,131.5,365.4,28.5,-0.12,medium,medium,medium,0,0,rule-derived from synthetic thresholds
138,15,Kolkata (24 Pgs),clay,Wheat,261,14.8,121,0.36,6.58,0.67,155.3,516.9,26.3,-0.01,low,medium,medium,1,0,rule-derived from synthetic thresholds
139,7,Pune,clay,Sugarcane,452,13.1,106,0.61,6.84,1.15,16.8,51.4,18.6,1.44,medium,medium,low,1,0,rule-derived from synthetic thresholds
140,3,Madurai,sandy,Rice,365,26.5,124,0.47,5.41,0.75,73.1,161.2,26.8,0.34,medium,high,medium,0,1,rule-derived from synthetic thresholds
141,9,Indore,clay,Chickpea,441,13.1,200,0.73,9.2,1.37,83.0,284.8,17.6,-1.22,medium,medium,medium,0,0,rule-derived from synthetic thresholds
142,1,Thanjavur,clay,Banana,495,4.6,311,0.86,7.58,0.98,81.4,259.4,26.5,-1.0,medium,low,high,1,1,rule-derived from synthetic thresholds
143,6,Nagpur,clay,Turmeric,351,60.3,192,0.44,7.5,0.65,16.2,48.8,28.1,-0.14,medium,high,medium,0,1,rule-derived from synthetic thresholds
144,9,Indore,clay,Soybean,300,44.9,84,0.56,7.68,0.57,9.9,33.4,29.7,-0.42,medium,high,low,1,1,rule-derived from synthetic thresholds
145,14,Dharwad,clay,Cotton,218,27.0,340,0.47,5.55,0.11,84.7,220.7,24.3,0.03,low,high,high,1,1,rule-derived from synthetic thresholds
146,2,Coimbatore,loam,Sorghum,325,8.2,51,0.55,7.06,1.05,33.1,83.6,31.2,2.26,medium,low,low,1,0,rule-derived from synthetic thresholds
147,10,Jaipur,sandy,Lentil,327,38.4,46,0.31,6.8,0.34,30.3,90.5,26.9,-0.43,medium,high,low,1,1,rule-derived from synthetic thresholds
148,1,Thanjavur,clay,Rice,334,15.4,67,0.62,7.63,0.55,70.7,197.5,26.9,0.52,medium,medium,low,1,0,rule-derived from synthetic thresholds
149,7,Pune,clay,Maize,529,32.3,277,0.69,7.07,1.55,112.5,269.5,23.2,0.92,medium,high,medium,0,1,rule-derived from synthetic thresholds
150,11,Kanpur,loam,Potato,522,3.4,195,0.65,6.48,0.82,27.5,88.7,22.2,0.33,medium,low,medium,1,0,rule-derived from synthetic thresholds
151,1,Thanjavur,clay,Groundnut,285,8.3,236,0.41,8.9,1.08,56.4,176.6,28.6,-0.61,medium,low,medium,1,0,rule-derived from synthetic thresholds
152,12,Patna,loam,Maize,377,27.7,376,0.7,7.68,0.57,26.9,64.3,32.5,-0.72,medium,high,high,0,1,rule-derived from synthetic thresholds
153,15,Kolkata (24 Pgs),clay,Potato,318,5.1,356,0.61,6.82,0.36,113.8,247.3,24.6,1.35,medium,low,high,1,1,rule-derived from synthetic thresholds
154,5,Karnal,loam,Sugarcane,276,8.8,193,0.41,6.53,0.71,26.9,63.6,22.6,0.94,low,low,medium,1,0,rule-derived from synthetic thresholds
155,12,Patna,loam,Rice,382,49.2,198,0.42,5.92,0.37,70.2,205.3,26.3,-1.53,medium,high,medium,0,1,rule-derived from synthetic thresholds
156,9,Indore,clay,Soybean,382,6.7,341,0.67,6.73,0.68,129.1,407.2,23.1,-0.46,medium,low,high,1,1,rule-derived from synthetic thresholds
157,14,Dharwad,clay,Sorghum,497,14.8,344,0.78,6.3,0.73,120.1,306.0,21.9,0.52,medium,medium,high,0,1,rule-derived from synthetic thresholds
158,9,Indore,clay,Soybean,482,17.1,270,0.48,7.63,1.15,234.3,736.3,23.3,0.55,medium,medium,medium,0,0,rule-derived from synthetic thresholds
159,13,Bengaluru Rural,sandy,Ragi,371,7.8,225,0.33,7.7,0.4,49.6,105.1,27.4,0.51,medium,low,medium,1,0,rule-derived from synthetic thresholds
160,3,Madurai,sandy,Rice,237,6.5,129,0.17,7.49,0.6,32.2,114.0,31.2,-1.21,low,low,medium,1,0,rule-derived from synthetic thresholds
161,4,Ludhiana,sandy,Maize,324,24.2,251,0.54,4.78,0.62,29.9,83.8,25.1,0.9,medium,medium,medium,0,0,rule-derived from synthetic thresholds
162,7,Pune,clay,Sugarcane,374,29.3,30,0.77,9.02,1.54,183.1,568.9,25.4,0.24,medium,high,low,1,1,rule-derived from synthetic thresholds
163,14,Dharwad,clay,Chilli,381,13.3,155,0.71,7.48,1.18,60.5,130.0,23.1,0.34,medium,medium,medium,0,0,rule-derived from synthetic thresholds
164,10,Jaipur,sandy,Mustard,136,5.1,30,0.15,5.76,0.42,12.7,26.0,24.9,-0.78,low,low,low,1,0,rule-derived from synthetic thresholds
165,4,Ludhiana,sandy,Sugarcane,115,19.4,81,0.15,7.84,0.54,80.4,243.9,22.9,1.03,low,medium,low,1,0,rule-derived from synthetic thresholds
166,14,Dharwad,clay,Sorghum,394,18.7,240,0.68,8.01,2.05,108.6,330.8,17.7,-0.67,medium,medium,medium,0,0,rule-derived from synthetic thresholds
167,10,Jaipur,sandy,Chickpea,389,21.5,179,0.38,5.62,0.85,6.3,16.9,25.8,1.44,medium,medium,medium,0,0,rule-derived from synthetic thresholds
168,7,Pune,clay,Onion,490,23.9,263,0.72,7.52,1.2,30.5,95.1,28.7,-0.94,medium,medium,medium,0,0,rule-derived from synthetic thresholds
169,6,Nagpur,clay,Turmeric,574,10.0,30,0.84,8.72,0.62,185.7,652.0,25.9,0.49,high,medium,low,1,1,rule-derived from synthetic thresholds
170,11,Kanpur,loam,Potato,504,12.7,271,0.84,6.42,1.62,79.1,209.2,25.2,-0.09,medium,medium,medium,0,0,rule-derived from synthetic thresholds
171,14,Dharwad,clay,Sorghum,401,11.6,48,0.55,7.47,0.22,133.8,326.3,23.5,-0.7,medium,medium,low,1,0,rule-derived from synthetic thresholds
172,8,Guntur,clay,Rice,458,4.2,352,0.71,6.85,0.79,66.1,141.6,27.9,-1.15,medium,low,high,1,1,rule-derived from synthetic thresholds
173,13,Bengaluru Rural,sandy,Tomato,555,31.9,30,0.89,5.03,0.49,209.5,581.0,26.1,-0.2,medium,high,low,1,1,rule-derived from synthetic thresholds
174,11,Kanpur,loam,Rice,603,34.9,350,0.66,5.72,1.27,222.3,777.5,23.8,-0.48,high,high,high,0,1,rule-derived from synthetic thresholds
175,2,Coimbatore,loam,Sorghum,497,43.2,132,0.62,7.58,0.83,141.1,349.9,25.6,-0.35,medium,high,medium,0,1,rule-derived from synthetic thresholds
176,12,Patna,loam,Rice,276,19.5,312,0.53,7.24,1.16,15.5,49.5,26.0,-0.77,low,medium,high,1,1,rule-derived from synthetic thresholds
177,9,Indore,clay,Cotton,571,8.2,123,1.11,8.69,0.33,195.1,652.1,24.1,-1.76,high,low,medium,1,1,rule-derived from synthetic thresholds
178,8,Guntur,clay,Rice,517,18.0,275,0.79,7.24,1.68,18.0,50.4,28.5,-0.52,medium,medium,medium,0,0,rule-derived from synthetic thresholds
179,10,Jaipur,sandy,Chilli,341,11.1,130,0.37,6.77,0.17,145.6,499.7,23.7,-0.55,medium,medium,medium,0,0,rule-derived from synthetic thresholds
180,1,Thanjavur,clay,Groundnut,394,2.6,393,0.81,8.77,1.39,109.4,263.9,27.5,-1.08,medium,low,high,1,1,rule-derived from synthetic thresholds
181,14,Dharwad,clay,Cotton,522,2.4,115,0.96,9.2,0.47,50.1,125.7,29.0,1.26,medium,low,medium,1,0,rule-derived from synthetic thresholds
182,14,Dharwad,clay,Cotton,408,4.3,306,0.72,8.0,0.72,46.1,129.1,26.6,-0.27,medium,low,high,1,1,rule-derived from synthetic thresholds
183,15,Kolkata (24 Pgs),clay,Onion,487,4.2,238,0.63,7.31,0.78,175.7,492.3,28.0,-0.18,medium,low,medium,1,0,rule-derived from synthetic thresholds
184,10,Jaipur,sandy,Mustard,360,2.7,113,0.51,7.1,0.49,53.6,191.5,27.9,-1.3,medium,low,medium,1,0,rule-derived from synthetic thresholds
185,4,Ludhiana,sandy,Rice,277,12.1,320,0.61,6.39,3.52,29.2,68.3,18.9,-0.22,low,medium,high,1,1,rule-derived from synthetic thresholds
186,10,Jaipur,sandy,Mustard,242,38.5,208,0.27,6.39,0.81,48.6,127.7,25.6,-0.13,low,high,medium,1,1,rule-derived from synthetic thresholds
187,5,Karnal,loam,Wheat,405,4.1,30,0.72,8.8,0.53,35.2,122.6,25.2,0.09,medium,low,low,1,0,rule-derived from synthetic thresholds
188,8,Guntur,clay,Pearl millet,343,4.1,194,0.48,7.68,0.79,43.4,102.8,29.5,-0.91,medium,low,medium,1,0,rule-derived from synthetic thresholds
189,13,Bengaluru Rural,sandy,Pearl millet,251,24.5,127,0.49,7.61,1.67,22.5,66.0,28.4,1.44,low,medium,medium,1,0,rule-derived from synthetic thresholds
190,3,Madurai,sandy,Rice,331,9.5,131,0.32,6.53,0.15,223.1,542.7,28.8,-0.41,medium,low,medium,1,0,rule-derived from synthetic thresholds
191,7,Pune,clay,Onion,319,43.3,167,0.24,7.47,1.71,96.2,333.3,26.7,0.63,medium,high,medium,0,1,rule-derived from synthetic thresholds
192,8,Guntur,clay,Chilli,517,8.8,121,0.81,8.28,1.01,60.9,217.6,27.7,-2.09,medium,low,medium,1,0,rule-derived from synthetic thresholds
193,14,Dharwad,clay,Chilli,304,31.8,104,0.23,7.59,0.59,19.1,48.2,19.2,-1.37,medium,high,low,1,1,rule-derived from synthetic thresholds
194,9,Indore,clay,Pearl millet,337,20.3,287,0.6,5.95,0.86,51.6,120.3,23.4,-0.17,medium,medium,high,0,1,rule-derived from synthetic thresholds
195,6,Nagpur,clay,Pigeon pea,397,42.0,325,0.6,7.74,0.33,86.6,271.3,26.9,-1.38,medium,high,high,0,1,rule-derived from synthetic thresholds
196,6,Nagpur,clay,Cotton,328,4.9,241,0.51,6.1,0.39,28.9,92.9,29.7,0.36,medium,low,medium,1,0,rule-derived from synthetic thresholds
197,5,Karnal,loam,Pigeon pea,418,31.3,142,0.61,7.83,0.33,50.9,180.6,21.7,-0.65,medium,high,medium,0,1,rule-derived from synthetic thresholds
198,3,Madurai,sandy,Potato,279,10.9,183,0.23,6.65,2.05,30.8,104.9,26.1,1.52,low,medium,medium,1,0,rule-derived from synthetic thresholds
199,11,Kanpur,loam,Rice,321,27.5,261,0.58,7.3,0.91,12.2,32.4,19.9,-1.06,medium,high,medium,0,1,rule-derived from synthetic thresholds
200,12,Patna,loam,Maize,399,20.0,277,0.36,7.61,1.28,257.0,568.6,22.9,1.24,medium,medium,medium,0,0,rule-derived from synthetic thresholds
201,3,Madurai,sandy,Chilli,189,4.0,159,0.15,6.26,1.02,7.7,23.1,30.2,-2.22,low,low,medium,1,0,rule-derived from synthetic thresholds
202,7,Pune,clay,Sugarcane,266,8.9,270,0.47,7.23,0.15,39.1,110.5,24.0,0.04,low,low,medium,1,0,rule-derived from synthetic thresholds
203,12,Patna,loam,Rice,427,42.5,199,0.54,6.7,0.22,46.2,108.7,25.4,-1.67,medium,high,medium,0,1,rule-derived from synthetic thresholds
204,11,Kanpur,loam,Potato,413,52.9,52,0.93,6.04,0.74,72.7,229.3,29.7,-0.62,medium,high,low,1,1,rule-derived from synthetic thresholds
205,2,Coimbatore,loam,Cotton,442,8.8,251,0.63,6.32,0.71,61.7,154.7,28.0,0.02,medium,low,medium,1,0,rule-derived from synthetic thresholds
206,1,Thanjavur,clay,Chilli,456,13.3,232,0.41,6.89,1.29,106.1,358.8,26.0,0.22,medium,medium,medium,0,0,rule-derived from synthetic thresholds
207,2,Coimbatore,loam,Maize,389,43.5,108,0.22,7.66,0.21,5.9,20.6,29.5,1.67,medium,high,low,1,1,rule-derived from synthetic thresholds
208,8,Guntur,clay,Groundnut,486,18.4,291,0.86,6.86,1.34,156.9,509.3,31.5,-0.02,medium,medium,high,0,1,rule-derived from synthetic thresholds
209,14,Dharwad,clay,Chilli,328,11.9,240,0.39,9.02,0.25,243.0,780.8,24.5,0.71,medium,medium,medium,0,0,rule-derived from synthetic thresholds
210,2,Coimbatore,loam,Banana,363,7.0,227,0.51,7.83,0.82,50.5,116.5,25.3,1.13,medium,low,medium,1,0,rule-derived from synthetic thresholds
211,11,Kanpur,loam,Potato,385,11.2,180,0.69,7.79,1.28,67.6,222.8,23.2,0.31,medium,medium,medium,0,0,rule-derived from synthetic thresholds
212,12,Patna,loam,Rice,326,13.4,30,0.39,8.09,1.22,88.0,188.8,32.5,0.75,medium,medium,low,1,0,rule-derived from synthetic thresholds
213,15,Kolkata (24 Pgs),clay,Green gram,383,11.8,319,0.85,7.3,1.14,49.1,111.0,32.8,0.18,medium,medium,high,0,1,rule-derived from synthetic thresholds
214,9,Indore,clay,Chickpea,372,12.8,247,0.78,6.1,1.04,108.9,366.1,24.7,1.92,medium,medium,medium,0,0,rule-derived from synthetic thresholds
215,15,Kolkata (24 Pgs),clay,Potato,442,14.5,303,0.93,8.12,0.62,106.5,271.8,28.2,0.65,medium,medium,high,0,1,rule-derived from synthetic thresholds
216,7,Pune,clay,Maize,465,12.5,148,0.59,7.54,0.36,57.2,131.8,29.5,0.29,medium,medium,medium,0,0,rule-derived from synthetic thresholds
217,4,Ludhiana,sandy,Rice,139,12.2,194,0.12,6.45,1.38,11.5,27.5,29.5,-0.03,low,medium,medium,1,0,rule-derived from synthetic thresholds
218,15,Kolkata (24 Pgs),clay,Rice,351,40.1,205,0.65,7.35,0.23,39.2,127.3,23.7,1.59,medium,high,medium,0,1,rule-derived from synthetic thresholds
219,8,Guntur,clay,Pearl millet,604,26.5,240,0.81,6.94,0.76,44.6,127.8,22.9,0.15,high,high,medium,0,1,rule-derived from synthetic thresholds
220,5,Karnal,loam,Sorghum,448,31.5,160,0.54,7.55,0.62,34.0,69.2,26.5,-0.22,medium,high,medium,0,1,rule-derived from synthetic thresholds
221,10,Jaipur,sandy,Lentil,322,16.5,86,0.84,6.26,0.56,42.1,115.7,29.3,1.13,medium,medium,low,1,0,rule-derived from synthetic thresholds
222,7,Pune,clay,Onion,496,28.9,369,0.66,8.1,1.03,29.1,85.9,20.3,0.5,medium,high,high,0,1,rule-derived from synthetic thresholds
223,12,Patna,loam,Wheat,355,9.2,172,0.58,7.35,0.12,129.0,440.2,21.9,-1.1,medium,low,medium,1,0,rule-derived from synthetic thresholds
224,12,Patna,loam,Mustard,389,6.6,199,0.43,6.85,0.49,108.8,286.4,24.8,-1.33,medium,low,medium,1,0,rule-derived from synthetic thresholds
225,1,Thanjavur,clay,Rice,284,15.6,52,0.39,6.8,0.24,110.1,386.9,27.1,-0.12,medium,medium,low,1,0,rule-derived from synthetic thresholds
226,8,Guntur,clay,Sugarcane,465,2.1,311,0.73,7.9,0.72,5.9,16.5,21.5,-0.21,medium,low,high,1,1,rule-derived from synthetic thresholds
227,13,Bengaluru Rural,sandy,Sunflower,309,10.4,91,0.41,6.78,0.2,40.1,120.7,21.0,1.29,medium,medium,low,1,0,rule-derived from synthetic thresholds
228,10,Jaipur,sandy,Rice,216,16.2,30,0.12,4.9,0.33,21.0,59.2,22.8,1.11,low,medium,low,1,0,rule-derived from synthetic thresholds
229,11,Kanpur,loam,Potato,222,15.4,236,0.25,6.68,0.42,71.7,174.1,26.1,-1.26,low,medium,medium,1,0,rule-derived from synthetic thresholds
230,15,Kolkata (24 Pgs),clay,Rice,473,12.2,247,0.61,7.2,0.18,58.0,200.0,24.1,0.23,medium,medium,medium,0,0,rule-derived from synthetic thresholds
231,6,Nagpur,clay,Pearl millet,511,7.6,154,0.64,7.47,0.92,67.8,241.6,25.9,-0.74,medium,low,medium,1,0,rule-derived from synthetic thresholds
232,11,Kanpur,loam,Wheat,302,9.5,169,0.2,7.88,0.62,142.6,318.0,23.4,-1.47,medium,low,medium,1,0,rule-derived from synthetic thresholds
233,1,Thanjavur,clay,Rice,444,8.9,342,0.91,7.45,1.99,162.2,438.0,28.0,-0.11,medium,low,high,1,1,rule-derived from synthetic thresholds
234,3,Madurai,sandy,Chilli,407,4.1,151,0.54,6.07,0.41,132.3,367.0,25.5,1.23,medium,low,medium,1,0,rule-derived from synthetic thresholds
235,11,Kanpur,loam,Wheat,415,34.2,183,0.8,6.69,0.24,124.9,395.0,26.4,-0.35,medium,high,medium,0,1,rule-derived from synthetic thresholds
236,4,Ludhiana,sandy,Lentil,127,16.8,135,0.29,6.13,0.32,18.9,51.8,25.5,-0.48,low,medium,medium,1,0,rule-derived from synthetic thresholds
237,12,Patna,loam,Wheat,352,48.4,252,0.5,6.96,1.12,57.4,127.7,22.8,0.18,medium,high,medium,0,1,rule-derived from synthetic thresholds
238,14,Dharwad,clay,Sorghum,424,45.6,290,0.57,7.72,0.59,115.6,384.9,20.7,0.39,medium,high,high,0,1,rule-derived from synthetic thresholds
239,14,Dharwad,clay,Chilli,403,12.6,168,0.52,7.57,2.81,89.6,296.2,27.4,0.19,medium,medium,medium,0,0,rule-derived from synthetic thresholds
240,1,Thanjavur,clay,Rice,423,9.2,231,0.69,7.43,0.6,116.7,341.2,32.0,-0.13,medium,low,medium,1,0,rule-derived from synthetic thresholds
241,5,Karnal,loam,Sugarcane,327,21.4,158,0.57,6.34,0.59,42.0,141.4,28.9,0.81,medium,medium,medium,0,0,rule-derived from synthetic thresholds
242,8,Guntur,clay,Cotton,451,16.2,410,0.65,7.61,1.38,8.2,25.0,25.0,-0.05,medium,medium,high,0,1,rule-derived from synthetic thresholds
243,1,Thanjavur,clay,Green gram,275,10.1,340,0.64,7.17,0.25,47.2,145.0,30.2,0.03,low,medium,high,1,1,rule-derived from synthetic thresholds
244,14,Dharwad,clay,Cotton,389,42.6,185,0.51,6.99,0.27,33.4,97.8,26.9,-0.29,medium,high,medium,0,1,rule-derived from synthetic thresholds
245,15,Kolkata (24 Pgs),clay,Potato,383,17.0,144,0.64,8.14,0.4,327.6,659.9,26.7,-2.56,medium,medium,medium,0,0,rule-derived from synthetic thresholds
246,12,Patna,loam,Rice,330,5.5,238,0.58,8.25,0.36,193.2,518.2,31.4,-1.12,medium,low,medium,1,0,rule-derived from synthetic thresholds
247,5,Karnal,loam,Wheat,431,6.8,211,0.45,8.07,0.43,91.9,237.6,27.6,-0.36,medium,low,medium,1,0,rule-derived from synthetic thresholds
248,2,Coimbatore,loam,Sorghum,468,10.1,292,0.89,6.08,0.57,41.5,132.0,22.5,1.26,medium,medium,high,0,1,rule-derived from synthetic thresholds
249,13,Bengaluru Rural,sandy,Tomato,395,49.0,183,0.57,5.49,0.38,28.6,95.6,26.3,1.0,medium,high,medium,0,1,rule-derived from synthetic thresholds
250,12,Patna,loam,Rice,318,9.7,161,0.59,7.65,0.72,83.7,199.7,19.7,0.42,medium,low,medium,1,0,rule-derived from synthetic thresholds
251,15,Kolkata (24 Pgs),clay,Ragi,390,8.8,312,0.6,6.75,0.75,148.9,449.1,28.5,-0.04,medium,low,high,1,1,rule-derived from synthetic thresholds
252,6,Nagpur,clay,Pigeon pea,495,22.6,422,0.84,6.67,1.27,89.9,194.4,26.0,-0.26,medium,medium,high,0,1,rule-derived from synthetic thresholds
253,3,Madurai,sandy,Wheat,546,14.5,30,0.89,6.8,0.26,1.1,3.5,23.7,-0.02,medium,medium,low,1,0,rule-derived from synthetic thresholds
254,14,Dharwad,clay,Chickpea,500,18.3,324,0.64,7.6,0.81,27.7,59.1,25.2,0.66,medium,medium,high,0,1,rule-derived from synthetic thresholds
255,2,Coimbatore,loam,Pigeon pea,266,7.1,36,0.27,6.38,1.36,47.1,142.6,27.8,0.32,low,low,low,1,0,rule-derived from synthetic thresholds
256,9,Indore,clay,Groundnut,452,6.0,253,0.57,8.68,0.54,111.5,381.3,22.6,-2.04,medium,low,medium,1,0,rule-derived from synthetic thresholds
257,8,Guntur,clay,Cotton,313,15.7,221,0.72,7.93,2.34,57.9,166.0,26.3,0.55,medium,medium,medium,0,0,rule-derived from synthetic thresholds
258,9,Indore,clay,Wheat,413,2.9,216,0.5,8.29,1.41,62.0,158.5,30.2,0.92,medium,low,medium,1,0,rule-derived from synthetic thresholds
259,7,Pune,clay,Maize,242,11.3,316,0.46,7.4,0.9,24.3,75.8,24.1,-0.83,low,medium,high,1,1,rule-derived from synthetic thresholds
260,1,Thanjavur,clay,Rice,507,12.4,172,0.81,7.79,1.61,98.7,200.8,28.1,-1.35,medium,medium,medium,0,0,rule-derived from synthetic thresholds
261,10,Jaipur,sandy,Onion,155,16.2,30,0.12,5.49,0.89,27.7,68.1,30.7,1.28,low,medium,low,1,0,rule-derived from synthetic thresholds
262,4,Ludhiana,sandy,Rice,380,4.0,30,0.55,5.87,0.2,53.9,157.1,26.1,-0.93,medium,low,low,1,0,rule-derived from synthetic thresholds
263,2,Coimbatore,loam,Maize,503,23.2,186,0.68,7.65,0.21,50.5,170.4,26.0,0.44,medium,medium,medium,0,0,rule-derived from synthetic thresholds
264,7,Pune,clay,Onion,429,15.1,269,0.59,7.01,0.59,26.8,59.2,22.4,0.01,medium,medium,medium,0,0,rule-derived from synthetic thresholds
265,5,Karnal,loam,Wheat,316,23.6,136,0.2,7.75,0.29,13.8,41.2,23.3,-0.34,medium,medium,medium,0,0,rule-derived from synthetic thresholds
266,11,Kanpur,loam,Rice,335,16.6,279,0.56,8.04,0.24,127.5,351.4,23.8,-0.44,medium,medium,medium,0,0,rule-derived from synthetic thresholds
267,6,Nagpur,clay,Mustard,414,17.1,157,0.48,7.54,0.85,31.0,100.3,25.8,2.55,medium,medium,medium,0,0,rule-derived from synthetic thresholds
268,8,Guntur,clay,Chickpea,511,34.1,326,1.14,7.07,0.91,106.9,218.6,27.2,0.34,medium,high,high,0,1,rule-derived from synthetic thresholds
269,8,Guntur,clay,Tomato,498,5.6,180,0.82,6.09,1.13,39.1,115.5,23.9,-0.62,medium,low,medium,1,0,rule-derived from synthetic thresholds
270,13,Bengaluru Rural,sandy,Maize,373,10.6,148,0.57,6.15,0.45,37.6,106.0,24.8,0.6,medium,medium,medium,0,0,rule-derived from synthetic thresholds
271,2,Coimbatore,loam,Sorghum,465,11.1,128,0.8,8.79,3.13,49.6,117.6,25.3,0.54,medium,medium,medium,0,0,rule-derived from synthetic thresholds
272,1,Thanjavur,clay,Tomato,629,12.7,382,1.0,7.8,0.41,69.1,243.8,24.2,-0.82,high,medium,high,0,1,rule-derived from synthetic thresholds
273,14,Dharwad,clay,Chilli,495,4.8,191,0.81,7.64,1.18,20.3,67.1,21.6,0.23,medium,low,medium,1,0,rule-derived from synthetic thresholds
274,5,Karnal,loam,Ragi,341,7.3,159,0.46,7.17,0.14,19.8,58.5,26.2,0.09,medium,low,medium,1,0,rule-derived from synthetic thresholds
275,11,Kanpur,loam,Pigeon pea,349,31.1,360,0.51,7.69,0.41,39.6,133.4,18.9,-0.38,medium,high,high,0,1,rule-derived from synthetic thresholds
276,9,Indore,clay,Chickpea,247,5.2,250,0.36,7.12,1.22,198.3,473.9,25.5,-0.53,low,low,medium,1,0,rule-derived from synthetic thresholds
277,12,Patna,loam,Rice,221,3.9,35,0.45,7.69,0.24,240.1,584.3,29.6,1.61,low,low,low,1,0,rule-derived from synthetic thresholds
278,10,Jaipur,sandy,Maize,331,12.6,30,0.49,6.17,0.45,17.9,43.1,21.7,-0.14,medium,medium,low,1,0,rule-derived from synthetic thresholds
279,4,Ludhiana,sandy,Maize,282,25.3,38,0.32,7.18,0.3,6.7,23.5,26.9,0.1,medium,high,low,1,1,rule-derived from synthetic thresholds
280,8,Guntur,clay,Lentil,354,17.3,236,0.5,8.37,0.76,59.4,207.5,25.9,-0.22,medium,medium,medium,0,0,rule-derived from synthetic thresholds
281,5,Karnal,loam,Wheat,282,5.1,118,0.41,7.31,0.43,14.7,52.5,28.9,1.74,medium,low,medium,1,0,rule-derived from synthetic thresholds
282,6,Nagpur,clay,Soybean,397,21.2,410,0.45,9.2,0.15,89.5,274.2,29.2,1.0,medium,medium,high,0,1,rule-derived from synthetic thresholds
283,9,Indore,clay,Soybean,421,51.5,199,0.86,7.5,0.53,11.2,26.1,33.1,-0.09,medium,high,medium,0,1,rule-derived from synthetic thresholds
284,2,Coimbatore,loam,Banana,227,11.1,184,0.63,6.19,0.39,31.8,75.6,22.0,-0.24,low,medium,medium,1,0,rule-derived from synthetic thresholds
285,1,Thanjavur,clay,Groundnut,186,22.1,250,0.42,7.3,0.96,23.1,59.2,30.6,0.47,low,medium,medium,1,0,rule-derived from synthetic thresholds
286,11,Kanpur,loam,Potato,353,36.6,234,0.45,7.97,0.32,29.0,72.0,24.4,-1.02,medium,high,medium,0,1,rule-derived from synthetic thresholds
287,2,Coimbatore,loam,Cotton,427,35.0,253,0.57,7.63,0.42,32.8,82.0,23.6,1.93,medium,high,medium,0,1,rule-derived from synthetic thresholds
288,14,Dharwad,clay,Cotton,382,53.4,160,0.67,7.24,1.09,13.4,36.6,25.3,1.55,medium,high,medium,0,1,rule-derived from synthetic thresholds
289,10,Jaipur,sandy,Mustard,329,4.7,145,0.32,6.69,2.15,48.6,101.0,24.6,1.3,medium,low,medium,1,0,rule-derived from synthetic thresholds
290,13,Bengaluru Rural,sandy,Chilli,409,7.0,73,0.49,7.02,0.35,25.3,62.5,25.2,-1.03,medium,low,low,1,0,rule-derived from synthetic thresholds
291,8,Guntur,clay,Chilli,402,19.9,218,0.73,7.74,0.5,23.3,51.6,29.1,0.51,medium,medium,medium,0,0,rule-derived from synthetic thresholds
292,11,Kanpur,loam,Pearl millet,323,22.4,93,0.39,6.14,0.38,15.3,51.3,25.1,-1.77,medium,medium,low,1,0,rule-derived from synthetic thresholds
293,3,Madurai,sandy,Chilli,291,18.7,77,0.52,6.45,0.77,150.4,494.8,31.3,1.05,medium,medium,low,1,0,rule-derived from synthetic thresholds
294,10,Jaipur,sandy,Mustard,388,12.8,130,0.64,6.5,0.48,6.4,17.4,27.9,0.39,medium,medium,medium,0,0,rule-derived from synthetic thresholds
295,5,Karnal,loam,Ragi,286,13.4,159,0.37,7.69,1.15,20.9,42.1,24.2,1.78,medium,medium,medium,0,0,rule-derived from synthetic thresholds
296,12,Patna,loam,Sunflower,364,6.9,112,0.72,8.42,0.32,20.6,41.5,26.5,-2.22,medium,low,medium,1,0,rule-derived from synthetic thresholds
297,6,Nagpur,clay,Cotton,375,21.4,145,0.64,7.32,0.86,162.1,538.4,21.7,-2.06,medium,medium,medium,0,0,rule-derived from synthetic thresholds
298,12,Patna,loam,Rice,393,31.5,169,0.63,5.5,0.76,79.7,257.2,28.1,0.58,medium,high,medium,0,1,rule-derived from synthetic thresholds
299,14,Dharwad,clay,Sorghum,355,21.7,200,0.56,7.28,0.2,64.5,134.6,24.7,-0.8,medium,medium,medium,0,0,rule-derived from synthetic thresholds
300,1,Thanjavur,clay,Rice,269,26.4,188,0.58,9.2,0.42,137.7,476.9,29.5,-1.42,low,high,medium,1,1,rule-derived from synthetic thresholds
301,1,Thanjavur,clay,Green gram,416,19.5,270,0.36,7.38,2.91,22.2,68.7,26.3,-1.07,medium,medium,medium,0,0,rule-derived from synthetic thresholds
302,6,Nagpur,clay,Pigeon pea,575,58.0,113,0.76,8.59,0.29,61.7,130.5,19.9,1.39,high,high,medium,0,1,rule-derived from synthetic thresholds
303,9,Indore,clay,Banana,426,12.9,210,0.47,6.44,0.84,113.7,357.5,26.0,-0.36,medium,medium,medium,0,0,rule-derived from synthetic thresholds
304,14,Dharwad,clay,Cotton,569,6.2,345,0.81,6.49,1.18,145.9,295.1,24.9,-0.1,high,low,high,1,1,rule-derived from synthetic thresholds
305,7,Pune,clay,Onion,248,26.0,327,0.63,7.83,0.35,106.2,256.7,19.5,0.42,low,high,high,1,1,rule-derived from synthetic thresholds
306,13,Bengaluru Rural,sandy,Tomato,450,8.4,30,0.63,5.94,1.58,59.9,207.8,19.9,0.94,medium,low,low,1,0,rule-derived from synthetic thresholds
307,11,Kanpur,loam,Ragi,524,15.1,50,0.96,7.7,1.12,130.2,320.5,19.5,-1.15,medium,medium,low,1,0,rule-derived from synthetic thresholds
308,11,Kanpur,loam,Wheat,384,7.8,149,0.56,8.15,1.71,139.0,396.2,22.4,-1.42,medium,low,medium,1,0,rule-derived from synthetic thresholds
309,14,Dharwad,clay,Sugarcane,452,16.8,288,0.74,8.36,0.35,29.0,90.9,24.5,-0.66,medium,medium,high,0,1,rule-derived from synthetic thresholds
310,5,Karnal,loam,Wheat,424,55.2,264,0.68,7.02,0.56,36.3,76.3,20.9,0.54,medium,high,medium,0,1,rule-derived from synthetic thresholds
311,11,Kanpur,loam,Rice,101,20.8,30,0.13,7.69,1.2,46.2,97.6,21.6,0.75,low,medium,low,1,0,rule-derived from synthetic thresholds
312,12,Patna,loam,Maize,381,23.5,304,0.67,8.13,1.23,122.5,337.2,27.5,1.55,medium,medium,high,0,1,rule-derived from synthetic thresholds
313,15,Kolkata (24 Pgs),clay,Potato,501,41.2,189,0.74,9.01,1.06,27.9,73.6,28.0,-0.63,medium,high,medium,0,1,rule-derived from synthetic thresholds
314,4,Ludhiana,sandy,Banana,380,46.3,65,0.33,6.65,1.18,18.5,57.2,24.6,-0.99,medium,high,low,1,1,rule-derived from synthetic thresholds
315,12,Patna,loam,Wheat,414,10.0,233,0.71,6.34,2.11,18.0,39.7,29.0,-0.89,medium,medium,medium,0,0,rule-derived from synthetic thresholds
316,4,Ludhiana,sandy,Rice,425,28.2,257,0.39,6.62,1.64,105.7,326.6,29.5,-0.25,medium,high,medium,0,1,rule-derived from synthetic thresholds
317,15,Kolkata (24 Pgs),clay,Potato,318,16.1,251,0.4,7.77,1.71,15.1,49.8,29.5,0.61,medium,medium,medium,0,0,rule-derived from synthetic thresholds
318,9,Indore,clay,Chickpea,387,7.2,159,0.7,7.62,1.04,59.0,129.7,29.2,-0.83,medium,low,medium,1,0,rule-derived from synthetic thresholds
319,14,Dharwad,clay,Turmeric,354,24.7,153,0.66,9.19,0.73,18.5,44.7,30.7,0.23,medium,medium,medium,0,0,rule-derived from synthetic thresholds
320,9,Indore,clay,Pearl millet,597,10.3,385,0.72,7.48,0.37,30.6,90.2,25.9,-0.6,high,medium,high,0,1,rule-derived from synthetic thresholds
321,2,Coimbatore,loam,Sorghum,313,10.4,69,0.48,7.28,0.34,33.8,67.8,24.3,-1.45,medium,medium,low,1,0,rule-derived from synthetic thresholds
322,6,Nagpur,clay,Cotton,378,34.7,374,0.34,7.33,1.49,47.8,135.8,27.3,0.36,medium,high,high,0,1,rule-derived from synthetic thresholds
323,10,Jaipur,sandy,Wheat,397,12.4,113,0.64,6.51,0.23,74.1,151.0,26.5,1.01,medium,medium,medium,0,0,rule-derived from synthetic thresholds
324,10,Jaipur,sandy,Wheat,456,36.0,213,0.74,7.83,0.61,43.0,123.9,19.3,-0.14,medium,high,medium,0,1,rule-derived from synthetic thresholds
325,9,Indore,clay,Chickpea,426,35.8,210,0.47,7.94,0.57,24.1,74.9,22.5,-0.5,medium,high,medium,0,1,rule-derived from synthetic thresholds
326,11,Kanpur,loam,Green gram,385,8.5,247,0.82,7.8,0.7,19.9,68.3,30.4,-1.32,medium,low,medium,1,0,rule-derived from synthetic thresholds
327,9,Indore,clay,Soybean,515,7.3,169,0.59,8.42,0.38,97.4,325.4,26.9,0.22,medium,low,medium,1,0,rule-derived from synthetic thresholds
328,3,Madurai,sandy,Rice,258,23.2,88,0.18,6.19,1.05,52.6,129.1,28.7,-1.33,low,medium,low,1,0,rule-derived from synthetic thresholds
329,2,Coimbatore,loam,Banana,331,8.5,197,0.56,6.21,0.32,28.3,74.8,24.7,0.09,medium,low,medium,1,0,rule-derived from synthetic thresholds
330,5,Karnal,loam,Mustard,328,9.3,177,0.27,8.74,0.22,156.1,453.4,23.4,-0.69,medium,low,medium,1,0,rule-derived from synthetic thresholds
331,3,Madurai,sandy,Cotton,362,37.3,164,0.33,7.02,0.4,143.4,491.6,31.5,-0.55,medium,high,medium,0,1,rule-derived from synthetic thresholds
332,11,Kanpur,loam,Rice,512,35.8,308,0.81,6.22,0.99,30.7,109.0,24.4,-1.76,medium,high,high,0,1,rule-derived from synthetic thresholds
333,15,Kolkata (24 Pgs),clay,Mustard,217,5.2,273,0.51,8.42,0.44,289.4,872.7,25.2,0.54,low,low,medium,1,0,rule-derived from synthetic thresholds
334,14,Dharwad,clay,Cotton,335,30.5,301,0.43,8.61,1.14,41.8,116.8,28.6,-0.33,medium,high,high,0,1,rule-derived from synthetic thresholds
335,9,Indore,clay,Chickpea,481,11.7,197,0.67,8.16,0.87,172.4,460.7,22.2,-1.25,medium,medium,medium,0,0,rule-derived from synthetic thresholds
336,14,Dharwad,clay,Sorghum,263,15.5,221,0.26,7.77,0.81,156.1,352.7,22.5,-0.09,low,medium,medium,1,0,rule-derived from synthetic thresholds
337,10,Jaipur,sandy,Tomato,294,7.7,87,0.68,7.36,0.62,30.2,103.7,31.6,-1.12,medium,low,low,1,0,rule-derived from synthetic thresholds
338,2,Coimbatore,loam,Ragi,351,6.3,346,0.37,7.26,0.8,74.0,237.6,27.6,-0.82,medium,low,high,1,1,rule-derived from synthetic thresholds
339,9,Indore,clay,Chickpea,267,10.0,382,0.65,7.67,0.41,64.2,133.2,25.6,-0.36,low,medium,high,1,1,rule-derived from synthetic thresholds
340,9,Indore,clay,Wheat,454,8.6,241,0.92,7.72,0.84,170.0,430.5,26.2,-0.52,medium,low,medium,1,0,rule-derived from synthetic thresholds
341,9,Indore,clay,Wheat,310,16.9,321,0.28,7.22,0.75,40.1,114.2,28.7,0.03,medium,medium,high,0,1,rule-derived from synthetic thresholds
342,13,Bengaluru Rural,sandy,Tomato,342,8.1,202,0.18,6.81,0.66,39.3,86.7,17.2,-0.32,medium,low,medium,1,0,rule-derived from synthetic thresholds
343,15,Kolkata (24 Pgs),clay,Pearl millet,321,27.5,305,0.66,7.24,0.99,139.2,394.7,29.7,-1.79,medium,high,high,0,1,rule-derived from synthetic thresholds
344,4,Ludhiana,sandy,Rice,304,14.2,57,0.43,5.29,0.32,17.4,44.4,20.1,-0.04,medium,medium,low,1,0,rule-derived from synthetic thresholds
345,1,Thanjavur,clay,Green gram,369,15.9,429,0.6,8.13,0.96,54.2,160.7,29.9,-0.96,medium,medium,high,0,1,rule-derived from synthetic thresholds
346,10,Jaipur,sandy,Pearl millet,349,25.1,237,0.31,6.59,0.87,47.0,118.5,25.0,-0.1,medium,high,medium,0,1,rule-derived from synthetic thresholds
347,2,Coimbatore,loam,Maize,526,16.0,283,0.58,7.12,0.27,153.6,380.9,26.0,-0.39,medium,medium,high,0,1,rule-derived from synthetic thresholds
348,7,Pune,clay,Maize,527,20.4,338,0.99,7.89,0.32,46.6,166.4,23.7,-0.74,medium,medium,high,0,1,rule-derived from synthetic thresholds
349,14,Dharwad,clay,Tomato,344,24.4,338,0.57,8.19,1.3,7.1,14.5,21.2,-0.32,medium,medium,high,0,1,rule-derived from synthetic thresholds
350,10,Jaipur,sandy,Mustard,318,21.6,287,0.66,8.06,0.05,61.1,131.7,29.3,0.36,medium,medium,high,0,1,rule-derived from synthetic thresholds
351,15,Kolkata (24 Pgs),clay,Rice,401,12.8,332,0.75,7.24,0.23,82.0,193.4,27.7,0.87,medium,medium,high,0,1,rule-derived from synthetic thresholds
352,1,Thanjavur,clay,Turmeric,353,7.4,339,0.53,7.09,0.42,60.9,202.8,29.6,1.16,medium,low,high,1,1,rule-derived from synthetic thresholds
353,11,Kanpur,loam,Banana,323,3.5,281,0.54,7.23,0.37,84.3,295.7,25.5,0.69,medium,low,high,1,1,rule-derived from synthetic thresholds
354,5,Karnal,loam,Rice,470,6.2,131,0.58,6.86,0.5,10.6,21.9,29.6,0.88,medium,low,medium,1,0,rule-derived from synthetic thresholds
355,2,Coimbatore,loam,Banana,431,7.8,301,0.31,7.64,0.72,36.5,89.5,26.4,-0.1,medium,low,high,1,1,rule-derived from synthetic thresholds
356,5,Karnal,loam,Rice,470,15.9,148,0.73,7.46,0.18,88.7,231.2,25.1,0.37,medium,medium,medium,0,0,rule-derived from synthetic thresholds
357,15,Kolkata (24 Pgs),clay,Mustard,373,55.1,186,0.47,7.7,0.46,61.3,140.5,23.2,-1.31,medium,high,medium,0,1,rule-derived from synthetic thresholds
358,7,Pune,clay,Onion,413,37.5,80,0.78,6.79,0.34,35.2,115.2,29.4,0.8,medium,high,low,1,1,rule-derived from synthetic thresholds
359,14,Dharwad,clay,Cotton,609,21.9,221,0.85,8.01,0.9,133.0,397.4,22.1,-1.74,high,medium,medium,0,1,rule-derived from synthetic thresholds
360,2,Coimbatore,loam,Cotton,248,9.1,303,0.55,7.63,0.66,38.1,122.1,27.2,0.17,low,low,high,1,1,rule-derived from synthetic thresholds
361,10,Jaipur,sandy,Pearl millet,335,18.9,113,0.46,6.75,0.47,10.1,30.0,24.8,1.83,medium,medium,medium,0,0,rule-derived from synthetic thresholds
362,7,Pune,clay,Maize,369,21.5,415,0.63,8.44,0.18,119.8,266.5,25.4,0.45,medium,medium,high,0,1,rule-derived from synthetic thresholds
363,5,Karnal,loam,Wheat,290,5.6,265,0.62,7.6,1.44,46.0,160.2,23.5,-0.06,medium,low,medium,1,0,rule-derived from synthetic thresholds
364,9,Indore,clay,Chickpea,299,11.6,257,0.64,7.89,0.44,9.6,28.2,23.7,0.06,medium,medium,medium,0,0,rule-derived from synthetic thresholds
365,10,Jaipur,sandy,Wheat,395,18.3,76,0.21,5.97,0.63,95.2,218.5,26.8,0.97,medium,medium,low,1,0,rule-derived from synthetic thresholds
366,1,Thanjavur,clay,Rice,526,11.1,432,0.78,8.08,0.59,66.8,147.9,34.0,-0.39,medium,medium,high,0,1,rule-derived from synthetic thresholds
367,10,Jaipur,sandy,Mustard,374,59.8,119,0.79,4.81,1.55,28.0,71.0,26.7,1.14,medium,high,medium,0,1,rule-derived from synthetic thresholds
368,5,Karnal,loam,Rice,377,23.9,159,0.67,6.3,0.52,30.7,66.4,22.6,-2.46,medium,medium,medium,0,0,rule-derived from synthetic thresholds
369,13,Bengaluru Rural,sandy,Chickpea,339,6.0,68,0.48,5.65,0.72,107.6,289.9,30.6,0.64,medium,low,low,1,0,rule-derived from synthetic thresholds
370,3,Madurai,sandy,Chickpea,335,40.9,38,0.22,5.76,0.73,100.2,338.5,28.9,0.72,medium,high,low,1,1,rule-derived from synthetic thresholds
371,5,Karnal,loam,Wheat,302,46.1,122,0.44,6.94,1.03,100.6,323.9,24.7,0.16,medium,high,medium,0,1,rule-derived from synthetic thresholds
372,15,Kolkata (24 Pgs),clay,Sorghum,419,34.8,311,0.69,6.64,0.33,76.7,232.2,35.5,-0.51,medium,high,high,0,1,rule-derived from synthetic thresholds
373,4,Ludhiana,sandy,Tomato,228,30.6,181,0.1,6.8,0.61,44.6,91.6,25.2,-0.3,low,high,medium,1,1,rule-derived from synthetic thresholds
374,2,Coimbatore,loam,Cotton,347,6.3,154,0.63,9.07,0.51,5.9,16.7,31.1,-1.29,medium,low,medium,1,0,rule-derived from synthetic thresholds
375,9,Indore,clay,Wheat,538,22.5,188,0.94,6.74,0.27,51.2,166.3,24.6,-0.56,medium,medium,medium,0,0,rule-derived from synthetic thresholds
376,10,Jaipur,sandy,Wheat,360,25.0,51,0.23,7.56,0.28,66.9,184.2,24.3,0.87,medium,medium,low,1,0,rule-derived from synthetic thresholds
377,9,Indore,clay,Potato,398,3.5,326,0.61,8.87,1.04,16.1,49.9,32.3,-0.08,medium,low,high,1,1,rule-derived from synthetic thresholds
378,7,Pune,clay,Sorghum,471,7.3,301,0.8,6.93,0.91,45.9,155.6,17.7,2.33,medium,low,high,1,1,rule-derived from synthetic thresholds
379,2,Coimbatore,loam,Sorghum,421,25.3,249,0.62,8.83,1.0,9.0,18.5,31.3,1.0,medium,high,medium,0,1,rule-derived from synthetic thresholds
380,5,Karnal,loam,Sugarcane,230,12.5,202,0.15,8.2,1.39,12.1,41.2,25.8,-1.22,low,medium,medium,1,0,rule-derived from synthetic thresholds
381,1,Thanjavur,clay,Green gram,178,36.6,382,0.17,6.52,0.21,57.9,158.1,31.2,-0.82,low,high,high,1,1,rule-derived from synthetic thresholds
382,13,Bengaluru Rural,sandy,Sunflower,457,13.6,95,0.76,5.32,0.28,5.9,14.0,22.2,0.68,medium,medium,low,1,0,rule-derived from synthetic thresholds
383,4,Ludhiana,sandy,Maize,487,68.7,142,0.54,6.37,0.45,51.1,143.5,21.2,-2.33,medium,high,medium,0,1,rule-derived from synthetic thresholds
384,10,Jaipur,sandy,Pigeon pea,511,27.0,91,0.66,5.97,1.87,14.8,44.8,24.6,1.16,medium,high,low,1,1,rule-derived from synthetic thresholds
385,4,Ludhiana,sandy,Soybean,237,18.0,69,0.67,6.43,0.65,93.0,298.9,24.3,-0.12,low,medium,low,1,0,rule-derived from synthetic thresholds
386,10,Jaipur,sandy,Ragi,259,34.1,123,0.41,6.28,0.79,93.3,243.7,28.3,0.24,low,high,medium,1,1,rule-derived from synthetic thresholds
387,2,Coimbatore,loam,Pigeon pea,60,22.8,235,0.21,7.5,1.59,28.8,95.4,25.3,0.25,low,medium,medium,1,0,rule-derived from synthetic thresholds
388,2,Coimbatore,loam,Groundnut,317,6.4,137,0.49,8.66,0.5,15.2,36.0,22.5,-0.06,medium,low,medium,1,0,rule-derived from synthetic thresholds
389,5,Karnal,loam,Rice,357,27.0,191,0.28,5.88,0.34,7.8,24.6,25.0,0.12,medium,high,medium,0,1,rule-derived from synthetic thresholds
390,4,Ludhiana,sandy,Maize,306,19.3,195,0.37,7.0,1.67,12.5,37.2,21.5,-0.77,medium,medium,medium,0,0,rule-derived from synthetic thresholds
391,5,Karnal,loam,Sugarcane,339,52.0,226,0.32,7.0,0.19,27.1,87.2,27.5,1.24,medium,high,medium,0,1,rule-derived from synthetic thresholds
392,5,Karnal,loam,Wheat,366,27.7,247,0.53,7.42,1.14,102.6,267.3,23.8,0.13,medium,high,medium,0,1,rule-derived from synthetic thresholds
393,11,Kanpur,loam,Wheat,535,9.7,123,0.79,7.03,0.65,140.0,418.2,23.3,1.23,medium,low,medium,1,0,rule-derived from synthetic thresholds
394,7,Pune,clay,Onion,404,9.2,241,0.49,6.89,0.61,18.7,56.2,28.2,-0.46,medium,low,medium,1,0,rule-derived from synthetic thresholds
395,3,Madurai,sandy,Turmeric,355,10.1,88,0.44,6.81,0.26,23.6,53.7,32.6,-0.33,medium,medium,low,1,0,rule-derived from synthetic thresholds
396,14,Dharwad,clay,Chilli,334,37.2,254,0.39,7.82,0.6,77.4,158.4,26.7,-0.24,medium,high,medium,0,1,rule-derived from synthetic thresholds
397,10,Jaipur,sandy,Rice,306,21.7,135,0.33,6.38,0.66,76.9,226.6,26.9,0.51,medium,medium,medium,0,0,rule-derived from synthetic thresholds
398,7,Pune,clay,Sugarcane,491,55.8,241,0.76,7.76,0.39,52.8,172.4,26.4,-0.24,medium,high,medium,0,1,rule-derived from synthetic thresholds
399,8,Guntur,clay,Groundnut,286,12.7,259,0.34,7.84,0.62,87.4,309.6,24.8,-1.41,medium,medium,medium,0,0,rule-derived from synthetic thresholds
400,5,Karnal,loam,Wheat,188,5.4,237,0.26,8.26,0.31,67.6,140.4,17.8,-0.73,low,low,medium,1,0,rule-derived from synthetic thresholds
401,6,Nagpur,clay,Rice,455,6.3,198,0.74,9.2,0.25,57.4,148.4,35.2,-0.24,medium,low,medium,1,0,rule-derived from synthetic thresholds
402,2,Coimbatore,loam,Maize,330,2.9,93,0.22,7.29,0.88,24.4,54.2,23.6,-0.64,medium,low,low,1,0,rule-derived from synthetic thresholds
403,13,Bengaluru Rural,sandy,Ragi,346,23.1,127,0.5,6.21,0.89,22.7,76.0,23.6,0.87,medium,medium,medium,0,0,rule-derived from synthetic thresholds
404,6,Nagpur,clay,Cotton,337,14.0,319,0.6,8.24,0.8,99.5,297.3,29.5,-1.55,medium,medium,high,0,1,rule-derived from synthetic thresholds
405,11,Kanpur,loam,Mustard,445,11.7,97,0.83,6.77,0.99,44.5,98.7,21.2,1.24,medium,medium,low,1,0,rule-derived from synthetic thresholds
406,1,Thanjavur,clay,Green gram,448,21.7,280,0.71,7.8,0.81,171.5,545.2,23.9,-1.81,medium,medium,medium,0,0,rule-derived from synthetic thresholds
407,2,Coimbatore,loam,Wheat,406,21.7,150,0.48,6.77,2.45,29.6,78.1,32.0,-0.19,medium,medium,medium,0,0,rule-derived from synthetic thresholds
408,6,Nagpur,clay,Soybean,259,9.5,299,0.35,7.18,0.62,25.6,63.3,27.3,-0.19,low,low,high,1,1,rule-derived from synthetic thresholds
409,1,Thanjavur,clay,Groundnut,314,14.8,405,0.59,7.68,0.22,154.8,527.9,26.1,-0.89,medium,medium,high,0,1,rule-derived from synthetic thresholds
410,15,Kolkata (24 Pgs),clay,Lentil,444,2.4,259,0.94,7.08,0.37,51.5,135.0,26.6,-2.31,medium,low,medium,1,0,rule-derived from synthetic thresholds
411,1,Thanjavur,clay,Groundnut,277,16.1,264,0.42,8.32,0.81,175.8,400.1,25.5,-0.35,low,medium,medium,1,0,rule-derived from synthetic thresholds
412,9,Indore,clay,Wheat,388,59.2,220,0.78,8.44,0.43,277.6,784.2,29.3,0.3,medium,high,medium,0,1,rule-derived from synthetic thresholds
413,6,Nagpur,clay,Sugarcane,371,8.1,290,0.52,6.37,0.27,54.8,160.5,29.3,0.9,medium,low,high,1,1,rule-derived from synthetic thresholds
414,4,Ludhiana,sandy,Wheat,372,18.3,163,0.29,7.05,0.31,106.9,219.1,22.8,-0.05,medium,medium,medium,0,0,rule-derived from synthetic thresholds
415,3,Madurai,sandy,Cotton,172,22.6,153,0.14,6.21,0.18,10.9,38.3,23.5,-1.38,low,medium,medium,1,0,rule-derived from synthetic thresholds
416,5,Karnal,loam,Turmeric,298,8.2,263,0.57,8.09,0.73,48.7,118.7,27.3,0.97,medium,low,medium,1,0,rule-derived from synthetic thresholds
417,1,Thanjavur,clay,Rice,266,13.5,253,0.57,6.7,3.14,37.2,129.7,31.0,0.09,low,medium,medium,1,0,rule-derived from synthetic thresholds
418,9,Indore,clay,Soybean,487,25.9,250,0.59,6.16,0.74,146.6,448.3,23.6,1.02,medium,high,medium,0,1,rule-derived from synthetic thresholds
419,4,Ludhiana,sandy,Chilli,336,10.2,169,0.46,6.25,0.44,253.5,725.3,23.6,-0.22,medium,medium,medium,0,0,rule-derived from synthetic thresholds
420,1,Thanjavur,clay,Green gram,321,5.8,341,0.33,6.99,0.88,61.2,124.9,30.6,-0.32,medium,low,high,1,1,rule-derived from synthetic thresholds
421,2,Coimbatore,loam,Cotton,315,11.3,30,0.31,6.89,0.18,50.5,147.9,27.6,-0.11,medium,medium,low,1,0,rule-derived from synthetic thresholds
422,14,Dharwad,clay,Sorghum,495,3.1,364,0.66,7.31,0.35,8.7,20.6,25.5,-1.92,medium,low,high,1,1,rule-derived from synthetic thresholds
423,4,Ludhiana,sandy,Rice,239,21.6,30,0.13,6.83,0.37,29.6,69.5,22.2,-0.72,low,medium,low,1,0,rule-derived from synthetic thresholds
424,9,Indore,clay,Chickpea,436,16.3,149,0.52,7.82,0.62,28.5,99.8,28.8,2.39,medium,medium,medium,0,0,rule-derived from synthetic thresholds
425,7,Pune,clay,Onion,501,7.5,407,0.54,9.17,0.35,27.3,74.5,29.4,0.27,medium,low,high,1,1,rule-derived from synthetic thresholds
426,8,Guntur,clay,Maize,542,8.2,319,0.92,6.4,0.46,64.7,147.0,33.8,0.22,medium,low,high,1,1,rule-derived from synthetic thresholds
427,13,Bengaluru Rural,sandy,Tomato,359,9.8,206,0.55,7.54,0.31,24.4,72.9,21.4,1.05,medium,low,medium,1,0,rule-derived from synthetic thresholds
428,11,Kanpur,loam,Wheat,482,35.5,239,0.99,6.75,0.54,100.9,272.4,28.5,1.27,medium,high,medium,0,1,rule-derived from synthetic thresholds
429,9,Indore,clay,Chickpea,454,6.5,155,0.64,7.78,0.45,56.1,184.1,27.3,0.52,medium,low,medium,1,0,rule-derived from synthetic thresholds
430,4,Ludhiana,sandy,Green gram,456,15.6,215,0.66,6.56,1.11,95.4,271.8,21.5,-0.22,medium,medium,medium,0,0,rule-derived from synthetic thresholds
431,13,Bengaluru Rural,sandy,Tomato,453,5.2,169,0.46,6.26,0.41,19.4,68.3,27.8,0.08,medium,low,medium,1,0,rule-derived from synthetic thresholds
432,1,Thanjavur,clay,Chilli,350,21.8,247,0.87,8.62,0.34,27.7,73.0,28.0,-1.03,medium,medium,medium,0,0,rule-derived from synthetic thresholds
433,9,Indore,clay,Green gram,638,20.2,280,0.92,8.16,2.31,80.1,177.2,26.7,-0.75,high,medium,medium,0,1,rule-derived from synthetic thresholds
434,10,Jaipur,sandy,Mustard,284,21.3,184,0.39,6.81,0.85,102.9,265.6,28.2,-0.27,medium,medium,medium,0,0,rule-derived from synthetic thresholds
435,15,Kolkata (24 Pgs),clay,Chilli,449,2.7,201,0.64,6.99,0.1,24.7,71.6,28.4,-0.25,medium,low,medium,1,0,rule-derived from synthetic thresholds
436,3,Madurai,sandy,Cotton,511,29.7,184,0.46,6.44,0.43,91.6,277.3,26.8,-1.71,medium,high,medium,0,1,rule-derived from synthetic thresholds
437,5,Karnal,loam,Soybean,133,8.7,272,0.57,6.96,0.87,73.1,227.9,26.2,1.53,low,low,medium,1,0,rule-derived from synthetic thresholds
438,1,Thanjavur,clay,Mustard,355,27.0,219,0.67,8.25,1.02,140.5,418.1,25.9,-1.37,medium,high,medium,0,1,rule-derived from synthetic thresholds
439,4,Ludhiana,sandy,Wheat,179,13.5,70,0.22,8.41,0.5,33.7,71.6,21.8,-0.72,low,medium,low,1,0,rule-derived from synthetic thresholds
440,14,Dharwad,clay,Chilli,392,4.8,269,0.67,8.41,1.39,53.1,121.2,29.2,-0.73,medium,low,medium,1,0,rule-derived from synthetic thresholds
441,1,Thanjavur,clay,Rice,349,9.5,191,0.94,6.42,1.3,30.3,87.2,23.3,-0.17,medium,low,medium,1,0,rule-derived from synthetic thresholds
442,12,Patna,loam,Banana,460,54.6,209,0.7,7.67,0.47,121.1,370.9,24.1,-0.5,medium,high,medium,0,1,rule-derived from synthetic thresholds
443,15,Kolkata (24 Pgs),clay,Mustard,440,16.9,337,0.76,6.92,0.6,57.6,200.5,24.7,-0.12,medium,medium,high,0,1,rule-derived from synthetic thresholds
444,2,Coimbatore,loam,Tomato,414,7.7,218,0.98,6.62,1.08,74.7,232.7,23.1,1.94,medium,low,medium,1,0,rule-derived from synthetic thresholds
445,6,Nagpur,clay,Pigeon pea,374,20.4,163,0.39,8.6,0.37,175.3,380.0,26.6,0.34,medium,medium,medium,0,0,rule-derived from synthetic thresholds
446,14,Dharwad,clay,Cotton,281,7.6,371,0.31,6.71,1.41,123.0,353.1,23.0,2.1,medium,low,high,1,1,rule-derived from synthetic thresholds
447,11,Kanpur,loam,Rice,526,9.2,344,0.76,8.81,0.78,38.4,92.4,26.5,-1.35,medium,low,high,1,1,rule-derived from synthetic thresholds
448,2,Coimbatore,loam,Maize,502,10.5,191,0.76,6.03,0.38,24.4,77.0,28.3,-0.42,medium,medium,medium,0,0,rule-derived from synthetic thresholds
449,13,Bengaluru Rural,sandy,Ragi,334,10.9,160,0.48,7.03,0.69,18.9,60.8,21.6,-1.08,medium,medium,medium,0,0,rule-derived from synthetic thresholds
450,13,Bengaluru Rural,sandy,Ragi,237,10.6,152,0.58,7.46,2.12,205.8,429.7,21.3,0.45,low,medium,medium,1,0,rule-derived from synthetic thresholds
451,5,Karnal,loam,Wheat,225,12.0,308,0.1,6.77,0.37,45.1,105.2,20.5,-0.05,low,medium,high,1,1,rule-derived from synthetic thresholds
452,7,Pune,clay,Sugarcane,563,10.7,149,0.78,7.44,0.55,20.1,63.5,22.2,-1.2,high,medium,medium,0,1,rule-derived from synthetic thresholds
453,5,Karnal,loam,Sugarcane,550,6.0,202,0.75,7.04,0.2,124.0,393.1,24.3,0.91,medium,low,medium,1,0,rule-derived from synthetic thresholds
454,8,Guntur,clay,Rice,256,20.9,278,0.67,8.51,0.16,130.7,341.2,27.3,-0.39,low,medium,medium,1,0,rule-derived from synthetic thresholds
455,12,Patna,loam,Wheat,387,27.0,190,0.54,7.98,0.58,44.5,92.1,22.7,0.22,medium,high,medium,0,1,rule-derived from synthetic thresholds
456,11,Kanpur,loam,Wheat,394,20.4,172,0.81,7.35,0.28,100.6,358.7,21.4,0.54,medium,medium,medium,0,0,rule-derived from synthetic thresholds
457,15,Kolkata (24 Pgs),clay,Potato,488,13.0,241,0.74,8.25,1.17,35.4,91.9,22.9,-0.7,medium,medium,medium,0,0,rule-derived from synthetic thresholds
458,2,Coimbatore,loam,Sorghum,322,17.3,146,0.46,5.6,0.36,20.0,50.2,28.8,1.12,medium,medium,medium,0,0,rule-derived from synthetic thresholds
459,14,Dharwad,clay,Sorghum,248,6.6,268,0.43,9.2,0.7,154.8,548.5,27.9,0.06,low,low,medium,1,0,rule-derived from synthetic thresholds
460,14,Dharwad,clay,Sorghum,481,12.7,225,0.85,7.7,0.56,68.3,143.2,20.2,0.41,medium,medium,medium,0,0,rule-derived from synthetic thresholds
461,6,Nagpur,clay,Pigeon pea,403,8.5,142,0.81,8.62,0.92,97.8,249.2,21.6,-1.1,medium,low,medium,1,0,rule-derived from synthetic thresholds
462,3,Madurai,sandy,Lentil,140,13.2,201,0.1,6.03,0.66,5.8,15.7,32.6,0.97,low,medium,medium,1,0,rule-derived from synthetic thresholds
463,4,Ludhiana,sandy,Wheat,191,14.3,154,0.14,7.23,1.82,41.4,90.0,23.5,0.12,low,medium,medium,1,0,rule-derived from synthetic thresholds
464,15,Kolkata (24 Pgs),clay,Cotton,267,9.6,191,0.46,8.78,0.11,216.3,654.7,26.0,-0.08,low,low,medium,1,0,rule-derived from synthetic thresholds
465,1,Thanjavur,clay,Turmeric,264,15.7,207,0.54,7.38,0.7,31.7,110.9,32.5,0.51,low,medium,medium,1,0,rule-derived from synthetic thresholds
466,2,Coimbatore,loam,Wheat,439,25.6,205,0.64,6.15,0.21,26.9,63.0,25.3,1.21,medium,high,medium,0,1,rule-derived from synthetic thresholds
467,2,Coimbatore,loam,Cotton,319,7.2,68,0.56,6.61,2.68,13.0,40.2,26.8,-0.61,medium,low,low,1,0,rule-derived from synthetic thresholds
468,3,Madurai,sandy,Rice,233,13.4,119,0.25,8.18,0.59,2.5,8.3,30.5,0.14,low,medium,medium,1,0,rule-derived from synthetic thresholds
469,12,Patna,loam,Rice,422,7.3,249,0.55,7.65,0.55,108.9,382.9,24.0,0.8,medium,low,medium,1,0,rule-derived from synthetic thresholds
470,1,Thanjavur,clay,Groundnut,283,12.0,223,0.17,7.46,1.04,112.5,320.4,30.8,0.75,medium,medium,medium,0,0,rule-derived from synthetic thresholds
471,15,Kolkata (24 Pgs),clay,Soybean,287,8.7,183,0.55,6.9,2.12,118.2,272.1,23.9,-1.11,medium,low,medium,1,0,rule-derived from synthetic thresholds
472,6,Nagpur,clay,Lentil,428,90.0,259,0.76,7.85,0.37,55.0,125.1,30.9,-0.72,medium,high,medium,0,1,rule-derived from synthetic thresholds
473,8,Guntur,clay,Cotton,374,6.8,303,0.73,8.5,0.39,107.7,227.1,24.6,-0.68,medium,low,high,1,1,rule-derived from synthetic thresholds
474,9,Indore,clay,Soybean,404,11.6,314,0.64,7.19,1.45,216.4,438.7,27.7,-0.2,medium,medium,high,0,1,rule-derived from synthetic thresholds
475,13,Bengaluru Rural,sandy,Maize,225,6.2,360,0.27,5.04,0.3,40.9,118.4,27.6,-0.27,low,low,high,1,1,rule-derived from synthetic thresholds
476,10,Jaipur,sandy,Maize,173,19.8,288,0.1,5.83,0.27,35.8,126.9,24.0,0.52,low,medium,high,1,1,rule-derived from synthetic thresholds
477,1,Thanjavur,clay,Green gram,441,17.0,228,0.63,8.47,0.26,21.0,69.6,26.1,-0.96,medium,medium,medium,0,0,rule-derived from synthetic thresholds
478,13,Bengaluru Rural,sandy,Cotton,294,12.0,36,0.12,5.65,0.75,15.0,40.2,23.7,1.48,medium,medium,low,1,0,rule-derived from synthetic thresholds
479,2,Coimbatore,loam,Banana,389,18.4,62,0.51,6.28,0.12,178.5,574.0,25.7,-0.35,medium,medium,low,1,0,rule-derived from synthetic thresholds
480,8,Guntur,clay,Cotton,425,6.5,308,0.69,7.68,0.79,11.7,24.7,26.9,-1.12,medium,low,high,1,1,rule-derived from synthetic thresholds
481,13,Bengaluru Rural,sandy,Ragi,398,17.4,30,0.55,8.16,0.45,151.6,332.6,26.2,-0.23,medium,medium,low,1,0,rule-derived from synthetic thresholds
482,8,Guntur,clay,Cotton,435,10.7,212,0.84,7.2,0.37,124.3,381.7,26.8,-0.37,medium,medium,medium,0,0,rule-derived from synthetic thresholds
483,7,Pune,clay,Maize,469,7.5,268,0.78,6.94,1.39,39.5,83.3,24.3,-2.64,medium,low,medium,1,0,rule-derived from synthetic thresholds
484,5,Karnal,loam,Rice,366,20.7,199,0.66,8.07,0.36,13.2,32.9,27.4,-0.62,medium,medium,medium,0,0,rule-derived from synthetic thresholds
485,12,Patna,loam,Wheat,513,1.2,196,0.55,8.14,0.42,137.4,399.5,28.8,0.5,medium,low,medium,1,0,rule-derived from synthetic thresholds
486,10,Jaipur,sandy,Pearl millet,211,21.5,207,0.1,6.56,0.74,29.7,88.9,25.1,0.77,low,medium,medium,1,0,rule-derived from synthetic thresholds
487,13,Bengaluru Rural,sandy,Mustard,425,21.5,117,0.43,6.79,0.72,49.5,111.9,25.1,-1.13,medium,medium,medium,0,0,rule-derived from synthetic thresholds
488,14,Dharwad,clay,Sorghum,282,24.6,262,0.47,7.21,0.54,40.5,129.1,20.7,-0.9,medium,medium,medium,0,0,rule-derived from synthetic thresholds
489,9,Indore,clay,Banana,584,25.0,215,0.79,7.97,0.57,235.6,841.5,29.8,-0.59,high,medium,medium,0,1,rule-derived from synthetic thresholds
490,6,Nagpur,clay,Soybean,534,17.0,293,0.7,8.48,1.22,204.7,604.3,32.5,-1.04,medium,medium,high,0,1,rule-derived from synthetic thresholds
491,9,Indore,clay,Wheat,325,19.4,298,0.56,8.3,0.89,54.6,122.9,23.9,0.93,medium,medium,high,0,1,rule-derived from synthetic thresholds
492,6,Nagpur,clay,Onion,341,30.7,307,0.56,7.99,0.27,56.8,152.9,29.1,1.24,medium,high,high,0,1,rule-derived from synthetic thresholds
493,4,Ludhiana,sandy,Rice,335,20.6,96,0.52,7.06,0.23,5.7,19.5,25.3,0.24,medium,medium,low,1,0,rule-derived from synthetic thresholds
494,6,Nagpur,clay,Soybean,517,23.8,196,0.9,7.99,0.24,54.2,194.6,24.1,0.61,medium,medium,medium,0,0,rule-derived from synthetic thresholds
495,8,Guntur,clay,Lentil,496,6.6,206,0.72,8.58,0.52,36.1,122.4,23.4,0.05,medium,low,medium,1,0,rule-derived from synthetic thresholds
496,4,Ludhiana,sandy,Maize,476,5.7,128,0.85,7.16,1.23,44.1,139.1,20.4,-2.01,medium,low,medium,1,0,rule-derived from synthetic thresholds
497,5,Karnal,loam,Rice,210,41.3,292,0.65,5.95,0.48,8.1,28.9,25.5,-1.57,low,high,high,1,1,rule-derived from synthetic thresholds
498,9,Indore,clay,Soybean,382,11.9,239,0.63,6.36,1.05,70.3,241.5,23.7,-1.02,medium,medium,medium,0,0,rule-derived from synthetic thresholds
499,3,Madurai,sandy,Chilli,213,3.3,150,0.1,6.71,0.41,154.5,431.2,32.4,-0.94,low,low,medium,1,0,rule-derived from synthetic thresholds
500,2,Coimbatore,loam,Banana,532,10.4,100,0.79,6.47,0.44,91.4,194.6,25.4,-0.87,medium,medium,low,1,0,rule-derived from synthetic thresholds
501,12,Patna,loam,Maize,393,32.1,169,0.71,7.27,0.51,164.4,365.6,22.4,-2.23,medium,high,medium,0,1,rule-derived from synthetic thresholds
502,13,Bengaluru Rural,sandy,Potato,345,12.5,92,0.37,4.5,0.87,91.1,309.5,22.8,-0.04,medium,medium,low,1,0,rule-derived from synthetic thresholds
503,5,Karnal,loam,Onion,432,16.9,185,0.62,7.92,0.19,54.3,120.0,28.7,-0.13,medium,medium,medium,0,0,rule-derived from synthetic thresholds
504,3,Madurai,sandy,Rice,375,12.0,30,0.62,6.5,0.97,6.6,22.8,28.0,-0.52,medium,medium,low,1,0,rule-derived from synthetic thresholds
505,7,Pune,clay,Sugarcane,303,13.6,356,0.34,7.68,0.53,22.1,53.2,23.5,-0.65,medium,medium,high,0,1,rule-derived from synthetic thresholds
506,3,Madurai,sandy,Cotton,391,26.1,157,0.48,5.75,0.2,97.9,210.8,25.6,-2.52,medium,high,medium,0,1,rule-derived from synthetic thresholds
507,14,Dharwad,clay,Chilli,512,25.3,55,0.67,9.2,0.45,38.6,86.3,21.7,-1.29,medium,high,low,1,1,rule-derived from synthetic thresholds
508,2,Coimbatore,loam,Sorghum,400,15.0,367,0.3,6.85,0.4,21.4,76.8,27.7,1.44,medium,medium,high,0,1,rule-derived from synthetic thresholds
509,8,Guntur,clay,Soybean,421,31.1,316,0.8,7.31,0.43,141.2,395.4,28.0,-0.35,medium,high,high,0,1,rule-derived from synthetic thresholds
510,6,Nagpur,clay,Cotton,386,14.7,227,0.79,8.41,0.47,58.8,149.5,26.7,1.27,medium,medium,medium,0,0,rule-derived from synthetic thresholds
511,7,Pune,clay,Pigeon pea,390,13.3,334,0.57,7.3,1.46,78.8,173.7,24.6,1.77,medium,medium,high,0,1,rule-derived from synthetic thresholds
512,12,Patna,loam,Wheat,467,14.5,172,0.8,6.99,1.12,256.3,630.2,29.6,1.05,medium,medium,medium,0,0,rule-derived from synthetic thresholds
513,4,Ludhiana,sandy,Tomato,304,60.5,129,0.38,6.45,0.27,51.9,123.5,22.0,-1.86,medium,high,medium,0,1,rule-derived from synthetic thresholds
514,14,Dharwad,clay,Potato,436,6.5,353,0.67,9.0,0.63,92.6,228.8,27.0,0.96,medium,low,high,1,1,rule-derived from synthetic thresholds
515,15,Kolkata (24 Pgs),clay,Turmeric,203,10.1,216,0.57,7.99,1.08,214.2,548.2,27.8,-0.54,low,medium,medium,1,0,rule-derived from synthetic thresholds
516,7,Pune,clay,Onion,334,8.7,382,0.6,7.9,0.5,20.5,64.7,21.0,-0.08,medium,low,high,1,1,rule-derived from synthetic thresholds
517,6,Nagpur,clay,Pigeon pea,463,34.6,313,0.58,7.8,0.4,133.2,432.3,26.5,-0.27,medium,high,high,0,1,rule-derived from synthetic thresholds
518,4,Ludhiana,sandy,Rice,300,20.8,158,0.26,5.73,0.54,87.6,309.8,24.6,-1.62,medium,medium,medium,0,0,rule-derived from synthetic thresholds
519,13,Bengaluru Rural,sandy,Potato,281,30.8,118,0.37,5.64,0.27,73.5,181.2,23.8,0.05,medium,high,medium,0,1,rule-derived from synthetic thresholds
520,11,Kanpur,loam,Rice,415,48.4,287,0.55,8.74,1.95,90.4,197.3,26.4,0.57,medium,high,high,0,1,rule-derived from synthetic thresholds
521,7,Pune,clay,Sugarcane,536,46.7,319,0.93,8.89,1.35,41.3,146.2,30.3,0.04,medium,high,high,0,1,rule-derived from synthetic thresholds
522,11,Kanpur,loam,Rice,346,10.5,301,0.31,6.65,1.52,35.4,125.1,27.5,-0.99,medium,medium,high,0,1,rule-derived from synthetic thresholds
523,6,Nagpur,clay,Sunflower,415,14.7,258,0.66,7.11,0.21,45.7,140.3,28.5,-0.3,medium,medium,medium,0,0,rule-derived from synthetic thresholds
524,11,Kanpur,loam,Wheat,385,3.6,30,0.5,7.01,0.81,48.4,142.1,25.6,0.59,medium,low,low,1,0,rule-derived from synthetic thresholds
525,13,Bengaluru Rural,sandy,Maize,341,8.5,182,0.3,5.78,0.4,10.4,29.0,27.0,-0.12,medium,low,medium,1,0,rule-derived from synthetic thresholds
526,7,Pune,clay,Maize,468,9.8,183,0.98,8.68,1.64,208.9,449.7,24.4,-1.54,medium,low,medium,1,0,rule-derived from synthetic thresholds
527,10,Jaipur,sandy,Pearl millet,290,20.4,163,0.28,7.12,0.53,8.6,20.0,25.1,-2.07,medium,medium,medium,0,0,rule-derived from synthetic thresholds
528,9,Indore,clay,Ragi,325,12.3,194,0.74,7.08,0.64,84.9,214.0,28.9,-0.22,medium,medium,medium,0,0,rule-derived from synthetic thresholds
529,2,Coimbatore,loam,Lentil,227,31.3,164,0.63,6.2,0.29,30.3,95.1,28.6,-0.52,low,high,medium,1,1,rule-derived from synthetic thresholds
530,1,Thanjavur,clay,Lentil,440,13.7,217,0.61,7.54,1.41,125.8,402.4,29.9,0.18,medium,medium,medium,0,0,rule-derived from synthetic thresholds
531,4,Ludhiana,sandy,Maize,287,5.7,73,0.1,5.48,0.36,106.0,228.0,24.3,-0.22,medium,low,low,1,0,rule-derived from synthetic thresholds
532,4,Ludhiana,sandy,Pearl millet,199,10.8,127,0.25,4.95,1.27,133.6,396.5,21.9,-0.2,low,medium,medium,1,0,rule-derived from synthetic thresholds
533,3,Madurai,sandy,Rice,274,64.7,109,0.42,5.87,0.16,34.7,121.7,29.1,-1.77,low,high,low,1,1,rule-derived from synthetic thresholds
534,14,Dharwad,clay,Sorghum,312,27.4,335,0.6,6.88,0.74,26.7,69.9,27.8,0.41,medium,high,high,0,1,rule-derived from synthetic thresholds
535,10,Jaipur,sandy,Pearl millet,120,8.3,94,0.1,6.55,0.59,88.0,286.8,26.5,-1.26,low,low,low,1,0,rule-derived from synthetic thresholds
536,1,Thanjavur,clay,Green gram,428,2.6,337,0.72,7.98,0.8,62.4,223.3,25.2,1.48,medium,low,high,1,1,rule-derived from synthetic thresholds
537,14,Dharwad,clay,Chilli,413,8.2,334,0.85,7.05,0.24,18.2,41.3,23.3,-1.0,medium,low,high,1,1,rule-derived from synthetic thresholds
538,5,Karnal,loam,Sugarcane,468,7.2,85,0.76,6.9,0.75,59.9,206.2,26.0,-1.39,medium,low,low,1,0,rule-derived from synthetic thresholds
539,15,Kolkata (24 Pgs),clay,Potato,360,14.8,247,0.72,8.28,0.26,23.8,73.0,30.6,-0.84,medium,medium,medium,0,0,rule-derived from synthetic thresholds
540,4,Ludhiana,sandy,Banana,233,51.8,161,0.23,6.0,0.54,58.3,179.3,26.1,-0.53,low,high,medium,1,1,rule-derived from synthetic thresholds
541,2,Coimbatore,loam,Cotton,395,5.3,182,0.66,6.67,0.35,69.9,208.2,23.1,1.69,medium,low,medium,1,0,rule-derived from synthetic thresholds
542,2,Coimbatore,loam,Mustard,402,11.8,382,0.38,7.41,0.89,205.8,570.2,24.1,-0.36,medium,medium,high,0,1,rule-derived from synthetic thresholds
543,6,Nagpur,clay,Pigeon pea,425,11.1,392,0.52,8.86,0.62,118.2,246.7,22.8,-0.66,medium,medium,high,0,1,rule-derived from synthetic thresholds
544,14,Dharwad,clay,Sorghum,402,11.1,336,0.76,8.61,0.47,11.8,39.8,25.5,-0.92,medium,medium,high,0,1,rule-derived from synthetic thresholds
545,9,Indore,clay,Wheat,478,19.4,197,0.81,7.68,0.74,152.4,367.3,30.6,-0.74,medium,medium,medium,0,0,rule-derived from synthetic thresholds
546,2,Coimbatore,loam,Maize,458,6.9,287,0.7,7.44,0.32,103.8,362.3,27.9,0.91,medium,low,high,1,1,rule-derived from synthetic thresholds
547,5,Karnal,loam,Pearl millet,471,21.8,174,0.59,7.24,1.93,44.6,137.4,25.5,1.88,medium,medium,medium,0,0,rule-derived from synthetic thresholds
548,8,Guntur,clay,Pearl millet,504,10.0,353,0.94,6.34,0.68,114.0,330.9,28.2,0.47,medium,medium,high,0,1,rule-derived from synthetic thresholds
549,9,Indore,clay,Soybean,484,12.8,303,0.78,7.28,0.94,42.0,127.4,27.4,1.54,medium,medium,high,0,1,rule-derived from synthetic thresholds
550,13,Bengaluru Rural,sandy,Sunflower,456,12.1,194,0.57,6.4,1.45,67.9,191.1,22.1,1.5,medium,medium,medium,0,0,rule-derived from synthetic thresholds
551,1,Thanjavur,clay,Groundnut,529,11.1,181,0.85,6.9,1.46,42.0,124.5,27.5,-0.3,medium,medium,medium,0,0,rule-derived from synthetic thresholds
552,1,Thanjavur,clay,Rice,389,49.2,122,0.39,7.81,0.85,5.7,17.2,27.7,2.07,medium,high,medium,0,1,rule-derived from synthetic thresholds
553,11,Kanpur,loam,Potato,382,20.6,271,0.53,6.58,0.67,3.7,9.2,24.6,2.61,medium,medium,medium,0,0,rule-derived from synthetic thresholds
554,2,Coimbatore,loam,Maize,507,24.0,215,0.63,6.07,0.96,17.5,51.4,31.3,0.08,medium,medium,medium,0,0,rule-derived from synthetic thresholds
555,11,Kanpur,loam,Rice,491,10.8,180,0.46,7.57,0.49,49.1,154.3,21.0,-0.83,medium,medium,medium,0,0,rule-derived from synthetic thresholds
556,6,Nagpur,clay,Cotton,369,5.0,168,0.7,8.11,0.97,73.3,165.3,30.6,-0.16,medium,low,medium,1,0,rule-derived from synthetic thresholds
557,6,Nagpur,clay,Rice,333,26.2,376,0.59,7.95,0.3,99.4,283.5,30.4,-1.11,medium,high,high,0,1,rule-derived from synthetic thresholds
558,3,Madurai,sandy,Rice,379,27.4,240,0.74,6.77,0.32,261.5,938.8,29.7,-1.38,medium,high,medium,0,1,rule-derived from synthetic thresholds
559,12,Patna,loam,Maize,292,16.7,242,0.56,7.03,0.13,165.6,399.2,24.9,0.58,medium,medium,medium,0,0,rule-derived from synthetic thresholds
560,3,Madurai,sandy,Rice,288,15.2,93,0.53,6.9,0.15,131.3,394.7,22.3,0.64,medium,medium,low,1,0,rule-derived from synthetic thresholds
561,1,Thanjavur,clay,Green gram,437,25.1,348,0.57,8.61,0.21,98.6,339.2,28.1,-0.44,medium,high,high,0,1,rule-derived from synthetic thresholds
562,9,Indore,clay,Soybean,286,13.4,256,0.45,8.25,0.49,66.9,163.0,29.1,-0.64,medium,medium,medium,0,0,rule-derived from synthetic thresholds
563,3,Madurai,sandy,Cotton,439,17.5,110,0.52,5.53,0.66,185.8,646.4,35.4,-1.55,medium,medium,medium,0,0,rule-derived from synthetic thresholds
564,3,Madurai,sandy,Cotton,370,9.5,211,0.23,6.24,0.81,73.6,247.9,28.5,0.89,medium,low,medium,1,0,rule-derived from synthetic thresholds
565,4,Ludhiana,sandy,Wheat,491,10.4,179,0.74,7.43,0.91,123.1,276.4,26.7,-0.11,medium,medium,medium,0,0,rule-derived from synthetic thresholds
566,10,Jaipur,sandy,Mustard,322,33.7,30,0.27,6.66,0.21,54.8,145.5,28.6,1.01,medium,high,low,1,1,rule-derived from synthetic thresholds
567,12,Patna,loam,Rice,320,7.8,167,0.55,6.29,0.42,44.3,134.3,23.7,0.43,medium,low,medium,1,0,rule-derived from synthetic thresholds
568,14,Dharwad,clay,Sunflower,308,10.2,245,0.56,8.72,0.98,227.8,671.5,28.7,1.15,medium,medium,medium,0,0,rule-derived from synthetic thresholds
569,15,Kolkata (24 Pgs),clay,Chilli,467,8.1,239,0.65,9.13,0.93,42.9,147.7,26.9,-1.23,medium,low,medium,1,0,rule-derived from synthetic thresholds
570,4,Ludhiana,sandy,Rice,368,24.4,292,0.59,7.82,0.51,64.9,154.6,24.0,1.56,medium,medium,high,0,1,rule-derived from synthetic thresholds
571,4,Ludhiana,sandy,Onion,395,7.6,137,0.59,6.93,0.34,42.3,114.9,18.9,-0.45,medium,low,medium,1,0,rule-derived from synthetic thresholds
572,4,Ludhiana,sandy,Maize,321,24.6,53,0.17,5.58,0.56,19.1,58.9,25.0,-0.78,medium,medium,low,1,0,rule-derived from synthetic thresholds
573,3,Madurai,sandy,Cotton,238,6.1,242,0.1,7.25,1.04,29.9,106.5,29.2,0.61,low,low,medium,1,0,rule-derived from synthetic thresholds
574,1,Thanjavur,clay,Groundnut,452,36.8,227,0.76,7.94,0.76,63.2,227.2,30.5,0.09,medium,high,medium,0,1,rule-derived from synthetic thresholds
575,9,Indore,clay,Wheat,463,10.5,263,0.66,8.49,0.62,71.5,256.5,24.5,-0.98,medium,medium,medium,0,0,rule-derived from synthetic thresholds
576,1,Thanjavur,clay,Soybean,519,37.1,383,0.91,7.21,0.34,96.2,311.5,29.7,-1.13,medium,high,high,0,1,rule-derived from synthetic thresholds
577,1,Thanjavur,clay,Groundnut,517,17.6,212,1.02,7.99,0.39,323.0,695.9,30.4,1.13,medium,medium,medium,0,0,rule-derived from synthetic thresholds
578,6,Nagpur,clay,Mustard,332,7.5,245,0.62,7.51,0.41,170.0,386.2,24.2,0.08,medium,low,medium,1,0,rule-derived from synthetic thresholds
579,13,Bengaluru Rural,sandy,Tomato,453,12.0,195,0.46,7.01,0.64,48.8,110.8,19.6,0.51,medium,medium,medium,0,0,rule-derived from synthetic thresholds
580,8,Guntur,clay,Rice,475,38.7,243,0.92,7.6,1.1,85.4,194.8,35.6,-1.68,medium,high,medium,0,1,rule-derived from synthetic thresholds
581,6,Nagpur,clay,Cotton,412,4.1,362,0.85,6.96,0.43,41.7,91.9,24.4,-0.79,medium,low,high,1,1,rule-derived from synthetic thresholds
582,3,Madurai,sandy,Green gram,345,13.9,30,0.35,7.2,1.27,8.0,23.7,27.0,-1.43,medium,medium,low,1,0,rule-derived from synthetic thresholds
583,11,Kanpur,loam,Wheat,286,20.8,214,0.32,7.35,0.82,93.4,313.3,23.5,-0.75,medium,medium,medium,0,0,rule-derived from synthetic thresholds
584,5,Karnal,loam,Wheat,537,35.4,75,0.71,6.45,0.95,35.7,105.9,25.3,-0.64,medium,high,low,1,1,rule-derived from synthetic thresholds
585,15,Kolkata (24 Pgs),clay,Potato,521,14.7,431,0.36,9.01,0.19,35.1,74.5,22.3,-0.85,medium,medium,high,0,1,rule-derived from synthetic thresholds
586,3,Madurai,sandy,Maize,250,15.5,221,0.41,6.82,0.57,4.8,15.0,33.5,0.77,low,medium,medium,1,0,rule-derived from synthetic thresholds
587,12,Patna,loam,Rice,317,7.2,340,0.55,7.28,0.27,153.3,541.9,28.2,0.95,medium,low,high,1,1,rule-derived from synthetic thresholds
588,11,Kanpur,loam,Banana,322,19.6,149,0.56,6.18,1.32,12.8,35.7,24.8,-1.1,medium,medium,medium,0,0,rule-derived from synthetic thresholds
589,6,Nagpur,clay,Cotton,426,24.3,208,0.63,8.66,0.78,68.2,204.6,30.4,-0.54,medium,medium,medium,0,0,rule-derived from synthetic thresholds
590,6,Nagpur,clay,Chilli,420,11.8,259,0.71,7.3,0.96,321.3,648.5,25.7,1.87,medium,medium,medium,0,0,rule-derived from synthetic thresholds
591,15,Kolkata (24 Pgs),clay,Mustard,348,89.1,186,0.71,7.83,1.95,118.5,355.9,30.2,-0.42,medium,high,medium,0,1,rule-derived from synthetic thresholds
592,12,Patna,loam,Maize,375,16.1,185,0.54,6.51,0.51,47.8,168.3,25.1,-1.0,medium,medium,medium,0,0,rule-derived from synthetic thresholds
593,1,Thanjavur,clay,Groundnut,455,17.0,72,0.72,6.18,0.65,17.9,42.4,24.8,-0.0,medium,medium,low,1,0,rule-derived from synthetic thresholds
594,9,Indore,clay,Soybean,329,13.8,451,0.56,7.01,0.8,200.5,533.2,29.8,0.69,medium,medium,high,0,1,rule-derived from synthetic thresholds
595,12,Patna,loam,Maize,343,7.7,150,0.57,7.16,0.83,79.3,238.9,25.0,-0.25,medium,low,medium,1,0,rule-derived from synthetic thresholds
596,6,Nagpur,clay,Pigeon pea,396,10.4,288,0.77,9.03,0.54,122.5,282.1,22.7,0.66,medium,medium,high,0,1,rule-derived from synthetic thresholds
597,11,Kanpur,loam,Wheat,539,7.8,120,0.61,7.26,1.75,83.1,276.1,26.5,-0.39,medium,low,medium,1,0,rule-derived from synthetic thresholds
598,10,Jaipur,sandy,Pearl millet,278,11.5,172,0.54,5.81,0.28,30.3,80.1,32.9,-0.68,low,medium,medium,1,0,rule-derived from synthetic thresholds
599,5,Karnal,loam,Sunflower,569,23.0,61,0.84,7.76,0.34,9.5,27.1,22.2,0.59,high,medium,low,1,1,rule-derived from synthetic thresholds
600,1,Thanjavur,clay,Groundnut,446,53.1,282,0.61,6.36,0.2,43.0,100.0,28.3,0.96,medium,high,high,0,1,rule-derived from synthetic thresholds
601,1,Thanjavur,clay,Rice,328,19.2,237,0.73,7.93,0.75,258.6,882.4,32.5,1.9,medium,medium,medium,0,0,rule-derived from synthetic thresholds
602,11,Kanpur,loam,Onion,308,19.2,184,0.46,5.8,1.32,140.7,340.3,26.8,1.01,medium,medium,medium,0,0,rule-derived from synthetic thresholds
603,12,Patna,loam,Rice,433,9.6,143,0.54,6.86,0.83,68.1,240.3,22.2,0.14,medium,low,medium,1,0,rule-derived from synthetic thresholds
604,6,Nagpur,clay,Soybean,376,24.3,290,0.65,8.07,0.78,25.3,61.5,30.8,-0.37,medium,medium,high,0,1,rule-derived from synthetic thresholds
605,8,Guntur,clay,Cotton,498,10.7,205,0.67,7.07,0.47,130.1,442.5,28.9,0.79,medium,medium,medium,0,0,rule-derived from synthetic thresholds
606,8,Guntur,clay,Cotton,431,10.9,294,0.71,7.87,2.67,47.8,135.7,25.3,-0.46,medium,medium,high,0,1,rule-derived from synthetic thresholds
607,14,Dharwad,clay,Chilli,398,12.1,188,0.59,8.77,0.8,23.7,51.9,28.1,0.94,medium,medium,medium,0,0,rule-derived from synthetic thresholds
608,8,Guntur,clay,Sorghum,537,16.1,329,0.9,8.29,0.67,97.5,288.5,33.9,-0.83,medium,medium,high,0,1,rule-derived from synthetic thresholds
609,9,Indore,clay,Maize,445,12.5,333,0.69,9.02,0.42,195.6,466.7,28.8,-1.24,medium,medium,high,0,1,rule-derived from synthetic thresholds
610,9,Indore,clay,Soybean,284,22.6,343,0.44,7.88,0.39,43.9,144.2,23.5,-1.48,medium,medium,high,0,1,rule-derived from synthetic thresholds
611,2,Coimbatore,loam,Sorghum,179,27.8,120,0.35,6.15,1.8,143.9,397.8,28.7,-0.34,low,high,medium,1,1,rule-derived from synthetic thresholds
612,11,Kanpur,loam,Wheat,282,6.5,136,0.32,7.08,1.6,69.9,200.2,28.8,-0.85,medium,low,medium,1,0,rule-derived from synthetic thresholds
613,14,Dharwad,clay,Cotton,413,33.8,224,0.78,8.19,0.53,334.7,1071.5,23.7,-0.59,medium,high,medium,0,1,rule-derived from synthetic thresholds
614,2,Coimbatore,loam,Chickpea,317,8.3,30,0.55,8.31,1.9,12.2,26.3,27.9,1.27,medium,low,low,1,0,rule-derived from synthetic thresholds
615,2,Coimbatore,loam,Maize,347,28.4,276,0.63,6.41,1.06,25.3,88.0,28.7,-0.85,medium,high,medium,0,1,rule-derived from synthetic thresholds
616,8,Guntur,clay,Cotton,322,12.9,338,0.44,7.81,0.5,36.0,76.4,27.8,-0.94,medium,medium,high,0,1,rule-derived from synthetic thresholds
617,12,Patna,loam,Rice,247,4.6,159,0.35,6.44,2.69,325.1,784.5,22.4,1.84,low,low,medium,1,0,rule-derived from synthetic thresholds
618,2,Coimbatore,loam,Cotton,332,5.0,189,0.36,7.06,1.01,46.6,148.2,30.7,-0.66,medium,low,medium,1,0,rule-derived from synthetic thresholds
619,12,Patna,loam,Sunflower,299,19.8,287,0.34,7.2,1.37,82.4,165.5,27.0,-0.87,medium,medium,high,0,1,rule-derived from synthetic thresholds
620,4,Ludhiana,sandy,Maize,208,31.1,164,0.17,6.85,0.2,17.1,37.2,22.8,-0.32,low,high,medium,1,1,rule-derived from synthetic thresholds
621,3,Madurai,sandy,Pigeon pea,186,11.3,234,0.42,6.87,1.13,242.1,574.1,35.5,-0.03,low,medium,medium,1,0,rule-derived from synthetic thresholds
622,3,Madurai,sandy,Chilli,315,4.4,69,0.29,6.34,0.65,172.2,619.8,27.8,-0.93,medium,low,low,1,0,rule-derived from synthetic thresholds
623,8,Guntur,clay,Rice,270,5.4,301,0.46,5.67,1.19,40.6,120.0,26.0,0.55,low,low,high,1,1,rule-derived from synthetic thresholds
624,9,Indore,clay,Wheat,360,35.2,362,0.54,8.14,0.47,45.6,122.3,31.3,-0.8,medium,high,high,0,1,rule-derived from synthetic thresholds
625,7,Pune,clay,Cotton,460,35.2,396,0.6,7.85,1.11,45.7,129.0,30.5,-1.34,medium,high,high,0,1,rule-derived from synthetic thresholds
626,10,Jaipur,sandy,Mustard,368,6.5,106,0.41,6.12,0.12,16.3,41.9,24.5,-0.3,medium,low,low,1,0,rule-derived from synthetic thresholds
627,13,Bengaluru Rural,sandy,Ragi,327,6.3,156,0.3,7.32,1.6,29.0,63.4,23.9,0.0,medium,low,medium,1,0,rule-derived from synthetic thresholds
628,13,Bengaluru Rural,sandy,Tomato,335,19.7,41,0.33,6.21,0.44,59.8,154.1,28.5,0.01,medium,medium,low,1,0,rule-derived from synthetic thresholds
629,11,Kanpur,loam,Sugarcane,271,10.5,225,0.36,7.78,0.66,151.6,523.2,25.9,-0.07,low,medium,medium,1,0,rule-derived from synthetic thresholds
630,8,Guntur,clay,Rice,526,9.9,378,0.93,8.2,0.68,104.9,356.8,31.9,0.44,medium,low,high,1,1,rule-derived from synthetic thresholds
631,4,Ludhiana,sandy,Maize,332,7.6,84,0.34,6.61,1.43,58.3,150.1,27.3,1.22,medium,low,low,1,0,rule-derived from synthetic thresholds
632,12,Patna,loam,Ragi,329,24.0,226,0.61,7.62,0.36,52.4,147.9,26.8,-1.02,medium,medium,medium,0,0,rule-derived from synthetic thresholds
633,11,Kanpur,loam,Wheat,508,17.7,232,0.66,7.52,0.42,60.5,150.5,28.8,-1.25,medium,medium,medium,0,0,rule-derived from synthetic thresholds
634,14,Dharwad,clay,Sorghum,664,13.0,318,1.05,7.54,0.77,29.3,98.6,23.6,1.14,high,medium,high,0,1,rule-derived from synthetic thresholds
635,11,Kanpur,loam,Potato,306,22.3,189,0.62,6.76,0.35,63.7,175.4,23.5,1.13,medium,medium,medium,0,0,rule-derived from synthetic thresholds
636,3,Madurai,sandy,Green gram,196,6.5,136,0.15,5.97,0.32,100.3,269.5,29.0,0.5,low,low,medium,1,0,rule-derived from synthetic thresholds
637,9,Indore,clay,Soybean,500,11.3,236,0.72,7.57,1.64,13.6,30.9,28.8,0.54,medium,medium,medium,0,0,rule-derived from synthetic thresholds
638,11,Kanpur,loam,Wheat,504,31.0,265,0.74,6.64,0.27,131.6,448.1,25.2,1.22,medium,high,medium,0,1,rule-derived from synthetic thresholds
639,15,Kolkata (24 Pgs),clay,Sunflower,484,11.7,221,0.89,8.03,0.48,358.8,844.5,24.0,0.2,medium,medium,medium,0,0,rule-derived from synthetic thresholds
640,5,Karnal,loam,Wheat,290,16.1,96,0.48,7.53,0.41,103.8,244.1,29.2,1.27,medium,medium,low,1,0,rule-derived from synthetic thresholds
641,13,Bengaluru Rural,sandy,Maize,334,9.7,85,0.31,6.01,0.74,24.7,78.4,17.3,0.48,medium,low,low,1,0,rule-derived from synthetic thresholds
642,5,Karnal,loam,Wheat,494,4.3,34,0.58,6.3,0.14,71.1,192.2,25.6,-0.4,medium,low,low,1,0,rule-derived from synthetic thresholds
643,6,Nagpur,clay,Pigeon pea,89,18.4,279,0.37,9.06,0.98,75.8,248.9,29.9,0.46,low,medium,medium,1,0,rule-derived from synthetic thresholds
644,15,Kolkata (24 Pgs),clay,Potato,351,31.5,346,0.67,7.95,0.89,76.5,239.6,26.2,1.03,medium,high,high,0,1,rule-derived from synthetic thresholds
645,3,Madurai,sandy,Rice,355,6.2,117,0.57,6.54,0.96,162.6,340.2,28.5,0.48,medium,low,medium,1,0,rule-derived from synthetic thresholds
646,4,Ludhiana,sandy,Rice,148,8.5,96,0.1,6.0,0.32,146.7,457.9,23.4,-1.04,low,low,low,1,0,rule-derived from synthetic thresholds
647,13,Bengaluru Rural,sandy,Sugarcane,236,8.1,135,0.11,6.53,0.23,68.0,166.6,21.9,-0.18,low,low,medium,1,0,rule-derived from synthetic thresholds
648,14,Dharwad,clay,Chilli,191,9.6,119,0.23,7.4,0.41,26.7,60.5,22.0,0.67,low,low,medium,1,0,rule-derived from synthetic thresholds
649,2,Coimbatore,loam,Maize,206,9.4,230,0.36,8.39,1.12,52.6,172.9,29.9,-0.02,low,low,medium,1,0,rule-derived from synthetic thresholds
650,13,Bengaluru Rural,sandy,Ragi,302,11.7,35,0.33,7.3,1.7,101.6,313.5,25.1,-0.22,medium,medium,low,1,0,rule-derived from synthetic thresholds
651,9,Indore,clay,Wheat,504,14.0,164,0.74,8.69,0.36,15.9,42.4,27.4,-0.43,medium,medium,medium,0,0,rule-derived from synthetic thresholds
652,14,Dharwad,clay,Sorghum,550,3.6,375,0.88,7.61,1.94,59.0,135.3,20.1,-2.4,medium,low,high,1,1,rule-derived from synthetic thresholds
653,8,Guntur,clay,Chilli,343,5.2,131,0.35,5.5,0.74,100.2,261.6,27.1,-0.28,medium,low,medium,1,0,rule-derived from synthetic thresholds
654,9,Indore,clay,Chickpea,280,40.4,228,0.51,5.99,0.72,25.9,76.9,24.3,0.82,medium,high,medium,0,1,rule-derived from synthetic thresholds
655,4,Ludhiana,sandy,Pearl millet,279,6.0,34,0.43,7.26,3.82,92.6,301.0,28.2,2.2,low,low,low,1,0,rule-derived from synthetic thresholds
656,9,Indore,clay,Chickpea,478,7.1,249,0.96,8.5,0.56,132.3,349.8,30.1,-0.86,medium,low,medium,1,0,rule-derived from synthetic thresholds
657,7,Pune,clay,Onion,283,18.3,313,0.5,7.89,1.26,41.2,108.2,26.5,1.34,medium,medium,high,0,1,rule-derived from synthetic thresholds
658,7,Pune,clay,Onion,531,6.9,161,0.72,6.62,0.93,91.6,249.1,27.4,-0.8,medium,low,medium,1,0,rule-derived from synthetic thresholds
659,5,Karnal,loam,Wheat,388,11.8,265,0.36,7.04,0.42,84.2,268.3,25.0,-0.85,medium,medium,medium,0,0,rule-derived from synthetic thresholds
660,7,Pune,clay,Sugarcane,472,24.9,446,0.87,8.34,0.76,72.4,242.9,24.9,1.54,medium,medium,high,0,1,rule-derived from synthetic thresholds
661,3,Madurai,sandy,Pearl millet,200,20.8,208,0.36,6.15,0.52,74.3,264.6,29.8,0.02,low,medium,medium,1,0,rule-derived from synthetic thresholds
662,13,Bengaluru Rural,sandy,Cotton,349,17.5,83,0.44,7.39,0.32,118.8,255.1,21.4,1.82,medium,medium,low,1,0,rule-derived from synthetic thresholds
663,7,Pune,clay,Maize,240,7.2,373,0.72,7.04,0.5,61.1,138.2,29.3,-1.06,low,low,high,1,1,rule-derived from synthetic thresholds
664,6,Nagpur,clay,Sunflower,450,14.3,250,0.63,6.56,0.27,25.4,66.2,34.0,-0.5,medium,medium,medium,0,0,rule-derived from synthetic thresholds
665,15,Kolkata (24 Pgs),clay,Green gram,399,15.4,229,0.79,9.2,0.8,399.0,1063.1,29.1,0.35,medium,medium,medium,0,0,rule-derived from synthetic thresholds
666,8,Guntur,clay,Groundnut,416,30.5,237,0.8,8.87,1.25,101.8,366.0,29.1,-3.22,medium,high,medium,0,1,rule-derived from synthetic thresholds
667,11,Kanpur,loam,Cotton,440,41.4,247,0.6,5.53,0.69,84.3,277.0,28.8,-0.35,medium,high,medium,0,1,rule-derived from synthetic thresholds
668,15,Kolkata (24 Pgs),clay,Rice,438,19.6,276,0.73,8.82,0.96,71.6,187.2,29.2,0.53,medium,medium,medium,0,0,rule-derived from synthetic thresholds
669,13,Bengaluru Rural,sandy,Ragi,328,17.1,112,0.29,6.17,0.66,14.8,47.3,27.1,0.32,medium,medium,medium,0,0,rule-derived from synthetic thresholds
670,6,Nagpur,clay,Cotton,406,15.3,335,0.67,7.71,0.17,156.0,547.7,24.5,-0.72,medium,medium,high,0,1,rule-derived from synthetic thresholds
671,8,Guntur,clay,Onion,484,40.1,282,0.44,7.77,2.15,34.1,102.9,27.7,-0.17,medium,high,high,0,1,rule-derived from synthetic thresholds
672,13,Bengaluru Rural,sandy,Ragi,348,38.3,65,0.44,7.37,0.28,188.2,383.1,25.4,1.65,medium,high,low,1,1,rule-derived from synthetic thresholds
673,8,Guntur,clay,Cotton,441,47.2,426,0.82,8.68,1.29,28.0,69.9,30.4,-2.85,medium,high,high,0,1,rule-derived from synthetic thresholds
674,5,Karnal,loam,Wheat,324,53.2,175,0.52,5.91,0.83,47.8,162.2,24.2,1.01,medium,high,medium,0,1,rule-derived from synthetic thresholds
675,8,Guntur,clay,Chilli,312,23.9,284,0.59,8.44,0.39,7.0,20.3,30.0,-0.48,medium,medium,high,0,1,rule-derived from synthetic thresholds
676,1,Thanjavur,clay,Chilli,414,15.3,200,0.55,8.47,1.79,6.1,20.0,22.4,-1.29,medium,medium,medium,0,0,rule-derived from synthetic thresholds
677,14,Dharwad,clay,Cotton,367,29.9,162,0.66,7.09,0.48,20.0,42.9,27.3,0.63,medium,high,medium,0,1,rule-derived from synthetic thresholds
678,9,Indore,clay,Soybean,323,3.2,218,0.39,7.99,1.1,64.4,222.2,27.4,0.35,medium,low,medium,1,0,rule-derived from synthetic thresholds
679,4,Ludhiana,sandy,Wheat,227,6.4,178,0.4,5.5,0.46,22.5,71.3,18.6,0.61,low,low,medium,1,0,rule-derived from synthetic thresholds
680,8,Guntur,clay,Cotton,264,31.7,295,0.51,7.3,1.38,54.7,118.2,23.8,2.08,low,high,high,1,1,rule-derived from synthetic thresholds
681,1,Thanjavur,clay,Groundnut,435,12.6,246,0.73,8.18,0.29,3.4,10.9,31.1,-0.27,medium,medium,medium,0,0,rule-derived from synthetic thresholds
682,12,Patna,loam,Wheat,415,7.2,206,0.62,7.4,2.8,115.8,330.8,25.6,-0.7,medium,low,medium,1,0,rule-derived from synthetic thresholds
683,8,Guntur,clay,Cotton,376,19.4,282,0.7,9.2,1.01,56.8,142.6,29.8,1.01,medium,medium,high,0,1,rule-derived from synthetic thresholds
684,1,Thanjavur,clay,Green gram,401,12.9,287,0.6,7.86,0.48,112.8,255.6,29.5,-0.61,medium,medium,high,0,1,rule-derived from synthetic thresholds
685,7,Pune,clay,Sugarcane,402,38.1,282,0.56,7.18,0.47,114.3,394.2,27.3,2.01,medium,high,high,0,1,rule-derived from synthetic thresholds
686,2,Coimbatore,loam,Pearl millet,590,87.9,121,0.98,7.51,0.67,25.3,66.8,25.7,-0.52,high,high,medium,0,1,rule-derived from synthetic thresholds
687,6,Nagpur,clay,Cotton,299,14.6,186,0.63,7.77,0.28,150.4,472.6,29.3,0.91,medium,medium,medium,0,0,rule-derived from synthetic thresholds
688,13,Bengaluru Rural,sandy,Tomato,247,11.1,125,0.32,5.22,0.3,62.6,137.0,23.6,-0.3,low,medium,medium,1,0,rule-derived from synthetic thresholds
689,10,Jaipur,sandy,Pearl millet,381,15.5,110,0.58,6.56,0.37,23.1,68.0,21.3,0.34,medium,medium,medium,0,0,rule-derived from synthetic thresholds
690,8,Guntur,clay,Mustard,301,19.5,79,0.5,7.93,0.62,107.7,324.0,24.7,2.05,medium,medium,low,1,0,rule-derived from synthetic thresholds
691,8,Guntur,clay,Rice,328,11.9,279,0.48,8.12,0.7,48.4,164.2,25.3,1.85,medium,medium,medium,0,0,rule-derived from synthetic thresholds
692,8,Guntur,clay,Chilli,502,75.7,266,0.98,8.72,0.61,40.0,103.2,28.5,0.83,medium,high,medium,0,1,rule-derived from synthetic thresholds
693,2,Coimbatore,loam,Maize,528,18.8,79,0.71,6.94,0.59,33.3,107.1,33.3,-0.35,medium,medium,low,1,0,rule-derived from synthetic thresholds
694,4,Ludhiana,sandy,Maize,142,6.1,211,0.2,7.19,0.32,66.2,170.0,27.2,0.81,low,low,medium,1,0,rule-derived from synthetic thresholds
695,13,Bengaluru Rural,sandy,Sugarcane,394,13.9,189,0.36,7.76,0.98,139.7,350.1,26.7,0.15,medium,medium,medium,0,0,rule-derived from synthetic thresholds
696,14,Dharwad,clay,Sorghum,435,50.5,183,0.7,8.91,1.5,17.6,43.9,23.3,0.13,medium,high,medium,0,1,rule-derived from synthetic thresholds
697,3,Madurai,sandy,Sunflower,296,44.0,306,0.2,5.77,0.33,131.0,265.5,32.0,0.65,medium,high,high,0,1,rule-derived from synthetic thresholds
698,14,Dharwad,clay,Cotton,339,10.2,236,0.68,8.48,0.64,163.7,530.1,27.3,0.28,medium,medium,medium,0,0,rule-derived from synthetic thresholds
699,1,Thanjavur,clay,Green gram,535,14.6,163,0.78,7.9,1.87,22.6,52.7,27.2,0.59,medium,medium,medium,0,0,rule-derived from synthetic thresholds
700,8,Guntur,clay,Cotton,237,14.2,347,0.4,8.15,1.37,51.0,141.4,32.4,-0.22,low,medium,high,1,1,rule-derived from synthetic thresholds
701,13,Bengaluru Rural,sandy,Potato,434,55.2,115,0.62,8.31,0.16,29.5,97.3,27.8,0.8,medium,high,medium,0,1,rule-derived from synthetic thresholds
702,4,Ludhiana,sandy,Lentil,254,23.0,98,0.4,7.3,1.84,167.5,563.2,20.3,-0.58,low,medium,low,1,0,rule-derived from synthetic thresholds
703,15,Kolkata (24 Pgs),clay,Banana,443,14.3,240,0.61,6.7,0.17,152.0,404.6,33.2,1.59,medium,medium,medium,0,0,rule-derived from synthetic thresholds
704,15,Kolkata (24 Pgs),clay,Rice,464,17.4,316,0.67,8.07,0.67,148.9,393.7,20.9,0.31,medium,medium,high,0,1,rule-derived from synthetic thresholds
705,7,Pune,clay,Sugarcane,420,19.2,195,0.67,8.74,1.01,30.3,85.6,21.7,-0.46,medium,medium,medium,0,0,rule-derived from synthetic thresholds
706,14,Dharwad,clay,Cotton,381,19.7,262,0.61,8.12,0.71,131.9,426.7,23.3,0.12,medium,medium,medium,0,0,rule-derived from synthetic thresholds
707,2,Coimbatore,loam,Cotton,321,16.4,98,0.68,7.58,0.43,11.0,34.9,21.5,0.19,medium,medium,low,1,0,rule-derived from synthetic thresholds
708,8,Guntur,clay,Cotton,332,12.7,314,0.72,7.69,0.75,49.7,102.4,30.5,-0.56,medium,medium,high,0,1,rule-derived from synthetic thresholds
709,5,Karnal,loam,Tomato,267,6.3,91,0.52,6.68,0.93,20.4,44.9,26.2,-2.25,low,low,low,1,0,rule-derived from synthetic thresholds
710,10,Jaipur,sandy,Wheat,346,16.5,126,0.39,7.77,2.46,30.5,64.4,26.6,1.27,medium,medium,medium,0,0,rule-derived from synthetic thresholds
711,4,Ludhiana,sandy,Wheat,441,18.7,30,0.67,7.16,1.22,9.5,25.4,20.5,0.8,medium,medium,low,1,0,rule-derived from synthetic thresholds
712,7,Pune,clay,Onion,279,7.6,276,0.52,6.87,1.47,83.2,243.0,27.0,-1.68,low,low,medium,1,0,rule-derived from synthetic thresholds
713,11,Kanpur,loam,Sunflower,400,9.2,257,0.46,7.59,0.56,9.3,21.1,25.7,-0.47,medium,low,medium,1,0,rule-derived from synthetic thresholds
714,4,Ludhiana,sandy,Maize,330,15.9,176,0.4,5.59,0.86,36.0,76.9,22.6,0.21,medium,medium,medium,0,0,rule-derived from synthetic thresholds
715,13,Bengaluru Rural,sandy,Ragi,318,16.5,140,0.32,7.21,0.56,67.5,159.3,19.6,0.44,medium,medium,medium,0,0,rule-derived from synthetic thresholds
716,11,Kanpur,loam,Potato,279,15.7,75,0.37,7.22,0.52,51.9,168.6,25.9,1.27,low,medium,low,1,0,rule-derived from synthetic thresholds
717,4,Ludhiana,sandy,Maize,303,5.2,30,0.27,7.65,0.9,109.5,350.1,22.4,-0.28,medium,low,low,1,0,rule-derived from synthetic thresholds
718,11,Kanpur,loam,Rice,460,19.6,200,0.92,6.76,0.13,64.5,137.8,27.9,0.86,medium,medium,medium,0,0,rule-derived from synthetic thresholds
719,5,Karnal,loam,Wheat,303,13.5,160,0.5,5.86,1.46,33.0,114.0,21.9,-1.19,medium,medium,medium,0,0,rule-derived from synthetic thresholds
720,9,Indore,clay,Soybean,430,10.9,269,0.57,7.87,0.79,204.3,450.1,21.9,-0.12,medium,medium,medium,0,0,rule-derived from synthetic thresholds
721,10,Jaipur,sandy,Pearl millet,365,26.5,75,0.59,6.23,0.66,13.0,26.4,26.5,-0.85,medium,high,low,1,1,rule-derived from synthetic thresholds
722,13,Bengaluru Rural,sandy,Maize,338,8.0,30,0.38,4.89,1.01,9.1,29.6,28.2,-0.21,medium,low,low,1,0,rule-derived from synthetic thresholds
723,6,Nagpur,clay,Soybean,418,29.8,158,0.53,8.71,0.3,80.1,235.6,21.1,-0.49,medium,high,medium,0,1,rule-derived from synthetic thresholds
724,7,Pune,clay,Onion,495,23.4,277,0.9,9.05,0.32,5.2,18.3,27.6,-0.12,medium,medium,medium,0,0,rule-derived from synthetic thresholds
725,7,Pune,clay,Maize,429,10.4,224,0.53,9.2,1.05,36.8,128.0,29.5,-1.29,medium,medium,medium,0,0,rule-derived from synthetic thresholds
726,13,Bengaluru Rural,sandy,Maize,296,29.9,101,0.24,6.3,0.15,113.3,262.9,23.4,-0.27,medium,high,low,1,1,rule-derived from synthetic thresholds
727,13,Bengaluru Rural,sandy,Maize,360,12.7,67,0.65,5.03,1.14,146.9,496.8,25.9,0.8,medium,medium,low,1,0,rule-derived from synthetic thresholds
728,4,Ludhiana,sandy,Cotton,329,25.1,43,0.45,6.94,0.33,222.3,610.7,26.7,-2.33,medium,high,low,1,1,rule-derived from synthetic thresholds
729,2,Coimbatore,loam,Maize,221,13.2,101,0.17,6.42,1.53,26.1,57.5,30.2,-0.43,low,medium,low,1,0,rule-derived from synthetic thresholds
730,15,Kolkata (24 Pgs),clay,Lentil,380,9.4,246,0.65,7.17,0.33,186.1,656.5,23.8,0.21,medium,low,medium,1,0,rule-derived from synthetic thresholds
731,3,Madurai,sandy,Cotton,371,13.5,166,0.44,6.95,0.36,243.5,523.0,25.5,-0.41,medium,medium,medium,0,0,rule-derived from synthetic thresholds
732,4,Ludhiana,sandy,Maize,318,9.5,286,0.52,7.13,0.95,11.0,38.7,22.5,-0.81,medium,low,high,1,1,rule-derived from synthetic thresholds
733,2,Coimbatore,loam,Cotton,221,16.7,285,0.36,5.81,0.69,81.4,187.1,28.3,0.34,low,medium,high,1,1,rule-derived from synthetic thresholds
734,3,Madurai,sandy,Sugarcane,310,6.5,111,0.36,6.99,0.34,22.2,56.7,32.3,-1.18,medium,low,medium,1,0,rule-derived from synthetic thresholds
735,1,Thanjavur,clay,Green gram,168,21.4,130,0.25,7.31,0.57,132.6,305.6,28.8,0.45,low,medium,medium,1,0,rule-derived from synthetic thresholds
736,10,Jaipur,sandy,Mustard,356,22.1,56,0.59,6.54,0.85,87.1,278.4,22.7,-0.08,medium,medium,low,1,0,rule-derived from synthetic thresholds
737,8,Guntur,clay,Rice,488,5.4,192,0.8,7.54,1.13,168.7,585.6,27.9,-0.6,medium,low,medium,1,0,rule-derived from synthetic thresholds
738,2,Coimbatore,loam,Soybean,406,6.6,218,0.66,9.2,0.52,90.0,243.0,25.9,0.99,medium,low,medium,1,0,rule-derived from synthetic thresholds
739,10,Jaipur,sandy,Wheat,272,12.0,61,0.31,6.48,0.5,26.3,91.1,25.9,-0.96,low,medium,low,1,0,rule-derived from synthetic thresholds
740,3,Madurai,sandy,Sugarcane,396,9.8,155,0.52,6.54,0.3,41.8,125.1,29.3,0.03,medium,low,medium,1,0,rule-derived from synthetic thresholds
741,9,Indore,clay,Sorghum,535,4.4,338,0.74,6.3,1.6,58.8,198.9,27.0,-0.12,medium,low,high,1,1,rule-derived from synthetic thresholds
742,11,Kanpur,loam,Wheat,270,7.9,215,0.44,8.05,0.76,17.0,58.9,21.1,1.1,low,low,medium,1,0,rule-derived from synthetic thresholds
743,7,Pune,clay,Onion,316,21.8,284,0.6,8.27,0.63,55.4,114.5,25.5,-0.13,medium,medium,high,0,1,rule-derived from synthetic thresholds
744,5,Karnal,loam,Sugarcane,222,34.0,144,0.19,6.67,0.3,36.4,126.9,22.9,-0.63,low,high,medium,1,1,rule-derived from synthetic thresholds
745,14,Dharwad,clay,Sorghum,237,13.2,295,0.31,7.9,1.07,64.1,179.9,25.3,0.52,low,medium,high,1,1,rule-derived from synthetic thresholds
746,13,Bengaluru Rural,sandy,Lentil,264,4.4,162,0.23,7.05,0.2,42.4,106.6,27.0,1.21,low,low,medium,1,0,rule-derived from synthetic thresholds
747,13,Bengaluru Rural,sandy,Pearl millet,234,14.8,123,0.35,6.44,0.58,147.6,470.6,26.5,0.86,low,medium,medium,1,0,rule-derived from synthetic thresholds
748,3,Madurai,sandy,Chilli,239,17.1,45,0.2,5.99,0.54,68.6,170.1,26.8,-0.41,low,medium,low,1,0,rule-derived from synthetic thresholds
749,5,Karnal,loam,Sugarcane,368,35.1,375,0.92,7.33,0.34,84.1,266.3,23.3,0.19,medium,high,high,0,1,rule-derived from synthetic thresholds
750,6,Nagpur,clay,Cotton,457,11.1,328,0.7,7.63,2.17,134.3,340.9,29.2,0.3,medium,medium,high,0,1,rule-derived from synthetic thresholds
751,3,Madurai,sandy,Rice,177,21.9,30,0.3,7.12,0.48,123.5,285.1,27.1,0.15,low,medium,low,1,0,rule-derived from synthetic thresholds
752,6,Nagpur,clay,Cotton,404,90.0,175,0.91,9.2,1.29,113.4,291.5,24.8,0.71,medium,high,medium,0,1,rule-derived from synthetic thresholds
753,4,Ludhiana,sandy,Maize,372,8.5,96,0.48,7.01,1.29,124.6,447.1,25.3,-0.9,medium,low,low,1,0,rule-derived from synthetic thresholds
754,8,Guntur,clay,Cotton,431,9.0,212,0.62,7.24,0.24,9.2,27.6,30.2,-1.06,medium,low,medium,1,0,rule-derived from synthetic thresholds
755,11,Kanpur,loam,Rice,447,8.6,89,0.4,6.15,0.33,270.8,656.8,31.6,-0.61,medium,low,low,1,0,rule-derived from synthetic thresholds
756,7,Pune,clay,Sugarcane,450,13.3,381,0.57,8.15,1.13,15.4,32.3,20.4,1.24,medium,medium,high,0,1,rule-derived from synthetic thresholds
757,11,Kanpur,loam,Potato,399,3.5,196,0.46,7.6,0.9,10.8,33.3,25.1,2.22,medium,low,medium,1,0,rule-derived from synthetic thresholds
758,6,Nagpur,clay,Pigeon pea,334,22.0,194,0.56,8.21,1.3,102.9,355.7,22.0,0.28,medium,medium,medium,0,0,rule-derived from synthetic thresholds
759,8,Guntur,clay,Cotton,608,9.3,288,0.81,7.25,1.15,90.5,324.2,32.1,-1.55,high,low,high,1,1,rule-derived from synthetic thresholds
760,5,Karnal,loam,Sugarcane,396,11.4,162,0.59,6.52,0.76,27.0,76.9,28.1,0.95,medium,medium,medium,0,0,rule-derived from synthetic thresholds
761,2,Coimbatore,loam,Cotton,321,38.7,211,0.69,6.74,0.6,7.1,25.3,25.0,-0.07,medium,high,medium,0,1,rule-derived from synthetic thresholds
762,1,Thanjavur,clay,Chilli,403,13.9,252,0.78,8.34,3.9,52.6,131.8,25.3,-1.53,medium,medium,medium,0,0,rule-derived from synthetic thresholds
763,3,Madurai,sandy,Chilli,265,13.3,37,0.42,6.58,0.76,52.1,182.9,29.4,-1.61,low,medium,low,1,0,rule-derived from synthetic thresholds
764,10,Jaipur,sandy,Sugarcane,367,44.3,132,0.5,6.94,0.83,50.6,145.8,28.3,1.27,medium,high,medium,0,1,rule-derived from synthetic thresholds
765,2,Coimbatore,loam,Pigeon pea,385,33.1,285,0.58,7.69,0.14,37.4,98.5,30.4,0.78,medium,high,high,0,1,rule-derived from synthetic thresholds
766,8,Guntur,clay,Rice,291,12.9,324,0.5,8.57,0.46,159.0,405.9,30.1,-0.3,medium,medium,high,0,1,rule-derived from synthetic thresholds
767,2,Coimbatore,loam,Cotton,309,8.5,349,0.5,6.85,0.69,58.5,171.2,27.5,-0.85,medium,low,high,1,1,rule-derived from synthetic thresholds
768,6,Nagpur,clay,Pigeon pea,482,9.4,270,0.52,6.74,1.54,39.8,85.7,28.3,-0.16,medium,low,medium,1,0,rule-derived from synthetic thresholds
769,5,Karnal,loam,Sunflower,269,8.2,317,0.42,7.17,0.21,26.4,75.5,19.8,-0.08,low,low,high,1,1,rule-derived from synthetic thresholds
770,4,Ludhiana,sandy,Chilli,104,17.1,108,0.17,6.43,1.01,62.4,163.4,19.8,-0.66,low,medium,low,1,0,rule-derived from synthetic thresholds
771,8,Guntur,clay,Tomato,431,8.9,339,0.72,7.38,1.69,19.8,51.7,25.3,0.14,medium,low,high,1,1,rule-derived from synthetic thresholds
772,14,Dharwad,clay,Sorghum,378,28.3,217,0.57,7.95,0.82,59.9,152.8,21.7,-1.04,medium,high,medium,0,1,rule-derived from synthetic thresholds
773,10,Jaipur,sandy,Mustard,296,15.9,30,0.4,7.13,1.68,16.1,41.8,26.4,1.84,medium,medium,low,1,0,rule-derived from synthetic thresholds
774,4,Ludhiana,sandy,Rice,224,26.2,170,0.21,7.16,0.1,105.9,218.4,20.3,-0.41,low,high,medium,1,1,rule-derived from synthetic thresholds
775,13,Bengaluru Rural,sandy,Banana,302,21.2,88,0.27,7.39,1.17,245.5,790.7,24.1,0.79,medium,medium,low,1,0,rule-derived from synthetic thresholds
776,14,Dharwad,clay,Chilli,503,3.2,207,0.6,8.16,0.58,19.2,52.8,20.5,-0.24,medium,low,medium,1,0,rule-derived from synthetic thresholds
777,12,Patna,loam,Wheat,404,11.4,205,0.62,7.07,0.59,30.7,108.9,31.9,0.09,medium,medium,medium,0,0,rule-derived from synthetic thresholds
778,4,Ludhiana,sandy,Wheat,203,9.0,179,0.36,7.69,1.28,84.1,183.4,22.2,1.51,low,low,medium,1,0,rule-derived from synthetic thresholds
779,3,Madurai,sandy,Rice,233,11.5,68,0.29,6.94,1.42,50.2,157.3,33.1,-0.17,low,medium,low,1,0,rule-derived from synthetic thresholds
780,15,Kolkata (24 Pgs),clay,Potato,442,35.2,102,0.36,8.32,0.28,13.6,40.8,32.7,-0.93,medium,high,low,1,1,rule-derived from synthetic thresholds
781,14,Dharwad,clay,Ragi,593,27.3,404,0.78,6.88,1.01,17.9,37.6,22.8,0.56,high,high,high,0,1,rule-derived from synthetic thresholds
782,7,Pune,clay,Maize,365,12.8,255,0.65,7.29,1.07,26.8,95.0,19.7,1.04,medium,medium,medium,0,0,rule-derived from synthetic thresholds
783,7,Pune,clay,Onion,478,11.9,393,0.98,7.07,1.14,28.5,61.8,28.8,0.23,medium,medium,high,0,1,rule-derived from synthetic thresholds
784,8,Guntur,clay,Chilli,386,26.0,238,0.53,8.57,0.73,40.1,85.2,28.3,0.04,medium,high,medium,0,1,rule-derived from synthetic thresholds
785,14,Dharwad,clay,Ragi,431,13.9,266,0.74,8.22,0.62,22.9,46.7,25.6,-1.49,medium,medium,medium,0,0,rule-derived from synthetic thresholds
786,5,Karnal,loam,Wheat,409,16.7,234,0.38,7.15,0.39,78.2,164.2,24.9,0.3,medium,medium,medium,0,0,rule-derived from synthetic thresholds
787,11,Kanpur,loam,Potato,417,50.3,273,0.49,4.97,0.35,10.3,29.7,27.0,0.62,medium,high,medium,0,1,rule-derived from synthetic thresholds
788,15,Kolkata (24 Pgs),clay,Rice,320,20.0,295,0.57,8.53,0.66,154.3,332.9,26.7,0.29,medium,medium,high,0,1,rule-derived from synthetic thresholds
789,5,Karnal,loam,Pearl millet,483,9.3,286,0.53,7.51,0.51,16.3,38.4,23.7,-0.25,medium,low,high,1,1,rule-derived from synthetic thresholds
790,5,Karnal,loam,Rice,409,19.8,219,0.74,7.87,0.55,47.8,111.5,22.2,-0.48,medium,medium,medium,0,0,rule-derived from synthetic thresholds
791,3,Madurai,sandy,Chilli,396,20.3,108,0.31,5.87,0.56,72.4,185.2,35.5,-0.2,medium,medium,low,1,0,rule-derived from synthetic thresholds
792,11,Kanpur,loam,Potato,281,54.6,186,0.36,6.9,1.08,126.1,287.5,23.7,-1.59,medium,high,medium,0,1,rule-derived from synthetic thresholds
793,5,Karnal,loam,Wheat,359,8.8,173,0.45,6.81,0.59,15.5,38.1,25.8,0.13,medium,low,medium,1,0,rule-derived from synthetic thresholds
794,1,Thanjavur,clay,Rice,412,31.2,220,0.58,7.43,0.93,35.9,89.8,32.2,-0.47,medium,high,medium,0,1,rule-derived from synthetic thresholds
795,8,Guntur,clay,Chilli,457,20.4,216,0.73,8.71,0.19,76.5,232.6,25.6,-0.21,medium,medium,medium,0,0,rule-derived from synthetic thresholds
796,9,Indore,clay,Soybean,312,10.1,348,0.55,8.68,0.43,58.5,130.2,24.9,1.6,medium,medium,high,0,1,rule-derived from synthetic thresholds
797,1,Thanjavur,clay,Groundnut,540,8.2,195,0.9,6.67,1.69,44.5,141.2,24.4,0.04,medium,low,medium,1,0,rule-derived from synthetic thresholds
798,12,Patna,loam,Maize,368,11.5,231,0.42,8.06,0.44,174.6,609.6,24.1,-0.23,medium,medium,medium,0,0,rule-derived from synthetic thresholds
799,9,Indore,clay,Soybean,322,7.9,190,0.64,8.54,0.83,43.0,92.7,24.8,0.86,medium,low,medium,1,0,rule-derived from synthetic thresholds
800,8,Guntur,clay,Chilli,428,24.6,199,0.95,9.2,0.98,48.9,101.6,30.2,0.16,medium,medium,medium,0,0,rule-derived from synthetic thresholds
801,6,Nagpur,clay,Cotton,357,9.1,204,0.49,7.43,0.36,16.2,36.8,27.1,-0.17,medium,low,medium,1,0,rule-derived from synthetic thresholds
802,10,Jaipur,sandy,Mustard,370,22.9,187,0.62,6.38,0.25,125.7,253.1,23.8,1.73,medium,medium,medium,0,0,rule-derived from synthetic thresholds
803,12,Patna,loam,Maize,313,8.2,163,0.64,7.89,0.44,10.2,30.7,23.6,-1.49,medium,low,medium,1,0,rule-derived from synthetic thresholds
804,12,Patna,loam,Rice,424,11.6,259,0.7,7.76,0.3,76.5,256.4,23.3,-0.75,medium,medium,medium,0,0,rule-derived from synthetic thresholds
805,6,Nagpur,clay,Cotton,265,12.1,396,0.38,7.13,0.57,18.3,45.1,28.2,2.33,low,medium,high,1,1,rule-derived from synthetic thresholds
806,8,Guntur,clay,Chilli,350,12.4,215,0.68,6.64,0.14,60.7,189.8,29.1,-1.7,medium,medium,medium,0,0,rule-derived from synthetic thresholds
807,4,Ludhiana,sandy,Wheat,475,15.7,173,0.8,8.63,0.44,189.9,561.7,23.8,0.43,medium,medium,medium,0,0,rule-derived from synthetic thresholds
808,4,Ludhiana,sandy,Rice,457,8.6,174,0.87,6.08,0.81,36.0,98.7,21.2,0.89,medium,low,medium,1,0,rule-derived from synthetic thresholds
809,13,Bengaluru Rural,sandy,Ragi,427,7.3,148,0.48,5.87,0.52,4.6,13.2,25.6,1.22,medium,low,medium,1,0,rule-derived from synthetic thresholds
810,6,Nagpur,clay,Pigeon pea,533,11.8,142,0.9,7.34,1.23,107.0,264.4,26.6,-0.24,medium,medium,medium,0,0,rule-derived from synthetic thresholds
811,5,Karnal,loam,Sugarcane,215,9.1,56,0.4,7.59,0.38,43.0,135.3,25.2,1.89,low,low,low,1,0,rule-derived from synthetic thresholds
812,11,Kanpur,loam,Wheat,362,12.2,184,0.78,8.34,1.14,27.3,55.9,27.8,1.13,medium,medium,medium,0,0,rule-derived from synthetic thresholds
813,11,Kanpur,loam,Cotton,574,9.7,224,0.84,7.8,0.61,10.1,25.2,22.2,0.11,high,low,medium,1,1,rule-derived from synthetic thresholds
814,5,Karnal,loam,Mustard,192,12.9,222,0.47,7.37,0.36,74.2,261.2,20.0,0.22,low,medium,medium,1,0,rule-derived from synthetic thresholds
815,3,Madurai,sandy,Chilli,475,13.3,290,0.43,6.67,0.38,42.0,143.6,23.3,1.02,medium,medium,high,0,1,rule-derived from synthetic thresholds
816,10,Jaipur,sandy,Mustard,286,45.5,30,0.1,6.23,0.33,32.1,105.7,30.2,-0.06,medium,high,low,1,1,rule-derived from synthetic thresholds
817,14,Dharwad,clay,Cotton,356,13.8,185,0.77,6.84,0.15,66.3,137.3,23.1,-1.06,medium,medium,medium,0,0,rule-derived from synthetic thresholds
818,3,Madurai,sandy,Rice,507,17.1,124,0.64,6.91,3.4,187.3,558.2,34.1,0.0,medium,medium,medium,0,0,rule-derived from synthetic thresholds
819,4,Ludhiana,sandy,Rice,233,8.9,157,0.24,6.89,0.39,52.6,186.5,21.4,-0.52,low,low,medium,1,0,rule-derived from synthetic thresholds
820,14,Dharwad,clay,Sorghum,298,58.8,406,0.38,8.52,1.37,38.2,88.7,27.9,-0.51,medium,high,high,0,1,rule-derived from synthetic thresholds
821,11,Kanpur,loam,Wheat,601,17.7,205,0.92,7.83,1.56,61.0,199.8,22.2,-1.81,high,medium,medium,0,1,rule-derived from synthetic thresholds
822,10,Jaipur,sandy,Wheat,326,7.9,61,0.3,6.92,0.73,48.8,135.6,27.7,-0.89,medium,low,low,1,0,rule-derived from synthetic thresholds
823,6,Nagpur,clay,Groundnut,413,15.7,210,0.41,7.41,1.99,146.6,367.0,24.4,-1.4,medium,medium,medium,0,0,rule-derived from synthetic thresholds
824,8,Guntur,clay,Cotton,593,23.9,207,0.78,8.75,0.43,28.5,89.0,32.2,-0.52,high,medium,medium,0,1,rule-derived from synthetic thresholds
825,3,Madurai,sandy,Rice,195,22.9,72,0.23,6.24,0.62,52.6,149.2,33.6,0.63,low,medium,low,1,0,rule-derived from synthetic thresholds
826,13,Bengaluru Rural,sandy,Tomato,394,7.8,231,0.48,6.73,0.48,57.8,135.9,17.7,0.86,medium,low,medium,1,0,rule-derived from synthetic thresholds
827,8,Guntur,clay,Rice,463,11.9,341,0.64,7.14,0.57,232.8,474.3,30.4,1.09,medium,medium,high,0,1,rule-derived from synthetic thresholds
828,12,Patna,loam,Rice,352,13.7,172,0.37,6.57,0.9,19.9,54.5,28.6,0.09,medium,medium,medium,0,0,rule-derived from synthetic thresholds
829,14,Dharwad,clay,Cotton,398,27.5,147,0.62,6.98,0.25,51.3,175.6,23.1,-1.43,medium,high,medium,0,1,rule-derived from synthetic thresholds
830,2,Coimbatore,loam,Sorghum,453,5.1,240,0.52,6.05,3.32,62.7,176.3,27.8,-0.94,medium,low,medium,1,0,rule-derived from synthetic thresholds
831,13,Bengaluru Rural,sandy,Turmeric,338,54.0,182,0.4,5.97,1.01,46.4,136.7,24.6,0.67,medium,high,medium,0,1,rule-derived from synthetic thresholds
832,5,Karnal,loam,Mustard,310,5.6,338,0.66,6.69,0.21,70.0,190.1,24.4,-1.1,medium,low,high,1,1,rule-derived from synthetic thresholds
833,5,Karnal,loam,Ragi,297,27.9,120,0.57,5.88,0.6,53.8,125.8,26.5,1.36,medium,high,medium,0,1,rule-derived from synthetic thresholds
834,7,Pune,clay,Groundnut,342,21.7,377,0.57,7.86,0.49,23.4,76.9,28.0,1.07,medium,medium,high,0,1,rule-derived from synthetic thresholds
835,5,Karnal,loam,Rice,646,19.6,279,0.83,6.41,0.27,7.0,25.1,26.6,0.71,high,medium,medium,0,1,rule-derived from synthetic thresholds
836,6,Nagpur,clay,Pigeon pea,533,33.2,328,0.58,7.82,0.4,62.1,193.5,27.6,1.55,medium,high,high,0,1,rule-derived from synthetic thresholds
837,11,Kanpur,loam,Chickpea,570,12.2,264,0.93,7.16,1.67,41.0,135.6,27.4,0.32,high,medium,medium,0,1,rule-derived from synthetic thresholds
838,5,Karnal,loam,Wheat,348,10.2,180,0.63,7.28,0.5,24.7,88.7,22.0,1.1,medium,medium,medium,0,0,rule-derived from synthetic thresholds
839,10,Jaipur,sandy,Mustard,292,18.0,69,0.38,6.46,0.58,32.4,112.9,26.6,-1.77,medium,medium,low,1,0,rule-derived from synthetic thresholds
840,6,Nagpur,clay,Pigeon pea,439,16.3,207,0.65,6.93,0.37,42.9,118.2,25.2,0.65,medium,medium,medium,0,0,rule-derived from synthetic thresholds
841,5,Karnal,loam,Wheat,442,4.2,341,0.94,6.37,1.74,13.4,48.4,25.1,1.14,medium,low,high,1,1,rule-derived from synthetic thresholds
842,3,Madurai,sandy,Chilli,362,10.1,239,0.39,6.52,0.42,20.4,49.4,31.2,-0.56,medium,medium,medium,0,0,rule-derived from synthetic thresholds
843,13,Bengaluru Rural,sandy,Sugarcane,381,13.6,30,0.77,6.18,0.45,15.5,41.4,23.9,-1.0,medium,medium,low,1,0,rule-derived from synthetic thresholds
844,2,Coimbatore,loam,Potato,392,19.0,186,0.73,6.22,0.48,209.1,420.4,28.7,1.26,medium,medium,medium,0,0,rule-derived from synthetic thresholds
845,9,Indore,clay,Chickpea,513,28.9,354,0.85,8.24,0.66,82.5,204.1,29.1,0.18,medium,high,high,0,1,rule-derived from synthetic thresholds
846,4,Ludhiana,sandy,Wheat,342,8.2,107,0.22,7.65,1.12,33.8,98.5,19.6,-0.75,medium,low,low,1,0,rule-derived from synthetic thresholds
847,15,Kolkata (24 Pgs),clay,Sorghum,559,17.9,224,0.8,8.62,0.37,63.5,224.1,23.9,-0.42,medium,medium,medium,0,0,rule-derived from synthetic thresholds
848,2,Coimbatore,loam,Sorghum,548,12.7,260,0.52,6.04,0.9,56.9,151.9,22.1,-1.15,medium,medium,medium,0,0,rule-derived from synthetic thresholds
849,7,Pune,clay,Maize,322,57.8,377,0.66,7.9,0.21,144.0,430.6,23.5,-0.96,medium,high,high,0,1,rule-derived from synthetic thresholds
850,8,Guntur,clay,Soybean,232,20.5,279,0.37,6.69,0.45,32.9,77.9,28.0,-0.24,low,medium,medium,1,0,rule-derived from synthetic thresholds
851,15,Kolkata (24 Pgs),clay,Mustard,435,16.5,315,0.63,8.39,2.8,87.2,250.0,25.1,0.5,medium,medium,high,0,1,rule-derived from synthetic thresholds
852,3,Madurai,sandy,Chilli,128,9.9,76,0.21,7.08,0.31,11.1,31.7,28.0,-0.82,low,low,low,1,0,rule-derived from synthetic thresholds
853,13,Bengaluru Rural,sandy,Ragi,292,5.1,148,0.36,4.86,0.37,5.1,15.1,22.7,1.41,medium,low,medium,1,0,rule-derived from synthetic thresholds
854,2,Coimbatore,loam,Sunflower,453,13.2,267,0.84,7.64,0.67,179.5,361.4,20.7,-0.77,medium,medium,medium,0,0,rule-derived from synthetic thresholds
855,5,Karnal,loam,Rice,353,16.6,326,0.39,6.89,0.69,170.0,516.2,24.9,0.3,medium,medium,high,0,1,rule-derived from synthetic thresholds
856,13,Bengaluru Rural,sandy,Tomato,366,7.2,64,0.71,6.37,0.74,41.9,84.3,20.5,1.82,medium,low,low,1,0,rule-derived from synthetic thresholds
857,6,Nagpur,clay,Soybean,426,9.4,406,0.54,8.7,1.09,99.7,306.5,27.5,0.93,medium,low,high,1,1,rule-derived from synthetic thresholds
858,9,Indore,clay,Chickpea,551,9.4,85,0.86,8.07,0.27,137.2,361.2,29.1,0.66,medium,low,low,1,0,rule-derived from synthetic thresholds
859,6,Nagpur,clay,Pigeon pea,436,24.8,227,0.84,8.38,0.81,159.7,462.5,25.6,1.17,medium,medium,medium,0,0,rule-derived from synthetic thresholds
860,14,Dharwad,clay,Groundnut,430,13.7,285,1.0,8.0,0.56,59.9,148.9,18.5,0.47,medium,medium,high,0,1,rule-derived from synthetic thresholds
861,2,Coimbatore,loam,Maize,495,6.2,144,0.79,6.6,0.68,157.4,560.1,21.7,0.61,medium,low,medium,1,0,rule-derived from synthetic thresholds
862,15,Kolkata (24 Pgs),clay,Banana,435,25.5,161,0.62,6.02,0.55,208.5,530.3,33.3,0.02,medium,high,medium,0,1,rule-derived from synthetic thresholds
863,4,Ludhiana,sandy,Onion,309,71.0,30,0.5,5.44,0.2,77.3,206.8,25.4,-0.36,medium,high,low,1,1,rule-derived from synthetic thresholds
864,9,Indore,clay,Soybean,366,9.9,279,0.61,8.77,0.26,69.3,239.3,23.1,-0.92,medium,low,medium,1,0,rule-derived from synthetic thresholds
865,4,Ludhiana,sandy,Rice,313,17.4,34,0.18,5.53,0.13,114.6,302.1,20.1,-0.28,medium,medium,low,1,0,rule-derived from synthetic thresholds
866,12,Patna,loam,Maize,394,22.0,261,0.46,7.54,1.02,350.2,861.4,25.9,-0.63,medium,medium,medium,0,0,rule-derived from synthetic thresholds
867,11,Kanpur,loam,Rice,416,11.4,303,0.69,6.86,0.58,34.7,101.5,25.1,-0.13,medium,medium,high,0,1,rule-derived from synthetic thresholds
868,3,Madurai,sandy,Cotton,266,34.5,50,0.38,7.2,0.96,32.4,110.0,27.7,3.62,low,high,low,1,1,rule-derived from synthetic thresholds
869,4,Ludhiana,sandy,Maize,255,31.8,30,0.56,7.3,0.4,198.3,423.1,26.9,-1.22,low,high,low,1,1,rule-derived from synthetic thresholds
870,11,Kanpur,loam,Potato,282,24.9,242,0.55,5.5,0.57,112.8,322.9,27.7,0.03,medium,medium,medium,0,0,rule-derived from synthetic thresholds
871,8,Guntur,clay,Rice,298,6.4,252,0.54,7.11,0.54,90.9,257.9,32.4,1.66,medium,low,medium,1,0,rule-derived from synthetic thresholds
872,9,Indore,clay,Chickpea,600,6.2,338,0.78,6.41,0.61,121.3,319.9,28.2,-1.77,high,low,high,1,1,rule-derived from synthetic thresholds
873,6,Nagpur,clay,Soybean,453,10.8,285,0.51,7.65,0.2,15.1,50.2,23.4,-0.21,medium,medium,high,0,1,rule-derived from synthetic thresholds
874,11,Kanpur,loam,Onion,280,11.7,161,0.6,7.36,0.71,15.7,48.7,29.9,0.11,medium,medium,medium,0,0,rule-derived from synthetic thresholds
875,14,Dharwad,clay,Sorghum,388,13.2,253,0.54,6.4,0.34,68.6,230.1,19.3,0.33,medium,medium,medium,0,0,rule-derived from synthetic thresholds
876,2,Coimbatore,loam,Banana,436,6.8,230,0.61,6.58,0.63,53.4,129.8,26.8,1.89,medium,low,medium,1,0,rule-derived from synthetic thresholds
877,11,Kanpur,loam,Wheat,403,29.0,197,0.46,5.98,0.31,27.7,82.6,28.6,1.43,medium,high,medium,0,1,rule-derived from synthetic thresholds
878,15,Kolkata (24 Pgs),clay,Potato,460,5.2,220,0.65,8.25,0.42,107.2,268.2,28.4,0.95,medium,low,medium,1,0,rule-derived from synthetic thresholds
879,4,Ludhiana,sandy,Potato,476,14.7,150,0.48,6.92,0.39,41.2,114.7,29.5,-0.33,medium,medium,medium,0,0,rule-derived from synthetic thresholds
880,7,Pune,clay,Maize,203,7.9,225,0.26,7.34,0.7,43.7,144.6,27.7,-0.44,low,low,medium,1,0,rule-derived from synthetic thresholds
881,9,Indore,clay,Wheat,546,25.4,218,0.91,8.76,0.25,44.3,105.1,22.7,0.38,medium,high,medium,0,1,rule-derived from synthetic thresholds
882,12,Patna,loam,Wheat,565,16.9,159,0.72,7.49,0.32,479.5,1449.5,25.5,-0.41,high,medium,medium,0,1,rule-derived from synthetic thresholds
883,11,Kanpur,loam,Wheat,267,41.3,279,0.52,6.59,0.16,54.3,159.7,27.9,-0.53,low,high,medium,1,1,rule-derived from synthetic thresholds
884,15,Kolkata (24 Pgs),clay,Pearl millet,451,8.5,151,0.7,9.2,0.61,40.6,118.1,27.2,0.21,medium,low,medium,1,0,rule-derived from synthetic thresholds
885,9,Indore,clay,Chickpea,469,12.4,167,0.75,7.78,1.01,204.7,464.9,26.1,0.34,medium,medium,medium,0,0,rule-derived from synthetic thresholds
886,14,Dharwad,clay,Cotton,551,29.0,305,0.79,7.61,0.47,31.7,93.2,23.4,0.07,medium,high,high,0,1,rule-derived from synthetic thresholds
887,8,Guntur,clay,Cotton,352,46.7,195,0.66,9.2,0.36,80.1,215.1,32.5,-0.19,medium,high,medium,0,1,rule-derived from synthetic thresholds
888,5,Karnal,loam,Sugarcane,362,6.5,30,0.48,5.7,0.51,67.9,242.4,22.6,0.97,medium,low,low,1,0,rule-derived from synthetic thresholds
889,11,Kanpur,loam,Wheat,245,6.7,209,0.57,7.39,0.4,51.3,183.7,25.6,-0.05,low,low,medium,1,0,rule-derived from synthetic thresholds
890,7,Pune,clay,Onion,440,13.0,205,0.69,8.34,1.52,10.4,22.6,21.2,-0.65,medium,medium,medium,0,0,rule-derived from synthetic thresholds
891,10,Jaipur,sandy,Mustard,178,21.6,245,0.4,5.87,0.82,68.5,208.1,23.0,-1.09,low,medium,medium,1,0,rule-derived from synthetic thresholds
892,10,Jaipur,sandy,Pearl millet,214,13.4,126,0.1,7.13,0.46,125.1,321.5,25.1,-0.24,low,medium,medium,1,0,rule-derived from synthetic thresholds
893,2,Coimbatore,loam,Sorghum,363,24.6,159,0.61,7.89,0.21,23.6,79.8,23.2,-0.37,medium,medium,medium,0,0,rule-derived from synthetic thresholds
894,9,Indore,clay,Soybean,378,8.4,386,0.59,8.72,0.31,76.1,250.1,21.7,0.94,medium,low,high,1,1,rule-derived from synthetic thresholds
895,1,Thanjavur,clay,Cotton,388,9.9,400,0.68,7.81,0.42,179.4,538.4,23.1,-0.03,medium,low,high,1,1,rule-derived from synthetic thresholds
896,7,Pune,clay,Sugarcane,366,8.3,280,0.73,8.8,0.64,104.5,337.5,27.4,-0.1,medium,low,medium,1,0,rule-derived from synthetic thresholds
897,10,Jaipur,sandy,Banana,523,6.0,261,0.6,6.31,0.61,38.5,111.3,25.6,0.31,medium,low,medium,1,0,rule-derived from synthetic thresholds
898,10,Jaipur,sandy,Wheat,359,19.8,132,0.66,7.59,0.34,25.3,66.9,25.8,-0.33,medium,medium,medium,0,0,rule-derived from synthetic thresholds
899,2,Coimbatore,loam,Cotton,347,4.7,113,0.77,7.1,0.36,16.8,51.3,26.7,-0.64,medium,low,medium,1,0,rule-derived from synthetic thresholds
900,14,Dharwad,clay,Pigeon pea,458,11.5,159,0.64,8.4,0.23,28.2,80.6,25.7,0.93,medium,medium,medium,0,0,rule-derived from synthetic thresholds
901,12,Patna,loam,Rice,315,7.8,230,0.1,8.36,0.89,49.0,152.0,26.8,-0.2,medium,low,medium,1,0,rule-derived from synthetic thresholds
902,5,Karnal,loam,Sugarcane,531,7.3,235,0.77,5.95,0.2,18.8,38.8,24.5,1.11,medium,low,medium,1,0,rule-derived from synthetic thresholds
903,7,Pune,clay,Maize,404,18.7,221,0.81,8.86,1.0,23.4,78.0,22.8,-0.67,medium,medium,medium,0,0,rule-derived from synthetic thresholds
904,2,Coimbatore,loam,Sorghum,299,19.5,73,0.36,6.8,0.34,70.3,162.2,28.6,1.25,medium,medium,low,1,0,rule-derived from synthetic thresholds
905,6,Nagpur,clay,Pigeon pea,344,13.5,317,0.6,7.78,0.6,95.0,338.2,21.7,-0.33,medium,medium,high,0,1,rule-derived from synthetic thresholds
906,11,Kanpur,loam,Wheat,499,12.6,317,0.76,6.62,0.47,17.4,47.3,30.0,0.06,medium,medium,high,0,1,rule-derived from synthetic thresholds
907,14,Dharwad,clay,Onion,194,23.6,295,0.19,7.49,1.01,18.2,49.4,28.1,-2.0,low,medium,high,1,1,rule-derived from synthetic thresholds
908,9,Indore,clay,Ragi,480,12.0,283,0.76,7.91,0.21,131.6,264.3,23.8,-1.33,medium,medium,high,0,1,rule-derived from synthetic thresholds
909,5,Karnal,loam,Wheat,359,15.2,145,0.73,7.24,4.59,19.7,67.5,24.9,-1.52,medium,medium,medium,0,0,rule-derived from synthetic thresholds
910,14,Dharwad,clay,Chickpea,157,56.8,231,0.27,8.94,0.34,34.0,74.7,30.3,0.35,low,high,medium,1,1,rule-derived from synthetic thresholds
911,9,Indore,clay,Soybean,390,35.3,276,0.49,8.39,0.45,35.9,99.5,25.4,1.07,medium,high,medium,0,1,rule-derived from synthetic thresholds
912,12,Patna,loam,Rice,337,10.5,130,0.64,7.13,0.53,200.2,471.6,24.3,2.15,medium,medium,medium,0,0,rule-derived from synthetic thresholds
913,11,Kanpur,loam,Wheat,391,18.4,270,0.63,7.35,0.65,143.6,346.0,24.3,-1.25,medium,medium,medium,0,0,rule-derived from synthetic thresholds
914,6,Nagpur,clay,Pigeon pea,518,20.8,189,0.88,7.32,0.24,248.6,754.8,29.1,1.21,medium,medium,medium,0,0,rule-derived from synthetic thresholds
915,1,Thanjavur,clay,Green gram,300,10.7,104,0.52,7.51,0.61,62.2,150.3,23.6,0.7,medium,medium,low,1,0,rule-derived from synthetic thresholds
916,10,Jaipur,sandy,Chickpea,391,19.3,155,0.27,7.15,0.29,32.7,79.5,27.3,0.31,medium,medium,medium,0,0,rule-derived from synthetic thresholds
917,14,Dharwad,clay,Green gram,456,60.5,283,0.62,8.83,0.44,27.6,56.6,27.7,1.0,medium,high,high,0,1,rule-derived from synthetic thresholds
918,13,Bengaluru Rural,sandy,Soybean,299,16.5,177,0.34,6.28,0.52,78.0,238.1,24.7,-1.54,medium,medium,medium,0,0,rule-derived from synthetic thresholds
919,13,Bengaluru Rural,sandy,Lentil,409,23.9,144,0.76,7.53,0.39,225.7,721.5,25.1,0.58,medium,medium,medium,0,0,rule-derived from synthetic thresholds
920,6,Nagpur,clay,Cotton,285,12.5,337,0.25,8.49,0.29,143.4,305.1,20.5,0.76,medium,medium,high,0,1,rule-derived from synthetic thresholds
921,14,Dharwad,clay,Chilli,346,20.9,128,0.53,6.94,0.83,82.4,197.0,25.6,1.23,medium,medium,medium,0,0,rule-derived from synthetic thresholds
922,1,Thanjavur,clay,Green gram,391,31.7,277,0.75,7.04,0.14,132.0,366.8,27.6,1.1,medium,high,medium,0,1,rule-derived from synthetic thresholds
923,5,Karnal,loam,Rice,348,12.7,172,0.37,7.06,1.04,164.7,484.1,21.7,0.39,medium,medium,medium,0,0,rule-derived from synthetic thresholds
924,10,Jaipur,sandy,Mustard,178,6.8,153,0.1,7.75,0.87,61.8,186.4,27.4,1.75,low,low,medium,1,0,rule-derived from synthetic thresholds
925,5,Karnal,loam,Sugarcane,364,13.1,141,0.92,7.01,0.92,20.2,45.9,20.7,0.07,medium,medium,medium,0,0,rule-derived from synthetic thresholds
926,1,Thanjavur,clay,Groundnut,650,9.1,115,0.92,6.71,0.33,94.7,207.9,30.5,1.76,high,low,medium,1,1,rule-derived from synthetic thresholds
927,3,Madurai,sandy,Turmeric,283,14.2,74,0.37,6.49,1.16,281.4,929.4,31.2,0.94,medium,medium,low,1,0,rule-derived from synthetic thresholds
928,15,Kolkata (24 Pgs),clay,Rice,323,40.0,142,0.56,7.64,0.22,140.7,436.0,27.1,0.29,medium,high,medium,0,1,rule-derived from synthetic thresholds
929,7,Pune,clay,Sugarcane,502,25.2,224,0.68,8.6,0.48,130.4,447.5,25.0,0.3,medium,high,medium,0,1,rule-derived from synthetic thresholds
930,3,Madurai,sandy,Chickpea,256,14.8,59,0.35,5.69,0.72,41.1,106.0,24.9,-1.28,low,medium,low,1,0,rule-derived from synthetic thresholds
931,10,Jaipur,sandy,Pearl millet,330,21.4,223,0.48,6.58,1.33,109.6,262.3,25.1,0.18,medium,medium,medium,0,0,rule-derived from synthetic thresholds
932,6,Nagpur,clay,Green gram,231,41.3,298,0.66,7.15,0.66,146.1,518.9,23.2,-0.13,low,high,high,1,1,rule-derived from synthetic thresholds
933,6,Nagpur,clay,Pigeon pea,353,63.4,283,0.69,6.79,1.29,118.7,259.3,27.7,0.05,medium,high,high,0,1,rule-derived from synthetic thresholds
934,15,Kolkata (24 Pgs),clay,Lentil,329,12.3,218,0.57,8.43,0.41,117.2,339.6,27.7,1.37,medium,medium,medium,0,0,rule-derived from synthetic thresholds
935,9,Indore,clay,Lentil,437,4.1,298,0.74,6.59,0.21,35.3,126.0,26.6,-0.03,medium,low,high,1,1,rule-derived from synthetic thresholds
936,2,Coimbatore,loam,Maize,322,24.5,95,0.42,6.67,1.2,57.3,171.5,25.9,0.05,medium,medium,low,1,0,rule-derived from synthetic thresholds
937,15,Kolkata (24 Pgs),clay,Rice,382,5.8,120,0.74,6.57,0.12,92.1,314.6,27.8,1.28,medium,low,medium,1,0,rule-derived from synthetic thresholds
938,1,Thanjavur,clay,Chilli,454,24.9,116,0.72,7.34,0.31,166.1,497.9,30.6,-1.44,medium,medium,medium,0,0,rule-derived from synthetic thresholds
939,11,Kanpur,loam,Rice,421,47.8,273,0.62,7.73,1.18,19.7,56.1,21.9,-0.98,medium,high,medium,0,1,rule-derived from synthetic thresholds
940,2,Coimbatore,loam,Cotton,383,17.3,229,0.45,6.19,0.32,83.1,171.6,26.8,-0.53,medium,medium,medium,0,0,rule-derived from synthetic thresholds
941,5,Karnal,loam,Rice,423,34.8,288,0.57,7.23,0.65,90.6,295.6,27.6,-1.69,medium,high,high,0,1,rule-derived from synthetic thresholds
942,15,Kolkata (24 Pgs),clay,Mustard,452,17.1,163,0.64,8.52,2.28,47.7,105.7,30.6,0.28,medium,medium,medium,0,0,rule-derived from synthetic thresholds
943,3,Madurai,sandy,Rice,320,21.7,123,0.13,6.69,0.56,9.9,28.0,28.8,1.7,medium,medium,medium,0,0,rule-derived from synthetic thresholds
944,15,Kolkata (24 Pgs),clay,Chilli,363,5.3,272,0.51,7.22,0.7,153.2,469.3,33.1,0.69,medium,low,medium,1,0,rule-derived from synthetic thresholds
945,5,Karnal,loam,Rice,497,25.5,143,0.61,7.56,0.7,69.6,203.8,26.9,-1.39,medium,high,medium,0,1,rule-derived from synthetic thresholds
946,6,Nagpur,clay,Cotton,330,21.0,260,0.55,5.89,0.52,116.4,343.1,32.8,0.86,medium,medium,medium,0,0,rule-derived from synthetic thresholds
947,15,Kolkata (24 Pgs),clay,Chickpea,390,8.1,251,0.54,6.93,0.99,28.0,75.2,27.9,-1.26,medium,low,medium,1,0,rule-derived from synthetic thresholds
948,12,Patna,loam,Chickpea,352,21.1,231,0.58,6.36,1.5,226.4,484.3,30.3,-0.43,medium,medium,medium,0,0,rule-derived from synthetic thresholds
949,5,Karnal,loam,Sugarcane,278,10.5,105,0.35,6.82,1.02,16.3,46.3,19.2,-1.02,low,medium,low,1,0,rule-derived from synthetic thresholds
950,12,Patna,loam,Rice,388,30.6,104,0.77,6.79,0.55,45.7,114.7,21.6,0.13,medium,high,low,1,1,rule-derived from synthetic thresholds
951,8,Guntur,clay,Cotton,313,56.8,379,0.55,7.56,1.37,67.6,240.8,26.8,-0.43,medium,high,high,0,1,rule-derived from synthetic thresholds
952,2,Coimbatore,loam,Cotton,405,7.0,147,0.67,8.47,0.93,164.5,537.3,23.3,1.03,medium,low,medium,1,0,rule-derived from synthetic thresholds
953,4,Ludhiana,sandy,Wheat,285,11.0,77,0.47,7.33,0.37,90.1,200.6,25.2,1.2,medium,medium,low,1,0,rule-derived from synthetic thresholds
954,4,Ludhiana,sandy,Wheat,408,24.8,213,0.51,8.6,1.05,44.6,93.8,20.3,1.26,medium,medium,medium,0,0,rule-derived from synthetic thresholds
955,8,Guntur,clay,Cotton,404,19.3,168,0.74,8.5,0.69,23.1,61.0,27.9,-0.29,medium,medium,medium,0,0,rule-derived from synthetic thresholds
956,14,Dharwad,clay,Cotton,412,43.4,241,0.9,8.77,1.24,24.2,49.3,24.1,-0.1,medium,high,medium,0,1,rule-derived from synthetic thresholds
957,9,Indore,clay,Sunflower,202,15.3,197,0.12,7.58,0.67,115.7,301.9,26.6,1.8,low,medium,medium,1,0,rule-derived from synthetic thresholds
958,3,Madurai,sandy,Sorghum,412,14.5,62,0.45,6.97,0.68,95.5,219.1,26.2,-0.77,medium,medium,low,1,0,rule-derived from synthetic thresholds
959,10,Jaipur,sandy,Maize,457,8.0,30,0.7,6.13,0.48,304.1,854.6,25.1,-0.25,medium,low,low,1,0,rule-derived from synthetic thresholds
960,8,Guntur,clay,Ragi,417,23.0,299,0.64,8.77,0.14,265.9,938.3,28.8,-1.05,medium,medium,high,0,1,rule-derived from synthetic thresholds
961,6,Nagpur,clay,Cotton,361,8.2,260,0.82,7.59,0.75,56.4,164.7,29.1,0.3,medium,low,medium,1,0,rule-derived from synthetic thresholds
962,4,Ludhiana,sandy,Rice,466,14.0,109,0.6,8.01,1.85,185.9,388.6,22.6,-0.35,medium,medium,low,1,0,rule-derived from synthetic thresholds
963,11,Kanpur,loam,Wheat,570,6.9,193,0.65,7.35,0.52,130.9,457.5,24.9,-0.23,high,low,medium,1,1,rule-derived from synthetic thresholds
964,9,Indore,clay,Soybean,550,11.7,212,0.82,7.7,0.32,24.6,84.0,23.9,0.71,medium,medium,medium,0,0,rule-derived from synthetic thresholds
965,7,Pune,clay,Sugarcane,444,29.2,42,0.73,8.45,0.41,11.7,30.1,27.9,1.63,medium,high,low,1,1,rule-derived from synthetic thresholds
966,3,Madurai,sandy,Chilli,216,4.6,118,0.42,5.5,0.33,200.2,692.9,24.7,-1.82,low,low,medium,1,0,rule-derived from synthetic thresholds
967,2,Coimbatore,loam,Sorghum,366,13.3,296,0.57,8.04,0.78,47.8,167.9,22.2,1.53,medium,medium,high,0,1,rule-derived from synthetic thresholds
968,4,Ludhiana,sandy,Wheat,558,4.6,170,0.52,6.35,0.82,63.4,206.7,28.4,-0.49,medium,low,medium,1,0,rule-derived from synthetic thresholds
969,10,Jaipur,sandy,Sugarcane,375,5.2,199,0.33,7.57,0.77,37.4,83.1,23.3,0.3,medium,low,medium,1,0,rule-derived from synthetic thresholds
970,1,Thanjavur,clay,Rice,423,21.8,252,0.64,7.42,1.07,87.3,299.3,27.5,-0.62,medium,medium,medium,0,0,rule-derived from synthetic thresholds
971,2,Coimbatore,loam,Maize,416,17.9,112,0.65,6.83,0.96,27.4,65.9,28.0,0.23,medium,medium,medium,0,0,rule-derived from synthetic thresholds
972,15,Kolkata (24 Pgs),clay,Mustard,405,5.4,319,0.74,6.85,0.47,120.4,396.6,24.7,-1.08,medium,low,high,1,1,rule-derived from synthetic thresholds
973,5,Karnal,loam,Sugarcane,265,8.9,221,0.3,7.49,1.54,6.3,18.5,23.0,-1.61,low,low,medium,1,0,rule-derived from synthetic thresholds
974,2,Coimbatore,loam,Cotton,335,17.0,151,0.56,6.59,1.98,24.3,72.4,24.9,1.05,medium,medium,medium,0,0,rule-derived from synthetic thresholds
975,15,Kolkata (24 Pgs),clay,Mustard,308,16.4,289,0.43,7.13,0.19,119.9,407.5,26.1,-0.52,medium,medium,high,0,1,rule-derived from synthetic thresholds
976,7,Pune,clay,Ragi,401,8.4,310,0.46,6.77,0.33,50.7,159.0,27.1,0.49,medium,low,high,1,1,rule-derived from synthetic thresholds
977,1,Thanjavur,clay,Soybean,442,13.0,281,0.5,8.11,0.31,108.2,354.4,31.9,1.19,medium,medium,high,0,1,rule-derived from synthetic thresholds
978,7,Pune,clay,Banana,304,13.4,224,0.39,7.01,0.2,141.4,389.0,26.1,0.2,medium,medium,medium,0,0,rule-derived from synthetic thresholds
979,1,Thanjavur,clay,Soybean,488,7.5,295,0.74,8.74,0.74,95.7,203.4,26.5,0.56,medium,low,high,1,1,rule-derived from synthetic thresholds
980,5,Karnal,loam,Wheat,402,53.5,134,0.57,7.14,0.44,29.0,69.2,20.9,-0.83,medium,high,medium,0,1,rule-derived from synthetic thresholds
981,15,Kolkata (24 Pgs),clay,Tomato,370,10.1,271,0.42,7.85,1.18,20.9,64.2,24.6,-0.96,medium,medium,medium,0,0,rule-derived from synthetic thresholds
982,12,Patna,loam,Maize,362,5.4,337,0.44,5.41,0.35,228.5,801.8,21.7,-1.2,medium,low,high,1,1,rule-derived from synthetic thresholds
983,7,Pune,clay,Onion,367,10.5,120,0.55,6.74,0.24,68.8,244.4,20.8,0.31,medium,medium,medium,0,0,rule-derived from synthetic thresholds
984,6,Nagpur,clay,Soybean,525,9.4,282,1.01,7.96,0.46,250.7,706.1,32.3,0.48,medium,low,high,1,1,rule-derived from synthetic thresholds
985,9,Indore,clay,Wheat,356,17.4,110,0.61,9.08,0.92,140.5,464.7,30.7,1.89,medium,medium,medium,0,0,rule-derived from synthetic thresholds
986,10,Jaipur,sandy,Mustard,320,27.8,30,0.5,5.58,0.44,37.5,122.4,21.6,-0.39,medium,high,low,1,1,rule-derived from synthetic thresholds
987,12,Patna,loam,Rice,569,30.0,154,0.82,7.07,0.81,71.7,178.6,29.3,-0.4,high,high,medium,0,1,rule-derived from synthetic thresholds
988,9,Indore,clay,Chickpea,508,3.2,361,0.69,8.79,0.73,113.6,229.2,28.2,-1.79,medium,low,high,1,1,rule-derived from synthetic thresholds
989,2,Coimbatore,loam,Sorghum,323,8.3,88,0.66,6.07,1.07,30.5,81.0,28.9,-1.05,medium,low,low,1,0,rule-derived from synthetic thresholds
990,13,Bengaluru Rural,sandy,Ragi,301,12.1,188,0.24,6.72,0.15,20.3,47.6,26.5,-0.12,medium,medium,medium,0,0,rule-derived from synthetic thresholds
991,6,Nagpur,clay,Turmeric,420,14.9,109,0.72,7.85,0.56,24.5,52.1,25.5,0.23,medium,medium,low,1,0,rule-derived from synthetic thresholds
992,13,Bengaluru Rural,sandy,Maize,247,10.7,300,0.46,7.72,1.08,33.9,103.6,24.2,-1.45,low,medium,high,1,1,rule-derived from synthetic thresholds
993,13,Bengaluru Rural,sandy,Ragi,435,71.4,110,0.55,6.18,0.65,28.4,70.5,24.5,-1.01,medium,high,medium,0,1,rule-derived from synthetic thresholds
994,4,Ludhiana,sandy,Cotton,534,20.7,121,0.84,7.15,0.29,90.5,291.2,22.8,-0.76,medium,medium,medium,0,0,rule-derived from synthetic thresholds
995,8,Guntur,clay,Banana,584,7.3,349,0.84,7.77,0.6,58.3,132.9,26.3,-0.51,high,low,high,1,1,rule-derived from synthetic thresholds
996,12,Patna,loam,Pearl millet,438,18.1,275,0.61,6.84,2.13,24.9,60.1,25.3,-0.1,medium,medium,medium,0,0,rule-derived from synthetic thresholds
997,6,Nagpur,clay,Cotton,323,6.8,221,0.25,6.95,0.89,3.1,9.7,26.9,0.83,medium,low,medium,1,0,rule-derived from synthetic thresholds
998,12,Patna,loam,Maize,315,27.9,206,0.54,7.18,0.25,133.6,430.3,27.8,2.22,medium,high,medium,0,1,rule-derived from synthetic thresholds
999,8,Guntur,clay,Rice,391,24.0,189,0.62,8.55,0.2,182.1,514.2,29.7,-0.4,medium,medium,medium,0,0,rule-derived from synthetic thresholds
1000,14,Dharwad,clay,Cotton,428,26.7,249,0.69,7.93,0.73,36.9,84.1,24.5,0.64,medium,high,medium,0,1,rule-derived from synthetic thresholds
1001,14,Dharwad,clay,Cotton,476,7.7,225,0.87,6.97,0.86,55.4,123.9,18.9,-1.32,medium,low,medium,1,0,rule-derived from synthetic thresholds
1002,15,Kolkata (24 Pgs),clay,Potato,472,1.8,199,0.65,8.47,0.47,8.5,17.6,30.3,1.47,medium,low,medium,1,0,rule-derived from synthetic thresholds
1003,4,Ludhiana,sandy,Sorghum,251,55.5,113,0.31,7.44,0.84,39.0,125.1,22.6,-0.81,low,high,medium,1,1,rule-derived from synthetic thresholds
1004,12,Patna,loam,Wheat,382,83.1,241,0.46,8.64,0.36,283.9,824.7,22.9,1.61,medium,high,medium,0,1,rule-derived from synthetic thresholds
1005,12,Patna,loam,Chilli,511,59.4,284,0.74,6.14,0.91,28.9,77.2,23.5,-0.79,medium,high,high,0,1,rule-derived from synthetic thresholds
1006,7,Pune,clay,Maize,482,71.2,233,0.86,8.34,0.76,8.2,23.3,28.2,-1.25,medium,high,medium,0,1,rule-derived from synthetic thresholds
1007,3,Madurai,sandy,Rice,413,13.8,134,0.46,6.96,0.56,40.0,140.2,27.9,0.18,medium,medium,medium,0,0,rule-derived from synthetic thresholds
1008,5,Karnal,loam,Potato,487,2.6,85,0.7,5.28,0.5,29.1,99.6,22.7,-0.0,medium,low,low,1,0,rule-derived from synthetic thresholds
1009,8,Guntur,clay,Chilli,498,38.6,161,0.82,6.51,0.31,134.3,326.5,31.1,-0.46,medium,high,medium,0,1,rule-derived from synthetic thresholds
1010,13,Bengaluru Rural,sandy,Maize,371,11.7,30,0.76,5.83,0.79,24.0,67.7,26.8,-1.29,medium,medium,low,1,0,rule-derived from synthetic thresholds
1011,14,Dharwad,clay,Cotton,332,21.0,188,0.53,8.37,0.17,56.1,143.8,27.6,0.62,medium,medium,medium,0,0,rule-derived from synthetic thresholds
1012,14,Dharwad,clay,Chilli,419,18.7,258,0.74,6.6,0.36,41.9,102.5,24.7,-0.97,medium,medium,medium,0,0,rule-derived from synthetic thresholds
1013,15,Kolkata (24 Pgs),clay,Rice,297,16.5,343,0.59,6.14,0.95,202.3,610.8,25.4,1.96,medium,medium,high,0,1,rule-derived from synthetic thresholds
1014,2,Coimbatore,loam,Cotton,580,35.9,190,0.71,7.22,3.13,60.2,213.9,23.4,-0.86,high,high,medium,0,1,rule-derived from synthetic thresholds
1015,15,Kolkata (24 Pgs),clay,Sorghum,478,15.6,274,0.65,7.57,2.34,164.3,466.7,33.0,0.69,medium,medium,medium,0,0,rule-derived from synthetic thresholds
1016,9,Indore,clay,Chickpea,455,14.9,238,0.46,7.18,0.48,23.6,54.4,22.4,-0.93,medium,medium,medium,0,0,rule-derived from synthetic thresholds
1017,2,Coimbatore,loam,Sorghum,355,16.3,42,0.4,7.82,0.4,139.3,402.9,30.1,-0.84,medium,medium,low,1,0,rule-derived from synthetic thresholds
1018,2,Coimbatore,loam,Maize,299,73.3,229,0.47,8.5,0.59,0.2,0.6,25.7,0.59,medium,high,medium,0,1,rule-derived from synthetic thresholds
1019,4,Ludhiana,sandy,Wheat,329,23.5,108,0.47,6.23,0.41,27.6,62.8,20.5,0.79,medium,medium,low,1,0,rule-derived from synthetic thresholds
1020,4,Ludhiana,sandy,Pigeon pea,353,9.4,30,0.54,5.7,0.33,69.7,177.1,25.4,0.88,medium,low,low,1,0,rule-derived from synthetic thresholds
1021,2,Coimbatore,loam,Wheat,477,20.7,151,0.73,7.09,2.16,75.5,205.8,29.6,0.75,medium,medium,medium,0,0,rule-derived from synthetic thresholds
1022,6,Nagpur,clay,Pigeon pea,374,39.1,289,0.54,9.2,1.06,36.4,112.0,30.5,1.72,medium,high,high,0,1,rule-derived from synthetic thresholds
1023,9,Indore,clay,Wheat,597,5.9,310,0.88,6.85,0.39,33.4,76.3,22.8,0.3,high,low,high,1,1,rule-derived from synthetic thresholds
1024,5,Karnal,loam,Rice,461,9.9,94,0.25,7.67,0.6,113.1,343.3,28.9,0.12,medium,low,low,1,0,rule-derived from synthetic thresholds
1025,11,Kanpur,loam,Rice,328,7.9,167,0.58,6.64,1.24,86.2,296.6,21.5,-1.32,medium,low,medium,1,0,rule-derived from synthetic thresholds
1026,11,Kanpur,loam,Rice,169,10.3,89,0.26,7.63,0.92,30.7,73.3,21.7,1.12,low,medium,low,1,0,rule-derived from synthetic thresholds
1027,6,Nagpur,clay,Soybean,443,7.1,129,0.68,8.53,0.25,46.5,106.2,24.8,0.95,medium,low,medium,1,0,rule-derived from synthetic thresholds
1028,2,Coimbatore,loam,Maize,350,14.6,202,0.41,7.55,0.54,12.5,36.6,25.0,-0.73,medium,medium,medium,0,0,rule-derived from synthetic thresholds
1029,5,Karnal,loam,Rice,160,11.0,364,0.39,6.35,0.32,95.8,335.9,25.6,0.29,low,medium,high,1,1,rule-derived from synthetic thresholds
1030,10,Jaipur,sandy,Pearl millet,214,30.8,163,0.21,7.25,0.58,31.2,68.2,22.9,1.54,low,high,medium,1,1,rule-derived from synthetic thresholds
1031,6,Nagpur,clay,Potato,405,12.4,366,0.62,7.37,0.21,43.8,89.4,25.1,-0.04,medium,medium,high,0,1,rule-derived from synthetic thresholds
1032,9,Indore,clay,Soybean,203,20.0,238,0.24,7.55,1.3,41.2,93.6,23.3,1.55,low,medium,medium,1,0,rule-derived from synthetic thresholds
1033,13,Bengaluru Rural,sandy,Tomato,344,5.4,273,0.48,5.96,0.51,278.9,752.3,26.0,2.09,medium,low,medium,1,0,rule-derived from synthetic thresholds
1034,12,Patna,loam,Wheat,382,3.3,151,0.5,5.74,0.47,87.5,273.0,29.8,1.9,medium,low,medium,1,0,rule-derived from synthetic thresholds
1035,10,Jaipur,sandy,Chilli,329,14.9,165,0.34,6.96,0.36,46.2,117.9,24.8,-0.04,medium,medium,medium,0,0,rule-derived from synthetic thresholds
1036,2,Coimbatore,loam,Sorghum,547,18.7,342,0.8,7.9,0.66,47.8,141.0,21.4,-0.38,medium,medium,high,0,1,rule-derived from synthetic thresholds
1037,12,Patna,loam,Pigeon pea,501,11.9,223,0.8,7.97,0.61,144.7,365.5,25.7,-2.04,medium,medium,medium,0,0,rule-derived from synthetic thresholds
1038,5,Karnal,loam,Rice,303,22.2,98,0.47,7.29,0.47,52.8,128.6,28.6,1.4,medium,medium,low,1,0,rule-derived from synthetic thresholds
1039,7,Pune,clay,Onion,316,90.0,180,0.61,6.6,0.09,64.2,175.5,28.5,-0.06,medium,high,medium,0,1,rule-derived from synthetic thresholds
1040,11,Kanpur,loam,Onion,483,14.5,111,0.58,7.54,0.8,81.3,263.6,28.4,-1.45,medium,medium,medium,0,0,rule-derived from synthetic thresholds
1041,13,Bengaluru Rural,sandy,Tomato,489,8.6,146,0.61,6.87,0.18,101.6,329.4,28.3,0.08,medium,low,medium,1,0,rule-derived from synthetic thresholds
1042,11,Kanpur,loam,Rice,439,6.1,94,0.68,8.48,1.11,13.7,37.2,24.6,0.61,medium,low,low,1,0,rule-derived from synthetic thresholds
1043,5,Karnal,loam,Green gram,546,8.2,98,0.84,7.68,0.44,85.8,179.5,24.7,-2.29,medium,low,low,1,0,rule-derived from synthetic thresholds
1044,7,Pune,clay,Onion,378,12.9,440,0.5,9.2,0.43,17.0,45.3,21.7,-0.52,medium,medium,high,0,1,rule-derived from synthetic thresholds
1045,6,Nagpur,clay,Cotton,352,12.5,278,0.56,8.03,0.19,61.9,163.2,30.5,0.81,medium,medium,medium,0,0,rule-derived from synthetic thresholds
1046,7,Pune,clay,Sugarcane,256,7.2,261,0.49,7.83,0.38,110.3,266.1,27.3,0.2,low,low,medium,1,0,rule-derived from synthetic thresholds
1047,12,Patna,loam,Rice,365,15.9,154,0.54,8.07,1.62,38.3,79.6,27.8,0.41,medium,medium,medium,0,0,rule-derived from synthetic thresholds
1048,15,Kolkata (24 Pgs),clay,Mustard,232,9.9,392,0.55,8.01,0.81,31.8,87.6,24.2,0.36,low,low,high,1,1,rule-derived from synthetic thresholds
1049,6,Nagpur,clay,Maize,311,8.8,274,0.34,7.13,0.63,61.5,212.7,27.1,0.21,medium,low,medium,1,0,rule-derived from synthetic thresholds
1050,5,Karnal,loam,Ragi,319,6.8,215,0.46,7.33,0.5,10.4,22.6,22.9,-1.37,medium,low,medium,1,0,rule-derived from synthetic thresholds
1051,14,Dharwad,clay,Soybean,472,19.2,66,0.95,8.1,0.28,67.3,162.8,20.0,3.15,medium,medium,low,1,0,rule-derived from synthetic thresholds
1052,3,Madurai,sandy,Soybean,463,17.2,32,0.51,6.68,0.17,189.7,489.8,34.4,-0.17,medium,medium,low,1,0,rule-derived from synthetic thresholds
1053,6,Nagpur,clay,Sunflower,188,5.4,425,0.57,8.06,1.67,31.7,96.7,27.6,-1.11,low,low,high,1,1,rule-derived from synthetic thresholds
1054,15,Kolkata (24 Pgs),clay,Rice,425,15.4,236,0.73,6.42,0.3,44.7,113.6,25.3,-0.96,medium,medium,medium,0,0,rule-derived from synthetic thresholds
1055,14,Dharwad,clay,Cotton,288,8.7,291,0.54,9.15,0.52,165.3,574.1,23.8,-0.46,medium,low,high,1,1,rule-derived from synthetic thresholds
1056,13,Bengaluru Rural,sandy,Ragi,257,13.9,85,0.1,6.33,0.5,33.4,110.0,31.0,1.01,low,medium,low,1,0,rule-derived from synthetic thresholds
1057,14,Dharwad,clay,Cotton,480,15.2,217,0.8,8.02,1.95,22.4,49.4,23.4,-0.74,medium,medium,medium,0,0,rule-derived from synthetic thresholds
1058,4,Ludhiana,sandy,Wheat,555,19.3,139,0.62,7.32,0.32,141.0,386.4,22.2,-0.49,medium,medium,medium,0,0,rule-derived from synthetic thresholds
1059,1,Thanjavur,clay,Groundnut,489,20.7,272,0.75,8.6,0.9,79.4,176.2,26.9,-0.85,medium,medium,medium,0,0,rule-derived from synthetic thresholds
1060,13,Bengaluru Rural,sandy,Green gram,424,5.8,125,0.48,7.23,0.53,199.4,616.8,28.4,-0.27,medium,low,medium,1,0,rule-derived from synthetic thresholds
1061,8,Guntur,clay,Rice,373,10.8,246,0.6,7.96,0.15,16.3,56.1,27.5,0.7,medium,medium,medium,0,0,rule-derived from synthetic thresholds
1062,4,Ludhiana,sandy,Rice,299,16.7,84,0.1,6.22,0.14,30.7,96.4,24.4,1.19,medium,medium,low,1,0,rule-derived from synthetic thresholds
1063,8,Guntur,clay,Sunflower,599,31.5,267,1.01,7.52,1.33,151.7,463.4,29.3,0.16,high,high,medium,0,1,rule-derived from synthetic thresholds
1064,13,Bengaluru Rural,sandy,Ragi,402,5.3,126,0.5,6.27,0.69,166.0,463.7,21.6,-0.28,medium,low,medium,1,0,rule-derived from synthetic thresholds
1065,8,Guntur,clay,Cotton,213,9.0,305,0.44,7.15,0.72,5.6,13.4,28.4,0.04,low,low,high,1,1,rule-derived from synthetic thresholds
1066,10,Jaipur,sandy,Pearl millet,346,13.0,159,0.21,6.2,0.82,67.3,166.2,27.6,1.04,medium,medium,medium,0,0,rule-derived from synthetic thresholds
1067,8,Guntur,clay,Chilli,483,10.3,302,0.69,9.2,0.77,47.6,141.3,25.6,-1.38,medium,medium,high,0,1,rule-derived from synthetic thresholds
1068,8,Guntur,clay,Cotton,472,25.8,238,0.94,7.49,0.86,146.9,455.1,27.7,0.5,medium,high,medium,0,1,rule-derived from synthetic thresholds
1069,15,Kolkata (24 Pgs),clay,Mustard,286,10.4,278,0.49,7.67,0.43,59.0,158.8,28.7,-1.23,medium,medium,medium,0,0,rule-derived from synthetic thresholds
1070,14,Dharwad,clay,Cotton,336,31.9,376,0.45,8.4,2.29,148.1,498.6,24.1,-0.13,medium,high,high,0,1,rule-derived from synthetic thresholds
1071,7,Pune,clay,Maize,411,8.2,271,0.47,8.5,0.31,50.2,108.2,23.9,0.79,medium,low,medium,1,0,rule-derived from synthetic thresholds
1072,13,Bengaluru Rural,sandy,Maize,237,58.0,215,0.29,7.31,0.39,30.8,64.9,27.3,0.82,low,high,medium,1,1,rule-derived from synthetic thresholds
1073,11,Kanpur,loam,Rice,502,7.8,300,0.83,6.66,0.59,167.3,395.2,25.5,0.22,medium,low,high,1,1,rule-derived from synthetic thresholds
1074,2,Coimbatore,loam,Sugarcane,402,40.3,133,0.56,7.21,0.92,5.2,10.6,29.4,-0.48,medium,high,medium,0,1,rule-derived from synthetic thresholds
1075,13,Bengaluru Rural,sandy,Maize,305,19.5,144,0.4,6.8,0.53,24.2,84.4,22.0,-1.2,medium,medium,medium,0,0,rule-derived from synthetic thresholds
1076,11,Kanpur,loam,Rice,297,11.6,213,0.55,5.94,0.35,25.7,83.2,26.6,-0.8,medium,medium,medium,0,0,rule-derived from synthetic thresholds
1077,13,Bengaluru Rural,sandy,Sugarcane,395,15.5,68,0.48,7.34,0.36,39.0,113.1,25.4,-1.35,medium,medium,low,1,0,rule-derived from synthetic thresholds
1078,12,Patna,loam,Wheat,352,17.3,118,0.41,7.59,0.58,69.7,176.2,26.2,2.1,medium,medium,medium,0,0,rule-derived from synthetic thresholds
1079,15,Kolkata (24 Pgs),clay,Mustard,449,31.4,301,1.1,7.99,0.38,20.5,58.0,22.9,-1.05,medium,high,high,0,1,rule-derived from synthetic thresholds
1080,9,Indore,clay,Chickpea,486,20.0,260,0.86,8.56,0.45,97.0,220.7,24.6,0.32,medium,medium,medium,0,0,rule-derived from synthetic thresholds
1081,1,Thanjavur,clay,Rice,424,12.5,258,0.63,9.01,0.51,28.1,84.0,28.3,0.98,medium,medium,medium,0,0,rule-derived from synthetic thresholds
1082,5,Karnal,loam,Rice,284,6.5,192,0.71,9.13,0.66,112.7,270.2,27.5,1.73,medium,low,medium,1,0,rule-derived from synthetic thresholds
1083,3,Madurai,sandy,Cotton,397,12.8,142,0.41,8.23,0.25,27.6,80.3,26.7,-1.5,medium,medium,medium,0,0,rule-derived from synthetic thresholds
1084,4,Ludhiana,sandy,Maize,413,6.5,64,0.43,6.2,0.35,18.9,50.2,24.0,0.3,medium,low,low,1,0,rule-derived from synthetic thresholds
1085,9,Indore,clay,Chilli,435,12.8,238,0.69,7.84,0.64,150.6,515.7,29.0,-0.34,medium,medium,medium,0,0,rule-derived from synthetic thresholds
1086,15,Kolkata (24 Pgs),clay,Wheat,131,13.8,275,0.26,8.68,1.05,227.1,577.6,25.6,2.72,low,medium,medium,1,0,rule-derived from synthetic thresholds
1087,12,Patna,loam,Rice,365,7.0,376,0.58,6.71,0.38,148.9,377.6,26.5,0.02,medium,low,high,1,1,rule-derived from synthetic thresholds
1088,7,Pune,clay,Maize,313,13.8,334,0.5,7.6,0.48,47.4,158.5,26.1,3.32,medium,medium,high,0,1,rule-derived from synthetic thresholds
1089,8,Guntur,clay,Wheat,443,8.2,176,0.68,9.2,0.34,120.1,259.9,33.2,0.37,medium,low,medium,1,0,rule-derived from synthetic thresholds
1090,8,Guntur,clay,Rice,638,69.0,235,0.77,8.56,2.09,71.1,200.5,25.1,0.9,high,high,medium,0,1,rule-derived from synthetic thresholds
1091,7,Pune,clay,Sugarcane,305,19.4,259,0.57,6.65,4.62,5.3,14.4,22.9,-0.78,medium,medium,medium,0,0,rule-derived from synthetic thresholds
1092,9,Indore,clay,Chickpea,382,28.1,306,0.72,8.87,0.58,72.1,190.2,28.0,0.52,medium,high,high,0,1,rule-derived from synthetic thresholds
1093,15,Kolkata (24 Pgs),clay,Lentil,445,24.9,304,0.66,7.24,1.14,486.0,1361.1,25.1,-0.7,medium,medium,high,0,1,rule-derived from synthetic thresholds
1094,2,Coimbatore,loam,Banana,302,9.5,71,0.38,6.81,0.64,14.6,51.8,25.9,0.32,medium,low,low,1,0,rule-derived from synthetic thresholds
1095,6,Nagpur,clay,Cotton,430,23.9,338,0.69,8.91,0.34,25.4,56.9,29.2,-0.12,medium,medium,high,0,1,rule-derived from synthetic thresholds
1096,2,Coimbatore,loam,Cotton,310,8.0,255,0.49,6.9,0.11,26.5,62.1,26.0,-2.87,medium,low,medium,1,0,rule-derived from synthetic thresholds
1097,13,Bengaluru Rural,sandy,Onion,217,23.9,121,0.36,6.4,0.36,46.9,109.4,28.8,0.97,low,medium,medium,1,0,rule-derived from synthetic thresholds
1098,3,Madurai,sandy,Chilli,309,25.2,129,0.41,6.41,1.92,18.7,42.7,29.4,0.46,medium,high,medium,0,1,rule-derived from synthetic thresholds
1099,10,Jaipur,sandy,Mustard,233,17.5,51,0.21,5.79,0.48,3.3,8.5,20.9,-0.41,low,medium,low,1,0,rule-derived from synthetic thresholds
1100,1,Thanjavur,clay,Onion,379,43.2,318,0.6,6.77,0.16,32.1,89.5,23.2,-0.37,medium,high,high,0,1,rule-derived from synthetic thresholds
1101,8,Guntur,clay,Cotton,418,13.3,205,0.88,5.61,0.45,23.6,61.1,30.1,-0.36,medium,medium,medium,0,0,rule-derived from synthetic thresholds
1102,14,Dharwad,clay,Chilli,373,45.7,178,0.66,8.36,1.47,62.0,178.6,19.3,-0.25,medium,high,medium,0,1,rule-derived from synthetic thresholds
1103,15,Kolkata (24 Pgs),clay,Rice,465,12.7,262,0.66,7.46,0.84,153.2,501.4,28.7,0.65,medium,medium,medium,0,0,rule-derived from synthetic thresholds
1104,3,Madurai,sandy,Cotton,206,6.5,179,0.34,7.07,0.3,90.3,323.9,30.5,-0.69,low,low,medium,1,0,rule-derived from synthetic thresholds
1105,10,Jaipur,sandy,Banana,499,5.9,165,0.47,6.6,0.45,52.6,179.9,30.7,-0.12,medium,low,medium,1,0,rule-derived from synthetic thresholds
1106,4,Ludhiana,sandy,Maize,145,23.0,155,0.16,8.32,0.37,41.0,95.3,23.9,-0.74,low,medium,medium,1,0,rule-derived from synthetic thresholds
1107,11,Kanpur,loam,Potato,199,9.3,272,0.62,7.9,0.19,16.3,57.2,23.1,1.43,low,low,medium,1,0,rule-derived from synthetic thresholds
1108,9,Indore,clay,Chickpea,512,26.1,324,0.73,7.27,0.28,117.0,246.1,26.6,-0.18,medium,high,high,0,1,rule-derived from synthetic thresholds
1109,12,Patna,loam,Rice,453,90.0,214,0.63,6.68,0.16,63.2,149.9,27.2,-0.73,medium,high,medium,0,1,rule-derived from synthetic thresholds
1110,14,Dharwad,clay,Soybean,434,19.0,225,0.81,6.81,0.88,48.2,156.7,24.5,-0.28,medium,medium,medium,0,0,rule-derived from synthetic thresholds
1111,6,Nagpur,clay,Cotton,365,6.8,187,0.67,8.13,0.58,92.0,230.5,23.7,0.95,medium,low,medium,1,0,rule-derived from synthetic thresholds
1112,1,Thanjavur,clay,Rice,467,11.6,292,0.62,7.93,5.81,66.6,152.2,27.9,0.8,medium,medium,high,0,1,rule-derived from synthetic thresholds
1113,5,Karnal,loam,Wheat,269,3.7,229,0.41,6.68,2.79,176.1,433.3,22.3,-0.13,low,low,medium,1,0,rule-derived from synthetic thresholds
1114,4,Ludhiana,sandy,Rice,378,14.1,82,0.81,6.31,1.98,9.7,20.5,22.7,-0.68,medium,medium,low,1,0,rule-derived from synthetic thresholds
1115,2,Coimbatore,loam,Cotton,375,37.0,225,0.63,7.08,0.51,25.2,55.9,25.4,1.43,medium,high,medium,0,1,rule-derived from synthetic thresholds
1116,11,Kanpur,loam,Wheat,203,10.2,116,0.4,6.16,0.48,88.9,267.1,27.3,0.58,low,medium,medium,1,0,rule-derived from synthetic thresholds
1117,14,Dharwad,clay,Chilli,305,18.1,42,0.49,7.62,0.17,323.7,1086.8,23.7,-0.89,medium,medium,low,1,0,rule-derived from synthetic thresholds
1118,8,Guntur,clay,Pigeon pea,238,8.6,166,0.25,9.13,0.2,111.0,248.4,26.6,-0.0,low,low,medium,1,0,rule-derived from synthetic thresholds
1119,8,Guntur,clay,Ragi,322,9.2,222,0.4,8.33,0.42,161.9,528.5,25.2,-0.13,medium,low,medium,1,0,rule-derived from synthetic thresholds
1120,9,Indore,clay,Chickpea,367,9.1,227,0.54,6.78,0.7,273.6,895.0,29.7,0.3,medium,low,medium,1,0,rule-derived from synthetic thresholds
1121,14,Dharwad,clay,Sorghum,348,12.6,237,0.67,8.03,1.25,100.8,328.3,19.3,1.01,medium,medium,medium,0,0,rule-derived from synthetic thresholds
1122,1,Thanjavur,clay,Green gram,341,32.3,262,0.61,7.65,0.62,40.9,112.9,28.6,-0.85,medium,high,medium,0,1,rule-derived from synthetic thresholds
1123,8,Guntur,clay,Chilli,598,22.1,162,0.89,7.37,0.5,20.3,58.1,32.2,-0.09,high,medium,medium,0,1,rule-derived from synthetic thresholds
1124,14,Dharwad,clay,Chilli,341,9.7,238,0.41,7.29,0.39,17.2,43.3,28.5,-0.56,medium,low,medium,1,0,rule-derived from synthetic thresholds
1125,3,Madurai,sandy,Cotton,450,27.8,108,0.57,8.0,0.88,60.2,206.4,30.6,0.27,medium,high,low,1,1,rule-derived from synthetic thresholds
1126,9,Indore,clay,Wheat,407,5.3,170,0.91,8.12,0.75,30.8,101.6,27.8,1.53,medium,low,medium,1,0,rule-derived from synthetic thresholds
1127,1,Thanjavur,clay,Rice,505,53.0,228,0.66,7.79,1.06,38.7,111.3,29.4,-0.43,medium,high,medium,0,1,rule-derived from synthetic thresholds
1128,13,Bengaluru Rural,sandy,Maize,406,6.2,102,0.29,6.16,2.3,47.2,153.3,27.7,0.98,medium,low,low,1,0,rule-derived from synthetic thresholds
1129,10,Jaipur,sandy,Wheat,272,27.8,147,0.36,7.85,0.82,1.2,2.7,27.0,1.51,low,high,medium,1,1,rule-derived from synthetic thresholds
1130,15,Kolkata (24 Pgs),clay,Rice,364,24.6,209,0.43,7.44,1.02,259.4,865.6,27.1,-0.43,medium,medium,medium,0,0,rule-derived from synthetic thresholds
1131,5,Karnal,loam,Sugarcane,324,20.0,233,0.38,7.96,0.29,1.2,3.5,24.2,-0.13,medium,medium,medium,0,0,rule-derived from synthetic thresholds
1132,11,Kanpur,loam,Potato,418,18.6,232,0.74,5.44,0.37,140.3,331.1,29.0,1.03,medium,medium,medium,0,0,rule-derived from synthetic thresholds
1133,12,Patna,loam,Rice,346,11.9,30,0.45,6.99,0.31,183.0,500.3,26.1,-0.08,medium,medium,low,1,0,rule-derived from synthetic thresholds
1134,1,Thanjavur,clay,Groundnut,321,27.4,326,0.55,8.17,1.81,252.6,795.5,28.8,-0.56,medium,high,high,0,1,rule-derived from synthetic thresholds
1135,12,Patna,loam,Rice,521,22.4,246,0.7,7.04,0.7,181.0,504.1,25.9,1.19,medium,medium,medium,0,0,rule-derived from synthetic thresholds
1136,11,Kanpur,loam,Potato,581,30.9,205,0.86,7.02,0.46,140.1,457.4,26.5,-1.07,high,high,medium,0,1,rule-derived from synthetic thresholds
1137,10,Jaipur,sandy,Wheat,293,8.2,99,0.56,6.79,0.56,106.4,233.2,25.2,1.29,medium,low,low,1,0,rule-derived from synthetic thresholds
1138,9,Indore,clay,Soybean,513,4.9,400,0.76,7.17,0.47,15.3,41.0,27.8,0.12,medium,low,high,1,1,rule-derived from synthetic thresholds
1139,13,Bengaluru Rural,sandy,Tomato,440,48.2,30,0.54,7.9,0.59,119.5,347.6,24.9,0.36,medium,high,low,1,1,rule-derived from synthetic thresholds
1140,2,Coimbatore,loam,Pigeon pea,360,9.7,232,0.36,8.39,0.54,45.5,97.2,25.9,-0.16,medium,low,medium,1,0,rule-derived from synthetic thresholds
1141,6,Nagpur,clay,Rice,427,14.4,145,0.35,7.32,0.6,58.7,183.6,28.1,-0.37,medium,medium,medium,0,0,rule-derived from synthetic thresholds
1142,5,Karnal,loam,Rice,359,15.8,103,0.31,6.73,0.9,13.7,31.1,29.6,0.38,medium,medium,low,1,0,rule-derived from synthetic thresholds
1143,13,Bengaluru Rural,sandy,Pigeon pea,551,2.3,320,1.03,5.53,0.9,259.7,787.9,27.6,-0.55,medium,low,high,1,1,rule-derived from synthetic thresholds
1144,3,Madurai,sandy,Chilli,385,6.4,67,0.55,6.29,0.91,117.6,288.3,24.0,0.3,medium,low,low,1,0,rule-derived from synthetic thresholds
1145,1,Thanjavur,clay,Rice,381,13.0,367,0.79,8.04,0.56,48.2,99.8,27.0,0.39,medium,medium,high,0,1,rule-derived from synthetic thresholds
1146,14,Dharwad,clay,Pearl millet,323,11.8,277,0.59,7.52,0.48,117.7,255.1,27.3,1.37,medium,medium,medium,0,0,rule-derived from synthetic thresholds
1147,6,Nagpur,clay,Soybean,521,10.2,492,0.7,6.06,0.66,46.0,126.7,25.3,0.57,medium,medium,high,0,1,rule-derived from synthetic thresholds
1148,12,Patna,loam,Chilli,422,20.6,268,0.71,9.2,1.6,277.1,743.0,26.5,-0.32,medium,medium,medium,0,0,rule-derived from synthetic thresholds
1149,4,Ludhiana,sandy,Tomato,367,12.9,272,0.63,7.37,0.53,29.4,59.4,26.9,-0.76,medium,medium,medium,0,0,rule-derived from synthetic thresholds
1150,11,Kanpur,loam,Potato,224,8.8,30,0.31,6.75,0.29,271.0,744.5,31.0,0.96,low,low,low,1,0,rule-derived from synthetic thresholds
1151,14,Dharwad,clay,Cotton,525,15.2,175,0.76,8.73,3.73,74.9,177.9,22.5,0.3,medium,medium,medium,0,0,rule-derived from synthetic thresholds
1152,12,Patna,loam,Pigeon pea,375,12.9,139,0.55,7.55,0.76,42.9,151.6,25.9,0.39,medium,medium,medium,0,0,rule-derived from synthetic thresholds
1153,5,Karnal,loam,Rice,452,15.2,208,0.61,6.92,0.17,7.3,15.2,22.3,-0.66,medium,medium,medium,0,0,rule-derived from synthetic thresholds
1154,10,Jaipur,sandy,Pearl millet,349,32.6,375,0.46,7.01,1.13,59.3,141.6,19.2,-0.62,medium,high,high,0,1,rule-derived from synthetic thresholds
1155,13,Bengaluru Rural,sandy,Tomato,335,17.9,30,0.33,6.98,1.07,43.6,150.6,31.5,-0.59,medium,medium,low,1,0,rule-derived from synthetic thresholds
1156,13,Bengaluru Rural,sandy,Ragi,442,36.1,47,0.45,6.33,2.66,51.0,175.4,22.4,0.93,medium,high,low,1,1,rule-derived from synthetic thresholds
1157,5,Karnal,loam,Lentil,343,14.2,30,0.35,7.57,1.48,37.0,87.0,22.2,-0.9,medium,medium,low,1,0,rule-derived from synthetic thresholds
1158,4,Ludhiana,sandy,Rice,311,10.5,147,0.36,5.75,1.74,20.8,55.2,21.5,-1.51,medium,medium,medium,0,0,rule-derived from synthetic thresholds
1159,7,Pune,clay,Maize,316,46.6,254,0.72,5.37,0.68,25.4,81.2,26.0,0.08,medium,high,medium,0,1,rule-derived from synthetic thresholds
1160,4,Ludhiana,sandy,Rice,234,33.3,213,0.12,5.76,0.68,105.2,304.2,25.1,-0.73,low,high,medium,1,1,rule-derived from synthetic thresholds
1161,11,Kanpur,loam,Chickpea,257,4.8,92,0.28,8.14,0.45,172.0,594.2,29.1,-0.55,low,low,low,1,0,rule-derived from synthetic thresholds
1162,9,Indore,clay,Wheat,431,27.5,142,0.65,7.09,0.43,106.1,257.1,24.3,1.35,medium,high,medium,0,1,rule-derived from synthetic thresholds
1163,8,Guntur,clay,Wheat,464,16.3,191,0.66,9.2,0.83,10.5,28.4,29.9,0.61,medium,medium,medium,0,0,rule-derived from synthetic thresholds
1164,13,Bengaluru Rural,sandy,Ragi,203,8.6,194,0.4,7.07,0.52,93.6,188.2,24.9,-0.78,low,low,medium,1,0,rule-derived from synthetic thresholds
1165,4,Ludhiana,sandy,Maize,355,41.2,173,0.49,6.93,0.78,33.7,114.9,18.1,0.09,medium,high,medium,0,1,rule-derived from synthetic thresholds
1166,13,Bengaluru Rural,sandy,Maize,458,24.3,170,0.49,7.31,0.77,83.1,264.9,23.9,-1.04,medium,medium,medium,0,0,rule-derived from synthetic thresholds
1167,9,Indore,clay,Wheat,430,60.3,327,0.66,7.57,0.18,15.5,40.4,26.7,0.9,medium,high,high,0,1,rule-derived from synthetic thresholds
1168,15,Kolkata (24 Pgs),clay,Mustard,414,17.1,300,0.67,7.92,0.38,19.0,65.9,26.0,0.83,medium,medium,high,0,1,rule-derived from synthetic thresholds
1169,9,Indore,clay,Chickpea,286,26.7,372,0.39,7.65,1.1,44.4,99.3,28.7,-0.84,medium,high,high,0,1,rule-derived from synthetic thresholds
1170,12,Patna,loam,Rice,386,32.9,318,0.5,8.18,0.3,146.9,506.9,23.3,-3.91,medium,high,high,0,1,rule-derived from synthetic thresholds
1171,3,Madurai,sandy,Cotton,330,21.3,311,0.35,5.98,0.15,229.3,686.2,27.1,-0.5,medium,medium,high,0,1,rule-derived from synthetic thresholds
1172,4,Ludhiana,sandy,Maize,300,25.7,175,0.34,8.19,0.54,17.0,49.0,23.2,1.66,medium,high,medium,0,1,rule-derived from synthetic thresholds
1173,9,Indore,clay,Wheat,353,5.5,259,0.43,6.86,0.3,143.8,423.1,25.1,0.56,medium,low,medium,1,0,rule-derived from synthetic thresholds
1174,4,Ludhiana,sandy,Rice,138,11.5,126,0.1,7.05,0.54,43.3,119.3,21.0,0.14,low,medium,medium,1,0,rule-derived from synthetic thresholds
1175,1,Thanjavur,clay,Banana,508,14.1,288,0.67,9.08,0.17,78.1,236.4,28.3,0.74,medium,medium,high,0,1,rule-derived from synthetic thresholds
1176,7,Pune,clay,Onion,497,22.0,234,0.68,7.9,0.38,102.4,330.0,18.1,0.07,medium,medium,medium,0,0,rule-derived from synthetic thresholds
1177,4,Ludhiana,sandy,Maize,297,14.5,81,0.36,6.15,0.4,35.1,105.3,19.5,1.89,medium,medium,low,1,0,rule-derived from synthetic thresholds
1178,10,Jaipur,sandy,Wheat,254,24.0,181,0.22,6.0,0.42,44.1,100.8,24.0,-0.27,low,medium,medium,1,0,rule-derived from synthetic thresholds
1179,9,Indore,clay,Onion,597,4.3,288,1.25,8.64,0.84,61.1,181.6,28.1,-0.38,high,low,high,1,1,rule-derived from synthetic thresholds
1180,8,Guntur,clay,Rice,370,33.6,367,0.55,8.47,0.16,47.6,105.7,29.1,0.26,medium,high,high,0,1,rule-derived from synthetic thresholds
1181,13,Bengaluru Rural,sandy,Ragi,328,12.1,284,0.31,7.76,2.67,20.3,72.9,25.3,0.02,medium,medium,high,0,1,rule-derived from synthetic thresholds
1182,2,Coimbatore,loam,Cotton,346,10.7,161,0.4,7.33,0.57,26.7,64.5,20.2,0.7,medium,medium,medium,0,0,rule-derived from synthetic thresholds
1183,12,Patna,loam,Rice,342,3.0,234,0.43,7.99,1.12,31.9,96.7,23.5,0.47,medium,low,medium,1,0,rule-derived from synthetic thresholds
1184,8,Guntur,clay,Pearl millet,588,8.6,287,0.93,8.06,0.72,287.9,1026.1,24.2,-0.38,high,low,high,1,1,rule-derived from synthetic thresholds
1185,11,Kanpur,loam,Tomato,255,20.4,62,0.36,8.08,1.69,56.8,165.6,26.9,0.13,low,medium,low,1,0,rule-derived from synthetic thresholds
1186,13,Bengaluru Rural,sandy,Tomato,403,38.3,138,0.69,6.63,0.86,46.8,134.3,29.5,0.07,medium,high,medium,0,1,rule-derived from synthetic thresholds
1187,5,Karnal,loam,Onion,390,6.1,202,0.98,6.71,1.06,16.6,52.4,22.3,1.57,medium,low,medium,1,0,rule-derived from synthetic thresholds
1188,4,Ludhiana,sandy,Banana,452,2.3,103,0.46,7.36,0.5,97.3,253.8,21.6,0.77,medium,low,low,1,0,rule-derived from synthetic thresholds
1189,12,Patna,loam,Maize,244,16.3,239,0.47,7.37,0.88,140.4,329.6,22.1,-1.4,low,medium,medium,1,0,rule-derived from synthetic thresholds
1190,10,Jaipur,sandy,Mustard,344,21.9,155,0.52,4.96,3.05,7.3,16.1,23.2,-0.47,medium,medium,medium,0,0,rule-derived from synthetic thresholds
1191,3,Madurai,sandy,Cotton,335,6.6,69,0.54,6.48,0.36,40.4,112.9,26.7,1.39,medium,low,low,1,0,rule-derived from synthetic thresholds
1192,5,Karnal,loam,Sorghum,426,7.3,153,0.56,7.56,0.11,46.6,114.6,28.8,-0.31,medium,low,medium,1,0,rule-derived from synthetic thresholds
1193,13,Bengaluru Rural,sandy,Tomato,265,16.4,145,0.44,4.5,1.09,84.8,171.1,21.4,0.56,low,medium,medium,1,0,rule-derived from synthetic thresholds
1194,9,Indore,clay,Chickpea,172,32.0,328,0.45,8.11,0.17,71.6,172.8,26.0,-2.15,low,high,high,1,1,rule-derived from synthetic thresholds
1195,14,Dharwad,clay,Lentil,516,8.1,243,0.72,7.66,1.3,28.6,81.5,24.0,1.36,medium,low,medium,1,0,rule-derived from synthetic thresholds
1196,11,Kanpur,loam,Wheat,358,27.2,192,0.63,8.85,0.55,20.3,61.2,27.1,-0.75,medium,high,medium,0,1,rule-derived from synthetic thresholds
1197,4,Ludhiana,sandy,Wheat,343,12.3,30,0.47,7.0,1.08,99.7,251.9,24.5,-0.02,medium,medium,low,1,0,rule-derived from synthetic thresholds
1198,4,Ludhiana,sandy,Rice,176,11.5,155,0.1,6.27,0.5,180.8,541.8,21.9,1.81,low,medium,medium,1,0,rule-derived from synthetic thresholds
1199,15,Kolkata (24 Pgs),clay,Mustard,502,11.8,329,0.78,8.52,1.08,42.3,133.5,27.9,0.39,medium,medium,high,0,1,rule-derived from synthetic thresholds
1200,12,Patna,loam,Wheat,345,9.6,164,0.3,6.53,0.63,6.2,17.8,28.4,0.72,medium,low,medium,1,0,rule-derived from synthetic thresholds
1201,9,Indore,clay,Lentil,377,24.6,389,0.59,7.43,0.5,36.2,94.5,23.1,0.73,medium,medium,high,0,1,rule-derived from synthetic thresholds
1202,11,Kanpur,loam,Wheat,471,13.0,144,0.5,7.75,0.31,51.4,171.5,23.4,1.03,medium,medium,medium,0,0,rule-derived from synthetic thresholds
1203,7,Pune,clay,Sugarcane,392,17.6,301,0.65,7.91,0.53,35.9,79.0,19.8,0.62,medium,medium,high,0,1,rule-derived from synthetic thresholds
1204,5,Karnal,loam,Wheat,272,8.7,94,0.45,6.93,0.53,51.7,170.8,24.5,-0.91,low,low,low,1,0,rule-derived from synthetic thresholds
1205,13,Bengaluru Rural,sandy,Tomato,238,4.6,123,0.12,6.22,0.87,72.7,195.1,22.2,0.06,low,low,medium,1,0,rule-derived from synthetic thresholds
1206,14,Dharwad,clay,Cotton,337,15.0,366,0.51,6.83,0.54,64.3,193.6,26.4,0.48,medium,medium,high,0,1,rule-derived from synthetic thresholds
1207,14,Dharwad,clay,Cotton,209,9.6,112,0.4,8.85,0.21,9.3,20.1,23.3,1.91,low,low,medium,1,0,rule-derived from synthetic thresholds
1208,12,Patna,loam,Pearl millet,226,11.0,383,0.55,7.54,0.53,185.3,389.1,29.4,1.08,low,medium,high,1,1,rule-derived from synthetic thresholds
1209,14,Dharwad,clay,Sorghum,302,13.6,380,0.47,9.2,0.79,22.4,46.3,23.1,0.58,medium,medium,high,0,1,rule-derived from synthetic thresholds
1210,8,Guntur,clay,Cotton,347,32.5,283,0.31,7.67,0.32,110.4,397.3,31.3,0.34,medium,high,high,0,1,rule-derived from synthetic thresholds
1211,5,Karnal,loam,Wheat,274,10.4,192,0.47,6.59,0.27,130.8,420.1,26.3,-1.85,low,medium,medium,1,0,rule-derived from synthetic thresholds
1212,2,Coimbatore,loam,Banana,330,13.6,181,0.37,6.01,0.35,31.7,83.2,24.0,0.65,medium,medium,medium,0,0,rule-derived from synthetic thresholds
1213,5,Karnal,loam,Rice,297,24.6,255,0.73,8.53,0.52,47.8,159.1,20.4,0.87,medium,medium,medium,0,0,rule-derived from synthetic thresholds
1214,7,Pune,clay,Maize,384,2.1,195,0.42,6.47,1.39,56.7,168.1,27.1,0.8,medium,low,medium,1,0,rule-derived from synthetic thresholds
1215,2,Coimbatore,loam,Banana,303,4.8,334,0.43,6.41,1.61,81.4,284.5,30.8,-0.36,medium,low,high,1,1,rule-derived from synthetic thresholds
1216,5,Karnal,loam,Wheat,309,5.1,359,0.48,6.72,0.83,73.6,252.2,24.2,-0.21,medium,low,high,1,1,rule-derived from synthetic thresholds
1217,14,Dharwad,clay,Cotton,493,5.0,251,0.61,6.92,0.74,38.8,116.7,23.2,-0.42,medium,low,medium,1,0,rule-derived from synthetic thresholds
1218,4,Ludhiana,sandy,Maize,280,32.3,30,0.1,7.57,0.79,74.8,173.4,21.2,2.12,medium,high,low,1,1,rule-derived from synthetic thresholds
1219,6,Nagpur,clay,Pigeon pea,562,12.6,314,0.94,8.54,0.35,81.2,277.5,24.0,0.63,high,medium,high,0,1,rule-derived from synthetic thresholds
1220,10,Jaipur,sandy,Onion,358,39.2,95,0.43,5.92,1.9,11.8,25.0,24.7,2.57,medium,high,low,1,1,rule-derived from synthetic thresholds
1221,14,Dharwad,clay,Sorghum,458,17.5,311,0.87,6.4,1.33,294.2,938.0,30.2,-0.49,medium,medium,high,0,1,rule-derived from synthetic thresholds
1222,14,Dharwad,clay,Pigeon pea,494,15.9,303,0.59,7.69,0.83,12.5,38.0,28.1,-1.26,medium,medium,high,0,1,rule-derived from synthetic thresholds
1223,13,Bengaluru Rural,sandy,Tomato,412,8.5,168,0.45,5.38,0.67,32.4,109.0,20.7,1.25,medium,low,medium,1,0,rule-derived from synthetic thresholds
1224,3,Madurai,sandy,Chilli,436,10.5,89,0.46,6.19,0.99,9.9,31.8,26.3,0.67,medium,medium,low,1,0,rule-derived from synthetic thresholds
1225,2,Coimbatore,loam,Cotton,585,45.9,215,1.07,6.98,0.65,51.6,110.5,29.4,0.83,high,high,medium,0,1,rule-derived from synthetic thresholds
1226,12,Patna,loam,Sunflower,314,6.3,284,0.48,6.49,0.59,17.8,57.0,26.8,-0.09,medium,low,high,1,1,rule-derived from synthetic thresholds
1227,14,Dharwad,clay,Cotton,409,8.7,36,0.66,8.68,0.6,156.1,359.1,28.1,0.37,medium,low,low,1,0,rule-derived from synthetic thresholds
1228,10,Jaipur,sandy,Wheat,330,27.0,82,0.29,5.08,1.17,54.0,146.8,23.5,-0.19,medium,high,low,1,1,rule-derived from synthetic thresholds
1229,14,Dharwad,clay,Lentil,421,19.0,241,0.64,8.46,1.92,13.3,26.9,28.7,-0.55,medium,medium,medium,0,0,rule-derived from synthetic thresholds
1230,11,Kanpur,loam,Potato,424,9.0,179,0.7,6.07,0.68,42.4,97.4,25.4,0.04,medium,low,medium,1,0,rule-derived from synthetic thresholds
1231,6,Nagpur,clay,Soybean,409,13.6,101,0.45,6.53,1.24,51.1,126.3,31.6,0.45,medium,medium,low,1,0,rule-derived from synthetic thresholds
1232,13,Bengaluru Rural,sandy,Maize,176,19.5,174,0.3,7.48,1.99,31.8,63.6,28.8,-0.19,low,medium,medium,1,0,rule-derived from synthetic thresholds
1233,12,Patna,loam,Wheat,307,19.7,202,0.84,5.53,0.59,42.2,84.8,27.1,0.16,medium,medium,medium,0,0,rule-derived from synthetic thresholds
1234,6,Nagpur,clay,Pigeon pea,432,18.8,258,0.7,6.53,0.97,128.6,266.2,27.8,1.79,medium,medium,medium,0,0,rule-derived from synthetic thresholds
1235,9,Indore,clay,Wheat,475,4.7,286,1.05,8.13,0.83,27.1,94.6,25.9,0.54,medium,low,high,1,1,rule-derived from synthetic thresholds
1236,9,Indore,clay,Wheat,264,26.0,218,0.49,7.01,0.16,139.1,285.0,26.1,-0.02,low,high,medium,1,1,rule-derived from synthetic thresholds
1237,2,Coimbatore,loam,Banana,418,14.4,165,0.23,6.56,1.25,22.5,60.0,24.8,0.82,medium,medium,medium,0,0,rule-derived from synthetic thresholds
1238,5,Karnal,loam,Green gram,326,7.8,188,0.47,5.63,1.3,41.8,150.1,21.9,-0.19,medium,low,medium,1,0,rule-derived from synthetic thresholds
1239,4,Ludhiana,sandy,Wheat,201,9.7,228,0.38,7.25,0.44,76.1,246.1,22.8,-0.45,low,low,medium,1,0,rule-derived from synthetic thresholds
1240,5,Karnal,loam,Wheat,334,27.4,290,0.65,8.96,0.74,166.9,595.4,27.2,0.24,medium,high,high,0,1,rule-derived from synthetic thresholds
1241,8,Guntur,clay,Soybean,434,16.6,106,0.84,8.24,1.41,56.6,115.5,28.3,0.41,medium,medium,low,1,0,rule-derived from synthetic thresholds
1242,8,Guntur,clay,Cotton,328,38.5,73,0.63,8.61,0.54,114.4,359.8,28.8,-0.67,medium,high,low,1,1,rule-derived from synthetic thresholds
1243,13,Bengaluru Rural,sandy,Ragi,226,19.8,146,0.3,7.34,1.74,7.8,27.0,26.9,0.86,low,medium,medium,1,0,rule-derived from synthetic thresholds
1244,1,Thanjavur,clay,Rice,447,18.2,283,0.56,7.24,2.61,95.0,211.2,24.6,0.3,medium,medium,high,0,1,rule-derived from synthetic thresholds
1245,13,Bengaluru Rural,sandy,Ragi,69,21.5,42,0.11,6.95,0.68,12.2,27.9,27.3,-0.48,low,medium,low,1,0,rule-derived from synthetic thresholds
1246,4,Ludhiana,sandy,Rice,323,4.0,45,0.53,7.44,0.64,58.7,185.5,23.6,0.03,medium,low,low,1,0,rule-derived from synthetic thresholds
1247,6,Nagpur,clay,Soybean,444,4.3,461,0.8,7.8,0.64,55.9,158.3,32.5,0.46,medium,low,high,1,1,rule-derived from synthetic thresholds
1248,3,Madurai,sandy,Rice,500,9.1,30,0.79,7.16,1.58,96.9,241.9,26.8,-0.61,medium,low,low,1,0,rule-derived from synthetic thresholds
1249,1,Thanjavur,clay,Wheat,502,22.5,288,0.85,8.57,1.01,64.9,157.2,32.4,0.21,medium,medium,high,0,1,rule-derived from synthetic thresholds
1250,2,Coimbatore,loam,Sorghum,281,23.2,142,0.34,7.72,0.35,54.8,123.1,30.8,-0.2,medium,medium,medium,0,0,rule-derived from synthetic thresholds
1251,4,Ludhiana,sandy,Maize,327,13.5,30,0.42,6.96,0.28,141.9,471.9,24.9,-0.21,medium,medium,low,1,0,rule-derived from synthetic thresholds
1252,6,Nagpur,clay,Ragi,475,19.8,382,1.02,8.11,0.39,11.4,39.0,26.2,1.42,medium,medium,high,0,1,rule-derived from synthetic thresholds
1253,5,Karnal,loam,Wheat,388,20.5,254,0.82,7.17,1.19,11.6,29.8,32.9,0.78,medium,medium,medium,0,0,rule-derived from synthetic thresholds
1254,2,Coimbatore,loam,Groundnut,512,13.1,72,1.01,7.01,0.5,68.4,202.3,22.5,0.08,medium,medium,low,1,0,rule-derived from synthetic thresholds
1255,6,Nagpur,clay,Soybean,410,31.0,243,0.68,8.21,0.84,72.8,209.6,22.5,0.72,medium,high,medium,0,1,rule-derived from synthetic thresholds
1256,3,Madurai,sandy,Sunflower,214,19.7,270,0.27,7.42,1.39,56.0,198.2,29.4,-0.87,low,medium,medium,1,0,rule-derived from synthetic thresholds
1257,11,Kanpur,loam,Wheat,349,3.3,125,0.49,8.46,0.6,41.5,96.4,23.4,-0.55,medium,low,medium,1,0,rule-derived from synthetic thresholds
1258,11,Kanpur,loam,Rice,459,10.5,174,0.45,7.26,0.53,66.1,150.3,26.7,0.73,medium,medium,medium,0,0,rule-derived from synthetic thresholds
1259,1,Thanjavur,clay,Green gram,444,55.9,298,0.73,7.43,1.76,113.8,256.6,27.6,-1.89,medium,high,high,0,1,rule-derived from synthetic thresholds
1260,10,Jaipur,sandy,Mustard,157,8.2,241,0.33,7.33,0.36,122.0,278.4,20.0,1.64,low,low,medium,1,0,rule-derived from synthetic thresholds
1261,14,Dharwad,clay,Chilli,406,3.5,257,0.58,8.19,0.14,37.2,83.2,21.8,-1.15,medium,low,medium,1,0,rule-derived from synthetic thresholds
1262,15,Kolkata (24 Pgs),clay,Mustard,470,11.5,135,0.62,7.43,0.21,95.2,250.7,24.9,-0.51,medium,medium,medium,0,0,rule-derived from synthetic thresholds
1263,1,Thanjavur,clay,Green gram,483,13.0,200,0.94,7.22,0.25,311.6,1068.9,26.5,1.24,medium,medium,medium,0,0,rule-derived from synthetic thresholds
1264,14,Dharwad,clay,Cotton,333,7.3,157,0.34,6.93,0.8,15.8,45.4,20.1,-1.31,medium,low,medium,1,0,rule-derived from synthetic thresholds
1265,7,Pune,clay,Sugarcane,492,9.0,473,0.67,8.02,0.53,30.5,64.7,23.2,0.43,medium,low,high,1,1,rule-derived from synthetic thresholds
1266,14,Dharwad,clay,Cotton,543,17.7,321,0.83,8.7,0.87,95.2,196.9,27.2,-0.68,medium,medium,high,0,1,rule-derived from synthetic thresholds
1267,4,Ludhiana,sandy,Pearl millet,293,12.0,130,0.34,6.77,0.52,247.3,817.8,23.9,0.91,medium,medium,medium,0,0,rule-derived from synthetic thresholds
1268,11,Kanpur,loam,Potato,336,33.6,216,0.49,7.17,0.44,196.4,614.3,28.1,0.22,medium,high,medium,0,1,rule-derived from synthetic thresholds
1269,13,Bengaluru Rural,sandy,Ragi,250,15.7,134,0.52,7.21,0.32,48.3,115.0,24.5,1.81,low,medium,medium,1,0,rule-derived from synthetic thresholds
1270,4,Ludhiana,sandy,Rice,278,27.9,30,0.19,6.37,1.49,42.1,123.6,28.1,1.22,low,high,low,1,1,rule-derived from synthetic thresholds
1271,12,Patna,loam,Maize,507,13.8,252,0.78,7.72,0.33,104.2,362.1,23.6,0.17,medium,medium,medium,0,0,rule-derived from synthetic thresholds
1272,3,Madurai,sandy,Chilli,363,13.0,168,0.48,7.07,0.51,34.9,89.1,28.2,-0.01,medium,medium,medium,0,0,rule-derived from synthetic thresholds
1273,11,Kanpur,loam,Rice,307,27.0,81,0.45,7.35,0.34,72.6,211.7,33.8,0.54,medium,high,low,1,1,rule-derived from synthetic thresholds
1274,15,Kolkata (24 Pgs),clay,Lentil,321,12.5,232,0.64,6.26,2.1,17.6,37.8,24.2,1.54,medium,medium,medium,0,0,rule-derived from synthetic thresholds
1275,5,Karnal,loam,Sugarcane,367,9.6,382,0.57,6.61,0.32,8.1,18.1,24.9,0.3,medium,low,high,1,1,rule-derived from synthetic thresholds
1276,15,Kolkata (24 Pgs),clay,Potato,511,20.1,139,0.81,7.52,0.56,381.7,809.4,32.0,0.37,medium,medium,medium,0,0,rule-derived from synthetic thresholds
1277,11,Kanpur,loam,Rice,386,26.0,132,0.57,8.59,0.41,31.7,110.8,26.4,-1.77,medium,high,medium,0,1,rule-derived from synthetic thresholds
1278,8,Guntur,clay,Rice,364,12.7,330,0.43,7.24,0.24,288.7,968.9,23.9,-1.38,medium,medium,high,0,1,rule-derived from synthetic thresholds
1279,5,Karnal,loam,Wheat,569,16.0,126,0.93,6.97,0.64,49.7,130.4,24.8,-0.4,high,medium,medium,0,1,rule-derived from synthetic thresholds
1280,9,Indore,clay,Chickpea,347,26.0,386,0.63,7.94,0.58,114.7,300.0,27.3,1.73,medium,high,high,0,1,rule-derived from synthetic thresholds
1281,15,Kolkata (24 Pgs),clay,Chilli,401,12.2,327,0.84,9.02,0.35,124.9,412.8,28.5,-1.28,medium,medium,high,0,1,rule-derived from synthetic thresholds
1282,1,Thanjavur,clay,Cotton,448,5.8,257,0.89,7.38,0.52,32.6,75.0,31.3,-0.89,medium,low,medium,1,0,rule-derived from synthetic thresholds
1283,13,Bengaluru Rural,sandy,Maize,280,11.7,91,0.26,6.27,0.37,261.8,667.2,27.7,-0.45,medium,medium,low,1,0,rule-derived from synthetic thresholds
1284,3,Madurai,sandy,Chilli,380,57.2,52,0.4,7.48,0.72,38.6,134.8,32.5,-2.72,medium,high,low,1,1,rule-derived from synthetic thresholds
1285,14,Dharwad,clay,Onion,406,53.7,203,0.56,7.72,0.2,45.5,157.7,24.2,-0.28,medium,high,medium,0,1,rule-derived from synthetic thresholds
1286,9,Indore,clay,Soybean,369,12.6,260,0.77,7.97,1.5,119.0,365.1,27.9,-0.38,medium,medium,medium,0,0,rule-derived from synthetic thresholds
1287,14,Dharwad,clay,Chickpea,293,15.8,308,0.43,7.59,0.22,22.7,49.5,20.0,-0.32,medium,medium,high,0,1,rule-derived from synthetic thresholds
1288,3,Madurai,sandy,Chilli,208,24.8,159,0.4,6.47,0.34,14.0,31.6,29.7,-1.36,low,medium,medium,1,0,rule-derived from synthetic thresholds
1289,1,Thanjavur,clay,Green gram,410,11.6,204,0.71,8.67,0.95,19.6,55.8,26.7,-0.93,medium,medium,medium,0,0,rule-derived from synthetic thresholds
1290,8,Guntur,clay,Rice,310,26.1,272,0.41,6.96,0.84,156.1,356.1,26.3,-0.85,medium,high,medium,0,1,rule-derived from synthetic thresholds
1291,12,Patna,loam,Turmeric,339,26.0,229,0.23,5.61,0.87,109.2,252.1,24.0,1.28,medium,high,medium,0,1,rule-derived from synthetic thresholds
1292,12,Patna,loam,Wheat,278,8.2,195,0.38,7.7,0.16,44.1,117.9,30.7,-0.16,low,low,medium,1,0,rule-derived from synthetic thresholds
1293,12,Patna,loam,Rice,277,2.6,133,0.4,6.52,0.61,120.7,360.5,28.8,-0.26,low,low,medium,1,0,rule-derived from synthetic thresholds
1294,13,Bengaluru Rural,sandy,Maize,324,20.3,85,0.37,6.07,0.37,89.1,262.0,29.7,-0.88,medium,medium,low,1,0,rule-derived from synthetic thresholds
1295,12,Patna,loam,Green gram,387,32.9,228,0.62,6.92,0.45,45.3,150.0,24.1,-1.1,medium,high,medium,0,1,rule-derived from synthetic thresholds
1296,13,Bengaluru Rural,sandy,Maize,209,90.0,131,0.48,7.96,0.68,38.0,124.3,21.2,-0.2,low,high,medium,1,1,rule-derived from synthetic thresholds
1297,3,Madurai,sandy,Rice,183,3.5,180,0.14,6.76,0.26,52.2,181.0,26.9,-0.79,low,low,medium,1,0,rule-derived from synthetic thresholds
1298,4,Ludhiana,sandy,Wheat,264,34.7,123,0.45,5.86,2.39,42.5,99.0,21.7,-2.21,low,high,medium,1,1,rule-derived from synthetic thresholds
1299,1,Thanjavur,clay,Rice,328,6.6,239,0.59,7.29,0.33,21.6,56.4,23.4,-1.12,medium,low,medium,1,0,rule-derived from synthetic thresholds
1300,7,Pune,clay,Turmeric,347,13.7,281,0.64,8.27,0.96,20.9,44.0,21.2,0.85,medium,medium,high,0,1,rule-derived from synthetic thresholds
1301,4,Ludhiana,sandy,Pearl millet,470,17.3,172,0.61,7.36,0.23,54.0,171.1,27.3,1.1,medium,medium,medium,0,0,rule-derived from synthetic thresholds
1302,10,Jaipur,sandy,Mustard,171,13.1,186,0.23,7.03,1.99,27.3,62.9,30.0,-0.25,low,medium,medium,1,0,rule-derived from synthetic thresholds
1303,9,Indore,clay,Wheat,380,13.9,338,0.51,7.81,0.08,8.6,29.0,19.0,-1.01,medium,medium,high,0,1,rule-derived from synthetic thresholds
1304,9,Indore,clay,Chickpea,354,11.6,150,0.69,8.14,0.19,251.3,589.3,30.2,0.89,medium,medium,medium,0,0,rule-derived from synthetic thresholds
1305,10,Jaipur,sandy,Wheat,427,13.9,174,0.48,6.33,0.45,54.4,150.1,23.7,0.29,medium,medium,medium,0,0,rule-derived from synthetic thresholds
1306,15,Kolkata (24 Pgs),clay,Rice,471,39.7,237,0.62,8.58,0.38,24.1,69.4,32.9,-0.52,medium,high,medium,0,1,rule-derived from synthetic thresholds
1307,2,Coimbatore,loam,Sorghum,300,22.2,319,0.31,8.25,0.77,35.4,106.8,25.7,-0.93,medium,medium,high,0,1,rule-derived from synthetic thresholds
1308,5,Karnal,loam,Sugarcane,338,39.7,217,0.6,6.06,1.16,45.3,149.3,24.3,0.62,medium,high,medium,0,1,rule-derived from synthetic thresholds
1309,7,Pune,clay,Onion,359,12.1,320,0.66,7.16,0.36,4.0,12.8,25.3,-0.54,medium,medium,high,0,1,rule-derived from synthetic thresholds
1310,2,Coimbatore,loam,Cotton,448,4.2,205,0.52,7.23,0.75,12.0,27.0,20.3,2.31,medium,low,medium,1,0,rule-derived from synthetic thresholds
1311,13,Bengaluru Rural,sandy,Tomato,458,9.1,101,0.54,6.87,0.42,32.9,101.1,20.7,-0.19,medium,low,low,1,0,rule-derived from synthetic thresholds
1312,6,Nagpur,clay,Pigeon pea,351,13.0,185,0.4,7.41,0.87,149.2,355.9,22.9,1.12,medium,medium,medium,0,0,rule-derived from synthetic thresholds
1313,3,Madurai,sandy,Chilli,337,23.6,30,0.6,6.2,0.23,4.5,14.7,26.8,-0.32,medium,medium,low,1,0,rule-derived from synthetic thresholds
1314,8,Guntur,clay,Wheat,499,8.7,303,0.64,8.01,0.2,84.0,280.9,32.4,-0.76,medium,low,high,1,1,rule-derived from synthetic thresholds
1315,3,Madurai,sandy,Rice,252,7.2,172,0.43,7.01,0.49,270.9,702.1,28.8,-1.33,low,low,medium,1,0,rule-derived from synthetic thresholds
1316,6,Nagpur,clay,Tomato,356,10.7,168,0.63,8.37,1.88,75.2,226.0,31.1,1.34,medium,medium,medium,0,0,rule-derived from synthetic thresholds
1317,10,Jaipur,sandy,Mustard,279,12.6,266,0.43,7.18,0.42,50.0,116.6,22.2,-1.64,low,medium,medium,1,0,rule-derived from synthetic thresholds
1318,5,Karnal,loam,Wheat,450,24.9,216,0.52,5.7,0.74,56.0,124.0,27.0,1.01,medium,medium,medium,0,0,rule-derived from synthetic thresholds
1319,13,Bengaluru Rural,sandy,Tomato,211,7.0,49,0.16,6.01,0.15,75.4,254.3,26.0,0.79,low,low,low,1,0,rule-derived from synthetic thresholds
1320,4,Ludhiana,sandy,Maize,367,13.8,108,0.63,8.21,0.39,11.7,40.4,24.3,-0.18,medium,medium,low,1,0,rule-derived from synthetic thresholds
1321,2,Coimbatore,loam,Green gram,381,7.1,272,0.64,7.18,0.76,171.7,380.8,21.0,2.73,medium,low,medium,1,0,rule-derived from synthetic thresholds
1322,7,Pune,clay,Sugarcane,425,10.9,348,0.83,8.21,1.94,34.1,70.0,26.3,-1.32,medium,medium,high,0,1,rule-derived from synthetic thresholds
1323,3,Madurai,sandy,Cotton,161,14.4,68,0.12,6.78,0.56,52.6,184.8,29.5,0.05,low,medium,low,1,0,rule-derived from synthetic thresholds
1324,11,Kanpur,loam,Chickpea,169,9.0,150,0.45,7.64,0.39,18.5,48.3,28.1,1.21,low,low,medium,1,0,rule-derived from synthetic thresholds
1325,8,Guntur,clay,Chilli,341,9.7,381,0.5,6.95,0.99,115.0,387.8,26.4,-0.07,medium,low,high,1,1,rule-derived from synthetic thresholds
1326,3,Madurai,sandy,Chilli,171,24.5,98,0.13,5.97,0.62,33.2,92.5,28.9,-0.24,low,medium,low,1,0,rule-derived from synthetic thresholds
1327,6,Nagpur,clay,Wheat,271,49.8,427,0.58,7.66,1.02,82.8,176.4,26.4,-2.09,low,high,high,1,1,rule-derived from synthetic thresholds
1328,13,Bengaluru Rural,sandy,Tomato,89,9.9,159,0.11,6.07,0.41,57.2,181.0,27.3,-0.87,low,low,medium,1,0,rule-derived from synthetic thresholds
1329,13,Bengaluru Rural,sandy,Chilli,301,6.8,136,0.1,5.8,0.61,30.6,93.4,25.9,0.67,medium,low,medium,1,0,rule-derived from synthetic thresholds
1330,10,Jaipur,sandy,Pearl millet,263,14.0,130,0.27,6.25,0.46,58.6,173.0,25.8,-1.19,low,medium,medium,1,0,rule-derived from synthetic thresholds
1331,14,Dharwad,clay,Sugarcane,253,8.4,148,0.4,8.55,0.92,52.1,107.2,30.4,-0.77,low,low,medium,1,0,rule-derived from synthetic thresholds
1332,2,Coimbatore,loam,Maize,422,11.3,300,0.58,7.34,0.34,46.7,120.4,28.5,-1.57,medium,medium,high,0,1,rule-derived from synthetic thresholds
1333,11,Kanpur,loam,Wheat,396,16.1,144,0.81,5.62,0.25,121.2,287.7,26.9,0.95,medium,medium,medium,0,0,rule-derived from synthetic thresholds
1334,1,Thanjavur,clay,Mustard,388,15.6,372,0.58,9.16,0.94,33.7,81.8,27.0,1.97,medium,medium,high,0,1,rule-derived from synthetic thresholds
1335,9,Indore,clay,Banana,250,11.0,278,0.25,7.51,1.58,33.1,81.0,27.7,0.91,low,medium,medium,1,0,rule-derived from synthetic thresholds
1336,1,Thanjavur,clay,Groundnut,283,11.5,337,0.51,7.94,0.88,14.7,42.0,31.0,0.6,medium,medium,high,0,1,rule-derived from synthetic thresholds
1337,6,Nagpur,clay,Cotton,393,4.7,362,0.68,7.72,0.44,68.5,197.6,28.4,1.23,medium,low,high,1,1,rule-derived from synthetic thresholds
1338,2,Coimbatore,loam,Cotton,234,33.5,118,0.57,5.7,0.17,108.9,332.7,31.2,-0.4,low,high,medium,1,1,rule-derived from synthetic thresholds
1339,4,Ludhiana,sandy,Ragi,141,5.5,180,0.3,5.25,0.2,73.7,207.8,26.8,-1.16,low,low,medium,1,0,rule-derived from synthetic thresholds
1340,10,Jaipur,sandy,Wheat,322,13.7,30,0.27,5.89,0.68,40.9,116.4,21.4,0.44,medium,medium,low,1,0,rule-derived from synthetic thresholds
1341,12,Patna,loam,Wheat,471,8.1,157,0.54,7.71,0.81,12.7,29.4,32.8,-1.2,medium,low,medium,1,0,rule-derived from synthetic thresholds
1342,15,Kolkata (24 Pgs),clay,Rice,467,7.1,395,0.71,8.06,0.5,105.5,298.9,23.2,-1.26,medium,low,high,1,1,rule-derived from synthetic thresholds
1343,15,Kolkata (24 Pgs),clay,Soybean,425,30.8,94,0.66,7.79,0.83,294.5,760.1,27.9,-0.27,medium,high,low,1,1,rule-derived from synthetic thresholds
1344,2,Coimbatore,loam,Cotton,445,32.3,237,0.83,8.5,1.29,73.2,233.8,30.2,0.98,medium,high,medium,0,1,rule-derived from synthetic thresholds
1345,14,Dharwad,clay,Cotton,301,16.3,138,0.62,7.44,0.96,56.9,146.6,22.3,0.71,medium,medium,medium,0,0,rule-derived from synthetic thresholds
1346,5,Karnal,loam,Sugarcane,248,9.9,222,0.27,6.45,0.27,26.3,87.5,19.6,-0.11,low,low,medium,1,0,rule-derived from synthetic thresholds
1347,14,Dharwad,clay,Chilli,288,18.4,482,0.54,7.72,0.36,37.7,103.7,20.1,0.19,medium,medium,high,0,1,rule-derived from synthetic thresholds
1348,13,Bengaluru Rural,sandy,Ragi,416,16.9,222,0.54,5.81,0.38,115.7,402.5,24.0,0.82,medium,medium,medium,0,0,rule-derived from synthetic thresholds
1349,14,Dharwad,clay,Cotton,361,11.2,304,0.61,7.99,1.38,177.5,598.7,23.7,0.37,medium,medium,high,0,1,rule-derived from synthetic thresholds
1350,8,Guntur,clay,Cotton,372,2.2,163,0.43,8.41,0.45,168.1,537.9,32.3,1.52,medium,low,medium,1,0,rule-derived from synthetic thresholds
1351,12,Patna,loam,Wheat,276,20.8,174,0.57,7.25,0.62,128.1,316.4,22.7,-0.88,low,medium,medium,1,0,rule-derived from synthetic thresholds
1352,7,Pune,clay,Onion,414,15.9,347,0.57,7.04,0.43,30.1,99.7,24.2,-0.48,medium,medium,high,0,1,rule-derived from synthetic thresholds
1353,2,Coimbatore,loam,Turmeric,477,38.2,229,0.73,5.41,0.93,39.9,89.6,27.7,-1.08,medium,high,medium,0,1,rule-derived from synthetic thresholds
1354,8,Guntur,clay,Banana,348,20.5,172,0.54,9.01,0.31,102.4,208.0,35.3,-0.6,medium,medium,medium,0,0,rule-derived from synthetic thresholds
1355,4,Ludhiana,sandy,Maize,413,16.3,30,0.58,6.24,0.3,13.5,33.4,22.8,-0.29,medium,medium,low,1,0,rule-derived from synthetic thresholds
1356,2,Coimbatore,loam,Sorghum,312,9.2,196,0.56,5.13,3.43,73.0,235.4,22.4,0.49,medium,low,medium,1,0,rule-derived from synthetic thresholds
1357,3,Madurai,sandy,Sugarcane,381,6.5,157,0.27,4.95,0.61,38.3,107.3,27.4,1.23,medium,low,medium,1,0,rule-derived from synthetic thresholds
1358,4,Ludhiana,sandy,Maize,220,8.6,30,0.14,6.46,0.6,135.5,379.0,21.5,-0.02,low,low,low,1,0,rule-derived from synthetic thresholds
1359,12,Patna,loam,Maize,348,13.9,353,0.53,7.13,0.5,61.4,204.1,23.8,1.18,medium,medium,high,0,1,rule-derived from synthetic thresholds
1360,15,Kolkata (24 Pgs),clay,Mustard,326,15.4,202,0.45,8.85,1.02,43.2,135.0,28.7,0.41,medium,medium,medium,0,0,rule-derived from synthetic thresholds
1361,13,Bengaluru Rural,sandy,Turmeric,428,46.8,71,0.49,6.47,0.14,69.1,204.0,21.0,0.34,medium,high,low,1,1,rule-derived from synthetic thresholds
1362,10,Jaipur,sandy,Pearl millet,303,8.6,152,0.11,6.63,0.6,44.6,124.7,23.6,-0.2,medium,low,medium,1,0,rule-derived from synthetic thresholds
1363,14,Dharwad,clay,Sorghum,424,12.1,374,0.57,6.68,1.49,107.7,320.3,24.5,0.68,medium,medium,high,0,1,rule-derived from synthetic thresholds
1364,5,Karnal,loam,Rice,417,1.3,148,0.52,7.22,0.85,54.8,180.6,28.0,0.74,medium,low,medium,1,0,rule-derived from synthetic thresholds
1365,14,Dharwad,clay,Sorghum,428,43.9,382,0.66,8.37,0.32,25.5,81.1,23.2,0.85,medium,high,high,0,1,rule-derived from synthetic thresholds
1366,15,Kolkata (24 Pgs),clay,Mustard,339,45.0,279,0.63,8.03,0.62,93.9,293.2,23.0,-1.61,medium,high,medium,0,1,rule-derived from synthetic thresholds
1367,3,Madurai,sandy,Cotton,399,3.9,97,0.58,4.9,0.27,42.4,118.4,27.8,1.43,medium,low,low,1,0,rule-derived from synthetic thresholds
1368,6,Nagpur,clay,Tomato,446,6.4,315,0.59,8.03,0.91,88.7,204.7,27.6,-0.48,medium,low,high,1,1,rule-derived from synthetic thresholds
1369,5,Karnal,loam,Rice,334,16.2,117,0.64,5.76,0.47,22.3,56.8,21.4,0.56,medium,medium,medium,0,0,rule-derived from synthetic thresholds
1370,3,Madurai,sandy,Cotton,241,15.4,180,0.47,6.88,1.12,44.7,127.7,30.4,0.02,low,medium,medium,1,0,rule-derived from synthetic thresholds
1371,3,Madurai,sandy,Cotton,257,7.2,188,0.17,7.2,0.39,39.5,99.1,27.3,0.62,low,low,medium,1,0,rule-derived from synthetic thresholds
1372,15,Kolkata (24 Pgs),clay,Potato,528,55.0,357,0.51,7.84,1.02,117.9,302.6,32.0,0.03,medium,high,high,0,1,rule-derived from synthetic thresholds
1373,3,Madurai,sandy,Rice,353,8.0,172,0.52,5.69,0.32,36.4,87.6,28.7,-0.97,medium,low,medium,1,0,rule-derived from synthetic thresholds
1374,10,Jaipur,sandy,Pearl millet,332,7.4,262,0.37,6.28,0.92,21.6,66.0,21.2,-1.27,medium,low,medium,1,0,rule-derived from synthetic thresholds
1375,14,Dharwad,clay,Rice,328,8.0,434,0.52,8.61,0.34,82.0,235.3,24.1,-0.88,medium,low,high,1,1,rule-derived from synthetic thresholds
1376,12,Patna,loam,Rice,319,15.2,327,0.42,7.13,2.68,22.1,66.1,25.2,1.24,medium,medium,high,0,1,rule-derived from synthetic thresholds
1377,7,Pune,clay,Pigeon pea,404,6.8,273,0.65,7.86,0.78,8.7,23.2,28.9,0.44,medium,low,medium,1,0,rule-derived from synthetic thresholds
1378,1,Thanjavur,clay,Groundnut,352,10.2,214,0.51,8.01,0.51,33.2,68.7,24.2,-0.51,medium,medium,medium,0,0,rule-derived from synthetic thresholds
1379,7,Pune,clay,Sugarcane,446,13.5,299,0.55,8.68,0.26,99.8,318.7,27.1,0.05,medium,medium,high,0,1,rule-derived from synthetic thresholds
1380,5,Karnal,loam,Rice,136,20.5,247,0.51,6.86,0.21,141.7,369.2,23.5,0.32,low,medium,medium,1,0,rule-derived from synthetic thresholds
1381,13,Bengaluru Rural,sandy,Ragi,325,11.6,214,0.6,7.2,0.82,120.2,430.6,23.1,-0.99,medium,medium,medium,0,0,rule-derived from synthetic thresholds
1382,15,Kolkata (24 Pgs),clay,Banana,325,8.5,166,0.54,8.1,0.31,115.3,282.7,26.5,-0.75,medium,low,medium,1,0,rule-derived from synthetic thresholds
1383,4,Ludhiana,sandy,Maize,188,16.5,44,0.26,7.05,1.09,220.3,442.9,18.7,-1.71,low,medium,low,1,0,rule-derived from synthetic thresholds
1384,3,Madurai,sandy,Sugarcane,515,51.4,240,0.64,6.79,0.89,81.5,223.3,28.4,-2.03,medium,high,medium,0,1,rule-derived from synthetic thresholds
1385,13,Bengaluru Rural,sandy,Ragi,335,6.0,239,0.31,5.85,1.69,104.1,208.4,27.7,0.9,medium,low,medium,1,0,rule-derived from synthetic thresholds
1386,14,Dharwad,clay,Cotton,259,4.0,193,0.54,7.12,0.21,70.4,220.0,23.3,-0.32,low,low,medium,1,0,rule-derived from synthetic thresholds
1387,15,Kolkata (24 Pgs),clay,Potato,279,10.3,131,0.35,7.48,0.32,113.3,231.3,26.1,-0.26,low,medium,medium,1,0,rule-derived from synthetic thresholds
1388,12,Patna,loam,Rice,264,3.9,289,0.52,7.37,0.41,125.5,448.1,21.4,0.95,low,low,high,1,1,rule-derived from synthetic thresholds
1389,7,Pune,clay,Onion,327,5.2,178,0.35,7.04,0.47,33.6,114.8,25.0,0.44,medium,low,medium,1,0,rule-derived from synthetic thresholds
1390,6,Nagpur,clay,Onion,460,6.8,308,0.72,7.99,0.72,135.2,300.8,27.0,-1.11,medium,low,high,1,1,rule-derived from synthetic thresholds
1391,1,Thanjavur,clay,Rice,534,17.1,386,0.82,7.94,0.52,18.7,62.0,27.1,0.87,medium,medium,high,0,1,rule-derived from synthetic thresholds
1392,14,Dharwad,clay,Cotton,403,10.9,244,0.47,7.5,2.32,98.8,206.6,30.5,-0.37,medium,medium,medium,0,0,rule-derived from synthetic thresholds
1393,15,Kolkata (24 Pgs),clay,Rice,584,9.3,296,0.81,7.94,0.23,270.0,612.2,22.9,0.64,high,low,high,1,1,rule-derived from synthetic thresholds
1394,14,Dharwad,clay,Cotton,360,23.4,233,0.47,7.63,0.55,38.9,130.3,33.4,0.06,medium,medium,medium,0,0,rule-derived from synthetic thresholds
1395,9,Indore,clay,Wheat,480,7.7,336,0.41,7.97,1.38,7.0,16.6,26.5,2.18,medium,low,high,1,1,rule-derived from synthetic thresholds
1396,14,Dharwad,clay,Potato,363,14.3,438,0.78,7.17,0.37,104.4,317.2,25.2,0.32,medium,medium,high,0,1,rule-derived from synthetic thresholds
1397,1,Thanjavur,clay,Soybean,88,13.2,156,0.4,7.37,1.23,48.2,131.9,33.7,-0.43,low,medium,medium,1,0,rule-derived from synthetic thresholds
1398,7,Pune,clay,Pigeon pea,527,8.8,87,1.07,8.03,0.78,46.5,156.0,24.2,0.36,medium,low,low,1,0,rule-derived from synthetic thresholds
1399,2,Coimbatore,loam,Cotton,312,7.1,182,0.33,6.87,0.47,114.9,326.3,26.7,-1.32,medium,low,medium,1,0,rule-derived from synthetic thresholds
1400,9,Indore,clay,Wheat,553,47.5,340,0.85,7.13,0.61,95.4,315.8,20.5,0.87,medium,high,high,0,1,rule-derived from synthetic thresholds
1401,1,Thanjavur,clay,Rice,432,5.5,366,0.79,6.15,0.66,21.8,75.9,33.6,1.0,medium,low,high,1,1,rule-derived from synthetic thresholds
1402,5,Karnal,loam,Sugarcane,177,9.0,297,0.1,7.34,0.75,217.7,532.7,23.7,0.43,low,low,high,1,1,rule-derived from synthetic thresholds
1403,7,Pune,clay,Maize,435,14.5,291,0.55,6.84,0.5,14.6,30.7,26.0,1.5,medium,medium,high,0,1,rule-derived from synthetic thresholds
1404,2,Coimbatore,loam,Chilli,415,14.1,259,0.46,6.96,0.45,68.1,241.8,21.0,-1.54,medium,medium,medium,0,0,rule-derived from synthetic thresholds
1405,2,Coimbatore,loam,Maize,156,18.2,325,0.25,8.07,0.17,112.1,380.6,21.5,-0.24,low,medium,high,1,1,rule-derived from synthetic thresholds
1406,14,Dharwad,clay,Cotton,465,23.2,277,0.74,7.3,0.44,65.0,135.7,28.2,-0.99,medium,medium,medium,0,0,rule-derived from synthetic thresholds
1407,5,Karnal,loam,Sugarcane,271,15.4,141,0.63,6.14,0.7,57.0,162.9,23.8,-0.16,low,medium,medium,1,0,rule-derived from synthetic thresholds
1408,15,Kolkata (24 Pgs),clay,Potato,356,7.3,188,0.59,8.51,0.43,68.5,185.6,28.7,0.14,medium,low,medium,1,0,rule-derived from synthetic thresholds
1409,6,Nagpur,clay,Cotton,469,9.4,269,0.83,7.16,0.66,39.5,136.1,29.2,-0.88,medium,low,medium,1,0,rule-derived from synthetic thresholds
1410,1,Thanjavur,clay,Groundnut,423,23.3,281,0.58,8.37,1.35,37.5,133.1,29.7,-0.49,medium,medium,high,0,1,rule-derived from synthetic thresholds
1411,2,Coimbatore,loam,Maize,364,12.8,150,0.48,6.32,0.77,119.7,349.1,27.9,1.14,medium,medium,medium,0,0,rule-derived from synthetic thresholds
1412,11,Kanpur,loam,Turmeric,386,22.6,164,0.61,8.01,0.54,96.2,226.6,17.3,0.34,medium,medium,medium,0,0,rule-derived from synthetic thresholds
1413,1,Thanjavur,clay,Green gram,588,5.5,331,0.58,7.19,0.22,9.8,23.0,25.2,-0.15,high,low,high,1,1,rule-derived from synthetic thresholds
1414,15,Kolkata (24 Pgs),clay,Mustard,402,8.8,248,0.51,6.06,0.64,287.7,620.8,31.9,-0.16,medium,low,medium,1,0,rule-derived from synthetic thresholds
1415,4,Ludhiana,sandy,Sugarcane,442,19.2,114,0.77,6.55,0.45,62.4,202.0,23.7,0.38,medium,medium,medium,0,0,rule-derived from synthetic thresholds
1416,10,Jaipur,sandy,Mustard,349,51.4,30,0.3,6.67,0.41,3.9,8.1,23.9,1.2,medium,high,low,1,1,rule-derived from synthetic thresholds
1417,7,Pune,clay,Mustard,260,39.1,309,0.41,8.83,0.33,70.3,209.1,26.2,-0.0,low,high,high,1,1,rule-derived from synthetic thresholds
1418,1,Thanjavur,clay,Green gram,476,31.3,196,0.73,7.77,0.2,154.8,454.4,29.8,2.05,medium,high,medium,0,1,rule-derived from synthetic thresholds
1419,11,Kanpur,loam,Sorghum,69,10.0,190,0.31,7.39,0.53,223.6,664.8,18.5,-1.08,low,medium,medium,1,0,rule-derived from synthetic thresholds
1420,1,Thanjavur,clay,Green gram,423,21.9,256,0.56,7.73,0.38,42.0,116.8,30.3,-0.12,medium,medium,medium,0,0,rule-derived from synthetic thresholds
1421,12,Patna,loam,Rice,350,26.1,225,0.41,7.41,1.24,229.7,459.8,23.3,0.16,medium,high,medium,0,1,rule-derived from synthetic thresholds
1422,8,Guntur,clay,Cotton,395,23.0,377,0.7,8.81,0.47,5.5,14.0,28.3,0.84,medium,medium,high,0,1,rule-derived from synthetic thresholds
1423,5,Karnal,loam,Sugarcane,361,7.1,204,0.78,8.18,1.42,29.6,75.9,20.5,-0.14,medium,low,medium,1,0,rule-derived from synthetic thresholds
1424,15,Kolkata (24 Pgs),clay,Green gram,510,14.5,265,0.83,7.46,0.17,118.4,327.2,31.1,1.7,medium,medium,medium,0,0,rule-derived from synthetic thresholds
1425,4,Ludhiana,sandy,Chilli,336,15.7,180,0.45,7.17,0.82,53.2,186.4,24.6,0.3,medium,medium,medium,0,0,rule-derived from synthetic thresholds
1426,5,Karnal,loam,Sugarcane,255,7.1,246,0.43,6.7,0.64,49.5,100.7,26.8,1.36,low,low,medium,1,0,rule-derived from synthetic thresholds
1427,10,Jaipur,sandy,Mustard,401,25.4,36,0.55,6.54,0.79,149.1,500.5,25.7,0.83,medium,high,low,1,1,rule-derived from synthetic thresholds
1428,6,Nagpur,clay,Wheat,400,13.4,212,0.64,8.68,2.74,14.5,47.8,26.2,0.37,medium,medium,medium,0,0,rule-derived from synthetic thresholds
1429,8,Guntur,clay,Cotton,406,8.0,189,0.6,7.8,0.65,20.9,65.7,28.2,-0.64,medium,low,medium,1,0,rule-derived from synthetic thresholds
1430,12,Patna,loam,Rice,253,17.1,289,0.41,7.85,1.31,53.6,155.2,23.2,-0.67,low,medium,high,1,1,rule-derived from synthetic thresholds
1431,14,Dharwad,clay,Chickpea,325,24.3,171,0.61,8.04,0.62,107.4,331.4,25.1,-1.73,medium,medium,medium,0,0,rule-derived from synthetic thresholds
1432,13,Bengaluru Rural,sandy,Sunflower,563,15.0,77,0.55,6.77,1.64,75.2,220.9,20.3,-1.46,high,medium,low,1,1,rule-derived from synthetic thresholds
1433,2,Coimbatore,loam,Potato,434,8.5,208,0.36,7.0,0.69,12.2,40.7,23.9,-0.31,medium,low,medium,1,0,rule-derived from synthetic thresholds
1434,15,Kolkata (24 Pgs),clay,Rice,375,18.6,281,0.54,7.96,0.22,47.5,107.5,25.4,2.96,medium,medium,high,0,1,rule-derived from synthetic thresholds
1435,7,Pune,clay,Sugarcane,369,84.7,209,0.58,8.0,2.18,81.4,289.2,27.3,-1.12,medium,high,medium,0,1,rule-derived from synthetic thresholds
1436,13,Bengaluru Rural,sandy,Maize,410,12.2,161,0.48,7.42,0.22,99.7,340.7,27.3,-0.36,medium,medium,medium,0,0,rule-derived from synthetic thresholds
1437,5,Karnal,loam,Chilli,423,25.0,164,0.41,6.86,0.91,105.7,279.1,18.4,-0.91,medium,medium,medium,0,0,rule-derived from synthetic thresholds
1438,9,Indore,clay,Onion,465,23.2,141,0.84,7.44,0.73,140.7,345.8,27.5,-0.54,medium,medium,medium,0,0,rule-derived from synthetic thresholds
1439,15,Kolkata (24 Pgs),clay,Wheat,446,3.9,236,0.48,9.1,2.39,218.7,690.1,28.4,-0.86,medium,low,medium,1,0,rule-derived from synthetic thresholds
1440,15,Kolkata (24 Pgs),clay,Potato,479,6.1,249,0.74,6.85,0.43,144.8,452.4,32.1,0.49,medium,low,medium,1,0,rule-derived from synthetic thresholds
1441,10,Jaipur,sandy,Pearl millet,410,19.4,140,0.57,6.25,1.12,14.2,49.5,22.5,0.2,medium,medium,medium,0,0,rule-derived from synthetic thresholds
1442,10,Jaipur,sandy,Ragi,386,49.4,176,0.43,7.29,0.28,20.3,51.0,22.6,0.75,medium,high,medium,0,1,rule-derived from synthetic thresholds
1443,1,Thanjavur,clay,Groundnut,316,10.4,270,0.59,7.74,0.29,258.9,925.0,26.1,0.25,medium,medium,medium,0,0,rule-derived from synthetic thresholds
1444,10,Jaipur,sandy,Wheat,232,7.0,292,0.32,5.46,0.2,69.7,173.7,23.4,0.09,low,low,high,1,1,rule-derived from synthetic thresholds
1445,7,Pune,clay,Onion,509,25.5,273,0.97,8.42,0.79,123.1,421.9,28.1,-0.13,medium,high,medium,0,1,rule-derived from synthetic thresholds
1446,1,Thanjavur,clay,Cotton,339,22.7,122,0.37,7.31,1.01,65.5,223.4,29.7,-1.08,medium,medium,medium,0,0,rule-derived from synthetic thresholds
1447,15,Kolkata (24 Pgs),clay,Potato,291,20.6,264,0.42,7.17,1.11,395.8,1019.2,31.7,0.91,medium,medium,medium,0,0,rule-derived from synthetic thresholds
1448,7,Pune,clay,Green gram,462,5.4,212,0.74,7.72,0.29,67.0,182.8,20.8,1.31,medium,low,medium,1,0,rule-derived from synthetic thresholds
1449,12,Patna,loam,Maize,562,29.7,235,0.82,7.19,2.25,49.8,177.5,29.3,-1.09,high,high,medium,0,1,rule-derived from synthetic thresholds
1450,1,Thanjavur,clay,Pearl millet,427,7.9,374,0.77,9.02,1.8,68.5,202.3,30.9,-0.22,medium,low,high,1,1,rule-derived from synthetic thresholds
1451,4,Ludhiana,sandy,Rice,485,38.8,230,0.53,5.99,0.37,126.1,409.7,26.2,0.25,medium,high,medium,0,1,rule-derived from synthetic thresholds
1452,14,Dharwad,clay,Chilli,267,8.7,329,0.54,9.2,1.73,35.2,118.5,20.9,1.58,low,low,high,1,1,rule-derived from synthetic thresholds
1453,15,Kolkata (24 Pgs),clay,Rice,325,52.5,287,0.31,7.76,0.52,150.6,403.0,30.5,-0.38,medium,high,high,0,1,rule-derived from synthetic thresholds
1454,1,Thanjavur,clay,Groundnut,438,27.4,297,0.65,8.53,0.9,89.0,202.6,28.4,0.5,medium,high,high,0,1,rule-derived from synthetic thresholds
1455,14,Dharwad,clay,Cotton,364,56.0,200,0.68,8.45,0.38,6.5,22.5,23.9,0.79,medium,high,medium,0,1,rule-derived from synthetic thresholds
1456,5,Karnal,loam,Rice,351,7.1,173,0.27,6.08,0.23,56.1,125.4,19.1,-1.96,medium,low,medium,1,0,rule-derived from synthetic thresholds
1457,4,Ludhiana,sandy,Rice,466,13.6,155,0.44,6.58,0.35,65.2,161.9,28.7,0.46,medium,medium,medium,0,0,rule-derived from synthetic thresholds
1458,15,Kolkata (24 Pgs),clay,Rice,452,38.0,182,0.92,7.59,0.17,307.3,1057.1,26.3,-0.22,medium,high,medium,0,1,rule-derived from synthetic thresholds
1459,9,Indore,clay,Wheat,471,16.4,278,0.93,7.48,0.73,63.4,209.6,20.1,-2.14,medium,medium,medium,0,0,rule-derived from synthetic thresholds
1460,12,Patna,loam,Wheat,374,11.8,148,0.7,6.53,2.8,33.7,87.9,24.3,0.29,medium,medium,medium,0,0,rule-derived from synthetic thresholds
1461,3,Madurai,sandy,Rice,269,23.1,196,0.27,7.73,0.24,30.0,93.1,26.7,0.68,low,medium,medium,1,0,rule-derived from synthetic thresholds
1462,12,Patna,loam,Maize,439,8.8,202,0.67,8.11,0.95,194.4,599.8,24.9,0.6,medium,low,medium,1,0,rule-derived from synthetic thresholds
1463,6,Nagpur,clay,Rice,473,37.0,191,0.76,8.96,0.66,37.8,127.6,28.2,-0.37,medium,high,medium,0,1,rule-derived from synthetic thresholds
1464,11,Kanpur,loam,Rice,232,12.4,87,0.49,7.39,1.82,146.9,323.3,23.4,0.62,low,medium,low,1,0,rule-derived from synthetic thresholds
1465,10,Jaipur,sandy,Wheat,391,11.8,235,0.5,6.19,0.2,67.8,137.9,24.8,0.18,medium,medium,medium,0,0,rule-derived from synthetic thresholds
1466,1,Thanjavur,clay,Green gram,436,26.9,276,0.92,6.82,0.85,66.2,235.6,28.1,0.16,medium,high,medium,0,1,rule-derived from synthetic thresholds
1467,14,Dharwad,clay,Chilli,489,66.9,274,0.82,7.76,1.09,121.5,313.3,26.6,0.5,medium,high,medium,0,1,rule-derived from synthetic thresholds
1468,5,Karnal,loam,Wheat,262,16.7,255,0.6,7.97,0.98,5.3,11.1,26.0,1.68,low,medium,medium,1,0,rule-derived from synthetic thresholds
1469,6,Nagpur,clay,Soybean,430,13.9,232,0.55,6.59,0.37,170.2,561.1,29.2,0.07,medium,medium,medium,0,0,rule-derived from synthetic thresholds
1470,12,Patna,loam,Wheat,372,16.7,237,0.64,7.83,1.72,30.0,98.2,29.1,-0.91,medium,medium,medium,0,0,rule-derived from synthetic thresholds
1471,14,Dharwad,clay,Chickpea,248,4.3,314,0.39,7.79,0.61,37.4,122.8,19.7,-1.44,low,low,high,1,1,rule-derived from synthetic thresholds
1472,14,Dharwad,clay,Cotton,283,17.5,133,0.7,8.84,1.14,69.0,241.1,23.4,0.39,medium,medium,medium,0,0,rule-derived from synthetic thresholds
1473,7,Pune,clay,Onion,308,36.9,340,0.47,8.38,0.94,15.6,45.8,25.4,-1.12,medium,high,high,0,1,rule-derived from synthetic thresholds
1474,6,Nagpur,clay,Cotton,384,9.2,296,0.64,8.34,0.32,49.9,102.5,26.7,0.71,medium,low,high,1,1,rule-derived from synthetic thresholds
1475,13,Bengaluru Rural,sandy,Tomato,473,5.3,144,0.64,7.64,0.48,92.7,239.9,26.4,0.1,medium,low,medium,1,0,rule-derived from synthetic thresholds
1476,4,Ludhiana,sandy,Rice,278,6.4,58,0.39,6.49,1.05,27.4,87.5,21.3,0.7,low,low,low,1,0,rule-derived from synthetic thresholds
1477,10,Jaipur,sandy,Pearl millet,191,21.7,94,0.15,5.74,0.37,49.2,109.1,28.6,-0.57,low,medium,low,1,0,rule-derived from synthetic thresholds
1478,4,Ludhiana,sandy,Sugarcane,420,29.6,72,0.72,6.58,0.33,89.3,219.6,23.5,1.19,medium,high,low,1,1,rule-derived from synthetic thresholds
1479,4,Ludhiana,sandy,Maize,322,14.8,54,0.28,6.66,0.46,40.0,108.0,19.5,1.73,medium,medium,low,1,0,rule-derived from synthetic thresholds
1480,9,Indore,clay,Wheat,489,18.8,241,0.72,6.35,1.36,228.7,627.9,21.8,-0.39,medium,medium,medium,0,0,rule-derived from synthetic thresholds
1481,13,Bengaluru Rural,sandy,Maize,291,24.3,79,0.42,6.02,0.29,106.8,255.6,19.5,-0.27,medium,medium,low,1,0,rule-derived from synthetic thresholds
1482,5,Karnal,loam,Wheat,255,15.2,107,0.37,6.96,1.12,8.6,27.6,24.0,0.52,low,medium,low,1,0,rule-derived from synthetic thresholds
1483,11,Kanpur,loam,Potato,215,51.6,117,0.27,7.25,2.03,37.5,79.9,25.1,0.34,low,high,medium,1,1,rule-derived from synthetic thresholds
1484,1,Thanjavur,clay,Groundnut,375,13.1,302,0.67,8.07,0.5,252.7,669.1,26.5,-0.7,medium,medium,high,0,1,rule-derived from synthetic thresholds
1485,11,Kanpur,loam,Potato,405,25.0,233,0.34,6.34,0.7,19.5,66.0,19.8,0.3,medium,medium,medium,0,0,rule-derived from synthetic thresholds
1486,6,Nagpur,clay,Soybean,477,20.0,379,0.7,8.74,0.63,79.3,166.2,28.8,-1.66,medium,medium,high,0,1,rule-derived from synthetic thresholds
1487,2,Coimbatore,loam,Sorghum,355,12.4,392,0.53,6.99,0.48,14.6,46.5,27.5,-1.04,medium,medium,high,0,1,rule-derived from synthetic thresholds
1488,9,Indore,clay,Maize,307,4.0,64,0.47,7.54,0.2,41.3,133.0,22.3,-0.42,medium,low,low,1,0,rule-derived from synthetic thresholds
1489,4,Ludhiana,sandy,Rice,329,21.1,82,0.56,7.41,1.19,75.5,218.1,20.6,0.32,medium,medium,low,1,0,rule-derived from synthetic thresholds
1490,10,Jaipur,sandy,Mustard,385,17.2,255,0.41,5.72,0.46,52.5,177.0,20.8,-0.47,medium,medium,medium,0,0,rule-derived from synthetic thresholds
1491,1,Thanjavur,clay,Rice,537,6.4,201,0.83,7.95,0.69,97.3,333.2,29.6,0.39,medium,low,medium,1,0,rule-derived from synthetic thresholds
1492,6,Nagpur,clay,Pigeon pea,365,22.0,269,0.47,5.59,0.53,14.7,51.3,26.0,0.21,medium,medium,medium,0,0,rule-derived from synthetic thresholds
1493,4,Ludhiana,sandy,Tomato,323,12.3,281,0.63,7.48,0.19,34.6,70.8,24.4,0.59,medium,medium,high,0,1,rule-derived from synthetic thresholds
1494,5,Karnal,loam,Banana,400,14.1,154,0.44,7.06,0.5,87.4,254.0,25.2,-1.84,medium,medium,medium,0,0,rule-derived from synthetic thresholds
1495,1,Thanjavur,clay,Rice,395,22.5,313,0.65,7.98,2.28,135.6,474.0,29.9,0.95,medium,medium,high,0,1,rule-derived from synthetic thresholds
1496,5,Karnal,loam,Rice,309,17.2,162,0.46,6.62,0.29,26.5,90.9,22.2,0.49,medium,medium,medium,0,0,rule-derived from synthetic thresholds
1497,2,Coimbatore,loam,Sorghum,285,5.8,216,0.36,7.4,0.68,39.4,82.5,23.4,-1.28,medium,low,medium,1,0,rule-derived from synthetic thresholds
1498,10,Jaipur,sandy,Pearl millet,222,11.3,91,0.38,6.13,0.44,45.0,136.3,27.9,-1.32,low,medium,low,1,0,rule-derived from synthetic thresholds
1499,7,Pune,clay,Onion,471,42.2,185,0.78,7.23,0.76,10.7,24.2,26.4,-1.7,medium,high,medium,0,1,rule-derived from synthetic thresholds
1500,5,Karnal,loam,Sorghum,394,22.8,180,0.58,7.56,0.57,4.7,15.6,22.8,-1.7,medium,medium,medium,0,0,rule-derived from synthetic thresholds
1501,10,Jaipur,sandy,Pearl millet,378,10.5,204,0.47,5.63,0.12,51.6,182.6,20.4,-0.11,medium,medium,medium,0,0,rule-derived from synthetic thresholds
1502,14,Dharwad,clay,Sorghum,438,10.0,273,0.7,8.21,0.38,61.0,156.5,17.1,1.25,medium,medium,medium,0,0,rule-derived from synthetic thresholds
1503,9,Indore,clay,Wheat,263,13.5,228,0.46,7.52,1.16,18.9,39.1,23.7,2.53,low,medium,medium,1,0,rule-derived from synthetic thresholds
1504,5,Karnal,loam,Sugarcane,350,22.9,227,0.43,8.22,0.33,12.5,32.5,21.3,0.29,medium,medium,medium,0,0,rule-derived from synthetic thresholds
1505,7,Pune,clay,Soybean,332,12.0,247,0.54,8.52,1.19,61.0,182.0,25.6,-0.05,medium,medium,medium,0,0,rule-derived from synthetic thresholds
1506,12,Patna,loam,Sugarcane,242,31.1,179,0.48,7.13,0.39,156.4,403.5,20.7,1.32,low,high,medium,1,1,rule-derived from synthetic thresholds
1507,2,Coimbatore,loam,Maize,244,13.3,182,0.1,7.12,0.4,6.4,21.8,26.1,1.31,low,medium,medium,1,0,rule-derived from synthetic thresholds
1508,5,Karnal,loam,Rice,353,59.3,254,0.59,7.68,0.24,10.8,29.0,22.7,-0.65,medium,high,medium,0,1,rule-derived from synthetic thresholds
1509,8,Guntur,clay,Rice,411,23.2,139,0.65,8.4,0.66,105.9,253.0,32.6,1.21,medium,medium,medium,0,0,rule-derived from synthetic thresholds
1510,10,Jaipur,sandy,Potato,367,22.3,161,0.26,6.95,0.78,42.4,151.5,26.4,-0.65,medium,medium,medium,0,0,rule-derived from synthetic thresholds
1511,9,Indore,clay,Soybean,450,7.6,262,0.92,7.97,0.64,60.5,194.2,20.9,-0.21,medium,low,medium,1,0,rule-derived from synthetic thresholds
1512,11,Kanpur,loam,Wheat,212,43.6,193,0.2,6.98,0.99,20.9,63.1,28.7,-0.6,low,high,medium,1,1,rule-derived from synthetic thresholds
1513,15,Kolkata (24 Pgs),clay,Potato,420,5.2,262,0.45,8.28,0.81,28.3,87.9,22.8,-0.08,medium,low,medium,1,0,rule-derived from synthetic thresholds
1514,3,Madurai,sandy,Rice,139,4.6,125,0.17,6.01,0.61,63.9,176.0,30.8,0.39,low,low,medium,1,0,rule-derived from synthetic thresholds
1515,8,Guntur,clay,Rice,441,5.3,309,0.66,9.19,0.57,39.4,120.3,27.5,-0.98,medium,low,high,1,1,rule-derived from synthetic thresholds
1516,6,Nagpur,clay,Lentil,484,19.0,292,0.52,6.74,0.96,60.3,202.3,27.0,-0.17,medium,medium,high,0,1,rule-derived from synthetic thresholds
1517,2,Coimbatore,loam,Maize,407,12.9,333,0.93,6.58,0.82,24.7,57.8,26.6,-0.5,medium,medium,high,0,1,rule-derived from synthetic thresholds
1518,2,Coimbatore,loam,Banana,355,6.5,118,0.56,8.9,0.23,7.0,16.4,28.4,-1.44,medium,low,medium,1,0,rule-derived from synthetic thresholds
1519,10,Jaipur,sandy,Pearl millet,388,12.5,268,0.59,7.86,0.98,0.7,1.8,25.3,0.94,medium,medium,medium,0,0,rule-derived from synthetic thresholds
1520,8,Guntur,clay,Rice,438,16.7,292,0.88,6.55,0.33,127.8,399.9,27.2,0.45,medium,medium,high,0,1,rule-derived from synthetic thresholds
1521,5,Karnal,loam,Wheat,517,32.8,176,0.68,7.07,0.48,46.9,151.4,26.1,-0.41,medium,high,medium,0,1,rule-derived from synthetic thresholds
1522,14,Dharwad,clay,Sugarcane,473,5.5,282,0.55,7.15,0.57,21.1,44.3,36.3,0.2,medium,low,high,1,1,rule-derived from synthetic thresholds
1523,5,Karnal,loam,Rice,329,23.0,57,0.24,9.12,0.6,106.8,293.9,23.7,-0.23,medium,medium,low,1,0,rule-derived from synthetic thresholds
1524,9,Indore,clay,Chickpea,286,10.9,312,0.51,7.91,0.59,28.8,85.8,28.1,-1.33,medium,medium,high,0,1,rule-derived from synthetic thresholds
1525,15,Kolkata (24 Pgs),clay,Cotton,433,9.2,217,0.48,7.21,0.68,34.1,68.6,25.0,1.72,medium,low,medium,1,0,rule-derived from synthetic thresholds
1526,11,Kanpur,loam,Potato,387,11.4,272,0.61,7.66,0.89,15.3,49.4,24.5,3.46,medium,medium,medium,0,0,rule-derived from synthetic thresholds
1527,11,Kanpur,loam,Wheat,356,6.9,218,0.52,6.3,0.73,40.1,127.9,27.7,0.17,medium,low,medium,1,0,rule-derived from synthetic thresholds
1528,5,Karnal,loam,Sunflower,414,9.2,377,0.56,7.35,4.34,50.9,113.6,27.3,0.13,medium,low,high,1,1,rule-derived from synthetic thresholds
1529,14,Dharwad,clay,Sunflower,356,8.8,121,0.54,8.51,0.28,35.5,88.9,21.9,-0.81,medium,low,medium,1,0,rule-derived from synthetic thresholds
1530,8,Guntur,clay,Chilli,505,16.6,155,0.86,8.17,1.04,124.1,292.3,24.4,-0.02,medium,medium,medium,0,0,rule-derived from synthetic thresholds
1531,5,Karnal,loam,Sugarcane,519,11.3,386,0.74,8.07,0.47,105.6,270.7,24.7,-2.27,medium,medium,high,0,1,rule-derived from synthetic thresholds
1532,12,Patna,loam,Maize,394,31.3,268,0.66,6.38,0.62,101.4,213.1,23.8,0.22,medium,high,medium,0,1,rule-derived from synthetic thresholds
1533,8,Guntur,clay,Rice,683,48.6,282,0.93,7.95,1.22,19.6,60.5,32.1,0.76,high,high,high,0,1,rule-derived from synthetic thresholds
1534,2,Coimbatore,loam,Chickpea,386,29.9,171,0.71,6.42,0.17,11.6,29.4,24.9,-0.34,medium,high,medium,0,1,rule-derived from synthetic thresholds
1535,1,Thanjavur,clay,Rice,490,13.8,208,0.85,8.24,1.6,46.8,129.8,30.5,-1.37,medium,medium,medium,0,0,rule-derived from synthetic thresholds
1536,2,Coimbatore,loam,Banana,421,7.3,305,0.77,7.77,0.27,26.9,86.4,30.6,-0.93,medium,low,high,1,1,rule-derived from synthetic thresholds
1537,3,Madurai,sandy,Rice,296,2.9,184,0.45,6.64,0.34,6.9,24.4,30.5,-1.35,medium,low,medium,1,0,rule-derived from synthetic thresholds
1538,4,Ludhiana,sandy,Maize,299,14.0,30,0.2,6.88,0.53,119.0,246.4,23.4,0.35,medium,medium,low,1,0,rule-derived from synthetic thresholds
1539,6,Nagpur,clay,Pigeon pea,180,36.2,259,0.48,8.26,0.37,226.7,487.0,29.7,-0.67,low,high,medium,1,1,rule-derived from synthetic thresholds
1540,4,Ludhiana,sandy,Wheat,441,22.0,243,0.7,4.72,0.98,27.9,78.1,18.9,0.79,medium,medium,medium,0,0,rule-derived from synthetic thresholds
1541,14,Dharwad,clay,Sorghum,382,24.0,187,0.77,9.01,1.33,122.1,359.5,22.7,-0.17,medium,medium,medium,0,0,rule-derived from synthetic thresholds
1542,15,Kolkata (24 Pgs),clay,Mustard,372,9.1,230,0.71,7.18,0.47,30.1,90.8,23.6,1.34,medium,low,medium,1,0,rule-derived from synthetic thresholds
1543,15,Kolkata (24 Pgs),clay,Rice,348,7.8,210,0.73,8.43,2.16,179.3,633.2,31.2,1.53,medium,low,medium,1,0,rule-derived from synthetic thresholds
1544,3,Madurai,sandy,Rice,341,46.5,72,0.55,5.31,1.05,22.8,76.7,30.2,-0.45,medium,high,low,1,1,rule-derived from synthetic thresholds
1545,9,Indore,clay,Sunflower,399,4.3,231,0.84,8.29,0.63,151.2,475.3,26.0,1.27,medium,low,medium,1,0,rule-derived from synthetic thresholds
1546,2,Coimbatore,loam,Sorghum,358,37.7,184,0.43,7.68,0.61,124.3,429.6,24.5,-0.31,medium,high,medium,0,1,rule-derived from synthetic thresholds
1547,11,Kanpur,loam,Wheat,396,7.0,166,0.56,6.9,0.35,98.7,240.1,23.9,-0.08,medium,low,medium,1,0,rule-derived from synthetic thresholds
1548,3,Madurai,sandy,Rice,336,9.6,326,0.52,5.57,1.13,48.4,163.8,28.9,1.16,medium,low,high,1,1,rule-derived from synthetic thresholds
1549,5,Karnal,loam,Sunflower,539,23.0,135,0.86,5.24,0.78,72.0,245.1,24.6,-1.11,medium,medium,medium,0,0,rule-derived from synthetic thresholds
1550,4,Ludhiana,sandy,Maize,187,13.6,30,0.24,6.22,2.32,37.0,90.4,22.4,-0.17,low,medium,low,1,0,rule-derived from synthetic thresholds
1551,8,Guntur,clay,Rice,420,42.9,199,0.86,6.71,2.33,34.3,98.1,22.4,1.09,medium,high,medium,0,1,rule-derived from synthetic thresholds
1552,6,Nagpur,clay,Tomato,418,5.8,75,0.6,7.08,0.95,75.5,205.3,27.9,0.88,medium,low,low,1,0,rule-derived from synthetic thresholds
1553,9,Indore,clay,Wheat,561,11.5,267,0.79,7.2,0.63,157.5,531.9,23.8,2.07,high,medium,medium,0,1,rule-derived from synthetic thresholds
1554,3,Madurai,sandy,Chilli,400,6.9,133,0.38,6.47,0.8,43.1,96.1,29.0,1.29,medium,low,medium,1,0,rule-derived from synthetic thresholds
1555,8,Guntur,clay,Cotton,365,6.5,264,0.57,7.49,0.51,144.7,297.9,30.5,0.63,medium,low,medium,1,0,rule-derived from synthetic thresholds
1556,2,Coimbatore,loam,Chilli,434,15.6,224,0.85,6.24,1.45,23.0,72.7,30.7,0.22,medium,medium,medium,0,0,rule-derived from synthetic thresholds
1557,1,Thanjavur,clay,Soybean,318,12.6,268,0.47,8.9,1.15,106.6,317.2,27.8,-1.31,medium,medium,medium,0,0,rule-derived from synthetic thresholds
1558,3,Madurai,sandy,Cotton,334,13.7,64,0.54,8.19,0.12,18.4,59.7,23.9,1.57,medium,medium,low,1,0,rule-derived from synthetic thresholds
1559,4,Ludhiana,sandy,Rice,384,14.3,216,0.31,7.05,0.59,827.9,2337.5,20.1,0.41,medium,medium,medium,0,0,rule-derived from synthetic thresholds
1560,12,Patna,loam,Wheat,477,27.3,34,0.9,7.32,0.33,286.0,934.1,24.9,0.05,medium,high,low,1,1,rule-derived from synthetic thresholds
1561,5,Karnal,loam,Rice,370,8.7,302,0.37,5.78,1.15,22.1,79.0,27.9,-0.43,medium,low,high,1,1,rule-derived from synthetic thresholds
1562,8,Guntur,clay,Chilli,519,7.6,325,1.04,8.01,1.22,174.9,571.7,27.1,-1.6,medium,low,high,1,1,rule-derived from synthetic thresholds
1563,11,Kanpur,loam,Sunflower,450,13.2,216,0.78,7.01,0.78,72.7,162.6,27.9,-0.33,medium,medium,medium,0,0,rule-derived from synthetic thresholds
1564,12,Patna,loam,Maize,276,10.0,261,0.52,7.88,0.76,56.3,186.8,26.0,-0.86,low,medium,medium,1,0,rule-derived from synthetic thresholds
1565,9,Indore,clay,Soybean,485,26.0,233,0.61,7.87,0.6,20.0,71.8,23.7,-0.65,medium,high,medium,0,1,rule-derived from synthetic thresholds
1566,3,Madurai,sandy,Banana,181,10.3,238,0.28,6.18,0.38,30.2,61.4,24.6,-0.4,low,medium,medium,1,0,rule-derived from synthetic thresholds
1567,10,Jaipur,sandy,Wheat,227,10.5,158,0.37,7.1,0.5,14.4,36.7,26.4,0.02,low,medium,medium,1,0,rule-derived from synthetic thresholds
1568,5,Karnal,loam,Rice,319,4.8,142,0.44,7.71,0.43,42.2,97.7,22.1,-0.28,medium,low,medium,1,0,rule-derived from synthetic thresholds
1569,9,Indore,clay,Chickpea,557,29.9,443,1.06,9.17,0.67,95.7,305.7,28.2,0.51,medium,high,high,0,1,rule-derived from synthetic thresholds
1570,15,Kolkata (24 Pgs),clay,Potato,293,15.7,279,0.56,8.46,0.22,50.2,180.1,30.8,1.02,medium,medium,medium,0,0,rule-derived from synthetic thresholds
1571,2,Coimbatore,loam,Maize,568,42.9,239,0.77,7.23,0.97,33.8,87.5,24.8,0.85,high,high,medium,0,1,rule-derived from synthetic thresholds
1572,2,Coimbatore,loam,Sorghum,300,7.4,249,0.53,7.6,2.18,43.9,119.8,27.8,-0.17,medium,low,medium,1,0,rule-derived from synthetic thresholds
1573,4,Ludhiana,sandy,Wheat,307,18.1,147,0.3,5.8,1.59,0.9,3.3,20.4,-0.01,medium,medium,medium,0,0,rule-derived from synthetic thresholds
1574,7,Pune,clay,Sugarcane,539,25.0,317,0.9,7.69,0.28,152.1,461.8,24.0,1.73,medium,medium,high,0,1,rule-derived from synthetic thresholds
1575,8,Guntur,clay,Wheat,328,29.9,150,0.43,7.77,0.8,55.4,127.6,31.2,-0.96,medium,high,medium,0,1,rule-derived from synthetic thresholds
1576,5,Karnal,loam,Wheat,447,9.6,30,0.85,8.05,0.27,39.9,133.8,22.0,-0.15,medium,low,low,1,0,rule-derived from synthetic thresholds
1577,14,Dharwad,clay,Sorghum,302,5.9,383,0.51,7.02,0.16,37.0,104.6,30.9,0.18,medium,low,high,1,1,rule-derived from synthetic thresholds
1578,1,Thanjavur,clay,Onion,373,12.0,285,0.55,9.13,0.44,50.5,112.4,29.3,0.51,medium,medium,high,0,1,rule-derived from synthetic thresholds
1579,9,Indore,clay,Soybean,199,15.6,204,0.49,7.41,0.3,64.6,186.1,23.3,0.53,low,medium,medium,1,0,rule-derived from synthetic thresholds
1580,9,Indore,clay,Chickpea,404,7.5,375,0.65,9.2,1.43,31.2,70.6,23.4,-1.37,medium,low,high,1,1,rule-derived from synthetic thresholds
1581,12,Patna,loam,Rice,340,2.6,292,0.62,7.53,0.24,95.5,298.6,23.7,0.67,medium,low,high,1,1,rule-derived from synthetic thresholds
1582,9,Indore,clay,Wheat,544,60.0,336,0.84,7.17,0.68,210.4,739.3,24.6,-0.04,medium,high,high,0,1,rule-derived from synthetic thresholds
1583,3,Madurai,sandy,Cotton,303,14.2,96,0.3,6.85,0.41,225.6,648.7,25.3,-0.34,medium,medium,low,1,0,rule-derived from synthetic thresholds
1584,5,Karnal,loam,Rice,260,18.0,237,0.45,7.69,0.25,43.6,153.3,28.5,-0.32,low,medium,medium,1,0,rule-derived from synthetic thresholds
1585,3,Madurai,sandy,Rice,415,6.8,158,0.16,6.47,0.32,77.9,183.4,27.1,-0.81,medium,low,medium,1,0,rule-derived from synthetic thresholds
1586,8,Guntur,clay,Rice,503,16.7,310,0.82,6.48,0.73,44.2,156.5,26.8,-0.52,medium,medium,high,0,1,rule-derived from synthetic thresholds
1587,14,Dharwad,clay,Chilli,348,20.2,288,0.32,7.05,0.43,77.6,271.4,22.5,-2.99,medium,medium,high,0,1,rule-derived from synthetic thresholds
1588,6,Nagpur,clay,Cotton,410,14.6,292,0.63,7.35,1.23,90.2,305.2,24.6,0.07,medium,medium,high,0,1,rule-derived from synthetic thresholds
1589,6,Nagpur,clay,Pigeon pea,387,14.3,287,0.52,9.06,0.65,256.8,840.3,26.5,0.74,medium,medium,high,0,1,rule-derived from synthetic thresholds
1590,7,Pune,clay,Lentil,568,12.4,330,0.93,8.3,0.3,44.2,143.2,27.7,0.18,high,medium,high,0,1,rule-derived from synthetic thresholds
1591,3,Madurai,sandy,Rice,281,22.5,41,0.47,6.83,1.37,21.2,44.4,28.5,-0.97,medium,medium,low,1,0,rule-derived from synthetic thresholds
1592,13,Bengaluru Rural,sandy,Wheat,422,7.0,155,0.81,5.79,0.85,29.5,90.6,20.8,-0.91,medium,low,medium,1,0,rule-derived from synthetic thresholds
1593,10,Jaipur,sandy,Wheat,246,79.4,194,0.25,5.24,0.51,80.5,203.6,27.7,-1.3,low,high,medium,1,1,rule-derived from synthetic thresholds
1594,11,Kanpur,loam,Chilli,363,18.2,209,0.32,8.43,0.87,127.8,263.4,28.9,0.47,medium,medium,medium,0,0,rule-derived from synthetic thresholds
1595,6,Nagpur,clay,Cotton,482,8.3,204,0.88,6.68,0.53,172.1,418.0,27.1,-0.01,medium,low,medium,1,0,rule-derived from synthetic thresholds
1596,5,Karnal,loam,Sugarcane,436,28.4,223,0.37,7.57,1.01,31.3,95.2,21.0,-0.66,medium,high,medium,0,1,rule-derived from synthetic thresholds
1597,8,Guntur,clay,Chilli,271,20.5,269,0.33,6.45,1.24,26.9,80.9,22.8,1.76,low,medium,medium,1,0,rule-derived from synthetic thresholds
1598,4,Ludhiana,sandy,Sorghum,390,8.6,79,0.34,6.43,0.53,35.5,101.6,25.5,-0.91,medium,low,low,1,0,rule-derived from synthetic thresholds
1599,1,Thanjavur,clay,Rice,447,40.6,180,0.63,6.96,0.78,32.8,66.9,18.2,0.44,medium,high,medium,0,1,rule-derived from synthetic thresholds
1600,11,Kanpur,loam,Mustard,442,24.4,137,0.51,6.5,1.11,18.1,42.5,26.2,-0.06,medium,medium,medium,0,0,rule-derived from synthetic thresholds
1601,13,Bengaluru Rural,sandy,Maize,278,7.8,139,0.39,6.97,0.46,32.5,93.0,23.3,1.72,low,low,medium,1,0,rule-derived from synthetic thresholds
1602,4,Ludhiana,sandy,Tomato,137,24.2,81,0.19,7.33,0.41,35.8,89.2,24.1,0.66,low,medium,low,1,0,rule-derived from synthetic thresholds
1603,10,Jaipur,sandy,Ragi,348,11.7,30,0.47,5.27,0.7,46.7,100.9,22.4,-2.11,medium,medium,low,1,0,rule-derived from synthetic thresholds
1604,14,Dharwad,clay,Sugarcane,521,8.2,262,0.99,7.69,0.18,26.0,82.3,24.7,1.82,medium,low,medium,1,0,rule-derived from synthetic thresholds
1605,12,Patna,loam,Rice,404,8.2,86,0.4,7.47,0.46,47.3,100.6,23.5,-0.84,medium,low,low,1,0,rule-derived from synthetic thresholds
1606,13,Bengaluru Rural,sandy,Cotton,266,49.0,199,0.1,5.77,0.36,118.0,395.1,23.9,-0.53,low,high,medium,1,1,rule-derived from synthetic thresholds
1607,14,Dharwad,clay,Rice,480,14.0,429,0.84,8.34,0.14,92.4,200.5,24.0,-0.98,medium,medium,high,0,1,rule-derived from synthetic thresholds
1608,4,Ludhiana,sandy,Rice,268,9.9,198,0.52,5.51,0.29,15.6,50.7,21.2,-0.38,low,low,medium,1,0,rule-derived from synthetic thresholds
1609,2,Coimbatore,loam,Cotton,460,10.2,212,0.93,6.79,0.59,19.9,67.2,30.3,0.13,medium,medium,medium,0,0,rule-derived from synthetic thresholds
1610,13,Bengaluru Rural,sandy,Lentil,302,7.2,150,0.46,6.51,1.08,40.2,93.1,21.6,-1.31,medium,low,medium,1,0,rule-derived from synthetic thresholds
1611,12,Patna,loam,Wheat,413,21.9,221,0.64,7.68,1.16,25.5,83.4,20.2,1.43,medium,medium,medium,0,0,rule-derived from synthetic thresholds
1612,3,Madurai,sandy,Rice,320,25.2,30,0.44,6.6,0.73,13.4,44.5,26.8,-1.56,medium,high,low,1,1,rule-derived from synthetic thresholds
1613,14,Dharwad,clay,Chilli,349,4.8,325,0.69,6.72,1.49,39.0,107.0,19.8,0.63,medium,low,high,1,1,rule-derived from synthetic thresholds
1614,1,Thanjavur,clay,Groundnut,314,4.6,170,0.51,8.86,0.75,47.1,96.3,26.5,0.58,medium,low,medium,1,0,rule-derived from synthetic thresholds
1615,6,Nagpur,clay,Sorghum,358,4.2,162,0.59,8.09,0.41,44.1,115.1,29.2,0.85,medium,low,medium,1,0,rule-derived from synthetic thresholds
1616,15,Kolkata (24 Pgs),clay,Mustard,392,8.1,347,0.61,7.35,0.54,59.3,131.7,31.9,0.08,medium,low,high,1,1,rule-derived from synthetic thresholds
1617,6,Nagpur,clay,Chilli,484,3.5,228,0.51,6.46,0.23,160.4,383.6,30.4,-0.05,medium,low,medium,1,0,rule-derived from synthetic thresholds
1618,12,Patna,loam,Maize,399,17.2,264,0.72,6.88,1.47,103.6,303.2,31.2,-0.82,medium,medium,medium,0,0,rule-derived from synthetic thresholds
1619,1,Thanjavur,clay,Groundnut,694,9.5,232,1.2,7.79,0.73,130.2,434.8,28.1,-0.21,high,low,medium,1,1,rule-derived from synthetic thresholds
1620,8,Guntur,clay,Chilli,416,21.8,398,0.6,7.23,0.77,117.5,289.2,35.9,-0.84,medium,medium,high,0,1,rule-derived from synthetic thresholds
1621,12,Patna,loam,Wheat,373,23.9,30,0.58,6.42,2.26,100.7,262.9,23.5,0.45,medium,medium,low,1,0,rule-derived from synthetic thresholds
1622,13,Bengaluru Rural,sandy,Ragi,311,25.6,216,0.29,6.9,1.99,33.1,104.5,21.8,-2.24,medium,high,medium,0,1,rule-derived from synthetic thresholds
1623,7,Pune,clay,Sugarcane,568,33.3,221,1.05,8.28,0.78,36.3,78.9,22.9,-0.82,high,high,medium,0,1,rule-derived from synthetic thresholds
1624,2,Coimbatore,loam,Banana,353,8.8,290,0.49,8.08,1.07,5.3,18.6,30.0,-0.2,medium,low,high,1,1,rule-derived from synthetic thresholds
1625,8,Guntur,clay,Chilli,238,7.8,211,0.19,8.64,0.74,40.2,129.8,30.6,-0.83,low,low,medium,1,0,rule-derived from synthetic thresholds
1626,12,Patna,loam,Turmeric,263,64.3,141,0.35,6.82,0.34,91.5,278.2,26.3,-1.87,low,high,medium,1,1,rule-derived from synthetic thresholds
1627,7,Pune,clay,Maize,407,7.3,246,0.5,9.17,1.01,533.8,1243.1,23.7,-1.23,medium,low,medium,1,0,rule-derived from synthetic thresholds
1628,15,Kolkata (24 Pgs),clay,Mustard,328,14.6,298,0.53,8.94,0.7,67.3,231.9,22.9,2.55,medium,medium,high,0,1,rule-derived from synthetic thresholds
1629,5,Karnal,loam,Sugarcane,269,67.1,131,0.77,6.49,0.41,242.6,800.6,19.1,-0.41,low,high,medium,1,1,rule-derived from synthetic thresholds
1630,13,Bengaluru Rural,sandy,Ragi,257,14.0,170,0.1,7.19,0.97,113.9,373.6,23.8,0.54,low,medium,medium,1,0,rule-derived from synthetic thresholds
1631,12,Patna,loam,Maize,444,5.6,420,0.49,6.96,0.52,148.9,481.8,23.2,-0.6,medium,low,high,1,1,rule-derived from synthetic thresholds
1632,7,Pune,clay,Maize,404,3.4,206,0.68,7.78,1.09,46.5,118.8,23.0,0.52,medium,low,medium,1,0,rule-derived from synthetic thresholds
1633,2,Coimbatore,loam,Banana,285,30.7,345,0.54,7.71,0.38,80.2,274.1,27.2,-1.68,medium,high,high,0,1,rule-derived from synthetic thresholds
1634,6,Nagpur,clay,Pigeon pea,356,6.8,293,0.5,8.31,0.51,176.3,630.1,28.2,0.28,medium,low,high,1,1,rule-derived from synthetic thresholds
1635,12,Patna,loam,Rice,310,14.3,30,0.13,7.47,0.54,35.2,98.7,21.6,0.4,medium,medium,low,1,0,rule-derived from synthetic thresholds
1636,14,Dharwad,clay,Cotton,568,27.7,409,0.94,8.39,0.54,56.9,155.4,23.5,0.06,high,high,high,0,1,rule-derived from synthetic thresholds
1637,7,Pune,clay,Mustard,476,15.2,281,0.56,7.14,0.45,198.3,641.9,20.4,-1.23,medium,medium,high,0,1,rule-derived from synthetic thresholds
1638,5,Karnal,loam,Sugarcane,370,57.2,39,0.49,7.98,0.85,12.4,32.3,23.5,-1.05,medium,high,low,1,1,rule-derived from synthetic thresholds
1639,12,Patna,loam,Rice,373,6.1,214,0.71,6.55,1.77,110.8,273.6,28.1,0.03,medium,low,medium,1,0,rule-derived from synthetic thresholds
1640,15,Kolkata (24 Pgs),clay,Rice,402,4.5,92,0.62,6.83,0.15,44.4,102.9,27.9,0.43,medium,low,low,1,0,rule-derived from synthetic thresholds
1641,3,Madurai,sandy,Chilli,93,19.8,146,0.1,7.16,4.39,59.2,187.1,31.1,-0.17,low,medium,medium,1,0,rule-derived from synthetic thresholds
1642,5,Karnal,loam,Rice,272,9.0,115,0.26,7.7,0.48,13.2,44.6,20.4,-0.78,low,low,medium,1,0,rule-derived from synthetic thresholds
1643,12,Patna,loam,Groundnut,445,15.5,130,0.67,7.05,0.45,140.6,394.4,25.7,-0.67,medium,medium,medium,0,0,rule-derived from synthetic thresholds
1644,2,Coimbatore,loam,Sorghum,305,6.4,198,0.32,7.57,0.31,223.8,504.2,29.6,-1.8,medium,low,medium,1,0,rule-derived from synthetic thresholds
1645,15,Kolkata (24 Pgs),clay,Mustard,447,19.2,194,0.81,8.56,0.27,103.4,352.9,28.8,-1.23,medium,medium,medium,0,0,rule-derived from synthetic thresholds
1646,4,Ludhiana,sandy,Wheat,290,17.6,113,0.42,5.54,3.06,61.9,182.8,25.6,1.06,medium,medium,medium,0,0,rule-derived from synthetic thresholds
1647,8,Guntur,clay,Rice,431,29.7,314,0.75,5.96,1.09,88.1,238.5,27.4,0.54,medium,high,high,0,1,rule-derived from synthetic thresholds
1648,8,Guntur,clay,Rice,237,10.7,311,0.26,7.92,0.35,344.8,1032.5,35.9,1.18,low,medium,high,1,1,rule-derived from synthetic thresholds
1649,6,Nagpur,clay,Rice,423,6.4,302,0.58,9.11,0.48,84.8,219.2,30.3,-1.03,medium,low,high,1,1,rule-derived from synthetic thresholds
1650,2,Coimbatore,loam,Tomato,433,9.3,224,0.66,8.55,0.46,126.4,322.6,24.5,-2.08,medium,low,medium,1,0,rule-derived from synthetic thresholds
1651,1,Thanjavur,clay,Rice,439,27.4,332,0.82,7.18,0.4,116.9,255.9,28.3,-0.94,medium,high,high,0,1,rule-derived from synthetic thresholds
1652,6,Nagpur,clay,Soybean,259,8.1,382,0.29,9.2,0.81,214.9,493.0,21.0,0.1,low,low,high,1,1,rule-derived from synthetic thresholds
1653,5,Karnal,loam,Wheat,246,30.6,270,0.45,8.53,0.18,13.5,28.4,25.1,-1.15,low,high,medium,1,1,rule-derived from synthetic thresholds
1654,14,Dharwad,clay,Maize,472,10.9,177,0.78,7.69,0.25,123.3,288.2,24.9,1.4,medium,medium,medium,0,0,rule-derived from synthetic thresholds
1655,10,Jaipur,sandy,Pearl millet,199,90.0,86,0.17,6.39,0.43,106.6,336.6,26.4,-0.25,low,high,low,1,1,rule-derived from synthetic thresholds
1656,2,Coimbatore,loam,Groundnut,288,39.0,291,0.54,6.44,0.84,66.9,196.6,23.2,-1.35,medium,high,high,0,1,rule-derived from synthetic thresholds
1657,12,Patna,loam,Wheat,517,5.1,251,0.71,5.82,0.83,63.9,227.3,24.4,1.35,medium,low,medium,1,0,rule-derived from synthetic thresholds
1658,10,Jaipur,sandy,Wheat,382,19.3,148,0.47,8.32,1.32,51.8,152.1,25.5,0.08,medium,medium,medium,0,0,rule-derived from synthetic thresholds
1659,2,Coimbatore,loam,Sorghum,351,17.8,242,0.39,7.46,0.55,69.3,196.0,24.4,-0.71,medium,medium,medium,0,0,rule-derived from synthetic thresholds
1660,7,Pune,clay,Tomato,373,11.6,252,0.41,7.66,0.85,210.5,422.2,27.4,-2.02,medium,medium,medium,0,0,rule-derived from synthetic thresholds
1661,12,Patna,loam,Lentil,235,17.0,231,0.27,7.97,1.93,13.5,34.9,28.6,1.29,low,medium,medium,1,0,rule-derived from synthetic thresholds
1662,10,Jaipur,sandy,Wheat,490,11.6,258,0.48,5.67,0.12,13.9,45.6,25.9,0.65,medium,medium,medium,0,0,rule-derived from synthetic thresholds
1663,9,Indore,clay,Sorghum,427,11.8,216,0.87,8.32,0.45,200.6,669.8,24.8,-0.8,medium,medium,medium,0,0,rule-derived from synthetic thresholds
1664,8,Guntur,clay,Cotton,138,24.5,185,0.21,8.72,0.36,88.1,201.6,29.1,1.23,low,medium,medium,1,0,rule-derived from synthetic thresholds
1665,11,Kanpur,loam,Rice,247,18.9,212,0.21,6.5,0.67,156.7,340.2,30.4,0.17,low,medium,medium,1,0,rule-derived from synthetic thresholds
1666,14,Dharwad,clay,Mustard,428,8.0,157,0.9,7.6,0.33,70.2,167.8,28.6,-0.46,medium,low,medium,1,0,rule-derived from synthetic thresholds
1667,3,Madurai,sandy,Tomato,294,11.1,180,0.6,6.47,0.53,41.9,138.0,25.8,0.09,medium,medium,medium,0,0,rule-derived from synthetic thresholds
1668,7,Pune,clay,Sorghum,305,15.8,380,0.43,7.91,1.02,34.9,88.1,27.6,0.52,medium,medium,high,0,1,rule-derived from synthetic thresholds
1669,13,Bengaluru Rural,sandy,Tomato,409,6.6,213,0.4,6.31,0.97,89.9,234.5,19.2,0.03,medium,low,medium,1,0,rule-derived from synthetic thresholds
1670,8,Guntur,clay,Chilli,215,15.6,293,0.33,7.76,0.62,12.1,35.4,26.7,-0.04,low,medium,high,1,1,rule-derived from synthetic thresholds
1671,3,Madurai,sandy,Cotton,585,14.7,97,0.77,8.41,1.01,53.0,112.6,33.3,0.5,high,medium,low,1,1,rule-derived from synthetic thresholds
1672,2,Coimbatore,loam,Rice,273,13.3,214,0.46,5.38,0.31,39.1,101.5,22.7,1.72,low,medium,medium,1,0,rule-derived from synthetic thresholds
1673,11,Kanpur,loam,Chilli,269,15.3,235,0.25,9.2,0.25,76.4,213.2,27.5,-0.63,low,medium,medium,1,0,rule-derived from synthetic thresholds
1674,8,Guntur,clay,Chilli,460,34.8,173,0.49,6.41,1.13,157.5,376.3,25.9,-0.79,medium,high,medium,0,1,rule-derived from synthetic thresholds
1675,12,Patna,loam,Mustard,465,28.6,147,0.72,7.52,0.29,59.9,180.5,20.8,1.19,medium,high,medium,0,1,rule-derived from synthetic thresholds
1676,2,Coimbatore,loam,Maize,526,7.9,178,0.76,5.96,1.42,26.7,88.8,29.8,2.01,medium,low,medium,1,0,rule-derived from synthetic thresholds
1677,10,Jaipur,sandy,Pearl millet,419,15.0,286,0.47,7.6,4.22,9.0,28.3,23.9,-0.83,medium,medium,high,0,1,rule-derived from synthetic thresholds
1678,9,Indore,clay,Sorghum,511,16.8,408,1.04,8.33,0.12,34.3,97.4,17.3,0.33,medium,medium,high,0,1,rule-derived from synthetic thresholds
1679,7,Pune,clay,Onion,391,9.4,348,0.32,7.7,1.67,50.2,165.3,24.4,-0.81,medium,low,high,1,1,rule-derived from synthetic thresholds
1680,7,Pune,clay,Rice,466,3.7,451,0.64,8.17,0.59,18.4,37.9,24.1,0.52,medium,low,high,1,1,rule-derived from synthetic thresholds
1681,5,Karnal,loam,Sugarcane,447,53.2,305,0.77,7.53,0.34,31.4,83.5,26.1,-0.11,medium,high,high,0,1,rule-derived from synthetic thresholds
1682,12,Patna,loam,Wheat,506,11.3,137,0.84,7.92,0.57,26.3,65.7,31.2,0.37,medium,medium,medium,0,0,rule-derived from synthetic thresholds
1683,5,Karnal,loam,Wheat,427,7.9,30,0.77,8.08,0.18,11.9,37.7,25.4,1.05,medium,low,low,1,0,rule-derived from synthetic thresholds
1684,7,Pune,clay,Onion,238,24.4,179,0.5,9.2,0.28,130.9,426.5,24.3,3.48,low,medium,medium,1,0,rule-derived from synthetic thresholds
1685,13,Bengaluru Rural,sandy,Maize,278,13.4,94,0.49,7.01,0.41,107.5,237.2,18.7,0.62,low,medium,low,1,0,rule-derived from synthetic thresholds
1686,10,Jaipur,sandy,Tomato,208,17.0,145,0.45,6.42,0.32,12.4,39.3,23.0,0.75,low,medium,medium,1,0,rule-derived from synthetic thresholds
1687,1,Thanjavur,clay,Groundnut,340,14.8,258,0.48,8.1,0.34,194.7,631.0,26.0,-0.46,medium,medium,medium,0,0,rule-derived from synthetic thresholds
1688,1,Thanjavur,clay,Groundnut,422,6.6,244,0.78,6.68,0.33,12.5,34.6,29.2,-0.51,medium,low,medium,1,0,rule-derived from synthetic thresholds
1689,9,Indore,clay,Soybean,398,8.7,282,0.51,8.96,0.96,112.5,379.6,30.6,0.14,medium,low,high,1,1,rule-derived from synthetic thresholds
1690,11,Kanpur,loam,Wheat,354,7.5,324,0.49,8.63,2.7,72.2,149.0,27.1,-1.44,medium,low,high,1,1,rule-derived from synthetic thresholds
1691,8,Guntur,clay,Chilli,479,9.2,370,0.7,6.34,0.59,14.7,42.9,32.3,-1.17,medium,low,high,1,1,rule-derived from synthetic thresholds
1692,15,Kolkata (24 Pgs),clay,Mustard,388,19.9,352,0.57,6.08,1.96,38.2,80.7,25.7,0.99,medium,medium,high,0,1,rule-derived from synthetic thresholds
1693,13,Bengaluru Rural,sandy,Maize,366,11.7,169,0.44,5.96,0.31,4.7,12.3,23.8,0.8,medium,medium,medium,0,0,rule-derived from synthetic thresholds
1694,7,Pune,clay,Sugarcane,585,17.6,202,0.84,8.38,0.36,14.6,50.8,27.7,0.12,high,medium,medium,0,1,rule-derived from synthetic thresholds
1695,4,Ludhiana,sandy,Soybean,318,14.0,98,0.28,6.31,0.41,84.4,302.1,25.7,0.12,medium,medium,low,1,0,rule-derived from synthetic thresholds
1696,1,Thanjavur,clay,Groundnut,391,76.1,203,1.0,7.26,1.45,163.7,533.2,28.6,-1.19,medium,high,medium,0,1,rule-derived from synthetic thresholds
1697,1,Thanjavur,clay,Green gram,648,14.9,164,0.64,7.38,0.15,189.8,628.3,25.9,0.74,high,medium,medium,0,1,rule-derived from synthetic thresholds
1698,10,Jaipur,sandy,Pearl millet,198,51.8,93,0.25,7.27,0.88,38.5,128.1,22.8,0.37,low,high,low,1,1,rule-derived from synthetic thresholds
1699,6,Nagpur,clay,Lentil,439,3.9,294,0.84,7.23,0.67,150.1,316.9,30.6,-0.3,medium,low,high,1,1,rule-derived from synthetic thresholds
1700,3,Madurai,sandy,Chilli,193,8.1,68,0.1,6.87,2.0,98.9,334.1,25.8,1.64,low,low,low,1,0,rule-derived from synthetic thresholds
1701,2,Coimbatore,loam,Cotton,334,9.0,354,0.43,7.4,0.66,95.6,295.4,26.5,0.79,medium,low,high,1,1,rule-derived from synthetic thresholds
1702,8,Guntur,clay,Sugarcane,437,28.0,41,0.69,7.87,0.4,87.2,256.1,26.3,-0.89,medium,high,low,1,1,rule-derived from synthetic thresholds
1703,9,Indore,clay,Chickpea,603,8.1,261,1.03,7.45,0.67,8.5,30.1,21.0,1.1,high,low,medium,1,1,rule-derived from synthetic thresholds
1704,1,Thanjavur,clay,Green gram,435,16.2,89,0.58,7.48,0.46,77.5,242.5,28.3,-1.19,medium,medium,low,1,0,rule-derived from synthetic thresholds
1705,7,Pune,clay,Onion,418,5.6,280,0.44,6.61,0.74,44.2,91.5,24.8,1.93,medium,low,medium,1,0,rule-derived from synthetic thresholds
1706,7,Pune,clay,Sugarcane,406,30.2,339,0.86,8.04,0.39,16.6,44.1,22.0,-0.41,medium,high,high,0,1,rule-derived from synthetic thresholds
1707,1,Thanjavur,clay,Chilli,529,12.3,216,0.83,6.8,1.48,1.0,2.7,28.2,-1.34,medium,medium,medium,0,0,rule-derived from synthetic thresholds
1708,14,Dharwad,clay,Sorghum,431,35.7,260,0.66,7.89,0.51,33.8,115.0,22.3,1.4,medium,high,medium,0,1,rule-derived from synthetic thresholds
1709,4,Ludhiana,sandy,Rice,437,8.5,239,0.47,6.81,0.69,38.3,107.8,18.7,0.41,medium,low,medium,1,0,rule-derived from synthetic thresholds
1710,3,Madurai,sandy,Chilli,118,21.6,61,0.33,5.7,0.26,148.9,456.3,31.3,-0.09,low,medium,low,1,0,rule-derived from synthetic thresholds
1711,3,Madurai,sandy,Chilli,285,15.0,221,0.54,7.16,0.75,23.1,77.9,30.3,1.36,medium,medium,medium,0,0,rule-derived from synthetic thresholds
1712,8,Guntur,clay,Chilli,450,3.2,219,0.65,7.74,0.18,94.2,282.5,33.9,0.76,medium,low,medium,1,0,rule-derived from synthetic thresholds
1713,11,Kanpur,loam,Wheat,415,17.1,131,0.58,8.45,1.44,22.2,65.5,31.7,-0.54,medium,medium,medium,0,0,rule-derived from synthetic thresholds
1714,4,Ludhiana,sandy,Rice,202,25.2,247,0.38,7.38,0.53,77.9,186.7,26.8,-0.58,low,high,medium,1,1,rule-derived from synthetic thresholds
1715,12,Patna,loam,Maize,252,54.0,138,0.58,6.79,0.64,81.1,289.8,26.4,-0.41,low,high,medium,1,1,rule-derived from synthetic thresholds
1716,4,Ludhiana,sandy,Rice,460,14.8,30,0.78,7.02,0.4,70.5,247.1,23.7,-0.21,medium,medium,low,1,0,rule-derived from synthetic thresholds
1717,3,Madurai,sandy,Cotton,228,19.9,30,0.24,7.71,1.43,445.0,984.6,30.6,0.42,low,medium,low,1,0,rule-derived from synthetic thresholds
1718,10,Jaipur,sandy,Pearl millet,221,18.0,197,0.2,7.75,0.44,31.3,102.1,23.7,0.06,low,medium,medium,1,0,rule-derived from synthetic thresholds
1719,12,Patna,loam,Sugarcane,547,9.1,179,0.49,8.01,1.04,108.4,281.3,27.5,0.23,medium,low,medium,1,0,rule-derived from synthetic thresholds
1720,12,Patna,loam,Rice,258,6.7,213,0.32,6.1,0.96,75.0,187.2,24.7,0.45,low,low,medium,1,0,rule-derived from synthetic thresholds
1721,9,Indore,clay,Soybean,424,6.4,168,0.54,7.64,0.13,117.5,331.7,22.9,-1.23,medium,low,medium,1,0,rule-derived from synthetic thresholds
1722,14,Dharwad,clay,Cotton,374,5.8,258,0.78,7.91,1.15,71.6,159.2,24.1,0.85,medium,low,medium,1,0,rule-derived from synthetic thresholds
1723,13,Bengaluru Rural,sandy,Ragi,314,7.6,202,0.37,6.13,0.15,21.7,59.0,26.8,0.41,medium,low,medium,1,0,rule-derived from synthetic thresholds
1724,5,Karnal,loam,Tomato,422,6.3,240,0.81,7.49,0.25,67.1,169.6,22.5,-1.42,medium,low,medium,1,0,rule-derived from synthetic thresholds
1725,10,Jaipur,sandy,Mustard,374,40.4,117,0.59,6.19,0.22,99.0,214.0,27.0,1.6,medium,high,medium,0,1,rule-derived from synthetic thresholds
1726,2,Coimbatore,loam,Sorghum,467,16.2,86,0.76,7.47,1.35,126.5,272.5,25.7,1.58,medium,medium,low,1,0,rule-derived from synthetic thresholds
1727,2,Coimbatore,loam,Sorghum,302,13.5,330,0.39,6.6,0.38,30.2,64.5,27.3,-0.64,medium,medium,high,0,1,rule-derived from synthetic thresholds
1728,7,Pune,clay,Tomato,483,5.7,322,0.84,9.2,1.38,27.6,90.6,24.6,-0.33,medium,low,high,1,1,rule-derived from synthetic thresholds
1729,11,Kanpur,loam,Wheat,334,14.1,198,0.26,7.04,0.69,97.6,304.7,22.3,1.04,medium,medium,medium,0,0,rule-derived from synthetic thresholds
1730,9,Indore,clay,Chickpea,291,13.1,157,0.47,7.78,1.44,17.3,60.7,29.0,0.06,medium,medium,medium,0,0,rule-derived from synthetic thresholds
1731,3,Madurai,sandy,Rice,603,32.4,80,0.94,5.84,0.65,54.7,176.9,26.9,0.66,high,high,low,1,1,rule-derived from synthetic thresholds
1732,12,Patna,loam,Sunflower,285,15.0,216,0.54,6.43,0.63,16.2,52.4,26.1,0.96,medium,medium,medium,0,0,rule-derived from synthetic thresholds
1733,10,Jaipur,sandy,Chilli,286,16.9,35,0.29,7.07,2.73,26.9,65.6,23.5,0.72,medium,medium,low,1,0,rule-derived from synthetic thresholds
1734,12,Patna,loam,Turmeric,480,33.0,282,0.6,6.67,1.66,67.5,204.9,25.3,2.36,medium,high,high,0,1,rule-derived from synthetic thresholds
1735,10,Jaipur,sandy,Wheat,240,18.0,79,0.15,6.15,0.24,14.0,34.6,26.2,0.74,low,medium,low,1,0,rule-derived from synthetic thresholds
1736,13,Bengaluru Rural,sandy,Rice,326,19.6,82,0.44,6.44,0.76,46.7,95.0,28.1,0.81,medium,medium,low,1,0,rule-derived from synthetic thresholds
1737,6,Nagpur,clay,Pigeon pea,364,11.2,310,0.32,8.61,0.69,18.1,41.3,27.7,1.51,medium,medium,high,0,1,rule-derived from synthetic thresholds
1738,1,Thanjavur,clay,Groundnut,457,48.5,264,0.61,8.11,0.2,20.6,47.6,26.6,-1.94,medium,high,medium,0,1,rule-derived from synthetic thresholds
1739,9,Indore,clay,Turmeric,601,18.3,273,0.92,8.44,1.52,51.0,182.6,21.4,0.02,high,medium,medium,0,1,rule-derived from synthetic thresholds
1740,15,Kolkata (24 Pgs),clay,Potato,352,29.7,104,0.31,7.47,0.46,82.5,188.4,30.7,0.55,medium,high,low,1,1,rule-derived from synthetic thresholds
1741,2,Coimbatore,loam,Banana,205,33.3,211,0.66,7.34,0.18,28.1,83.3,27.5,0.53,low,high,medium,1,1,rule-derived from synthetic thresholds
1742,15,Kolkata (24 Pgs),clay,Chilli,322,7.2,204,0.42,8.73,0.64,34.8,77.4,24.1,1.09,medium,low,medium,1,0,rule-derived from synthetic thresholds
1743,12,Patna,loam,Tomato,268,17.5,263,0.62,6.3,0.61,49.5,160.2,29.4,-1.67,low,medium,medium,1,0,rule-derived from synthetic thresholds
1744,1,Thanjavur,clay,Green gram,389,24.9,295,0.44,8.69,0.53,33.9,118.8,28.2,0.4,medium,medium,high,0,1,rule-derived from synthetic thresholds
1745,9,Indore,clay,Chickpea,346,24.8,198,0.57,8.31,0.21,46.9,100.9,24.4,-0.52,medium,medium,medium,0,0,rule-derived from synthetic thresholds
1746,5,Karnal,loam,Rice,415,8.2,338,0.35,7.28,0.57,158.9,492.0,24.4,0.4,medium,low,high,1,1,rule-derived from synthetic thresholds
1747,10,Jaipur,sandy,Wheat,256,37.1,139,0.49,6.16,0.78,14.5,34.0,26.3,-1.12,low,high,medium,1,1,rule-derived from synthetic thresholds
1748,12,Patna,loam,Maize,305,6.1,361,0.68,6.93,0.48,13.6,47.6,24.1,-0.5,medium,low,high,1,1,rule-derived from synthetic thresholds
1749,6,Nagpur,clay,Soybean,451,8.7,245,0.55,8.96,0.37,121.3,393.9,31.0,-0.69,medium,low,medium,1,0,rule-derived from synthetic thresholds
1750,8,Guntur,clay,Rice,482,10.1,207,0.94,6.25,1.22,162.7,432.2,26.5,0.68,medium,medium,medium,0,0,rule-derived from synthetic thresholds
1751,1,Thanjavur,clay,Tomato,337,10.2,261,0.66,7.55,2.26,42.9,122.7,26.7,-0.82,medium,medium,medium,0,0,rule-derived from synthetic thresholds
1752,1,Thanjavur,clay,Green gram,473,18.9,207,0.93,7.88,0.24,19.6,50.5,21.8,-1.37,medium,medium,medium,0,0,rule-derived from synthetic thresholds
1753,12,Patna,loam,Chickpea,355,7.9,194,0.45,8.91,0.46,88.8,239.8,25.7,0.19,medium,low,medium,1,0,rule-derived from synthetic thresholds
1754,6,Nagpur,clay,Soybean,551,3.7,291,0.75,7.73,0.49,266.8,875.1,26.9,0.37,medium,low,high,1,1,rule-derived from synthetic thresholds
1755,14,Dharwad,clay,Chilli,398,4.4,171,0.6,8.75,1.59,15.6,48.1,24.7,0.68,medium,low,medium,1,0,rule-derived from synthetic thresholds
1756,9,Indore,clay,Lentil,406,8.4,295,0.71,7.6,0.56,42.9,137.1,25.5,-1.11,medium,low,high,1,1,rule-derived from synthetic thresholds
1757,6,Nagpur,clay,Soybean,437,6.3,313,0.82,6.85,1.93,95.6,274.3,28.3,-0.11,medium,low,high,1,1,rule-derived from synthetic thresholds
1758,14,Dharwad,clay,Sorghum,388,35.5,105,0.5,7.06,0.41,37.5,129.1,29.5,-1.79,medium,high,low,1,1,rule-derived from synthetic thresholds
1759,1,Thanjavur,clay,Turmeric,337,10.7,259,0.63,7.65,0.98,28.0,84.4,30.8,-1.17,medium,medium,medium,0,0,rule-derived from synthetic thresholds
1760,13,Bengaluru Rural,sandy,Turmeric,528,35.6,158,0.74,7.16,0.49,96.2,230.9,27.3,-0.17,medium,high,medium,0,1,rule-derived from synthetic thresholds
1761,2,Coimbatore,loam,Banana,446,35.5,223,0.6,8.75,0.51,41.1,136.7,23.2,-0.25,medium,high,medium,0,1,rule-derived from synthetic thresholds
1762,15,Kolkata (24 Pgs),clay,Turmeric,356,22.2,194,0.52,7.61,0.47,454.6,1281.7,25.4,0.03,medium,medium,medium,0,0,rule-derived from synthetic thresholds
1763,9,Indore,clay,Sunflower,276,28.2,223,0.55,7.18,0.74,48.4,113.3,27.6,0.99,low,high,medium,1,1,rule-derived from synthetic thresholds
1764,8,Guntur,clay,Chilli,318,4.8,233,0.5,7.26,0.57,109.2,239.4,24.2,0.2,medium,low,medium,1,0,rule-derived from synthetic thresholds
1765,10,Jaipur,sandy,Pearl millet,468,6.8,151,0.66,6.49,0.72,32.6,79.3,27.1,1.46,medium,low,medium,1,0,rule-derived from synthetic thresholds
1766,12,Patna,loam,Pigeon pea,361,5.9,135,0.38,8.4,0.18,20.4,64.5,23.0,-2.1,medium,low,medium,1,0,rule-derived from synthetic thresholds
1767,5,Karnal,loam,Rice,386,20.8,246,0.52,7.18,0.81,53.9,186.9,22.6,0.21,medium,medium,medium,0,0,rule-derived from synthetic thresholds
1768,2,Coimbatore,loam,Sugarcane,400,18.2,230,0.42,6.44,0.5,98.8,279.4,24.0,-0.44,medium,medium,medium,0,0,rule-derived from synthetic thresholds
1769,15,Kolkata (24 Pgs),clay,Potato,381,35.7,330,0.67,8.49,0.5,225.0,651.6,27.0,-0.75,medium,high,high,0,1,rule-derived from synthetic thresholds
1770,8,Guntur,clay,Rice,484,15.6,330,0.61,7.79,1.14,95.0,257.8,30.1,0.01,medium,medium,high,0,1,rule-derived from synthetic thresholds
1771,5,Karnal,loam,Rice,317,14.4,38,0.44,6.85,1.15,10.9,26.8,23.6,-0.27,medium,medium,low,1,0,rule-derived from synthetic thresholds
1772,14,Dharwad,clay,Chickpea,389,20.5,239,0.76,8.8,0.43,100.9,208.8,27.5,-1.0,medium,medium,medium,0,0,rule-derived from synthetic thresholds
1773,1,Thanjavur,clay,Groundnut,403,4.1,160,0.73,7.03,0.41,13.3,31.1,27.2,2.38,medium,low,medium,1,0,rule-derived from synthetic thresholds
1774,13,Bengaluru Rural,sandy,Tomato,320,6.6,123,0.5,5.36,0.94,38.9,78.0,23.8,-0.96,medium,low,medium,1,0,rule-derived from synthetic thresholds
1775,1,Thanjavur,clay,Sunflower,469,6.6,269,0.7,7.87,1.43,92.5,261.0,25.1,-0.97,medium,low,medium,1,0,rule-derived from synthetic thresholds
1776,10,Jaipur,sandy,Rice,146,11.1,350,0.1,6.08,0.95,66.6,239.5,29.6,-1.33,low,medium,high,1,1,rule-derived from synthetic thresholds
1777,1,Thanjavur,clay,Pearl millet,319,43.0,204,0.5,7.49,1.19,147.6,316.8,32.4,-1.92,medium,high,medium,0,1,rule-derived from synthetic thresholds
1778,3,Madurai,sandy,Chilli,320,55.3,30,0.28,7.34,1.08,37.8,111.4,30.1,-1.3,medium,high,low,1,1,rule-derived from synthetic thresholds
1779,5,Karnal,loam,Potato,299,7.4,221,0.42,7.09,0.36,18.5,63.2,24.6,0.16,medium,low,medium,1,0,rule-derived from synthetic thresholds
1780,3,Madurai,sandy,Wheat,425,22.0,147,0.51,5.46,1.94,120.6,307.5,32.3,0.78,medium,medium,medium,0,0,rule-derived from synthetic thresholds
1781,1,Thanjavur,clay,Groundnut,226,3.6,324,0.47,7.24,0.54,81.8,257.8,27.6,-0.06,low,low,high,1,1,rule-derived from synthetic thresholds
1782,11,Kanpur,loam,Potato,318,5.1,193,0.35,8.47,1.02,18.9,51.5,30.3,-0.47,medium,low,medium,1,0,rule-derived from synthetic thresholds
1783,12,Patna,loam,Mustard,340,50.1,201,0.41,6.46,0.54,410.9,1376.7,28.3,-0.17,medium,high,medium,0,1,rule-derived from synthetic thresholds
1784,5,Karnal,loam,Wheat,525,12.2,155,0.51,7.12,0.86,54.7,150.6,19.3,-0.8,medium,medium,medium,0,0,rule-derived from synthetic thresholds
1785,11,Kanpur,loam,Rice,528,56.3,300,0.55,6.08,0.67,129.9,348.3,27.3,-1.48,medium,high,high,0,1,rule-derived from synthetic thresholds
1786,5,Karnal,loam,Onion,475,16.6,167,0.67,7.05,0.35,111.2,282.2,28.3,0.38,medium,medium,medium,0,0,rule-derived from synthetic thresholds
1787,4,Ludhiana,sandy,Rice,308,29.2,288,0.37,7.64,0.7,69.3,161.3,20.6,-1.53,medium,high,high,0,1,rule-derived from synthetic thresholds
1788,13,Bengaluru Rural,sandy,Sunflower,188,36.6,57,0.1,8.04,0.12,6.3,12.9,23.7,-0.26,low,high,low,1,1,rule-derived from synthetic thresholds
1789,8,Guntur,clay,Onion,244,13.1,204,0.43,8.47,0.41,71.6,149.7,23.5,-0.81,low,medium,medium,1,0,rule-derived from synthetic thresholds
1790,1,Thanjavur,clay,Rice,403,14.6,239,0.71,8.43,0.76,172.8,405.9,25.8,2.4,medium,medium,medium,0,0,rule-derived from synthetic thresholds
1791,11,Kanpur,loam,Potato,461,3.1,102,0.71,7.72,0.32,171.1,488.7,30.2,1.49,medium,low,low,1,0,rule-derived from synthetic thresholds
1792,6,Nagpur,clay,Pigeon pea,421,16.4,305,0.88,7.72,0.51,90.9,274.1,27.2,0.75,medium,medium,high,0,1,rule-derived from synthetic thresholds
1793,2,Coimbatore,loam,Maize,407,19.1,222,0.65,5.12,0.31,88.4,215.3,28.1,1.54,medium,medium,medium,0,0,rule-derived from synthetic thresholds
1794,4,Ludhiana,sandy,Groundnut,248,9.4,82,0.29,6.75,0.45,276.1,800.1,20.6,0.93,low,low,low,1,0,rule-derived from synthetic thresholds
1795,5,Karnal,loam,Sorghum,375,11.6,313,0.42,6.24,1.28,41.5,120.5,24.0,0.68,medium,medium,high,0,1,rule-derived from synthetic thresholds
1796,1,Thanjavur,clay,Groundnut,397,41.6,409,0.59,7.69,0.28,103.3,321.3,25.5,-0.01,medium,high,high,0,1,rule-derived from synthetic thresholds
1797,11,Kanpur,loam,Potato,230,21.5,221,0.39,6.56,1.07,33.9,101.0,24.3,1.12,low,medium,medium,1,0,rule-derived from synthetic thresholds
1798,4,Ludhiana,sandy,Maize,490,7.0,142,0.55,7.03,0.25,25.6,57.8,22.5,0.8,medium,low,medium,1,0,rule-derived from synthetic thresholds
1799,3,Madurai,sandy,Cotton,319,12.6,30,0.3,7.87,0.65,94.1,217.0,29.0,1.04,medium,medium,low,1,0,rule-derived from synthetic thresholds
1800,3,Madurai,sandy,Groundnut,336,4.7,110,0.5,6.15,0.56,86.9,181.1,30.6,-0.92,medium,low,medium,1,0,rule-derived from synthetic thresholds
1801,11,Kanpur,loam,Tomato,376,9.2,208,0.35,6.17,0.46,66.9,197.6,26.1,0.99,medium,low,medium,1,0,rule-derived from synthetic thresholds
1802,8,Guntur,clay,Pearl millet,335,8.8,214,0.2,7.36,0.24,11.9,36.1,29.8,-0.55,medium,low,medium,1,0,rule-derived from synthetic thresholds
1803,13,Bengaluru Rural,sandy,Sunflower,331,20.5,73,0.6,7.25,0.64,18.6,47.5,20.7,-0.37,medium,medium,low,1,0,rule-derived from synthetic thresholds
1804,7,Pune,clay,Maize,389,4.6,163,0.69,6.96,0.09,41.2,114.0,24.7,0.85,medium,low,medium,1,0,rule-derived from synthetic thresholds
1805,11,Kanpur,loam,Rice,259,20.2,148,0.18,7.33,0.59,22.3,55.8,24.2,-0.71,low,medium,medium,1,0,rule-derived from synthetic thresholds
1806,8,Guntur,clay,Sunflower,515,6.3,308,1.05,7.95,0.88,60.0,193.4,23.8,-0.31,medium,low,high,1,1,rule-derived from synthetic thresholds
1807,9,Indore,clay,Cotton,549,3.9,316,1.05,9.2,0.13,36.0,97.2,28.1,-0.32,medium,low,high,1,1,rule-derived from synthetic thresholds
1808,14,Dharwad,clay,Groundnut,328,2.8,468,0.46,9.2,2.76,14.8,42.1,26.1,-1.1,medium,low,high,1,1,rule-derived from synthetic thresholds
1809,10,Jaipur,sandy,Wheat,271,10.2,150,0.32,5.49,0.33,114.5,256.1,22.7,0.04,low,medium,medium,1,0,rule-derived from synthetic thresholds
1810,8,Guntur,clay,Rice,387,8.9,252,0.52,7.58,0.26,15.5,55.3,26.3,0.91,medium,low,medium,1,0,rule-derived from synthetic thresholds
1811,13,Bengaluru Rural,sandy,Tomato,253,27.6,251,0.19,6.18,0.29,94.2,220.2,20.6,0.67,low,high,medium,1,1,rule-derived from synthetic thresholds
1812,10,Jaipur,sandy,Mustard,417,16.5,116,0.34,5.65,0.18,84.6,271.7,27.3,-0.83,medium,medium,medium,0,0,rule-derived from synthetic thresholds
1813,14,Dharwad,clay,Chilli,442,12.7,348,0.48,7.81,0.48,41.1,102.1,27.0,-0.31,medium,medium,high,0,1,rule-derived from synthetic thresholds
1814,10,Jaipur,sandy,Lentil,240,15.7,303,0.44,6.85,1.15,111.9,381.6,28.1,-0.35,low,medium,high,1,1,rule-derived from synthetic thresholds
1815,11,Kanpur,loam,Sugarcane,358,88.8,169,0.56,7.54,0.15,58.5,144.2,25.0,-0.19,medium,high,medium,0,1,rule-derived from synthetic thresholds
1816,8,Guntur,clay,Potato,387,29.5,327,0.63,5.54,0.36,166.9,582.4,30.7,-1.52,medium,high,high,0,1,rule-derived from synthetic thresholds
1817,13,Bengaluru Rural,sandy,Tomato,373,18.4,143,0.51,6.35,1.53,43.2,148.4,24.8,-2.21,medium,medium,medium,0,0,rule-derived from synthetic thresholds
1818,5,Karnal,loam,Sorghum,274,11.0,162,0.44,7.25,1.04,133.4,375.2,24.8,0.31,low,medium,medium,1,0,rule-derived from synthetic thresholds
1819,9,Indore,clay,Soybean,466,12.8,337,0.63,8.45,1.66,120.4,279.6,27.8,-1.01,medium,medium,high,0,1,rule-derived from synthetic thresholds
1820,14,Dharwad,clay,Chilli,361,9.6,269,0.53,7.74,0.49,33.9,92.5,19.6,-0.68,medium,low,medium,1,0,rule-derived from synthetic thresholds
1821,4,Ludhiana,sandy,Wheat,292,54.1,143,0.4,6.15,0.29,24.0,51.0,23.9,0.36,medium,high,medium,0,1,rule-derived from synthetic thresholds
1822,7,Pune,clay,Sugarcane,287,51.4,281,0.58,8.25,0.37,179.6,445.6,24.3,0.42,medium,high,high,0,1,rule-derived from synthetic thresholds
1823,1,Thanjavur,clay,Rice,161,14.1,392,0.16,7.49,1.77,30.5,100.3,22.6,-0.84,low,medium,high,1,1,rule-derived from synthetic thresholds
1824,9,Indore,clay,Wheat,448,14.1,144,0.53,8.17,0.86,18.5,54.6,25.2,-2.21,medium,medium,medium,0,0,rule-derived from synthetic thresholds
1825,6,Nagpur,clay,Cotton,296,10.7,339,0.58,9.2,0.58,40.8,89.7,26.2,-0.93,medium,medium,high,0,1,rule-derived from synthetic thresholds
1826,9,Indore,clay,Wheat,302,8.2,313,0.57,7.24,1.73,67.8,222.8,25.6,-1.19,medium,low,high,1,1,rule-derived from synthetic thresholds
1827,4,Ludhiana,sandy,Potato,325,16.7,219,0.28,7.91,1.04,124.9,281.3,22.2,0.1,medium,medium,medium,0,0,rule-derived from synthetic thresholds
1828,13,Bengaluru Rural,sandy,Ragi,168,6.0,212,0.21,6.92,1.68,6.8,21.1,26.5,-1.33,low,low,medium,1,0,rule-derived from synthetic thresholds
1829,15,Kolkata (24 Pgs),clay,Mustard,450,7.5,185,0.39,7.28,0.13,98.4,200.6,23.2,-0.65,medium,low,medium,1,0,rule-derived from synthetic thresholds
1830,9,Indore,clay,Banana,408,8.7,180,0.49,7.37,1.68,68.1,208.8,28.5,0.84,medium,low,medium,1,0,rule-derived from synthetic thresholds
1831,10,Jaipur,sandy,Wheat,318,10.8,175,0.37,5.98,0.32,39.2,103.4,27.6,-0.35,medium,medium,medium,0,0,rule-derived from synthetic thresholds
1832,7,Pune,clay,Wheat,380,15.5,268,0.54,7.64,0.58,57.2,140.7,24.5,0.54,medium,medium,medium,0,0,rule-derived from synthetic thresholds
1833,5,Karnal,loam,Wheat,475,31.7,176,0.45,7.74,0.7,27.2,73.8,24.1,-2.74,medium,high,medium,0,1,rule-derived from synthetic thresholds
1834,7,Pune,clay,Maize,589,19.6,231,0.83,7.14,0.43,54.3,187.7,24.4,0.33,high,medium,medium,0,1,rule-derived from synthetic thresholds
1835,8,Guntur,clay,Pigeon pea,549,13.3,436,0.77,8.36,0.63,71.4,212.1,30.1,1.04,medium,medium,high,0,1,rule-derived from synthetic thresholds
1836,12,Patna,loam,Soybean,398,10.9,177,0.91,8.13,0.78,126.6,429.2,26.8,0.39,medium,medium,medium,0,0,rule-derived from synthetic thresholds
1837,11,Kanpur,loam,Wheat,438,15.8,120,0.73,7.99,1.99,74.3,182.9,27.9,-0.03,medium,medium,medium,0,0,rule-derived from synthetic thresholds
1838,5,Karnal,loam,Sugarcane,455,11.9,139,0.49,7.48,0.33,49.2,166.6,23.3,0.81,medium,medium,medium,0,0,rule-derived from synthetic thresholds
1839,10,Jaipur,sandy,Sugarcane,251,21.8,259,0.29,6.29,0.62,43.4,138.5,25.5,-0.62,low,medium,medium,1,0,rule-derived from synthetic thresholds
1840,15,Kolkata (24 Pgs),clay,Chilli,383,20.6,321,0.49,8.21,0.51,57.9,169.4,26.8,0.06,medium,medium,high,0,1,rule-derived from synthetic thresholds
1841,7,Pune,clay,Sugarcane,502,11.6,167,0.93,7.58,0.88,10.2,31.4,23.7,0.14,medium,medium,medium,0,0,rule-derived from synthetic thresholds
1842,13,Bengaluru Rural,sandy,Ragi,248,20.5,103,0.37,7.04,0.14,56.9,134.9,23.7,-1.07,low,medium,low,1,0,rule-derived from synthetic thresholds
1843,8,Guntur,clay,Mustard,333,6.1,260,0.43,7.04,1.04,44.7,91.4,28.7,0.14,medium,low,medium,1,0,rule-derived from synthetic thresholds
1844,3,Madurai,sandy,Chilli,233,29.2,99,0.31,6.06,0.9,77.7,182.5,27.4,1.46,low,high,low,1,1,rule-derived from synthetic thresholds
1845,3,Madurai,sandy,Chilli,412,3.3,192,0.38,6.9,0.55,219.5,773.2,28.9,1.25,medium,low,medium,1,0,rule-derived from synthetic thresholds
1846,5,Karnal,loam,Sugarcane,298,70.7,258,0.6,8.63,0.74,19.1,60.2,27.6,2.26,medium,high,medium,0,1,rule-derived from synthetic thresholds
1847,9,Indore,clay,Chickpea,480,11.6,257,0.7,7.97,0.85,83.1,209.9,24.0,-1.84,medium,medium,medium,0,0,rule-derived from synthetic thresholds
1848,14,Dharwad,clay,Chilli,385,16.9,255,0.73,7.85,0.85,74.8,262.7,27.1,-2.25,medium,medium,medium,0,0,rule-derived from synthetic thresholds
1849,6,Nagpur,clay,Cotton,387,9.0,335,0.56,7.84,0.17,173.7,515.1,29.7,-1.02,medium,low,high,1,1,rule-derived from synthetic thresholds
1850,5,Karnal,loam,Wheat,236,14.1,216,0.45,7.29,0.52,124.8,389.5,25.8,0.36,low,medium,medium,1,0,rule-derived from synthetic thresholds
1851,10,Jaipur,sandy,Pearl millet,185,9.7,30,0.29,6.84,0.19,33.7,87.9,26.8,0.51,low,low,low,1,0,rule-derived from synthetic thresholds
1852,5,Karnal,loam,Wheat,433,3.5,219,0.65,8.53,0.94,30.7,65.8,25.8,0.79,medium,low,medium,1,0,rule-derived from synthetic thresholds
1853,7,Pune,clay,Maize,344,12.3,244,0.42,7.26,0.33,127.9,459.1,23.6,-1.18,medium,medium,medium,0,0,rule-derived from synthetic thresholds
1854,4,Ludhiana,sandy,Groundnut,430,13.8,80,0.63,7.08,0.9,29.4,71.2,27.1,0.91,medium,medium,low,1,0,rule-derived from synthetic thresholds
1855,5,Karnal,loam,Rice,543,15.3,166,0.79,6.95,1.15,37.4,88.6,22.7,-0.58,medium,medium,medium,0,0,rule-derived from synthetic thresholds
1856,1,Thanjavur,clay,Pigeon pea,537,15.3,154,0.85,8.56,0.27,72.2,153.5,31.2,1.45,medium,medium,medium,0,0,rule-derived from synthetic thresholds
1857,9,Indore,clay,Chickpea,376,18.0,284,0.7,6.29,0.46,104.0,234.5,20.5,0.23,medium,medium,high,0,1,rule-derived from synthetic thresholds
1858,8,Guntur,clay,Cotton,419,19.7,369,0.73,8.36,0.96,12.2,27.3,30.2,-0.08,medium,medium,high,0,1,rule-derived from synthetic thresholds
1859,3,Madurai,sandy,Soybean,485,7.4,238,0.76,5.71,0.6,53.4,117.9,25.6,0.27,medium,low,medium,1,0,rule-derived from synthetic thresholds
1860,12,Patna,loam,Pearl millet,599,8.4,189,0.9,6.65,0.5,39.3,96.8,20.2,-0.39,high,low,medium,1,1,rule-derived from synthetic thresholds
1861,4,Ludhiana,sandy,Chilli,316,5.9,91,0.63,6.61,0.36,122.1,428.0,26.1,0.94,medium,low,low,1,0,rule-derived from synthetic thresholds
1862,10,Jaipur,sandy,Pearl millet,356,2.4,211,0.52,6.66,0.2,14.1,44.4,24.6,-0.98,medium,low,medium,1,0,rule-derived from synthetic thresholds
1863,2,Coimbatore,loam,Tomato,410,31.6,278,0.35,8.38,0.16,37.7,103.9,28.7,0.62,medium,high,medium,0,1,rule-derived from synthetic thresholds
1864,1,Thanjavur,clay,Groundnut,469,21.8,187,0.8,7.99,0.71,122.8,260.8,29.2,0.41,medium,medium,medium,0,0,rule-derived from synthetic thresholds
1865,2,Coimbatore,loam,Cotton,314,6.5,136,0.25,7.87,0.13,35.1,77.0,24.7,0.18,medium,low,medium,1,0,rule-derived from synthetic thresholds
1866,8,Guntur,clay,Chilli,198,25.3,343,0.39,8.4,1.42,25.1,64.3,28.9,0.11,low,high,high,1,1,rule-derived from synthetic thresholds
1867,3,Madurai,sandy,Rice,495,12.2,106,0.22,6.29,0.63,264.1,810.0,28.8,-0.82,medium,medium,low,1,0,rule-derived from synthetic thresholds
1868,5,Karnal,loam,Rice,527,26.1,162,0.52,7.48,3.49,32.1,79.9,25.7,1.45,medium,high,medium,0,1,rule-derived from synthetic thresholds
1869,9,Indore,clay,Mustard,465,17.7,192,0.73,9.2,0.28,66.1,218.4,27.4,0.89,medium,medium,medium,0,0,rule-derived from synthetic thresholds
1870,10,Jaipur,sandy,Wheat,189,26.0,203,0.1,5.9,0.3,34.3,73.5,27.0,-1.19,low,high,medium,1,1,rule-derived from synthetic thresholds
1871,12,Patna,loam,Rice,427,45.3,166,0.71,7.03,0.76,5.3,18.5,25.6,-0.6,medium,high,medium,0,1,rule-derived from synthetic thresholds
1872,7,Pune,clay,Chilli,272,9.1,164,0.59,9.2,0.62,15.4,51.7,22.6,1.11,low,low,medium,1,0,rule-derived from synthetic thresholds
1873,2,Coimbatore,loam,Banana,472,58.6,233,0.45,7.36,1.04,67.1,197.4,27.5,0.14,medium,high,medium,0,1,rule-derived from synthetic thresholds
1874,15,Kolkata (24 Pgs),clay,Mustard,326,5.0,199,0.6,6.65,1.34,78.2,181.3,25.7,-1.13,medium,low,medium,1,0,rule-derived from synthetic thresholds
1875,12,Patna,loam,Maize,445,10.3,110,0.64,9.12,0.25,33.5,114.6,26.1,0.61,medium,medium,medium,0,0,rule-derived from synthetic thresholds
1876,13,Bengaluru Rural,sandy,Tomato,248,13.0,184,0.3,8.62,0.56,6.2,16.0,27.6,-0.52,low,medium,medium,1,0,rule-derived from synthetic thresholds
1877,14,Dharwad,clay,Sorghum,253,14.5,68,0.37,7.6,1.81,25.7,78.9,25.2,-0.19,low,medium,low,1,0,rule-derived from synthetic thresholds
1878,11,Kanpur,loam,Potato,312,15.2,189,0.59,6.85,0.18,25.5,86.7,26.1,-0.56,medium,medium,medium,0,0,rule-derived from synthetic thresholds
1879,15,Kolkata (24 Pgs),clay,Rice,318,12.9,365,0.56,6.85,0.73,37.0,114.7,27.3,-0.12,medium,medium,high,0,1,rule-derived from synthetic thresholds
1880,8,Guntur,clay,Chilli,347,10.8,369,0.51,7.41,0.32,23.2,63.0,28.5,-1.3,medium,medium,high,0,1,rule-derived from synthetic thresholds
1881,9,Indore,clay,Wheat,542,18.1,421,0.94,8.15,0.52,288.9,793.6,22.1,-0.75,medium,medium,high,0,1,rule-derived from synthetic thresholds
1882,9,Indore,clay,Soybean,428,6.5,190,0.6,7.92,0.31,25.3,76.3,25.2,1.22,medium,low,medium,1,0,rule-derived from synthetic thresholds
1883,8,Guntur,clay,Cotton,561,8.4,327,0.89,9.2,2.08,149.6,533.6,24.5,1.27,high,low,high,1,1,rule-derived from synthetic thresholds
1884,7,Pune,clay,Sugarcane,267,4.2,305,0.48,9.2,0.42,125.7,351.4,22.1,0.65,low,low,high,1,1,rule-derived from synthetic thresholds
1885,5,Karnal,loam,Wheat,327,23.7,301,0.49,6.65,3.45,26.5,54.6,23.4,-0.54,medium,medium,high,0,1,rule-derived from synthetic thresholds
1886,12,Patna,loam,Maize,389,7.9,150,0.37,7.13,0.83,76.8,274.6,25.1,-1.18,medium,low,medium,1,0,rule-derived from synthetic thresholds
1887,5,Karnal,loam,Wheat,482,11.6,95,0.58,6.72,0.6,53.5,113.5,20.5,0.81,medium,medium,low,1,0,rule-derived from synthetic thresholds
1888,14,Dharwad,clay,Cotton,392,6.3,202,0.46,6.92,0.44,49.2,100.0,26.1,0.96,medium,low,medium,1,0,rule-derived from synthetic thresholds
1889,12,Patna,loam,Rice,320,15.7,297,0.56,8.21,0.1,75.2,253.9,24.7,-1.6,medium,medium,high,0,1,rule-derived from synthetic thresholds
1890,15,Kolkata (24 Pgs),clay,Banana,477,62.9,219,0.76,7.1,1.58,117.0,347.7,23.7,-1.37,medium,high,medium,0,1,rule-derived from synthetic thresholds
1891,10,Jaipur,sandy,Pearl millet,191,7.9,67,0.35,6.43,0.48,58.6,162.5,28.1,0.07,low,low,low,1,0,rule-derived from synthetic thresholds
1892,9,Indore,clay,Wheat,449,6.0,305,0.87,7.15,0.72,123.1,304.4,24.7,-1.42,medium,low,high,1,1,rule-derived from synthetic thresholds
1893,6,Nagpur,clay,Soybean,345,11.9,220,0.62,7.78,0.48,221.8,658.7,27.3,-0.4,medium,medium,medium,0,0,rule-derived from synthetic thresholds
1894,11,Kanpur,loam,Potato,342,16.4,110,0.48,6.38,1.04,12.7,44.2,26.8,-1.65,medium,medium,medium,0,0,rule-derived from synthetic thresholds
1895,9,Indore,clay,Pigeon pea,488,21.4,208,0.99,9.16,0.62,33.8,115.9,23.4,-0.5,medium,medium,medium,0,0,rule-derived from synthetic thresholds
1896,6,Nagpur,clay,Pigeon pea,383,11.6,256,0.54,8.33,0.13,38.7,86.3,26.4,0.3,medium,medium,medium,0,0,rule-derived from synthetic thresholds
1897,2,Coimbatore,loam,Cotton,413,5.9,179,0.38,7.45,0.31,57.7,162.0,31.7,0.56,medium,low,medium,1,0,rule-derived from synthetic thresholds
1898,1,Thanjavur,clay,Groundnut,129,11.6,135,0.17,7.65,0.7,81.8,263.4,28.1,-0.99,low,medium,medium,1,0,rule-derived from synthetic thresholds
1899,4,Ludhiana,sandy,Maize,473,37.8,147,0.72,7.6,0.3,35.1,91.4,21.1,-1.46,medium,high,medium,0,1,rule-derived from synthetic thresholds
1900,11,Kanpur,loam,Rice,385,7.9,245,0.25,7.7,0.28,58.0,147.6,28.4,-0.87,medium,low,medium,1,0,rule-derived from synthetic thresholds
1901,14,Dharwad,clay,Sorghum,405,21.4,307,0.55,8.03,0.82,148.4,475.0,28.4,-0.52,medium,medium,high,0,1,rule-derived from synthetic thresholds
1902,15,Kolkata (24 Pgs),clay,Mustard,379,66.3,213,0.81,7.44,0.61,123.9,397.6,28.0,-1.54,medium,high,medium,0,1,rule-derived from synthetic thresholds
1903,8,Guntur,clay,Rice,427,20.2,255,0.71,7.61,3.22,136.4,339.1,26.5,1.98,medium,medium,medium,0,0,rule-derived from synthetic thresholds
1904,13,Bengaluru Rural,sandy,Ragi,260,7.5,124,0.39,6.89,1.26,14.1,41.3,24.2,0.47,low,low,medium,1,0,rule-derived from synthetic thresholds
1905,1,Thanjavur,clay,Rice,487,15.4,142,0.73,8.08,1.57,11.5,36.3,23.8,-1.63,medium,medium,medium,0,0,rule-derived from synthetic thresholds
1906,14,Dharwad,clay,Chilli,484,59.1,319,0.84,9.2,0.38,11.7,33.9,24.9,-0.23,medium,high,high,0,1,rule-derived from synthetic thresholds
1907,15,Kolkata (24 Pgs),clay,Potato,510,8.5,243,0.68,7.88,0.32,263.9,577.0,31.9,0.18,medium,low,medium,1,0,rule-derived from synthetic thresholds
1908,7,Pune,clay,Onion,495,15.0,480,0.79,7.23,0.46,111.7,379.9,26.7,0.39,medium,medium,high,0,1,rule-derived from synthetic thresholds
1909,1,Thanjavur,clay,Green gram,504,11.4,217,0.73,7.53,0.74,144.7,457.9,30.4,-0.67,medium,medium,medium,0,0,rule-derived from synthetic thresholds
1910,11,Kanpur,loam,Groundnut,480,10.0,172,0.69,6.93,0.52,266.2,680.8,20.9,0.82,medium,medium,medium,0,0,rule-derived from synthetic thresholds
1911,1,Thanjavur,clay,Rice,353,11.2,205,0.52,8.79,1.5,364.3,1101.5,27.5,0.71,medium,medium,medium,0,0,rule-derived from synthetic thresholds
1912,10,Jaipur,sandy,Turmeric,261,23.6,222,0.52,5.69,0.46,97.7,264.1,27.5,-0.01,low,medium,medium,1,0,rule-derived from synthetic thresholds
1913,5,Karnal,loam,Sugarcane,300,16.6,179,0.48,7.9,0.47,30.2,65.9,26.7,0.71,medium,medium,medium,0,0,rule-derived from synthetic thresholds
1914,9,Indore,clay,Banana,382,24.4,276,0.94,8.38,0.54,186.3,649.8,26.4,2.25,medium,medium,medium,0,0,rule-derived from synthetic thresholds
1915,14,Dharwad,clay,Sugarcane,466,6.0,357,0.74,6.94,1.75,110.9,324.3,24.9,-0.69,medium,low,high,1,1,rule-derived from synthetic thresholds
1916,3,Madurai,sandy,Chilli,395,16.4,262,0.71,6.83,1.37,45.0,156.1,34.4,-0.28,medium,medium,medium,0,0,rule-derived from synthetic thresholds
1917,1,Thanjavur,clay,Rice,363,11.8,345,0.85,7.72,0.18,18.2,65.0,31.3,-1.18,medium,medium,high,0,1,rule-derived from synthetic thresholds
1918,9,Indore,clay,Ragi,575,10.2,327,0.94,6.81,0.34,75.5,248.6,25.4,-0.79,high,medium,high,0,1,rule-derived from synthetic thresholds
1919,11,Kanpur,loam,Rice,409,12.2,162,0.78,7.49,3.55,22.3,47.3,29.9,0.69,medium,medium,medium,0,0,rule-derived from synthetic thresholds
1920,5,Karnal,loam,Sugarcane,361,31.3,215,0.63,7.51,0.24,14.0,47.3,27.0,-0.13,medium,high,medium,0,1,rule-derived from synthetic thresholds
1921,3,Madurai,sandy,Sugarcane,123,30.1,164,0.47,4.92,0.96,19.3,43.3,27.5,-0.73,low,high,medium,1,1,rule-derived from synthetic thresholds
1922,11,Kanpur,loam,Rice,410,12.3,171,0.53,7.37,0.46,207.7,463.6,23.7,1.11,medium,medium,medium,0,0,rule-derived from synthetic thresholds
1923,11,Kanpur,loam,Banana,407,26.0,185,0.68,6.66,0.55,47.8,106.2,25.9,0.12,medium,high,medium,0,1,rule-derived from synthetic thresholds
1924,15,Kolkata (24 Pgs),clay,Potato,336,10.5,242,0.37,8.29,0.31,99.9,205.4,25.1,1.69,medium,medium,medium,0,0,rule-derived from synthetic thresholds
1925,13,Bengaluru Rural,sandy,Ragi,125,21.1,111,0.1,6.29,0.31,69.1,222.9,23.6,-0.68,low,medium,medium,1,0,rule-derived from synthetic thresholds
1926,11,Kanpur,loam,Rice,393,14.6,166,0.69,7.95,0.38,46.8,137.9,22.8,-0.04,medium,medium,medium,0,0,rule-derived from synthetic thresholds
1927,1,Thanjavur,clay,Groundnut,316,14.4,423,0.7,5.92,0.57,43.0,116.2,29.1,-1.86,medium,medium,high,0,1,rule-derived from synthetic thresholds
1928,4,Ludhiana,sandy,Maize,175,14.9,150,0.3,6.79,2.47,27.4,61.7,26.2,-1.13,low,medium,medium,1,0,rule-derived from synthetic thresholds
1929,10,Jaipur,sandy,Wheat,429,18.5,104,0.55,6.35,0.84,107.1,348.2,29.7,-0.6,medium,medium,low,1,0,rule-derived from synthetic thresholds
1930,7,Pune,clay,Sugarcane,543,23.9,341,0.55,8.16,0.58,115.5,247.7,25.7,-0.54,medium,medium,high,0,1,rule-derived from synthetic thresholds
1931,1,Thanjavur,clay,Groundnut,395,9.8,236,0.22,7.86,0.98,155.8,540.6,32.3,-0.18,medium,low,medium,1,0,rule-derived from synthetic thresholds
1932,9,Indore,clay,Chickpea,402,7.5,144,0.37,6.76,0.69,88.3,271.4,23.8,-0.15,medium,low,medium,1,0,rule-derived from synthetic thresholds
1933,12,Patna,loam,Wheat,430,8.5,109,0.56,7.73,0.72,54.2,157.7,24.5,-1.45,medium,low,low,1,0,rule-derived from synthetic thresholds
1934,11,Kanpur,loam,Potato,395,7.6,187,0.79,7.05,1.03,227.3,614.6,25.8,0.75,medium,low,medium,1,0,rule-derived from synthetic thresholds
1935,14,Dharwad,clay,Sugarcane,591,8.6,207,0.94,7.32,0.27,89.0,239.0,20.0,-1.18,high,low,medium,1,1,rule-derived from synthetic thresholds
1936,3,Madurai,sandy,Sunflower,457,7.8,41,0.74,6.3,1.46,28.3,84.1,32.3,1.33,medium,low,low,1,0,rule-derived from synthetic thresholds
1937,15,Kolkata (24 Pgs),clay,Rice,478,11.0,108,0.5,8.29,1.26,219.7,716.0,21.6,-1.07,medium,medium,low,1,0,rule-derived from synthetic thresholds
1938,8,Guntur,clay,Tomato,188,9.6,308,0.1,6.09,0.35,49.2,164.6,27.5,-0.78,low,low,high,1,1,rule-derived from synthetic thresholds
1939,5,Karnal,loam,Groundnut,436,9.4,157,0.86,7.05,1.08,31.8,100.5,26.4,-0.38,medium,low,medium,1,0,rule-derived from synthetic thresholds
1940,13,Bengaluru Rural,sandy,Tomato,138,12.1,123,0.1,6.37,0.21,127.6,340.1,28.7,-0.09,low,medium,medium,1,0,rule-derived from synthetic thresholds
1941,2,Coimbatore,loam,Maize,313,8.1,246,0.41,7.97,0.23,17.4,39.6,27.0,1.25,medium,low,medium,1,0,rule-derived from synthetic thresholds
1942,1,Thanjavur,clay,Groundnut,394,13.2,133,0.54,7.08,0.46,143.6,393.3,31.0,-0.5,medium,medium,medium,0,0,rule-derived from synthetic thresholds
1943,11,Kanpur,loam,Potato,340,29.7,73,0.55,6.85,1.19,63.2,145.5,28.4,1.15,medium,high,low,1,1,rule-derived from synthetic thresholds
1944,11,Kanpur,loam,Wheat,279,16.9,279,0.46,5.15,0.19,11.9,25.6,21.8,2.31,low,medium,medium,1,0,rule-derived from synthetic thresholds
1945,2,Coimbatore,loam,Maize,307,8.7,111,0.66,7.64,0.3,17.1,59.7,22.4,0.38,medium,low,medium,1,0,rule-derived from synthetic thresholds
1946,14,Dharwad,clay,Cotton,504,15.8,322,0.88,8.09,0.97,65.2,201.1,18.7,-0.84,medium,medium,high,0,1,rule-derived from synthetic thresholds
1947,13,Bengaluru Rural,sandy,Tomato,420,18.2,30,0.35,7.44,1.16,38.3,122.1,21.0,0.85,medium,medium,low,1,0,rule-derived from synthetic thresholds
1948,12,Patna,loam,Rice,520,23.6,287,0.8,6.48,0.46,55.9,154.6,29.0,-0.28,medium,medium,high,0,1,rule-derived from synthetic thresholds
1949,6,Nagpur,clay,Cotton,523,18.6,274,0.73,6.82,0.57,22.4,68.6,25.6,0.69,medium,medium,medium,0,0,rule-derived from synthetic thresholds
1950,14,Dharwad,clay,Cotton,482,19.4,304,0.91,8.24,0.62,25.1,62.6,23.8,1.84,medium,medium,high,0,1,rule-derived from synthetic thresholds
1951,2,Coimbatore,loam,Maize,294,20.1,142,0.62,9.06,0.33,2.0,6.6,22.7,0.44,medium,medium,medium,0,0,rule-derived from synthetic thresholds
1952,12,Patna,loam,Wheat,293,6.9,263,0.36,5.68,0.95,48.9,98.3,32.0,-0.49,medium,low,medium,1,0,rule-derived from synthetic thresholds
1953,13,Bengaluru Rural,sandy,Tomato,344,63.9,30,0.45,6.48,0.27,9.2,24.0,24.2,-2.33,medium,high,low,1,1,rule-derived from synthetic thresholds
1954,8,Guntur,clay,Chilli,569,9.7,204,0.6,7.88,0.24,26.7,72.0,29.1,0.19,high,low,medium,1,1,rule-derived from synthetic thresholds
1955,6,Nagpur,clay,Tomato,222,18.1,243,0.46,7.61,0.96,4.3,14.0,27.5,-0.18,low,medium,medium,1,0,rule-derived from synthetic thresholds
1956,8,Guntur,clay,Chilli,428,5.4,366,0.95,8.65,1.69,72.9,210.9,23.2,0.14,medium,low,high,1,1,rule-derived from synthetic thresholds
1957,1,Thanjavur,clay,Banana,455,24.9,251,0.82,8.24,0.24,95.0,239.3,28.5,1.5,medium,medium,medium,0,0,rule-derived from synthetic thresholds
1958,1,Thanjavur,clay,Green gram,358,18.2,159,0.51,7.9,0.18,66.3,182.6,28.8,0.87,medium,medium,medium,0,0,rule-derived from synthetic thresholds
1959,6,Nagpur,clay,Pigeon pea,583,8.2,202,0.65,7.81,1.07,50.3,152.6,28.1,0.48,high,low,medium,1,1,rule-derived from synthetic thresholds
1960,1,Thanjavur,clay,Green gram,532,5.9,307,0.88,8.67,0.82,70.0,174.5,34.6,-1.05,medium,low,high,1,1,rule-derived from synthetic thresholds
1961,10,Jaipur,sandy,Wheat,298,19.9,150,0.16,6.1,0.89,89.9,304.2,28.5,2.37,medium,medium,medium,0,0,rule-derived from synthetic thresholds
1962,10,Jaipur,sandy,Mustard,454,7.7,149,0.54,6.48,0.43,13.1,32.5,25.4,0.69,medium,low,medium,1,0,rule-derived from synthetic thresholds
1963,13,Bengaluru Rural,sandy,Tomato,195,6.8,85,0.22,7.18,0.23,6.3,20.1,23.6,0.62,low,low,low,1,0,rule-derived from synthetic thresholds
1964,5,Karnal,loam,Sugarcane,196,18.5,350,0.52,6.81,0.95,32.8,82.7,23.2,0.65,low,medium,high,1,1,rule-derived from synthetic thresholds
1965,13,Bengaluru Rural,sandy,Tomato,265,8.2,133,0.12,7.07,0.26,126.6,343.9,27.6,2.51,low,low,medium,1,0,rule-derived from synthetic thresholds
1966,5,Karnal,loam,Rice,327,12.3,205,0.39,7.77,1.07,146.7,480.1,26.7,-1.05,medium,medium,medium,0,0,rule-derived from synthetic thresholds
1967,9,Indore,clay,Tomato,521,8.7,283,0.66,8.11,0.8,124.3,273.3,28.1,-2.37,medium,low,high,1,1,rule-derived from synthetic thresholds
1968,13,Bengaluru Rural,sandy,Tomato,339,12.0,280,0.27,5.49,0.28,12.5,41.2,27.6,0.24,medium,medium,medium,0,0,rule-derived from synthetic thresholds
1969,6,Nagpur,clay,Cotton,442,9.5,225,0.88,6.41,1.4,55.0,153.1,30.8,-1.75,medium,low,medium,1,0,rule-derived from synthetic thresholds
1970,2,Coimbatore,loam,Rice,234,6.3,211,0.47,6.43,0.78,13.3,40.6,20.6,0.65,low,low,medium,1,0,rule-derived from synthetic thresholds
1971,13,Bengaluru Rural,sandy,Chickpea,389,17.5,241,0.33,6.98,0.71,59.9,156.6,30.3,1.02,medium,medium,medium,0,0,rule-derived from synthetic thresholds
1972,5,Karnal,loam,Sugarcane,389,4.8,191,0.46,6.45,0.62,60.1,199.4,20.0,-0.3,medium,low,medium,1,0,rule-derived from synthetic thresholds
1973,4,Ludhiana,sandy,Rice,265,17.9,70,0.26,5.64,0.68,154.9,487.3,23.2,0.58,low,medium,low,1,0,rule-derived from synthetic thresholds
1974,11,Kanpur,loam,Wheat,242,23.9,219,0.2,7.52,1.17,111.7,374.3,23.7,1.72,low,medium,medium,1,0,rule-derived from synthetic thresholds
1975,9,Indore,clay,Soybean,527,24.3,306,0.97,7.53,0.46,31.0,71.6,16.9,1.58,medium,medium,high,0,1,rule-derived from synthetic thresholds
1976,1,Thanjavur,clay,Lentil,414,35.5,274,0.65,7.78,0.31,127.5,329.1,26.1,-1.15,medium,high,medium,0,1,rule-derived from synthetic thresholds
1977,14,Dharwad,clay,Sorghum,296,22.9,154,0.43,6.89,0.36,40.2,125.4,21.9,0.36,medium,medium,medium,0,0,rule-derived from synthetic thresholds
1978,8,Guntur,clay,Lentil,235,6.5,247,0.65,6.22,0.08,60.0,178.3,27.9,0.42,low,low,medium,1,0,rule-derived from synthetic thresholds
1979,5,Karnal,loam,Wheat,392,13.5,206,0.71,7.03,0.23,52.6,152.9,23.2,-1.5,medium,medium,medium,0,0,rule-derived from synthetic thresholds
1980,2,Coimbatore,loam,Cotton,436,63.2,155,0.67,6.95,0.69,29.8,82.4,24.3,0.58,medium,high,medium,0,1,rule-derived from synthetic thresholds
1981,11,Kanpur,loam,Rice,408,24.6,187,0.53,7.13,0.59,67.8,149.0,23.4,1.25,medium,medium,medium,0,0,rule-derived from synthetic thresholds
1982,12,Patna,loam,Wheat,282,43.7,235,0.67,8.69,1.31,161.0,479.3,26.6,0.64,medium,high,medium,0,1,rule-derived from synthetic thresholds
1983,12,Patna,loam,Maize,396,7.8,202,0.48,8.32,0.26,182.2,571.4,20.1,-0.47,medium,low,medium,1,0,rule-derived from synthetic thresholds
1984,10,Jaipur,sandy,Mustard,252,14.5,218,0.26,7.29,0.54,44.6,126.5,21.9,-0.73,low,medium,medium,1,0,rule-derived from synthetic thresholds
1985,14,Dharwad,clay,Cotton,599,9.3,249,1.07,6.77,0.21,71.3,212.8,24.4,0.24,high,low,medium,1,1,rule-derived from synthetic thresholds
1986,10,Jaipur,sandy,Pearl millet,446,12.0,171,0.54,7.64,1.06,29.6,64.2,26.4,-1.4,medium,medium,medium,0,0,rule-derived from synthetic thresholds
1987,4,Ludhiana,sandy,Rice,391,21.4,73,0.64,7.12,1.49,1.2,4.0,26.0,0.07,medium,medium,low,1,0,rule-derived from synthetic thresholds
1988,4,Ludhiana,sandy,Potato,304,12.8,187,0.34,5.82,0.3,60.4,146.0,25.8,0.51,medium,medium,medium,0,0,rule-derived from synthetic thresholds
1989,6,Nagpur,clay,Pigeon pea,590,28.0,356,0.79,9.2,0.37,235.7,534.1,24.6,1.63,high,high,high,0,1,rule-derived from synthetic thresholds
1990,11,Kanpur,loam,Wheat,393,40.3,278,0.61,7.05,1.14,95.9,342.7,20.8,0.51,medium,high,medium,0,1,rule-derived from synthetic thresholds
1991,1,Thanjavur,clay,Groundnut,576,27.4,337,1.01,6.72,1.2,16.8,40.2,26.7,1.45,high,high,high,0,1,rule-derived from synthetic thresholds
1992,5,Karnal,loam,Chilli,289,12.5,231,0.45,6.93,0.61,13.7,40.2,24.8,0.08,medium,medium,medium,0,0,rule-derived from synthetic thresholds
1993,7,Pune,clay,Maize,503,20.7,349,0.88,7.87,1.22,52.8,166.1,27.3,-1.08,medium,medium,high,0,1,rule-derived from synthetic thresholds
1994,9,Indore,clay,Soybean,361,17.5,236,0.43,7.2,0.64,53.7,162.0,28.8,0.73,medium,medium,medium,0,0,rule-derived from synthetic thresholds
1995,3,Madurai,sandy,Cotton,417,13.4,193,0.64,8.0,0.25,28.7,70.2,32.9,-0.55,medium,medium,medium,0,0,rule-derived from synthetic thresholds
1996,2,Coimbatore,loam,Sorghum,506,6.9,258,0.76,6.76,0.89,63.0,150.4,24.5,0.82,medium,low,medium,1,0,rule-derived from synthetic thresholds
1997,14,Dharwad,clay,Wheat,519,23.6,188,0.87,9.2,0.93,45.8,95.1,28.6,-0.98,medium,medium,medium,0,0,rule-derived from synthetic thresholds
1998,2,Coimbatore,loam,Sorghum,374,18.3,187,0.45,7.07,0.33,35.0,90.9,28.0,0.13,medium,medium,medium,0,0,rule-derived from synthetic thresholds
1999,2,Coimbatore,loam,Banana,193,15.7,157,0.1,8.0,0.95,51.3,103.5,21.9,1.11,low,medium,medium,1,0,rule-derived from synthetic thresholds
2000,3,Madurai,sandy,Green gram,352,15.1,36,0.44,6.28,1.16,329.5,719.0,29.7,0.82,medium,medium,low,1,0,rule-derived from synthetic thresholds
2001,6,Nagpur,clay,Soybean,529,90.0,229,0.87,8.51,0.4,439.3,912.8,32.7,-1.4,medium,high,medium,0,1,rule-derived from synthetic thresholds
2002,4,Ludhiana,sandy,Groundnut,312,19.5,78,0.59,7.78,1.65,1.8,4.3,26.0,0.54,medium,medium,low,1,0,rule-derived from synthetic thresholds
2003,13,Bengaluru Rural,sandy,Maize,293,13.0,195,0.29,6.02,0.48,23.4,58.7,20.9,0.29,medium,medium,medium,0,0,rule-derived from synthetic thresholds
2004,2,Coimbatore,loam,Banana,637,37.8,152,0.82,7.04,0.8,89.1,271.6,29.0,-1.03,high,high,medium,0,1,rule-derived from synthetic thresholds
2005,3,Madurai,sandy,Cotton,390,5.7,115,0.62,7.05,0.27,26.1,77.0,30.4,-0.16,medium,low,medium,1,0,rule-derived from synthetic thresholds
2006,2,Coimbatore,loam,Sorghum,505,19.9,110,0.64,7.61,0.9,23.7,69.7,25.8,-0.5,medium,medium,medium,0,0,rule-derived from synthetic thresholds
2007,10,Jaipur,sandy,Wheat,369,11.6,37,0.49,6.38,0.35,89.9,212.5,25.9,1.72,medium,medium,low,1,0,rule-derived from synthetic thresholds
2008,14,Dharwad,clay,Chilli,290,9.5,537,0.35,7.46,0.21,24.4,83.9,26.7,0.08,medium,low,high,1,1,rule-derived from synthetic thresholds
2009,3,Madurai,sandy,Soybean,191,39.6,325,0.29,5.78,0.39,126.3,314.5,30.1,-0.15,low,high,high,1,1,rule-derived from synthetic thresholds
2010,9,Indore,clay,Potato,386,6.0,65,0.59,8.65,0.39,22.0,75.7,23.9,-1.62,medium,low,low,1,0,rule-derived from synthetic thresholds
2011,6,Nagpur,clay,Pearl millet,484,8.4,252,0.64,7.99,0.34,270.6,704.8,24.5,-0.12,medium,low,medium,1,0,rule-derived from synthetic thresholds
2012,10,Jaipur,sandy,Turmeric,274,12.1,213,0.29,6.13,0.79,22.0,58.1,23.7,-3.13,low,medium,medium,1,0,rule-derived from synthetic thresholds
2013,10,Jaipur,sandy,Wheat,477,14.1,97,0.61,5.17,0.66,21.7,58.9,21.5,0.99,medium,medium,low,1,0,rule-derived from synthetic thresholds
2014,5,Karnal,loam,Wheat,411,15.0,317,0.42,7.68,0.93,43.1,114.3,24.2,2.6,medium,medium,high,0,1,rule-derived from synthetic thresholds
2015,10,Jaipur,sandy,Banana,289,13.6,30,0.38,7.33,0.45,30.2,64.5,19.3,0.99,medium,medium,low,1,0,rule-derived from synthetic thresholds
2016,1,Thanjavur,clay,Chilli,450,17.3,224,0.91,6.61,0.64,110.8,261.6,30.0,-0.41,medium,medium,medium,0,0,rule-derived from synthetic thresholds
2017,8,Guntur,clay,Green gram,603,13.2,339,0.91,7.39,0.81,99.3,307.4,24.8,0.58,high,medium,high,0,1,rule-derived from synthetic thresholds
2018,15,Kolkata (24 Pgs),clay,Onion,448,30.7,182,0.59,5.88,0.34,132.2,391.1,24.3,-0.52,medium,high,medium,0,1,rule-derived from synthetic thresholds
2019,14,Dharwad,clay,Chilli,525,10.2,268,0.77,8.0,0.92,121.4,367.3,27.3,0.39,medium,medium,medium,0,0,rule-derived from synthetic thresholds
2020,1,Thanjavur,clay,Rice,491,9.4,177,0.81,8.22,0.18,8.4,26.4,28.4,0.18,medium,low,medium,1,0,rule-derived from synthetic thresholds
2021,1,Thanjavur,clay,Groundnut,392,11.7,260,0.77,7.58,1.01,60.5,152.9,25.7,1.78,medium,medium,medium,0,0,rule-derived from synthetic thresholds
2022,13,Bengaluru Rural,sandy,Potato,381,12.2,155,0.45,6.37,2.25,82.9,226.6,25.7,0.18,medium,medium,medium,0,0,rule-derived from synthetic thresholds
2023,4,Ludhiana,sandy,Mustard,311,17.6,241,0.46,7.17,2.38,15.3,32.5,29.0,0.44,medium,medium,medium,0,0,rule-derived from synthetic thresholds
2024,10,Jaipur,sandy,Tomato,316,14.4,112,0.62,6.26,0.4,105.9,237.5,24.4,-2.82,medium,medium,medium,0,0,rule-derived from synthetic thresholds
2025,9,Indore,clay,Soybean,458,28.0,190,0.74,8.26,1.88,16.6,59.0,24.2,-0.24,medium,high,medium,0,1,rule-derived from synthetic thresholds
2026,7,Pune,clay,Onion,546,44.2,135,0.82,9.03,1.93,31.9,74.9,27.7,-0.64,medium,high,medium,0,1,rule-derived from synthetic thresholds
2027,5,Karnal,loam,Rice,294,18.5,298,0.65,6.48,0.42,6.0,15.0,20.7,-1.78,medium,medium,high,0,1,rule-derived from synthetic thresholds
2028,12,Patna,loam,Rice,416,7.5,153,0.56,7.63,1.13,90.6,303.0,29.8,1.77,medium,low,medium,1,0,rule-derived from synthetic thresholds
2029,4,Ludhiana,sandy,Potato,356,6.7,287,0.22,6.53,0.33,65.5,132.4,24.0,1.39,medium,low,high,1,1,rule-derived from synthetic thresholds
2030,12,Patna,loam,Banana,465,7.4,257,0.59,7.76,1.71,16.2,56.6,26.7,0.57,medium,low,medium,1,0,rule-derived from synthetic thresholds
2031,4,Ludhiana,sandy,Maize,373,18.1,80,0.44,7.01,0.63,106.6,274.3,23.5,1.63,medium,medium,low,1,0,rule-derived from synthetic thresholds
2032,14,Dharwad,clay,Chilli,472,61.7,240,0.67,6.82,0.96,106.1,241.8,24.2,0.82,medium,high,medium,0,1,rule-derived from synthetic thresholds
2033,11,Kanpur,loam,Wheat,304,15.2,169,0.58,7.26,1.62,208.3,709.1,23.4,0.28,medium,medium,medium,0,0,rule-derived from synthetic thresholds
2034,9,Indore,clay,Maize,110,12.4,286,0.19,8.55,0.82,67.8,168.6,23.3,-1.53,low,medium,high,1,1,rule-derived from synthetic thresholds
2035,2,Coimbatore,loam,Sorghum,398,9.1,189,0.62,8.39,3.58,154.4,546.1,25.0,-1.27,medium,low,medium,1,0,rule-derived from synthetic thresholds
2036,4,Ludhiana,sandy,Maize,423,25.0,30,0.42,6.75,0.32,84.6,286.8,27.5,-0.34,medium,medium,low,1,0,rule-derived from synthetic thresholds
2037,10,Jaipur,sandy,Mustard,158,16.0,56,0.24,6.54,0.33,12.9,45.9,28.4,0.02,low,medium,low,1,0,rule-derived from synthetic thresholds
2038,9,Indore,clay,Chickpea,431,9.9,202,0.55,8.45,0.81,22.8,81.1,24.3,0.58,medium,low,medium,1,0,rule-derived from synthetic thresholds
2039,2,Coimbatore,loam,Cotton,306,3.0,226,0.42,7.93,0.89,161.5,478.0,25.7,-1.57,medium,low,medium,1,0,rule-derived from synthetic thresholds
2040,2,Coimbatore,loam,Sorghum,359,18.0,170,0.25,7.83,0.79,83.5,243.9,23.3,0.33,medium,medium,medium,0,0,rule-derived from synthetic thresholds
2041,10,Jaipur,sandy,Wheat,341,20.4,101,0.44,6.5,0.32,4.0,12.4,25.3,0.92,medium,medium,low,1,0,rule-derived from synthetic thresholds
2042,6,Nagpur,clay,Pigeon pea,337,30.1,331,0.65,8.16,0.42,80.0,212.6,24.1,0.76,medium,high,high,0,1,rule-derived from synthetic thresholds
2043,8,Guntur,clay,Chilli,330,6.9,399,0.64,7.68,0.22,19.5,60.7,27.8,1.16,medium,low,high,1,1,rule-derived from synthetic thresholds
2044,10,Jaipur,sandy,Mustard,460,9.7,30,0.68,5.97,0.42,114.6,265.0,23.2,-0.83,medium,low,low,1,0,rule-derived from synthetic thresholds
2045,13,Bengaluru Rural,sandy,Ragi,375,7.4,189,0.29,5.63,1.24,86.5,181.4,26.0,1.81,medium,low,medium,1,0,rule-derived from synthetic thresholds
2046,4,Ludhiana,sandy,Soybean,256,4.9,30,0.34,6.01,0.45,162.7,364.9,21.6,-0.09,low,low,low,1,0,rule-derived from synthetic thresholds
2047,11,Kanpur,loam,Wheat,286,23.6,291,0.6,7.91,0.3,88.9,264.9,31.2,-0.71,medium,medium,high,0,1,rule-derived from synthetic thresholds
2048,13,Bengaluru Rural,sandy,Maize,355,31.1,161,0.3,6.68,0.8,16.0,51.1,22.5,-0.85,medium,high,medium,0,1,rule-derived from synthetic thresholds
2049,14,Dharwad,clay,Chilli,391,17.6,331,0.4,7.09,2.21,36.0,115.3,28.0,0.79,medium,medium,high,0,1,rule-derived from synthetic thresholds
2050,15,Kolkata (24 Pgs),clay,Tomato,383,24.1,272,0.5,6.44,0.89,12.4,44.4,29.8,-0.08,medium,medium,medium,0,0,rule-derived from synthetic thresholds
2051,1,Thanjavur,clay,Rice,447,15.1,199,0.75,7.43,1.87,14.2,40.6,27.7,-0.4,medium,medium,medium,0,0,rule-derived from synthetic thresholds
2052,2,Coimbatore,loam,Maize,429,12.2,116,0.41,4.91,1.29,32.7,93.8,25.9,0.92,medium,medium,medium,0,0,rule-derived from synthetic thresholds
2053,14,Dharwad,clay,Chickpea,589,7.2,275,1.08,8.11,0.84,62.3,156.0,27.2,-1.78,high,low,medium,1,1,rule-derived from synthetic thresholds
2054,4,Ludhiana,sandy,Wheat,253,8.2,49,0.26,6.79,0.33,25.6,84.2,26.7,0.43,low,low,low,1,0,rule-derived from synthetic thresholds
2055,5,Karnal,loam,Sugarcane,365,15.2,132,0.51,7.65,0.15,100.1,224.4,23.2,1.27,medium,medium,medium,0,0,rule-derived from synthetic thresholds
2056,8,Guntur,clay,Groundnut,355,5.3,215,0.47,8.01,1.0,29.9,67.6,28.2,-0.62,medium,low,medium,1,0,rule-derived from synthetic thresholds
2057,10,Jaipur,sandy,Pearl millet,291,23.1,32,0.1,7.12,0.62,25.8,74.5,27.3,-0.54,medium,medium,low,1,0,rule-derived from synthetic thresholds
2058,1,Thanjavur,clay,Groundnut,346,27.4,272,0.62,8.21,0.28,134.6,299.5,25.3,0.2,medium,high,medium,0,1,rule-derived from synthetic thresholds
2059,10,Jaipur,sandy,Cotton,243,42.2,159,0.22,6.32,1.09,24.2,81.2,28.6,-0.5,low,high,medium,1,1,rule-derived from synthetic thresholds
2060,2,Coimbatore,loam,Cotton,569,11.9,311,0.63,7.4,1.09,24.5,60.0,27.1,1.19,high,medium,high,0,1,rule-derived from synthetic thresholds
2061,6,Nagpur,clay,Cotton,338,7.8,272,0.57,8.55,0.4,89.8,308.7,30.3,0.02,medium,low,medium,1,0,rule-derived from synthetic thresholds
2062,14,Dharwad,clay,Sorghum,444,80.8,382,0.67,9.2,0.28,176.1,362.2,27.2,-0.33,medium,high,high,0,1,rule-derived from synthetic thresholds
2063,2,Coimbatore,loam,Cotton,295,22.4,122,0.28,7.59,0.84,42.8,129.6,30.0,0.62,medium,medium,medium,0,0,rule-derived from synthetic thresholds
2064,1,Thanjavur,clay,Wheat,456,13.8,464,0.98,8.19,0.34,118.7,244.6,24.7,-1.16,medium,medium,high,0,1,rule-derived from synthetic thresholds
2065,8,Guntur,clay,Rice,342,37.3,312,0.43,8.94,0.4,188.1,436.4,24.9,0.67,medium,high,high,0,1,rule-derived from synthetic thresholds
2066,4,Ludhiana,sandy,Pigeon pea,268,19.2,51,0.37,6.25,1.16,28.6,96.4,21.7,1.29,low,medium,low,1,0,rule-derived from synthetic thresholds
2067,4,Ludhiana,sandy,Pigeon pea,378,6.8,91,0.43,7.12,0.71,92.5,220.4,24.6,-1.05,medium,low,low,1,0,rule-derived from synthetic thresholds
2068,7,Pune,clay,Maize,436,22.0,330,0.94,8.08,0.75,52.9,177.5,27.9,-0.51,medium,medium,high,0,1,rule-derived from synthetic thresholds
2069,3,Madurai,sandy,Rice,403,5.1,30,0.65,6.78,0.65,65.9,171.7,31.3,1.76,medium,low,low,1,0,rule-derived from synthetic thresholds
2070,1,Thanjavur,clay,Green gram,570,4.6,194,1.0,8.46,0.51,16.8,53.1,27.8,-0.22,high,low,medium,1,1,rule-derived from synthetic thresholds
2071,14,Dharwad,clay,Sunflower,352,19.8,275,0.36,7.1,0.33,45.1,142.2,26.2,-1.17,medium,medium,medium,0,0,rule-derived from synthetic thresholds
2072,13,Bengaluru Rural,sandy,Ragi,460,21.4,30,0.75,6.75,0.22,27.1,59.8,24.3,-1.16,medium,medium,low,1,0,rule-derived from synthetic thresholds
2073,7,Pune,clay,Sugarcane,399,4.0,206,0.67,8.24,1.08,34.5,109.1,26.4,-1.28,medium,low,medium,1,0,rule-derived from synthetic thresholds
2074,13,Bengaluru Rural,sandy,Rice,415,8.1,198,0.63,6.75,0.5,43.0,125.4,23.0,-1.16,medium,low,medium,1,0,rule-derived from synthetic thresholds
2075,15,Kolkata (24 Pgs),clay,Rice,316,14.3,217,0.24,7.28,1.13,68.7,204.4,29.1,-1.67,medium,medium,medium,0,0,rule-derived from synthetic thresholds
2076,6,Nagpur,clay,Ragi,344,8.3,292,0.43,7.26,0.29,109.4,276.4,22.5,0.68,medium,low,high,1,1,rule-derived from synthetic thresholds
2077,3,Madurai,sandy,Chilli,329,54.2,88,0.49,6.56,0.15,23.1,66.9,28.6,-0.78,medium,high,low,1,1,rule-derived from synthetic thresholds
2078,4,Ludhiana,sandy,Rice,292,10.8,30,0.35,6.83,0.15,18.0,38.4,25.8,-0.48,medium,medium,low,1,0,rule-derived from synthetic thresholds
2079,15,Kolkata (24 Pgs),clay,Rice,438,18.5,97,0.64,8.33,0.79,48.8,138.9,23.7,0.06,medium,medium,low,1,0,rule-derived from synthetic thresholds
2080,14,Dharwad,clay,Sorghum,454,3.4,280,0.8,6.45,0.33,94.9,217.5,21.5,-2.01,medium,low,medium,1,0,rule-derived from synthetic thresholds
2081,11,Kanpur,loam,Wheat,408,31.4,176,0.79,7.48,0.41,33.9,116.8,22.9,0.2,medium,high,medium,0,1,rule-derived from synthetic thresholds
2082,11,Kanpur,loam,Wheat,311,18.6,171,0.45,7.08,0.42,62.6,150.3,23.6,-1.25,medium,medium,medium,0,0,rule-derived from synthetic thresholds
2083,5,Karnal,loam,Turmeric,335,36.2,284,0.49,7.59,1.01,68.3,176.6,23.0,-0.63,medium,high,high,0,1,rule-derived from synthetic thresholds
2084,8,Guntur,clay,Cotton,512,26.2,358,0.62,7.74,0.55,109.0,303.7,30.3,-0.79,medium,high,high,0,1,rule-derived from synthetic thresholds
2085,6,Nagpur,clay,Cotton,524,20.2,177,0.79,9.03,1.54,91.2,240.7,23.5,0.57,medium,medium,medium,0,0,rule-derived from synthetic thresholds
2086,6,Nagpur,clay,Soybean,490,18.7,291,0.54,7.56,0.2,38.6,87.7,25.8,0.57,medium,medium,high,0,1,rule-derived from synthetic thresholds
2087,11,Kanpur,loam,Wheat,383,70.4,178,0.52,7.31,0.61,121.8,287.8,23.9,-0.74,medium,high,medium,0,1,rule-derived from synthetic thresholds
2088,9,Indore,clay,Chickpea,316,6.5,157,0.41,7.63,1.41,33.2,108.2,21.9,-1.05,medium,low,medium,1,0,rule-derived from synthetic thresholds
2089,7,Pune,clay,Onion,332,24.4,311,0.64,9.05,1.56,19.4,64.3,25.7,-0.35,medium,medium,high,0,1,rule-derived from synthetic thresholds
2090,4,Ludhiana,sandy,Wheat,358,3.9,211,0.57,6.11,0.59,36.1,107.6,24.5,0.83,medium,low,medium,1,0,rule-derived from synthetic thresholds
2091,10,Jaipur,sandy,Wheat,281,21.1,121,0.19,5.82,0.64,19.3,41.1,26.0,0.42,medium,medium,medium,0,0,rule-derived from synthetic thresholds
2092,7,Pune,clay,Maize,488,37.2,278,0.88,6.87,1.08,31.3,73.0,19.7,-0.22,medium,high,medium,0,1,rule-derived from synthetic thresholds
2093,1,Thanjavur,clay,Chilli,259,7.1,159,0.68,6.29,0.53,175.6,501.2,31.7,-0.21,low,low,medium,1,0,rule-derived from synthetic thresholds
2094,11,Kanpur,loam,Rice,314,10.4,89,0.43,7.71,0.67,53.4,124.8,27.6,0.68,medium,medium,low,1,0,rule-derived from synthetic thresholds
2095,6,Nagpur,clay,Soybean,465,38.6,124,0.93,7.69,0.1,30.3,93.2,30.1,-0.4,medium,high,medium,0,1,rule-derived from synthetic thresholds
2096,7,Pune,clay,Sugarcane,452,7.0,347,0.97,7.98,1.63,13.5,41.5,28.6,1.07,medium,low,high,1,1,rule-derived from synthetic thresholds
2097,15,Kolkata (24 Pgs),clay,Sunflower,230,4.5,144,0.54,6.25,0.23,242.7,511.8,23.3,0.37,low,low,medium,1,0,rule-derived from synthetic thresholds
2098,11,Kanpur,loam,Pigeon pea,309,36.8,172,0.46,8.35,0.21,61.8,162.3,22.3,-0.49,medium,high,medium,0,1,rule-derived from synthetic thresholds
2099,2,Coimbatore,loam,Maize,149,5.8,283,0.27,5.71,1.57,68.3,215.9,21.7,1.37,low,low,high,1,1,rule-derived from synthetic thresholds
2100,12,Patna,loam,Maize,352,7.3,205,0.5,7.35,0.11,244.0,756.2,28.5,-0.93,medium,low,medium,1,0,rule-derived from synthetic thresholds
2101,5,Karnal,loam,Cotton,511,9.6,220,0.97,7.29,1.88,26.9,80.6,21.9,-3.26,medium,low,medium,1,0,rule-derived from synthetic thresholds
2102,12,Patna,loam,Wheat,541,8.8,164,0.69,9.2,0.38,47.6,98.4,29.4,0.16,medium,low,medium,1,0,rule-derived from synthetic thresholds
2103,6,Nagpur,clay,Cotton,468,27.8,226,0.63,7.18,1.11,111.4,379.3,29.6,-0.71,medium,high,medium,0,1,rule-derived from synthetic thresholds
2104,9,Indore,clay,Wheat,496,12.2,286,0.94,7.94,1.4,42.0,137.8,25.4,0.9,medium,medium,high,0,1,rule-derived from synthetic thresholds
2105,11,Kanpur,loam,Rice,381,14.8,91,0.62,6.25,1.45,9.6,22.4,30.9,-0.02,medium,medium,low,1,0,rule-derived from synthetic thresholds
2106,3,Madurai,sandy,Sorghum,244,18.5,202,0.29,7.25,1.19,37.6,92.6,26.3,0.43,low,medium,medium,1,0,rule-derived from synthetic thresholds
2107,3,Madurai,sandy,Chilli,265,13.6,210,0.1,6.64,1.61,145.7,475.3,24.6,-1.14,low,medium,medium,1,0,rule-derived from synthetic thresholds
2108,11,Kanpur,loam,Potato,405,8.6,214,0.56,8.28,0.81,21.0,61.3,24.4,-0.51,medium,low,medium,1,0,rule-derived from synthetic thresholds
2109,2,Coimbatore,loam,Maize,541,10.5,128,0.69,6.18,2.01,19.8,43.1,25.8,0.86,medium,medium,medium,0,0,rule-derived from synthetic thresholds
2110,13,Bengaluru Rural,sandy,Tomato,338,2.2,98,0.51,6.17,0.86,44.6,121.7,24.4,-1.17,medium,low,low,1,0,rule-derived from synthetic thresholds
2111,7,Pune,clay,Onion,444,19.0,194,0.65,7.64,1.64,50.9,115.1,28.1,2.32,medium,medium,medium,0,0,rule-derived from synthetic thresholds
2112,2,Coimbatore,loam,Banana,498,12.4,144,0.76,9.18,1.03,30.5,84.6,28.3,-0.37,medium,medium,medium,0,0,rule-derived from synthetic thresholds
2113,12,Patna,loam,Sugarcane,504,18.1,104,0.98,7.05,0.23,49.6,138.7,24.1,1.18,medium,medium,low,1,0,rule-derived from synthetic thresholds
2114,14,Dharwad,clay,Cotton,381,15.2,424,0.65,7.59,0.6,42.0,142.4,25.9,0.83,medium,medium,high,0,1,rule-derived from synthetic thresholds
2115,2,Coimbatore,loam,Cotton,389,6.2,216,0.69,7.27,0.53,236.3,847.4,30.1,0.16,medium,low,medium,1,0,rule-derived from synthetic thresholds
2116,15,Kolkata (24 Pgs),clay,Tomato,316,26.8,140,0.54,7.32,0.47,132.7,303.7,25.5,0.1,medium,high,medium,0,1,rule-derived from synthetic thresholds
2117,7,Pune,clay,Sugarcane,356,11.1,278,0.31,8.22,1.06,39.4,108.0,32.1,-0.54,medium,medium,medium,0,0,rule-derived from synthetic thresholds
2118,11,Kanpur,loam,Potato,70,37.8,186,0.1,6.29,0.6,57.6,191.2,30.4,-0.56,low,high,medium,1,1,rule-derived from synthetic thresholds
2119,4,Ludhiana,sandy,Wheat,368,10.0,216,0.34,6.03,0.57,120.2,249.0,23.2,-0.58,medium,medium,medium,0,0,rule-derived from synthetic thresholds
2120,2,Coimbatore,loam,Maize,343,10.9,271,0.79,5.86,0.68,35.3,82.8,27.9,-0.99,medium,medium,medium,0,0,rule-derived from synthetic thresholds
2121,15,Kolkata (24 Pgs),clay,Rice,462,24.4,63,0.72,8.19,0.6,61.2,178.2,31.2,1.15,medium,medium,low,1,0,rule-derived from synthetic thresholds
2122,10,Jaipur,sandy,Cotton,394,17.1,142,0.18,6.69,0.88,15.1,37.7,23.1,-1.0,medium,medium,medium,0,0,rule-derived from synthetic thresholds
2123,4,Ludhiana,sandy,Maize,384,10.1,140,0.47,6.21,1.03,31.5,97.3,25.5,0.75,medium,medium,medium,0,0,rule-derived from synthetic thresholds
2124,6,Nagpur,clay,Wheat,319,19.9,296,0.63,6.92,1.09,76.0,195.7,31.7,-0.05,medium,medium,high,0,1,rule-derived from synthetic thresholds
2125,12,Patna,loam,Wheat,348,5.4,90,0.31,8.44,0.14,281.9,598.7,21.3,-0.49,medium,low,low,1,0,rule-derived from synthetic thresholds
2126,5,Karnal,loam,Wheat,424,17.6,202,0.61,6.22,0.77,35.6,104.7,24.1,0.87,medium,medium,medium,0,0,rule-derived from synthetic thresholds
2127,11,Kanpur,loam,Potato,422,5.9,255,0.43,7.32,0.35,9.8,20.5,30.3,0.03,medium,low,medium,1,0,rule-derived from synthetic thresholds
2128,1,Thanjavur,clay,Rice,473,17.5,300,0.67,6.3,0.23,75.0,167.3,29.0,-1.04,medium,medium,high,0,1,rule-derived from synthetic thresholds
2129,15,Kolkata (24 Pgs),clay,Mustard,442,10.4,331,0.58,7.51,0.61,37.3,97.4,29.7,0.33,medium,medium,high,0,1,rule-derived from synthetic thresholds
2130,11,Kanpur,loam,Cotton,277,21.1,47,0.42,7.42,0.94,86.1,226.2,30.4,-0.6,low,medium,low,1,0,rule-derived from synthetic thresholds
2131,6,Nagpur,clay,Soybean,414,18.2,214,0.62,7.47,2.42,78.2,171.5,33.5,1.02,medium,medium,medium,0,0,rule-derived from synthetic thresholds
2132,9,Indore,clay,Wheat,331,7.3,30,0.55,7.1,0.75,35.5,109.8,27.8,0.75,medium,low,low,1,0,rule-derived from synthetic thresholds
2133,3,Madurai,sandy,Chilli,185,3.1,191,0.25,5.25,0.55,36.5,84.0,28.0,0.46,low,low,medium,1,0,rule-derived from synthetic thresholds
2134,7,Pune,clay,Sugarcane,328,12.7,260,0.6,7.06,0.81,62.5,129.4,26.9,1.01,medium,medium,medium,0,0,rule-derived from synthetic thresholds
2135,6,Nagpur,clay,Cotton,456,25.2,312,0.7,8.18,0.85,71.0,142.9,21.9,1.25,medium,high,high,0,1,rule-derived from synthetic thresholds
2136,6,Nagpur,clay,Pigeon pea,406,40.2,268,0.62,9.02,0.83,20.2,43.5,25.3,0.37,medium,high,medium,0,1,rule-derived from synthetic thresholds
2137,13,Bengaluru Rural,sandy,Onion,384,18.0,30,0.47,5.99,0.14,171.5,399.0,26.8,-1.12,medium,medium,low,1,0,rule-derived from synthetic thresholds
2138,7,Pune,clay,Maize,327,18.8,242,0.36,6.45,0.21,106.0,247.2,29.4,1.21,medium,medium,medium,0,0,rule-derived from synthetic thresholds
2139,1,Thanjavur,clay,Groundnut,441,32.4,269,0.79,8.43,1.24,32.9,110.4,26.9,1.2,medium,high,medium,0,1,rule-derived from synthetic thresholds
2140,7,Pune,clay,Sugarcane,299,2.8,255,0.1,6.69,0.41,35.6,113.5,28.5,-0.28,medium,low,medium,1,0,rule-derived from synthetic thresholds
2141,1,Thanjavur,clay,Rice,343,13.3,200,0.8,7.45,0.55,15.6,51.2,29.7,-0.05,medium,medium,medium,0,0,rule-derived from synthetic thresholds
2142,8,Guntur,clay,Pearl millet,466,16.5,168,0.7,7.5,0.38,79.2,164.3,28.3,0.15,medium,medium,medium,0,0,rule-derived from synthetic thresholds
2143,11,Kanpur,loam,Rice,272,66.6,157,0.1,7.38,0.8,18.7,57.1,26.2,-0.3,low,high,medium,1,1,rule-derived from synthetic thresholds
2144,2,Coimbatore,loam,Mustard,538,3.4,30,0.67,6.23,0.44,76.9,218.2,29.8,-0.93,medium,low,low,1,0,rule-derived from synthetic thresholds
2145,1,Thanjavur,clay,Rice,178,15.9,312,0.39,7.83,0.14,21.9,44.6,29.1,0.19,low,medium,high,1,1,rule-derived from synthetic thresholds
2146,6,Nagpur,clay,Turmeric,341,38.3,197,0.44,7.3,0.64,19.9,53.6,29.3,-0.9,medium,high,medium,0,1,rule-derived from synthetic thresholds
2147,8,Guntur,clay,Rice,474,16.0,188,0.86,8.03,1.75,72.3,149.4,25.7,-0.36,medium,medium,medium,0,0,rule-derived from synthetic thresholds
2148,1,Thanjavur,clay,Groundnut,447,19.1,56,0.78,7.94,0.39,92.4,203.4,31.1,-0.42,medium,medium,low,1,0,rule-derived from synthetic thresholds
2149,5,Karnal,loam,Rice,419,13.7,310,0.53,5.54,0.56,51.6,177.9,23.5,0.24,medium,medium,high,0,1,rule-derived from synthetic thresholds
2150,12,Patna,loam,Rice,409,33.8,295,0.57,5.29,1.05,107.9,275.5,20.2,0.85,medium,high,high,0,1,rule-derived from synthetic thresholds
2151,9,Indore,clay,Wheat,524,4.0,280,0.78,7.61,0.81,129.1,410.0,23.9,-0.13,medium,low,medium,1,0,rule-derived from synthetic thresholds
2152,8,Guntur,clay,Sunflower,400,13.2,201,0.63,6.82,0.94,174.3,550.2,25.2,0.59,medium,medium,medium,0,0,rule-derived from synthetic thresholds
2153,2,Coimbatore,loam,Maize,377,7.4,170,0.62,6.66,0.59,14.0,40.4,28.1,-0.81,medium,low,medium,1,0,rule-derived from synthetic thresholds
2154,12,Patna,loam,Maize,501,7.2,220,0.39,7.56,0.38,34.6,111.2,23.5,0.15,medium,low,medium,1,0,rule-derived from synthetic thresholds
2155,9,Indore,clay,Lentil,451,3.8,341,0.57,8.33,0.17,21.9,72.8,27.9,-0.57,medium,low,high,1,1,rule-derived from synthetic thresholds
2156,7,Pune,clay,Onion,484,12.5,317,0.93,5.52,0.3,43.3,135.2,25.1,-0.53,medium,medium,high,0,1,rule-derived from synthetic thresholds
2157,10,Jaipur,sandy,Pigeon pea,257,4.0,87,0.27,7.4,1.15,19.5,48.5,21.0,0.25,low,low,low,1,0,rule-derived from synthetic thresholds
2158,3,Madurai,sandy,Rice,315,8.4,154,0.39,7.89,1.61,25.6,79.6,30.5,-1.81,medium,low,medium,1,0,rule-derived from synthetic thresholds
2159,11,Kanpur,loam,Tomato,338,44.4,122,0.59,8.76,0.61,41.7,117.7,26.4,0.54,medium,high,medium,0,1,rule-derived from synthetic thresholds
2160,5,Karnal,loam,Lentil,489,29.4,250,0.65,7.6,0.29,26.5,63.5,26.6,0.29,medium,high,medium,0,1,rule-derived from synthetic thresholds
2161,1,Thanjavur,clay,Groundnut,388,2.9,303,0.73,7.67,1.05,105.2,265.1,32.3,-1.26,medium,low,high,1,1,rule-derived from synthetic thresholds
2162,4,Ludhiana,sandy,Banana,300,11.2,86,0.34,7.24,0.24,4.5,16.2,26.2,0.19,medium,medium,low,1,0,rule-derived from synthetic thresholds
2163,6,Nagpur,clay,Pigeon pea,234,10.9,321,0.38,6.65,0.23,74.9,160.0,28.4,1.52,low,medium,high,1,1,rule-derived from synthetic thresholds
2164,7,Pune,clay,Maize,540,9.7,219,0.59,7.37,1.72,25.9,54.2,24.0,-0.96,medium,low,medium,1,0,rule-derived from synthetic thresholds
2165,4,Ludhiana,sandy,Rice,364,16.8,145,0.36,5.91,0.25,72.2,232.9,24.6,-0.68,medium,medium,medium,0,0,rule-derived from synthetic thresholds
2166,12,Patna,loam,Maize,302,8.1,189,0.58,7.12,0.22,53.3,107.0,24.5,0.68,medium,low,medium,1,0,rule-derived from synthetic thresholds
2167,4,Ludhiana,sandy,Rice,128,6.7,242,0.29,5.67,0.78,50.0,147.2,26.6,2.15,low,low,medium,1,0,rule-derived from synthetic thresholds
2168,2,Coimbatore,loam,Pigeon pea,227,12.8,175,0.63,6.21,0.37,85.4,233.7,27.3,0.62,low,medium,medium,1,0,rule-derived from synthetic thresholds
2169,4,Ludhiana,sandy,Chickpea,331,34.9,47,0.5,6.47,0.67,130.6,280.2,19.5,0.15,medium,high,low,1,1,rule-derived from synthetic thresholds
2170,7,Pune,clay,Onion,555,15.7,214,0.59,8.13,0.54,3.7,10.8,23.9,0.74,medium,medium,medium,0,0,rule-derived from synthetic thresholds
2171,1,Thanjavur,clay,Groundnut,385,28.9,325,0.58,8.21,0.41,98.4,330.6,30.7,1.15,medium,high,high,0,1,rule-derived from synthetic thresholds
2172,2,Coimbatore,loam,Cotton,282,8.2,139,0.53,6.23,0.49,87.1,307.7,26.8,0.38,medium,low,medium,1,0,rule-derived from synthetic thresholds
2173,3,Madurai,sandy,Chilli,397,9.5,139,0.78,6.92,0.7,28.8,58.1,34.3,0.44,medium,low,medium,1,0,rule-derived from synthetic thresholds
2174,6,Nagpur,clay,Soybean,344,6.4,244,0.87,6.86,1.05,293.8,840.8,30.8,0.16,medium,low,medium,1,0,rule-derived from synthetic thresholds
2175,15,Kolkata (24 Pgs),clay,Tomato,437,4.7,230,0.89,7.73,0.82,98.2,274.5,26.6,-0.48,medium,low,medium,1,0,rule-derived from synthetic thresholds
2176,9,Indore,clay,Onion,296,24.4,179,0.48,6.74,0.47,158.7,517.9,22.4,0.19,medium,medium,medium,0,0,rule-derived from synthetic thresholds
2177,2,Coimbatore,loam,Banana,376,19.9,161,0.57,6.81,0.31,60.0,211.3,26.0,-2.32,medium,medium,medium,0,0,rule-derived from synthetic thresholds
2178,2,Coimbatore,loam,Maize,284,12.5,159,0.46,6.8,0.65,76.4,272.1,27.4,-0.86,medium,medium,medium,0,0,rule-derived from synthetic thresholds
2179,2,Coimbatore,loam,Banana,450,5.3,205,0.71,7.59,0.35,33.3,109.3,26.7,-1.26,medium,low,medium,1,0,rule-derived from synthetic thresholds
2180,1,Thanjavur,clay,Lentil,314,25.9,247,0.32,8.25,0.71,41.6,92.1,26.2,-1.22,medium,high,medium,0,1,rule-derived from synthetic thresholds
2181,8,Guntur,clay,Cotton,456,5.1,376,0.96,6.1,1.23,36.9,115.4,31.0,-0.25,medium,low,high,1,1,rule-derived from synthetic thresholds
2182,11,Kanpur,loam,Sorghum,452,10.4,265,0.92,8.19,0.24,75.3,256.6,25.9,-1.56,medium,medium,medium,0,0,rule-derived from synthetic thresholds
2183,7,Pune,clay,Soybean,399,12.1,254,0.58,8.13,0.51,133.6,416.3,24.0,0.88,medium,medium,medium,0,0,rule-derived from synthetic thresholds
2184,7,Pune,clay,Potato,465,21.8,275,0.64,8.28,0.49,60.2,136.6,27.7,-0.92,medium,medium,medium,0,0,rule-derived from synthetic thresholds
2185,9,Indore,clay,Cotton,384,7.1,193,0.43,7.42,0.36,94.2,245.0,23.9,-0.52,medium,low,medium,1,0,rule-derived from synthetic thresholds
2186,6,Nagpur,clay,Ragi,483,9.0,264,0.59,8.05,1.37,41.8,149.5,26.4,2.26,medium,low,medium,1,0,rule-derived from synthetic thresholds
2187,13,Bengaluru Rural,sandy,Pearl millet,181,6.1,32,0.15,6.86,1.0,37.4,89.2,20.8,-1.03,low,low,low,1,0,rule-derived from synthetic thresholds
2188,11,Kanpur,loam,Wheat,362,42.4,385,0.6,7.11,0.16,59.7,201.0,21.1,0.26,medium,high,high,0,1,rule-derived from synthetic thresholds
2189,15,Kolkata (24 Pgs),clay,Lentil,324,16.1,68,0.49,7.81,0.97,681.6,1913.4,30.8,0.05,medium,medium,low,1,0,rule-derived from synthetic thresholds
2190,2,Coimbatore,loam,Maize,434,13.9,181,0.7,7.17,0.33,62.9,147.0,26.7,1.04,medium,medium,medium,0,0,rule-derived from synthetic thresholds
2191,7,Pune,clay,Sugarcane,484,24.9,213,0.88,7.64,0.86,82.9,281.9,27.9,1.44,medium,medium,medium,0,0,rule-derived from synthetic thresholds
2192,13,Bengaluru Rural,sandy,Ragi,341,16.2,153,0.61,6.21,0.53,148.2,297.2,22.8,0.73,medium,medium,medium,0,0,rule-derived from synthetic thresholds
2193,11,Kanpur,loam,Potato,293,14.2,255,0.53,7.35,0.81,18.2,46.9,24.9,-0.61,medium,medium,medium,0,0,rule-derived from synthetic thresholds
2194,12,Patna,loam,Rice,507,9.9,232,0.63,7.79,2.98,66.2,149.1,30.1,-0.43,medium,low,medium,1,0,rule-derived from synthetic thresholds
2195,8,Guntur,clay,Onion,396,18.7,286,0.45,6.82,4.0,21.4,68.3,30.6,-0.84,medium,medium,high,0,1,rule-derived from synthetic thresholds
2196,6,Nagpur,clay,Soybean,407,18.4,320,0.54,8.43,0.36,66.0,216.1,21.4,0.06,medium,medium,high,0,1,rule-derived from synthetic thresholds
2197,12,Patna,loam,Chilli,259,40.2,116,0.72,8.0,1.08,138.5,435.5,29.4,-0.68,low,high,medium,1,1,rule-derived from synthetic thresholds
2198,8,Guntur,clay,Cotton,404,21.1,302,0.81,9.18,0.43,47.7,131.7,31.5,1.6,medium,medium,high,0,1,rule-derived from synthetic thresholds
2199,7,Pune,clay,Maize,337,11.7,275,0.63,8.32,1.6,14.5,32.2,24.5,-0.01,medium,medium,medium,0,0,rule-derived from synthetic thresholds
2200,6,Nagpur,clay,Pigeon pea,506,6.1,140,0.83,8.32,0.87,72.2,234.9,22.3,-1.61,medium,low,medium,1,0,rule-derived from synthetic thresholds
2201,2,Coimbatore,loam,Wheat,586,11.3,172,0.79,6.11,0.86,29.5,103.1,25.9,-0.21,high,medium,medium,0,1,rule-derived from synthetic thresholds
2202,12,Patna,loam,Wheat,291,12.4,227,0.18,7.15,0.57,70.0,214.0,25.0,-1.01,medium,medium,medium,0,0,rule-derived from synthetic thresholds
2203,13,Bengaluru Rural,sandy,Maize,503,11.5,115,0.67,6.6,0.46,35.9,98.9,23.5,-0.47,medium,medium,medium,0,0,rule-derived from synthetic thresholds
2204,1,Thanjavur,clay,Mustard,331,23.5,172,0.67,6.86,0.38,111.0,388.0,30.0,0.47,medium,medium,medium,0,0,rule-derived from synthetic thresholds
2205,7,Pune,clay,Sunflower,437,27.4,361,0.91,7.94,0.25,78.3,172.6,28.5,-0.85,medium,high,high,0,1,rule-derived from synthetic thresholds
2206,11,Kanpur,loam,Ragi,235,6.9,232,0.49,7.38,0.82,54.9,141.8,24.8,1.02,low,low,medium,1,0,rule-derived from synthetic thresholds
2207,3,Madurai,sandy,Rice,335,16.7,83,0.17,5.89,0.72,20.9,46.6,30.6,-0.32,medium,medium,low,1,0,rule-derived from synthetic thresholds
2208,5,Karnal,loam,Turmeric,327,9.3,163,0.57,7.43,1.85,35.4,121.2,23.0,1.14,medium,low,medium,1,0,rule-derived from synthetic thresholds
2209,15,Kolkata (24 Pgs),clay,Potato,558,48.0,285,0.85,8.19,0.16,285.5,804.0,30.7,1.46,medium,high,high,0,1,rule-derived from synthetic thresholds
2210,12,Patna,loam,Wheat,420,10.8,284,0.54,6.78,1.01,39.2,135.1,29.0,-0.99,medium,medium,high,0,1,rule-derived from synthetic thresholds
2211,14,Dharwad,clay,Cotton,533,13.6,259,0.87,9.15,1.02,179.4,361.4,18.7,0.81,medium,medium,medium,0,0,rule-derived from synthetic thresholds
2212,15,Kolkata (24 Pgs),clay,Mustard,297,15.9,266,0.61,6.78,0.61,98.9,248.5,22.6,0.08,medium,medium,medium,0,0,rule-derived from synthetic thresholds
2213,11,Kanpur,loam,Potato,486,10.9,239,0.53,6.95,0.33,42.9,116.9,27.8,-0.34,medium,medium,medium,0,0,rule-derived from synthetic thresholds
2214,5,Karnal,loam,Wheat,310,26.0,230,0.58,6.43,1.7,77.9,215.8,22.6,-0.41,medium,high,medium,0,1,rule-derived from synthetic thresholds
2215,15,Kolkata (24 Pgs),clay,Rice,326,20.7,221,0.8,7.73,0.28,704.0,2253.4,24.3,2.58,medium,medium,medium,0,0,rule-derived from synthetic thresholds
2216,7,Pune,clay,Sugarcane,471,17.9,246,0.65,7.7,0.2,34.6,100.6,27.1,0.1,medium,medium,medium,0,0,rule-derived from synthetic thresholds
2217,9,Indore,clay,Chickpea,422,5.6,322,0.58,6.49,2.33,94.9,281.1,24.9,0.74,medium,low,high,1,1,rule-derived from synthetic thresholds
2218,9,Indore,clay,Chickpea,429,29.8,318,0.65,6.3,0.6,25.4,55.1,23.3,-0.42,medium,high,high,0,1,rule-derived from synthetic thresholds
2219,9,Indore,clay,Chickpea,561,9.6,302,0.7,6.29,0.22,252.0,591.7,22.3,1.65,high,low,high,1,1,rule-derived from synthetic thresholds
2220,9,Indore,clay,Wheat,622,7.6,368,0.71,8.57,0.41,52.7,156.4,25.2,3.11,high,low,high,1,1,rule-derived from synthetic thresholds
2221,12,Patna,loam,Rice,60,14.5,259,0.14,8.39,1.85,138.0,412.6,24.6,1.53,low,medium,medium,1,0,rule-derived from synthetic thresholds
2222,3,Madurai,sandy,Rice,338,29.3,238,0.28,6.54,0.42,34.0,72.5,28.0,0.75,medium,high,medium,0,1,rule-derived from synthetic thresholds
2223,7,Pune,clay,Chickpea,407,16.8,262,0.86,6.28,0.29,80.2,188.5,26.9,0.8,medium,medium,medium,0,0,rule-derived from synthetic thresholds
2224,9,Indore,clay,Chickpea,384,24.2,253,0.69,8.34,0.42,140.6,349.2,25.3,-2.82,medium,medium,medium,0,0,rule-derived from synthetic thresholds
2225,9,Indore,clay,Chickpea,479,25.2,247,0.46,7.84,0.72,540.7,1388.8,23.0,0.59,medium,high,medium,0,1,rule-derived from synthetic thresholds
2226,11,Kanpur,loam,Rice,163,26.4,216,0.53,6.78,0.06,73.7,164.6,24.1,-1.2,low,high,medium,1,1,rule-derived from synthetic thresholds
2227,6,Nagpur,clay,Cotton,247,19.9,268,0.62,8.28,1.32,3.2,8.6,31.3,-0.37,low,medium,medium,1,0,rule-derived from synthetic thresholds
2228,15,Kolkata (24 Pgs),clay,Green gram,447,14.8,263,0.91,9.2,1.46,67.1,205.3,26.1,-0.53,medium,medium,medium,0,0,rule-derived from synthetic thresholds
2229,1,Thanjavur,clay,Groundnut,427,4.4,221,0.86,7.31,1.68,281.7,719.5,25.9,-1.5,medium,low,medium,1,0,rule-derived from synthetic thresholds
2230,11,Kanpur,loam,Rice,453,9.4,164,0.7,6.51,0.95,63.5,134.8,27.5,1.1,medium,low,medium,1,0,rule-derived from synthetic thresholds
2231,3,Madurai,sandy,Green gram,372,12.3,129,0.49,7.41,0.88,28.6,58.8,26.4,-0.36,medium,medium,medium,0,0,rule-derived from synthetic thresholds
2232,10,Jaipur,sandy,Wheat,440,45.0,222,0.21,6.96,0.41,43.5,125.4,26.0,0.86,medium,high,medium,0,1,rule-derived from synthetic thresholds
2233,1,Thanjavur,clay,Pearl millet,319,18.4,282,0.43,7.36,0.43,9.7,32.1,27.1,-1.24,medium,medium,high,0,1,rule-derived from synthetic thresholds
2234,4,Ludhiana,sandy,Green gram,375,7.3,118,0.65,6.82,0.44,61.4,180.8,24.1,1.47,medium,low,medium,1,0,rule-derived from synthetic thresholds
2235,6,Nagpur,clay,Soybean,504,12.3,387,0.56,7.43,0.23,58.2,164.7,27.6,1.65,medium,medium,high,0,1,rule-derived from synthetic thresholds
2236,2,Coimbatore,loam,Cotton,355,20.4,236,0.57,6.88,1.16,49.1,166.1,23.8,0.68,medium,medium,medium,0,0,rule-derived from synthetic thresholds
2237,5,Karnal,loam,Rice,370,13.2,148,0.76,6.67,0.2,151.4,438.6,23.1,-0.74,medium,medium,medium,0,0,rule-derived from synthetic thresholds
2238,10,Jaipur,sandy,Mustard,303,11.4,30,0.35,7.38,0.68,47.3,153.1,23.0,1.52,medium,medium,low,1,0,rule-derived from synthetic thresholds
2239,3,Madurai,sandy,Cotton,404,12.5,76,0.24,6.18,0.82,51.9,144.0,27.6,0.06,medium,medium,low,1,0,rule-derived from synthetic thresholds
2240,10,Jaipur,sandy,Mustard,415,5.3,123,0.49,6.75,0.9,13.0,44.3,24.6,0.02,medium,low,medium,1,0,rule-derived from synthetic thresholds
2241,8,Guntur,clay,Rice,419,7.3,326,0.7,8.62,1.19,24.6,86.2,24.9,-0.69,medium,low,high,1,1,rule-derived from synthetic thresholds
2242,13,Bengaluru Rural,sandy,Maize,363,3.8,76,0.49,7.27,0.21,19.1,66.6,24.8,-1.7,medium,low,low,1,0,rule-derived from synthetic thresholds
2243,10,Jaipur,sandy,Wheat,365,16.4,123,0.44,6.55,0.74,12.8,34.6,29.2,0.34,medium,medium,medium,0,0,rule-derived from synthetic thresholds
2244,7,Pune,clay,Onion,266,36.6,332,0.6,7.13,1.02,53.2,184.0,26.2,0.15,low,high,high,1,1,rule-derived from synthetic thresholds
2245,13,Bengaluru Rural,sandy,Tomato,516,6.4,133,0.56,6.08,0.88,25.5,67.3,22.2,-1.72,medium,low,medium,1,0,rule-derived from synthetic thresholds
2246,3,Madurai,sandy,Rice,452,11.0,169,0.52,5.92,0.4,44.2,126.3,24.6,-0.13,medium,medium,medium,0,0,rule-derived from synthetic thresholds
2247,9,Indore,clay,Chickpea,227,17.4,185,0.33,8.78,0.57,117.3,334.2,25.9,0.17,low,medium,medium,1,0,rule-derived from synthetic thresholds
2248,4,Ludhiana,sandy,Banana,125,33.4,30,0.43,8.02,0.31,70.8,150.6,25.1,-0.14,low,high,low,1,1,rule-derived from synthetic thresholds
2249,7,Pune,clay,Potato,372,4.3,280,0.53,7.88,0.58,226.0,668.1,25.3,0.31,medium,low,medium,1,0,rule-derived from synthetic thresholds
2250,8,Guntur,clay,Rice,450,20.5,265,0.76,8.14,1.14,77.2,161.7,32.7,-0.83,medium,medium,medium,0,0,rule-derived from synthetic thresholds
2251,9,Indore,clay,Chickpea,290,18.5,291,0.38,8.83,0.35,16.1,36.2,22.2,0.55,medium,medium,high,0,1,rule-derived from synthetic thresholds
2252,5,Karnal,loam,Chilli,496,8.7,172,0.73,7.13,1.55,18.4,36.9,21.0,0.34,medium,low,medium,1,0,rule-derived from synthetic thresholds
2253,10,Jaipur,sandy,Rice,335,8.2,115,0.59,7.19,0.44,4.2,9.0,26.3,-2.13,medium,low,medium,1,0,rule-derived from synthetic thresholds
2254,3,Madurai,sandy,Rice,177,18.0,170,0.34,5.95,0.94,43.0,88.0,29.4,1.64,low,medium,medium,1,0,rule-derived from synthetic thresholds
2255,3,Madurai,sandy,Chilli,115,55.9,169,0.24,7.88,0.26,33.9,117.7,28.1,0.28,low,high,medium,1,1,rule-derived from synthetic thresholds
2256,2,Coimbatore,loam,Cotton,370,8.6,187,0.7,7.69,0.62,30.2,105.9,22.9,-0.18,medium,low,medium,1,0,rule-derived from synthetic thresholds
2257,8,Guntur,clay,Rice,534,13.4,260,0.78,7.21,0.29,31.8,105.5,29.8,-0.2,medium,medium,medium,0,0,rule-derived from synthetic thresholds
2258,7,Pune,clay,Chickpea,607,18.4,271,0.89,7.4,0.59,45.9,155.9,24.0,0.71,high,medium,medium,0,1,rule-derived from synthetic thresholds
2259,13,Bengaluru Rural,sandy,Ragi,210,18.2,91,0.1,5.96,0.27,34.5,96.2,30.2,2.34,low,medium,low,1,0,rule-derived from synthetic thresholds
2260,6,Nagpur,clay,Wheat,312,90.0,291,0.77,6.92,3.93,43.3,89.7,29.1,0.86,medium,high,high,0,1,rule-derived from synthetic thresholds
2261,9,Indore,clay,Soybean,417,6.7,188,0.69,7.55,1.45,79.2,260.6,22.8,0.15,medium,low,medium,1,0,rule-derived from synthetic thresholds
2262,15,Kolkata (24 Pgs),clay,Rice,441,20.8,137,0.79,7.04,0.72,321.5,884.7,31.8,1.82,medium,medium,medium,0,0,rule-derived from synthetic thresholds
2263,10,Jaipur,sandy,Rice,411,9.3,159,0.92,6.79,0.18,19.2,61.1,31.4,-1.24,medium,low,medium,1,0,rule-derived from synthetic thresholds
2264,13,Bengaluru Rural,sandy,Pearl millet,318,6.1,98,0.74,5.84,0.9,24.1,68.4,25.7,1.91,medium,low,low,1,0,rule-derived from synthetic thresholds
2265,8,Guntur,clay,Rice,430,17.4,356,0.73,7.39,2.82,44.5,99.7,30.8,-0.62,medium,medium,high,0,1,rule-derived from synthetic thresholds
2266,3,Madurai,sandy,Rice,424,9.7,231,0.76,7.39,0.2,37.1,74.8,33.3,-1.6,medium,low,medium,1,0,rule-derived from synthetic thresholds
2267,7,Pune,clay,Maize,354,6.3,328,0.5,8.07,0.55,27.7,68.3,23.5,0.01,medium,low,high,1,1,rule-derived from synthetic thresholds
2268,12,Patna,loam,Chilli,482,13.1,281,0.63,6.27,0.79,175.5,475.9,23.7,-0.63,medium,medium,high,0,1,rule-derived from synthetic thresholds
2269,2,Coimbatore,loam,Banana,397,26.6,250,0.61,7.86,0.85,4.5,10.7,26.3,-1.02,medium,high,medium,0,1,rule-derived from synthetic thresholds
2270,8,Guntur,clay,Chilli,307,13.8,306,0.42,7.4,1.41,301.5,925.2,30.3,-0.75,medium,medium,high,0,1,rule-derived from synthetic thresholds
2271,8,Guntur,clay,Chilli,388,9.2,217,0.33,8.42,0.73,32.2,70.8,32.9,-0.22,medium,low,medium,1,0,rule-derived from synthetic thresholds
2272,14,Dharwad,clay,Chilli,400,8.2,355,0.79,8.39,0.68,74.4,166.1,28.6,-1.0,medium,low,high,1,1,rule-derived from synthetic thresholds
2273,15,Kolkata (24 Pgs),clay,Potato,438,35.8,265,0.55,8.11,0.52,410.0,865.7,25.5,-0.85,medium,high,medium,0,1,rule-derived from synthetic thresholds
2274,10,Jaipur,sandy,Ragi,318,12.4,120,0.53,6.79,0.43,56.1,134.1,23.6,0.02,medium,medium,medium,0,0,rule-derived from synthetic thresholds
2275,4,Ludhiana,sandy,Rice,244,21.0,30,0.26,6.94,0.13,122.8,355.0,24.8,-0.94,low,medium,low,1,0,rule-derived from synthetic thresholds
2276,4,Ludhiana,sandy,Wheat,306,36.7,146,0.55,5.7,1.36,66.4,133.0,25.7,0.79,medium,high,medium,0,1,rule-derived from synthetic thresholds
2277,9,Indore,clay,Wheat,442,8.6,288,0.56,7.07,0.96,30.9,73.1,31.8,-1.31,medium,low,high,1,1,rule-derived from synthetic thresholds
2278,3,Madurai,sandy,Wheat,220,5.2,259,0.1,5.79,0.28,131.5,399.4,27.8,0.52,low,low,medium,1,0,rule-derived from synthetic thresholds
2279,11,Kanpur,loam,Wheat,406,19.2,322,0.52,6.69,0.38,14.7,49.3,29.8,-0.28,medium,medium,high,0,1,rule-derived from synthetic thresholds
2280,15,Kolkata (24 Pgs),clay,Mustard,639,21.7,349,1.11,7.56,0.72,108.7,327.8,28.3,0.13,high,medium,high,0,1,rule-derived from synthetic thresholds
2281,3,Madurai,sandy,Rice,299,31.3,187,0.29,6.58,0.17,320.5,769.5,29.3,0.43,medium,high,medium,0,1,rule-derived from synthetic thresholds
2282,14,Dharwad,clay,Cotton,484,4.2,56,0.79,7.37,0.26,54.6,122.6,22.0,-0.36,medium,low,low,1,0,rule-derived from synthetic thresholds
2283,1,Thanjavur,clay,Tomato,484,34.9,249,0.62,7.33,0.33,97.7,312.4,26.5,0.9,medium,high,medium,0,1,rule-derived from synthetic thresholds
2284,8,Guntur,clay,Rice,373,21.1,396,0.48,7.67,0.6,90.0,219.2,26.8,-0.32,medium,medium,high,0,1,rule-derived from synthetic thresholds
2285,6,Nagpur,clay,Soybean,388,25.4,246,0.73,7.68,1.03,61.3,170.3,29.9,-1.0,medium,high,medium,0,1,rule-derived from synthetic thresholds
2286,9,Indore,clay,Soybean,406,7.4,152,0.65,6.27,0.52,32.3,115.4,28.5,-0.99,medium,low,medium,1,0,rule-derived from synthetic thresholds
2287,8,Guntur,clay,Rice,402,7.6,178,0.42,9.04,0.71,24.0,55.6,28.1,-0.13,medium,low,medium,1,0,rule-derived from synthetic thresholds
2288,9,Indore,clay,Chickpea,218,9.5,209,0.39,7.83,0.43,56.4,171.9,24.7,1.15,low,low,medium,1,0,rule-derived from synthetic thresholds
2289,2,Coimbatore,loam,Sorghum,350,6.3,253,0.42,8.18,0.14,69.1,244.5,24.2,0.18,medium,low,medium,1,0,rule-derived from synthetic thresholds
2290,12,Patna,loam,Rice,450,23.0,160,0.59,7.24,0.89,17.8,49.0,32.6,-0.65,medium,medium,medium,0,0,rule-derived from synthetic thresholds
2291,15,Kolkata (24 Pgs),clay,Mustard,362,36.1,241,0.44,7.76,1.61,39.1,84.2,29.5,0.58,medium,high,medium,0,1,rule-derived from synthetic thresholds
2292,8,Guntur,clay,Groundnut,382,10.8,249,0.46,7.65,1.21,36.7,117.9,31.1,0.4,medium,medium,medium,0,0,rule-derived from synthetic thresholds
2293,13,Bengaluru Rural,sandy,Pearl millet,346,21.4,376,0.38,7.13,0.26,139.2,296.3,24.0,1.29,medium,medium,high,0,1,rule-derived from synthetic thresholds
2294,2,Coimbatore,loam,Sorghum,565,17.5,30,0.82,6.57,0.22,86.2,194.4,29.6,-0.78,high,medium,low,1,1,rule-derived from synthetic thresholds
2295,11,Kanpur,loam,Rice,337,30.4,208,0.59,6.16,0.54,73.9,178.2,24.2,0.52,medium,high,medium,0,1,rule-derived from synthetic thresholds
2296,5,Karnal,loam,Groundnut,438,7.0,100,0.66,6.96,0.84,7.6,20.3,25.2,-0.13,medium,low,low,1,0,rule-derived from synthetic thresholds
2297,11,Kanpur,loam,Rice,395,19.7,294,0.75,7.01,0.8,32.1,93.4,28.4,-1.29,medium,medium,high,0,1,rule-derived from synthetic thresholds
2298,9,Indore,clay,Turmeric,530,7.6,332,0.76,8.36,0.26,21.0,57.8,26.6,-0.05,medium,low,high,1,1,rule-derived from synthetic thresholds
2299,1,Thanjavur,clay,Green gram,266,6.8,337,0.63,8.89,0.66,133.5,480.5,24.5,0.49,low,low,high,1,1,rule-derived from synthetic thresholds
2300,6,Nagpur,clay,Rice,515,15.1,240,0.62,7.42,0.93,113.4,281.0,22.9,0.1,medium,medium,medium,0,0,rule-derived from synthetic thresholds
2301,7,Pune,clay,Sugarcane,248,26.7,133,0.27,9.2,0.81,69.1,202.6,25.7,0.13,low,high,medium,1,1,rule-derived from synthetic thresholds
2302,13,Bengaluru Rural,sandy,Lentil,306,14.3,181,0.48,6.7,0.24,89.4,184.6,23.2,-1.47,medium,medium,medium,0,0,rule-derived from synthetic thresholds
2303,2,Coimbatore,loam,Sorghum,347,12.8,197,0.51,7.37,1.09,167.1,557.1,25.5,0.78,medium,medium,medium,0,0,rule-derived from synthetic thresholds
2304,15,Kolkata (24 Pgs),clay,Mustard,375,14.0,266,0.72,6.43,3.39,284.5,820.2,29.5,-0.2,medium,medium,medium,0,0,rule-derived from synthetic thresholds
2305,1,Thanjavur,clay,Groundnut,446,21.5,147,0.51,7.91,0.97,120.5,261.9,28.0,-0.34,medium,medium,medium,0,0,rule-derived from synthetic thresholds
2306,4,Ludhiana,sandy,Sugarcane,425,9.5,42,0.3,7.61,0.93,60.4,135.9,22.4,1.8,medium,low,low,1,0,rule-derived from synthetic thresholds
2307,3,Madurai,sandy,Cotton,212,23.3,69,0.33,6.5,3.57,97.2,330.3,26.8,-0.54,low,medium,low,1,0,rule-derived from synthetic thresholds
2308,14,Dharwad,clay,Cotton,527,5.6,293,1.02,8.97,0.76,247.7,539.2,25.5,-2.5,medium,low,high,1,1,rule-derived from synthetic thresholds
2309,9,Indore,clay,Soybean,362,17.3,322,0.7,7.03,0.72,27.4,63.4,23.9,-0.82,medium,medium,high,0,1,rule-derived from synthetic thresholds
2310,11,Kanpur,loam,Rice,307,10.7,286,0.36,6.71,0.59,64.8,186.1,27.2,-0.82,medium,medium,high,0,1,rule-derived from synthetic thresholds
2311,11,Kanpur,loam,Potato,279,5.9,362,0.43,6.83,0.25,18.3,55.6,27.1,0.72,low,low,high,1,1,rule-derived from synthetic thresholds
2312,9,Indore,clay,Sorghum,509,23.4,291,0.63,7.53,0.96,105.3,252.0,22.2,-1.52,medium,medium,high,0,1,rule-derived from synthetic thresholds
2313,5,Karnal,loam,Rice,303,13.7,205,0.66,6.28,0.57,12.3,42.7,21.3,0.04,medium,medium,medium,0,0,rule-derived from synthetic thresholds
2314,2,Coimbatore,loam,Maize,259,5.2,298,0.55,7.81,0.7,22.2,45.4,23.7,-1.13,low,low,high,1,1,rule-derived from synthetic thresholds
2315,7,Pune,clay,Sugarcane,459,29.1,319,0.73,7.55,0.25,110.6,389.7,23.1,-0.51,medium,high,high,0,1,rule-derived from synthetic thresholds
2316,7,Pune,clay,Onion,268,21.1,337,0.5,9.2,5.21,31.8,65.4,32.0,-2.77,low,medium,high,1,1,rule-derived from synthetic thresholds
2317,7,Pune,clay,Onion,202,29.3,323,0.58,6.93,1.3,14.2,34.4,28.1,-0.91,low,high,high,1,1,rule-derived from synthetic thresholds
2318,15,Kolkata (24 Pgs),clay,Soybean,347,8.4,273,0.5,8.46,1.88,22.3,56.7,26.0,0.11,medium,low,medium,1,0,rule-derived from synthetic thresholds
2319,2,Coimbatore,loam,Cotton,437,21.0,270,0.65,5.43,0.46,53.3,132.9,27.6,0.46,medium,medium,medium,0,0,rule-derived from synthetic thresholds
2320,10,Jaipur,sandy,Pearl millet,317,24.3,219,0.22,5.97,7.6,6.4,22.5,26.1,0.32,medium,medium,medium,0,0,rule-derived from synthetic thresholds
2321,3,Madurai,sandy,Cotton,214,26.3,126,0.1,5.81,0.58,102.8,277.4,28.6,-0.69,low,high,medium,1,1,rule-derived from synthetic thresholds
2322,9,Indore,clay,Wheat,444,7.8,167,0.6,7.21,0.21,115.9,265.7,25.9,0.33,medium,low,medium,1,0,rule-derived from synthetic thresholds
2323,11,Kanpur,loam,Potato,380,5.7,194,0.6,5.64,0.75,34.8,101.2,23.8,-0.28,medium,low,medium,1,0,rule-derived from synthetic thresholds
2324,1,Thanjavur,clay,Soybean,540,13.6,195,0.6,9.2,0.68,89.5,193.8,31.2,-0.23,medium,medium,medium,0,0,rule-derived from synthetic thresholds
2325,7,Pune,clay,Soybean,340,14.9,351,0.44,8.49,0.45,30.4,80.9,25.1,1.46,medium,medium,high,0,1,rule-derived from synthetic thresholds
2326,5,Karnal,loam,Sugarcane,388,22.1,156,0.44,8.33,0.21,52.3,160.3,30.1,2.51,medium,medium,medium,0,0,rule-derived from synthetic thresholds
2327,8,Guntur,clay,Cotton,354,13.8,390,0.53,7.49,0.35,42.0,127.1,30.5,1.06,medium,medium,high,0,1,rule-derived from synthetic thresholds
2328,8,Guntur,clay,Cotton,437,9.1,264,0.64,8.65,0.65,23.2,62.4,29.4,-0.29,medium,low,medium,1,0,rule-derived from synthetic thresholds
2329,8,Guntur,clay,Rice,225,21.0,230,0.4,7.91,0.24,122.9,349.2,31.2,-1.33,low,medium,medium,1,0,rule-derived from synthetic thresholds
2330,10,Jaipur,sandy,Pearl millet,348,11.6,30,0.41,6.28,0.41,64.7,179.1,30.9,0.19,medium,medium,low,1,0,rule-derived from synthetic thresholds
2331,4,Ludhiana,sandy,Maize,386,5.2,61,0.36,6.69,0.19,35.3,95.4,23.0,0.28,medium,low,low,1,0,rule-derived from synthetic thresholds
2332,13,Bengaluru Rural,sandy,Ragi,213,42.4,264,0.1,6.45,0.49,139.9,369.0,18.6,-1.8,low,high,medium,1,1,rule-derived from synthetic thresholds
2333,13,Bengaluru Rural,sandy,Maize,395,5.6,134,0.5,5.85,1.16,23.7,56.0,24.3,0.53,medium,low,medium,1,0,rule-derived from synthetic thresholds
2334,7,Pune,clay,Mustard,395,36.3,210,0.67,6.96,0.29,43.5,130.0,20.5,-0.55,medium,high,medium,0,1,rule-derived from synthetic thresholds
2335,14,Dharwad,clay,Cotton,358,22.1,264,0.34,8.09,0.18,55.1,189.4,28.0,-0.12,medium,medium,medium,0,0,rule-derived from synthetic thresholds
2336,5,Karnal,loam,Ragi,336,8.8,152,0.31,6.87,0.28,91.8,257.3,26.5,-2.48,medium,low,medium,1,0,rule-derived from synthetic thresholds
2337,4,Ludhiana,sandy,Maize,267,8.7,124,0.23,6.0,1.32,42.0,104.3,27.2,-0.77,low,low,medium,1,0,rule-derived from synthetic thresholds
2338,5,Karnal,loam,Sugarcane,252,12.1,121,0.46,8.38,0.35,15.3,53.0,24.2,2.34,low,medium,medium,1,0,rule-derived from synthetic thresholds
2339,12,Patna,loam,Green gram,443,18.1,193,0.74,6.38,0.22,206.7,637.4,28.4,-0.2,medium,medium,medium,0,0,rule-derived from synthetic thresholds
2340,3,Madurai,sandy,Chilli,484,4.4,30,0.76,7.2,0.32,6.1,20.2,27.2,-1.17,medium,low,low,1,0,rule-derived from synthetic thresholds
2341,5,Karnal,loam,Sugarcane,240,18.4,154,0.49,7.34,0.3,111.3,337.8,29.4,1.18,low,medium,medium,1,0,rule-derived from synthetic thresholds
2342,3,Madurai,sandy,Chilli,320,21.1,266,0.51,7.08,0.34,144.7,322.6,31.1,-0.62,medium,medium,medium,0,0,rule-derived from synthetic thresholds
2343,7,Pune,clay,Sugarcane,388,2.5,30,0.72,7.76,0.68,72.4,220.9,26.1,1.68,medium,low,low,1,0,rule-derived from synthetic thresholds
2344,5,Karnal,loam,Sugarcane,552,11.3,30,0.87,8.31,2.07,180.3,623.6,24.0,-1.34,medium,medium,low,1,0,rule-derived from synthetic thresholds
2345,13,Bengaluru Rural,sandy,Tomato,292,8.7,101,0.19,7.76,0.38,49.8,157.9,29.0,0.86,medium,low,low,1,0,rule-derived from synthetic thresholds
2346,12,Patna,loam,Rice,383,19.4,235,0.44,7.07,0.73,97.3,316.5,27.7,0.62,medium,medium,medium,0,0,rule-derived from synthetic thresholds
2347,14,Dharwad,clay,Rice,425,5.4,387,0.48,6.05,0.75,26.6,76.7,27.8,1.53,medium,low,high,1,1,rule-derived from synthetic thresholds
2348,7,Pune,clay,Sugarcane,526,17.9,213,0.72,8.21,0.65,29.9,80.6,23.5,1.31,medium,medium,medium,0,0,rule-derived from synthetic thresholds
2349,8,Guntur,clay,Rice,328,12.6,318,0.44,6.81,0.18,156.3,497.2,27.0,0.13,medium,medium,high,0,1,rule-derived from synthetic thresholds
2350,13,Bengaluru Rural,sandy,Tomato,503,26.4,58,0.69,6.31,0.53,45.4,129.3,21.8,-1.38,medium,high,low,1,1,rule-derived from synthetic thresholds
2351,11,Kanpur,loam,Potato,268,11.6,119,0.25,6.88,0.78,72.7,198.4,30.0,0.12,low,medium,medium,1,0,rule-derived from synthetic thresholds
2352,15,Kolkata (24 Pgs),clay,Tomato,282,8.0,313,0.55,7.33,0.53,213.1,687.5,26.4,0.93,medium,low,high,1,1,rule-derived from synthetic thresholds
2353,15,Kolkata (24 Pgs),clay,Potato,361,17.8,133,0.42,7.68,0.76,430.1,897.1,26.3,0.97,medium,medium,medium,0,0,rule-derived from synthetic thresholds
2354,2,Coimbatore,loam,Sorghum,374,4.7,255,0.68,6.93,3.65,27.1,81.4,27.6,-0.72,medium,low,medium,1,0,rule-derived from synthetic thresholds
2355,4,Ludhiana,sandy,Soybean,448,90.0,93,0.55,8.04,0.74,47.0,116.0,18.1,0.84,medium,high,low,1,1,rule-derived from synthetic thresholds
2356,11,Kanpur,loam,Wheat,252,18.6,303,0.46,6.48,0.73,150.3,405.6,26.0,-0.1,low,medium,high,1,1,rule-derived from synthetic thresholds
2357,2,Coimbatore,loam,Maize,329,13.0,73,0.48,7.1,4.06,105.7,331.5,24.6,0.98,medium,medium,low,1,0,rule-derived from synthetic thresholds
2358,2,Coimbatore,loam,Cotton,469,15.1,156,0.76,7.36,0.94,25.6,91.0,26.8,0.32,medium,medium,medium,0,0,rule-derived from synthetic thresholds
2359,3,Madurai,sandy,Green gram,409,23.0,62,0.52,6.45,2.21,18.9,53.2,33.9,0.38,medium,medium,low,1,0,rule-derived from synthetic thresholds
2360,2,Coimbatore,loam,Banana,201,9.3,336,0.21,7.4,0.62,30.8,84.8,29.7,1.11,low,low,high,1,1,rule-derived from synthetic thresholds
2361,10,Jaipur,sandy,Pearl millet,192,5.1,178,0.1,6.6,1.1,50.3,170.6,31.6,-0.44,low,low,medium,1,0,rule-derived from synthetic thresholds
2362,5,Karnal,loam,Rice,433,6.8,378,0.76,6.84,2.36,125.0,338.6,26.6,2.09,medium,low,high,1,1,rule-derived from synthetic thresholds
2363,15,Kolkata (24 Pgs),clay,Mustard,459,8.3,397,0.79,7.44,0.46,22.8,46.9,25.1,-1.32,medium,low,high,1,1,rule-derived from synthetic thresholds
2364,2,Coimbatore,loam,Ragi,457,14.2,121,0.56,6.76,0.82,129.6,360.9,24.7,-1.07,medium,medium,medium,0,0,rule-derived from synthetic thresholds
2365,7,Pune,clay,Groundnut,518,32.4,262,0.8,8.01,0.56,82.7,252.9,27.2,0.25,medium,high,medium,0,1,rule-derived from synthetic thresholds
2366,10,Jaipur,sandy,Pearl millet,438,8.3,107,0.44,5.28,0.33,121.7,410.4,27.5,0.18,medium,low,low,1,0,rule-derived from synthetic thresholds
2367,6,Nagpur,clay,Maize,293,12.6,279,0.38,7.26,0.43,38.2,78.0,22.3,-0.27,medium,medium,medium,0,0,rule-derived from synthetic thresholds
2368,11,Kanpur,loam,Sugarcane,370,3.4,293,0.5,9.2,0.34,17.9,60.2,25.5,0.83,medium,low,high,1,1,rule-derived from synthetic thresholds
2369,13,Bengaluru Rural,sandy,Pearl millet,316,29.2,110,0.63,8.02,0.36,36.0,113.7,23.5,-1.02,medium,high,medium,0,1,rule-derived from synthetic thresholds
2370,10,Jaipur,sandy,Mustard,373,8.9,160,0.31,5.56,0.59,128.2,312.6,28.8,-0.43,medium,low,medium,1,0,rule-derived from synthetic thresholds
2371,10,Jaipur,sandy,Pearl millet,371,14.2,30,0.51,6.14,2.25,6.8,16.2,24.3,0.27,medium,medium,low,1,0,rule-derived from synthetic thresholds
2372,9,Indore,clay,Soybean,546,9.2,146,0.73,7.58,0.43,40.5,138.7,28.4,0.06,medium,low,medium,1,0,rule-derived from synthetic thresholds
2373,15,Kolkata (24 Pgs),clay,Potato,327,13.6,270,0.37,8.32,0.35,115.1,335.0,29.6,0.71,medium,medium,medium,0,0,rule-derived from synthetic thresholds
2374,12,Patna,loam,Maize,447,13.8,230,0.64,6.3,0.54,541.1,1872.8,25.1,-1.38,medium,medium,medium,0,0,rule-derived from synthetic thresholds
2375,1,Thanjavur,clay,Groundnut,343,24.0,269,0.49,7.3,1.29,55.8,200.3,29.5,2.86,medium,medium,medium,0,0,rule-derived from synthetic thresholds
2376,12,Patna,loam,Rice,388,21.4,254,0.53,7.16,0.14,44.9,113.3,28.0,2.09,medium,medium,medium,0,0,rule-derived from synthetic thresholds
2377,3,Madurai,sandy,Sugarcane,489,24.3,89,0.68,6.53,0.94,277.3,956.9,31.3,0.59,medium,medium,low,1,0,rule-derived from synthetic thresholds
2378,14,Dharwad,clay,Cotton,349,24.8,379,0.46,9.2,0.23,50.9,160.5,25.6,1.24,medium,medium,high,0,1,rule-derived from synthetic thresholds
2379,5,Karnal,loam,Rice,221,7.1,68,0.32,8.07,0.62,53.4,124.2,24.3,0.26,low,low,low,1,0,rule-derived from synthetic thresholds
2380,11,Kanpur,loam,Rice,449,18.8,87,0.76,6.54,0.37,17.9,39.9,26.2,0.93,medium,medium,low,1,0,rule-derived from synthetic thresholds
2381,12,Patna,loam,Sunflower,519,15.1,102,0.63,6.15,0.49,4.5,13.0,30.2,-0.02,medium,medium,low,1,0,rule-derived from synthetic thresholds
2382,6,Nagpur,clay,Soybean,446,8.8,434,0.74,7.01,0.8,48.1,117.1,23.4,-0.35,medium,low,high,1,1,rule-derived from synthetic thresholds
2383,15,Kolkata (24 Pgs),clay,Potato,517,23.1,176,0.94,7.68,0.38,27.2,59.6,28.9,0.38,medium,medium,medium,0,0,rule-derived from synthetic thresholds
2384,8,Guntur,clay,Chilli,491,27.0,71,0.91,7.7,0.48,94.3,253.4,26.1,-0.39,medium,high,low,1,1,rule-derived from synthetic thresholds
2385,7,Pune,clay,Onion,426,23.4,333,0.4,6.74,1.08,88.7,300.5,21.9,0.66,medium,medium,high,0,1,rule-derived from synthetic thresholds
2386,8,Guntur,clay,Rice,401,10.7,157,0.4,7.36,0.23,32.2,90.0,31.7,0.79,medium,medium,medium,0,0,rule-derived from synthetic thresholds
2387,5,Karnal,loam,Sugarcane,409,12.7,251,0.75,8.23,0.83,5.7,18.9,27.1,0.05,medium,medium,medium,0,0,rule-derived from synthetic thresholds
2388,2,Coimbatore,loam,Groundnut,442,8.2,196,0.71,7.61,0.44,38.2,115.6,26.8,-1.89,medium,low,medium,1,0,rule-derived from synthetic thresholds
2389,15,Kolkata (24 Pgs),clay,Potato,318,5.7,73,0.74,8.13,0.21,91.8,211.0,29.2,1.13,medium,low,low,1,0,rule-derived from synthetic thresholds
2390,13,Bengaluru Rural,sandy,Maize,409,16.3,179,0.59,4.98,0.54,18.7,38.1,26.3,1.22,medium,medium,medium,0,0,rule-derived from synthetic thresholds
2391,13,Bengaluru Rural,sandy,Ragi,352,8.5,187,0.59,7.01,1.17,68.8,204.6,24.4,0.89,medium,low,medium,1,0,rule-derived from synthetic thresholds
2392,14,Dharwad,clay,Chilli,357,53.9,343,0.48,8.13,0.32,59.3,178.3,25.5,-1.42,medium,high,high,0,1,rule-derived from synthetic thresholds
2393,10,Jaipur,sandy,Wheat,381,6.8,32,0.48,5.84,1.05,33.2,111.1,21.8,1.21,medium,low,low,1,0,rule-derived from synthetic thresholds
2394,15,Kolkata (24 Pgs),clay,Potato,611,15.1,200,0.95,8.33,0.27,20.7,74.6,26.7,0.12,high,medium,medium,0,1,rule-derived from synthetic thresholds
2395,15,Kolkata (24 Pgs),clay,Potato,394,14.2,439,0.45,8.03,0.78,340.4,1151.5,32.1,-0.51,medium,medium,high,0,1,rule-derived from synthetic thresholds
2396,4,Ludhiana,sandy,Rice,181,17.2,130,0.27,7.13,0.58,19.5,40.1,26.3,-0.37,low,medium,medium,1,0,rule-derived from synthetic thresholds
2397,7,Pune,clay,Onion,257,11.0,170,0.59,8.24,0.86,121.3,255.1,26.4,-0.39,low,medium,medium,1,0,rule-derived from synthetic thresholds
2398,2,Coimbatore,loam,Banana,330,59.2,179,0.55,7.18,1.06,16.4,49.5,20.9,-0.52,medium,high,medium,0,1,rule-derived from synthetic thresholds
2399,11,Kanpur,loam,Potato,367,12.0,297,0.36,6.98,0.94,23.1,75.1,33.5,1.02,medium,medium,high,0,1,rule-derived from synthetic thresholds
2400,2,Coimbatore,loam,Sugarcane,264,45.2,70,0.52,6.76,0.9,245.4,824.7,24.5,0.45,low,high,low,1,1,rule-derived from synthetic thresholds
2401,12,Patna,loam,Maize,427,18.7,117,0.62,7.55,0.74,97.9,286.0,27.5,1.38,medium,medium,medium,0,0,rule-derived from synthetic thresholds
2402,13,Bengaluru Rural,sandy,Maize,385,11.8,195,0.37,6.01,0.21,172.5,477.0,17.1,0.87,medium,medium,medium,0,0,rule-derived from synthetic thresholds
2403,7,Pune,clay,Sugarcane,323,16.6,367,0.6,7.61,0.42,6.6,23.4,25.0,-0.44,medium,medium,high,0,1,rule-derived from synthetic thresholds
2404,10,Jaipur,sandy,Tomato,299,4.7,163,0.35,6.31,0.61,37.1,112.7,20.6,0.0,medium,low,medium,1,0,rule-derived from synthetic thresholds
2405,15,Kolkata (24 Pgs),clay,Rice,356,25.2,236,0.51,8.9,0.38,172.8,414.8,26.0,0.69,medium,high,medium,0,1,rule-derived from synthetic thresholds
2406,12,Patna,loam,Maize,432,42.5,186,0.69,7.47,0.94,199.1,549.7,25.8,1.17,medium,high,medium,0,1,rule-derived from synthetic thresholds
2407,7,Pune,clay,Onion,222,23.0,345,0.29,7.97,0.9,71.7,146.1,24.9,-1.56,low,medium,high,1,1,rule-derived from synthetic thresholds
2408,14,Dharwad,clay,Chilli,378,5.8,30,0.52,9.17,0.62,9.1,20.4,17.3,-0.51,medium,low,low,1,0,rule-derived from synthetic thresholds
2409,1,Thanjavur,clay,Green gram,286,9.0,187,0.65,8.4,0.41,89.0,227.6,31.9,1.17,medium,low,medium,1,0,rule-derived from synthetic thresholds
2410,4,Ludhiana,sandy,Tomato,397,6.8,36,0.46,5.81,0.22,77.3,247.8,22.0,2.31,medium,low,low,1,0,rule-derived from synthetic thresholds
2411,5,Karnal,loam,Groundnut,272,16.9,314,0.53,7.06,1.05,21.5,73.0,25.5,-0.31,low,medium,high,1,1,rule-derived from synthetic thresholds
2412,6,Nagpur,clay,Ragi,381,2.3,173,0.61,8.21,0.22,83.1,256.3,27.7,-0.66,medium,low,medium,1,0,rule-derived from synthetic thresholds
2413,11,Kanpur,loam,Wheat,439,2.6,170,0.56,6.87,0.43,42.1,101.2,26.1,-1.21,medium,low,medium,1,0,rule-derived from synthetic thresholds
2414,12,Patna,loam,Sunflower,329,39.9,432,0.45,7.57,0.18,136.1,395.0,28.5,-0.7,medium,high,high,0,1,rule-derived from synthetic thresholds
2415,1,Thanjavur,clay,Banana,394,6.2,197,0.65,6.98,2.95,12.7,32.0,26.6,0.53,medium,low,medium,1,0,rule-derived from synthetic thresholds
2416,4,Ludhiana,sandy,Wheat,419,10.4,31,0.58,6.55,0.85,37.1,122.9,18.1,-1.69,medium,medium,low,1,0,rule-derived from synthetic thresholds
2417,13,Bengaluru Rural,sandy,Tomato,364,21.7,30,0.38,8.66,0.79,38.6,113.7,21.6,0.31,medium,medium,low,1,0,rule-derived from synthetic thresholds
2418,8,Guntur,clay,Rice,455,5.2,326,0.68,8.1,0.56,29.0,86.4,26.7,1.18,medium,low,high,1,1,rule-derived from synthetic thresholds
2419,5,Karnal,loam,Wheat,434,21.5,353,0.78,7.62,0.69,27.9,98.4,24.1,-0.38,medium,medium,high,0,1,rule-derived from synthetic thresholds
2420,7,Pune,clay,Pigeon pea,285,12.6,268,0.45,7.85,0.52,98.8,283.6,23.3,-1.92,medium,medium,medium,0,0,rule-derived from synthetic thresholds
2421,10,Jaipur,sandy,Mustard,518,24.6,206,0.64,7.3,0.51,94.4,268.2,23.6,0.57,medium,medium,medium,0,0,rule-derived from synthetic thresholds
2422,9,Indore,clay,Wheat,338,55.1,197,0.53,7.65,0.9,109.2,239.6,25.6,0.41,medium,high,medium,0,1,rule-derived from synthetic thresholds
2423,13,Bengaluru Rural,sandy,Ragi,217,18.2,30,0.44,5.81,1.09,30.6,108.2,22.8,0.69,low,medium,low,1,0,rule-derived from synthetic thresholds
2424,15,Kolkata (24 Pgs),clay,Potato,190,7.9,239,0.27,7.57,0.29,13.8,43.0,28.6,-0.27,low,low,medium,1,0,rule-derived from synthetic thresholds
2425,13,Bengaluru Rural,sandy,Green gram,366,18.6,237,0.41,6.38,0.51,71.0,244.6,22.3,-1.49,medium,medium,medium,0,0,rule-derived from synthetic thresholds
2426,2,Coimbatore,loam,Maize,372,13.8,265,0.48,6.76,0.65,178.9,435.4,34.5,1.1,medium,medium,medium,0,0,rule-derived from synthetic thresholds
2427,7,Pune,clay,Sugarcane,474,12.0,254,0.5,7.1,0.48,165.9,550.0,18.1,1.4,medium,medium,medium,0,0,rule-derived from synthetic thresholds
2428,8,Guntur,clay,Cotton,238,14.7,336,0.79,7.13,0.62,97.4,301.3,33.6,1.22,low,medium,high,1,1,rule-derived from synthetic thresholds
2429,10,Jaipur,sandy,Wheat,366,25.8,67,0.41,6.54,0.34,50.4,126.9,23.8,0.67,medium,high,low,1,1,rule-derived from synthetic thresholds
2430,15,Kolkata (24 Pgs),clay,Groundnut,301,17.1,405,0.57,8.09,0.56,77.4,230.4,22.0,1.09,medium,medium,high,0,1,rule-derived from synthetic thresholds
2431,7,Pune,clay,Onion,431,18.6,212,0.85,9.2,0.51,7.9,21.2,28.0,-1.08,medium,medium,medium,0,0,rule-derived from synthetic thresholds
2432,6,Nagpur,clay,Soybean,438,8.3,183,0.67,6.06,0.74,64.6,136.8,28.1,0.18,medium,low,medium,1,0,rule-derived from synthetic thresholds
2433,14,Dharwad,clay,Sorghum,375,21.8,212,0.58,8.23,0.31,49.9,156.3,24.0,-0.42,medium,medium,medium,0,0,rule-derived from synthetic thresholds
2434,12,Patna,loam,Maize,397,13.7,132,0.73,7.53,1.15,71.9,162.1,26.1,0.25,medium,medium,medium,0,0,rule-derived from synthetic thresholds
2435,7,Pune,clay,Maize,345,12.8,372,0.67,7.62,0.32,82.5,258.2,22.6,-0.44,medium,medium,high,0,1,rule-derived from synthetic thresholds
2436,14,Dharwad,clay,Sorghum,200,16.9,203,0.4,7.01,0.95,34.2,99.0,20.0,1.12,low,medium,medium,1,0,rule-derived from synthetic thresholds
2437,5,Karnal,loam,Rice,529,7.2,193,0.72,7.85,0.57,17.8,60.1,24.0,-0.41,medium,low,medium,1,0,rule-derived from synthetic thresholds
2438,4,Ludhiana,sandy,Wheat,221,23.9,177,0.38,7.15,0.33,197.4,628.7,20.5,-0.29,low,medium,medium,1,0,rule-derived from synthetic thresholds
2439,1,Thanjavur,clay,Soybean,431,17.5,427,0.61,7.83,0.94,20.0,41.7,31.5,-1.32,medium,medium,high,0,1,rule-derived from synthetic thresholds
2440,2,Coimbatore,loam,Sorghum,355,6.4,241,0.38,6.66,0.55,272.6,911.8,26.0,-0.78,medium,low,medium,1,0,rule-derived from synthetic thresholds
2441,13,Bengaluru Rural,sandy,Ragi,172,14.8,82,0.21,5.91,0.76,21.9,59.1,28.3,-0.29,low,medium,low,1,0,rule-derived from synthetic thresholds
2442,2,Coimbatore,loam,Mustard,278,17.3,199,0.66,7.99,1.37,128.8,370.1,30.3,-0.48,low,medium,medium,1,0,rule-derived from synthetic thresholds
2443,12,Patna,loam,Maize,497,43.2,272,0.64,5.85,1.66,122.5,245.2,28.8,2.01,medium,high,medium,0,1,rule-derived from synthetic thresholds
2444,2,Coimbatore,loam,Cotton,336,12.3,116,0.33,7.09,0.84,39.7,87.8,31.3,1.34,medium,medium,medium,0,0,rule-derived from synthetic thresholds
2445,4,Ludhiana,sandy,Mustard,354,7.0,168,0.34,4.97,0.19,237.8,566.2,31.3,-0.78,medium,low,medium,1,0,rule-derived from synthetic thresholds
2446,6,Nagpur,clay,Chickpea,414,13.9,200,0.51,6.73,0.37,12.0,37.9,25.0,-2.08,medium,medium,medium,0,0,rule-derived from synthetic thresholds
2447,4,Ludhiana,sandy,Rice,253,2.0,131,0.22,6.48,1.52,18.1,56.6,19.5,0.91,low,low,medium,1,0,rule-derived from synthetic thresholds
2448,2,Coimbatore,loam,Maize,424,8.5,101,0.74,6.49,0.21,176.7,533.4,27.6,-0.36,medium,low,low,1,0,rule-derived from synthetic thresholds
2449,15,Kolkata (24 Pgs),clay,Potato,498,74.5,190,0.68,7.68,0.53,83.6,201.9,34.5,-0.41,medium,high,medium,0,1,rule-derived from synthetic thresholds
2450,7,Pune,clay,Wheat,513,19.1,331,0.97,7.35,1.92,42.4,103.3,26.0,-0.64,medium,medium,high,0,1,rule-derived from synthetic thresholds
2451,7,Pune,clay,Maize,530,11.0,245,0.86,7.27,0.31,16.9,49.0,20.9,0.7,medium,medium,medium,0,0,rule-derived from synthetic thresholds
2452,12,Patna,loam,Wheat,427,9.7,236,0.69,8.28,0.16,36.9,108.5,22.6,-0.58,medium,low,medium,1,0,rule-derived from synthetic thresholds
2453,14,Dharwad,clay,Banana,465,9.0,263,0.74,7.74,0.21,15.1,35.5,25.6,1.1,medium,low,medium,1,0,rule-derived from synthetic thresholds
2454,5,Karnal,loam,Wheat,272,12.5,173,0.55,7.11,0.51,114.4,365.4,21.6,1.24,low,medium,medium,1,0,rule-derived from synthetic thresholds
2455,7,Pune,clay,Pearl millet,274,49.2,294,0.39,7.61,0.55,18.7,39.1,24.3,0.33,low,high,high,1,1,rule-derived from synthetic thresholds
2456,8,Guntur,clay,Cotton,371,9.9,230,0.71,7.5,0.64,87.7,203.1,22.0,-0.01,medium,low,medium,1,0,rule-derived from synthetic thresholds
2457,4,Ludhiana,sandy,Mustard,152,12.9,214,0.3,6.85,0.22,44.4,135.4,18.7,-0.14,low,medium,medium,1,0,rule-derived from synthetic thresholds
2458,2,Coimbatore,loam,Maize,244,38.0,354,0.43,6.87,0.71,121.6,316.8,22.7,0.35,low,high,high,1,1,rule-derived from synthetic thresholds
2459,14,Dharwad,clay,Sorghum,424,9.1,298,0.5,7.18,0.24,4.9,17.2,23.8,-0.02,medium,low,high,1,1,rule-derived from synthetic thresholds
2460,11,Kanpur,loam,Lentil,430,9.0,276,0.74,6.14,0.62,10.7,23.8,28.8,-0.52,medium,low,medium,1,0,rule-derived from synthetic thresholds
2461,11,Kanpur,loam,Green gram,236,15.0,97,0.49,7.57,2.53,84.9,230.4,23.7,-0.92,low,medium,low,1,0,rule-derived from synthetic thresholds
2462,5,Karnal,loam,Rice,499,7.3,189,0.48,6.19,0.87,41.7,126.6,26.5,0.83,medium,low,medium,1,0,rule-derived from synthetic thresholds
2463,10,Jaipur,sandy,Tomato,382,16.6,154,0.31,6.38,0.34,26.6,78.6,27.2,-2.03,medium,medium,medium,0,0,rule-derived from synthetic thresholds
2464,3,Madurai,sandy,Rice,456,7.4,60,0.81,6.49,1.14,38.0,134.8,26.7,0.32,medium,low,low,1,0,rule-derived from synthetic thresholds
2465,2,Coimbatore,loam,Maize,307,15.7,120,0.34,7.93,1.98,43.5,142.3,22.4,-0.19,medium,medium,medium,0,0,rule-derived from synthetic thresholds
2466,15,Kolkata (24 Pgs),clay,Mustard,298,8.8,325,0.5,7.56,0.64,37.5,102.2,25.9,1.78,medium,low,high,1,1,rule-derived from synthetic thresholds
2467,4,Ludhiana,sandy,Maize,413,16.7,30,0.44,6.52,0.9,363.0,861.7,27.5,0.6,medium,medium,low,1,0,rule-derived from synthetic thresholds
2468,12,Patna,loam,Sugarcane,384,13.1,108,0.62,6.99,0.26,26.7,95.1,23.2,-0.92,medium,medium,low,1,0,rule-derived from synthetic thresholds
2469,5,Karnal,loam,Wheat,445,14.0,116,0.75,6.97,0.24,98.6,347.7,20.0,0.04,medium,medium,medium,0,0,rule-derived from synthetic thresholds
2470,10,Jaipur,sandy,Rice,326,8.2,151,0.62,6.21,0.44,24.7,69.9,24.7,0.66,medium,low,medium,1,0,rule-derived from synthetic thresholds
2471,10,Jaipur,sandy,Pearl millet,317,11.6,52,0.6,6.17,0.25,47.9,146.0,25.2,-0.28,medium,medium,low,1,0,rule-derived from synthetic thresholds
2472,11,Kanpur,loam,Soybean,499,31.2,155,0.72,7.34,0.36,19.7,64.9,29.9,-0.05,medium,high,medium,0,1,rule-derived from synthetic thresholds
2473,15,Kolkata (24 Pgs),clay,Potato,582,31.9,346,0.82,8.89,0.63,371.1,913.2,25.2,1.4,high,high,high,0,1,rule-derived from synthetic thresholds
2474,7,Pune,clay,Onion,471,9.6,101,0.85,7.63,0.25,96.0,243.7,32.6,-0.48,medium,low,low,1,0,rule-derived from synthetic thresholds
2475,13,Bengaluru Rural,sandy,Green gram,370,90.0,100,0.47,6.97,0.53,63.1,135.9,25.3,-0.9,medium,high,low,1,1,rule-derived from synthetic thresholds
2476,5,Karnal,loam,Rice,485,26.0,194,0.9,7.81,0.53,75.8,245.3,26.6,1.82,medium,high,medium,0,1,rule-derived from synthetic thresholds
2477,15,Kolkata (24 Pgs),clay,Green gram,412,14.6,305,0.65,7.45,0.52,35.3,71.8,25.2,-0.98,medium,medium,high,0,1,rule-derived from synthetic thresholds
2478,8,Guntur,clay,Chilli,501,18.4,184,0.64,9.04,0.42,27.4,80.0,27.6,1.38,medium,medium,medium,0,0,rule-derived from synthetic thresholds
2479,13,Bengaluru Rural,sandy,Turmeric,315,21.7,121,0.41,5.97,0.35,5.8,15.8,25.0,1.34,medium,medium,medium,0,0,rule-derived from synthetic thresholds
2480,13,Bengaluru Rural,sandy,Tomato,432,9.4,78,0.49,6.9,1.44,34.3,92.5,21.1,-0.23,medium,low,low,1,0,rule-derived from synthetic thresholds
2481,10,Jaipur,sandy,Soybean,363,32.8,280,0.48,6.61,0.43,41.0,126.6,21.5,0.68,medium,high,medium,0,1,rule-derived from synthetic thresholds
2482,15,Kolkata (24 Pgs),clay,Potato,411,9.8,150,0.71,7.28,0.36,168.7,439.6,22.6,0.59,medium,low,medium,1,0,rule-derived from synthetic thresholds
2483,11,Kanpur,loam,Potato,453,15.4,75,0.8,6.57,0.38,121.3,367.2,28.6,-0.34,medium,medium,low,1,0,rule-derived from synthetic thresholds
2484,10,Jaipur,sandy,Onion,395,17.2,207,0.53,7.43,0.93,3.9,11.6,25.9,1.69,medium,medium,medium,0,0,rule-derived from synthetic thresholds
2485,4,Ludhiana,sandy,Wheat,319,19.4,113,0.27,4.5,0.31,18.7,65.4,21.0,0.9,medium,medium,medium,0,0,rule-derived from synthetic thresholds
2486,6,Nagpur,clay,Cotton,318,34.7,165,0.62,6.84,0.66,228.2,473.1,24.7,0.34,medium,high,medium,0,1,rule-derived from synthetic thresholds
2487,1,Thanjavur,clay,Groundnut,511,52.6,294,0.85,7.92,0.97,40.0,100.4,26.7,2.04,medium,high,high,0,1,rule-derived from synthetic thresholds
2488,11,Kanpur,loam,Potato,218,6.1,292,0.1,7.38,1.67,14.7,40.2,25.7,1.19,low,low,high,1,1,rule-derived from synthetic thresholds
2489,10,Jaipur,sandy,Wheat,213,3.6,227,0.41,5.99,1.64,71.8,222.9,24.0,0.07,low,low,medium,1,0,rule-derived from synthetic thresholds
2490,11,Kanpur,loam,Rice,410,8.4,212,0.62,6.03,0.6,7.4,25.8,24.5,0.76,medium,low,medium,1,0,rule-derived from synthetic thresholds
2491,10,Jaipur,sandy,Wheat,528,4.8,78,0.77,7.67,0.46,81.6,209.6,25.0,2.41,medium,low,low,1,0,rule-derived from synthetic thresholds
2492,4,Ludhiana,sandy,Wheat,220,8.1,188,0.28,5.52,0.3,4.2,8.4,25.2,-0.34,low,low,medium,1,0,rule-derived from synthetic thresholds
2493,15,Kolkata (24 Pgs),clay,Rice,567,7.9,245,0.92,6.23,1.15,46.7,154.7,24.5,0.37,high,low,medium,1,1,rule-derived from synthetic thresholds
2494,7,Pune,clay,Maize,514,7.7,224,0.81,7.44,0.45,47.5,107.5,23.6,0.42,medium,low,medium,1,0,rule-derived from synthetic thresholds
2495,11,Kanpur,loam,Groundnut,307,37.9,176,0.53,6.06,0.77,101.7,332.0,17.8,1.08,medium,high,medium,0,1,rule-derived from synthetic thresholds
2496,3,Madurai,sandy,Chickpea,288,12.6,314,0.27,5.22,0.46,24.1,74.9,28.8,2.58,medium,medium,high,0,1,rule-derived from synthetic thresholds
2497,9,Indore,clay,Soybean,500,12.2,130,0.77,8.67,0.89,99.6,338.4,33.1,0.33,medium,medium,medium,0,0,rule-derived from synthetic thresholds
2498,7,Pune,clay,Onion,383,2.2,200,0.64,9.2,0.11,5.9,19.8,27.7,-0.26,medium,low,medium,1,0,rule-derived from synthetic thresholds
2499,14,Dharwad,clay,Sorghum,317,4.6,109,0.48,8.33,0.76,133.4,383.5,22.1,0.79,medium,low,low,1,0,rule-derived from synthetic thresholds
2500,12,Patna,loam,Rice,513,4.0,77,0.86,7.03,1.06,36.5,122.7,30.3,-1.41,medium,low,low,1,0,rule-derived from synthetic thresholds
2501,15,Kolkata (24 Pgs),clay,Mustard,557,38.0,301,0.77,7.6,0.49,420.7,924.2,28.2,-0.99,medium,high,high,0,1,rule-derived from synthetic thresholds
2502,5,Karnal,loam,Rice,265,21.2,99,0.43,7.9,0.89,52.3,121.0,28.0,0.89,low,medium,low,1,0,rule-derived from synthetic thresholds
2503,10,Jaipur,sandy,Green gram,286,9.1,63,0.55,5.35,0.68,80.1,259.9,27.9,-0.1,medium,low,low,1,0,rule-derived from synthetic thresholds
2504,10,Jaipur,sandy,Wheat,253,12.6,147,0.18,7.13,0.26,109.9,294.9,28.5,-0.74,low,medium,medium,1,0,rule-derived from synthetic thresholds
2505,4,Ludhiana,sandy,Maize,371,8.1,78,0.56,7.92,0.41,32.8,107.6,25.7,0.1,medium,low,low,1,0,rule-derived from synthetic thresholds
2506,5,Karnal,loam,Soybean,438,35.4,225,0.68,7.1,0.52,91.8,243.0,26.4,0.43,medium,high,medium,0,1,rule-derived from synthetic thresholds
2507,11,Kanpur,loam,Potato,369,21.8,264,0.54,7.72,0.35,24.2,86.3,25.4,0.02,medium,medium,medium,0,0,rule-derived from synthetic thresholds
2508,3,Madurai,sandy,Chilli,261,6.6,30,0.37,6.04,0.39,12.1,42.0,31.0,0.98,low,low,low,1,0,rule-derived from synthetic thresholds
2509,7,Pune,clay,Ragi,412,17.5,368,0.49,7.82,1.34,88.1,233.0,26.7,-1.52,medium,medium,high,0,1,rule-derived from synthetic thresholds
2510,12,Patna,loam,Maize,331,1.6,55,0.32,7.24,0.63,161.1,444.7,26.1,1.03,medium,low,low,1,0,rule-derived from synthetic thresholds
2511,13,Bengaluru Rural,sandy,Maize,261,16.4,213,0.25,6.88,1.53,79.0,251.5,22.9,-0.81,low,medium,medium,1,0,rule-derived from synthetic thresholds
2512,9,Indore,clay,Mustard,418,17.2,339,0.57,8.11,0.4,19.6,52.5,18.6,0.54,medium,medium,high,0,1,rule-derived from synthetic thresholds
2513,11,Kanpur,loam,Wheat,364,40.7,49,0.72,7.57,1.63,158.2,387.1,29.5,0.42,medium,high,low,1,1,rule-derived from synthetic thresholds
2514,13,Bengaluru Rural,sandy,Pigeon pea,147,7.5,54,0.1,6.09,0.08,101.4,361.0,26.6,-2.59,low,low,low,1,0,rule-derived from synthetic thresholds
2515,4,Ludhiana,sandy,Wheat,351,2.3,281,0.49,8.15,0.98,81.8,291.8,23.8,-0.83,medium,low,high,1,1,rule-derived from synthetic thresholds
2516,11,Kanpur,loam,Wheat,578,17.8,221,0.89,7.46,0.12,32.2,93.1,26.8,-2.62,high,medium,medium,0,1,rule-derived from synthetic thresholds
2517,12,Patna,loam,Cotton,263,5.7,208,0.44,6.62,0.21,58.2,147.4,26.8,-0.13,low,low,medium,1,0,rule-derived from synthetic thresholds
2518,13,Bengaluru Rural,sandy,Ragi,277,21.1,265,0.3,6.16,0.93,144.0,490.0,22.8,-0.53,low,medium,medium,1,0,rule-derived from synthetic thresholds
2519,10,Jaipur,sandy,Wheat,242,22.1,60,0.26,7.29,0.48,42.8,137.3,20.9,-1.73,low,medium,low,1,0,rule-derived from synthetic thresholds
2520,3,Madurai,sandy,Chilli,231,16.9,60,0.46,6.65,3.52,35.6,107.6,27.8,0.03,low,medium,low,1,0,rule-derived from synthetic thresholds
2521,1,Thanjavur,clay,Rice,551,10.8,288,0.8,6.16,0.59,211.0,593.1,27.6,0.42,medium,medium,high,0,1,rule-derived from synthetic thresholds
2522,10,Jaipur,sandy,Wheat,341,7.9,95,0.31,5.71,0.67,83.2,215.2,31.8,0.73,medium,low,low,1,0,rule-derived from synthetic thresholds
2523,5,Karnal,loam,Wheat,259,25.0,343,0.54,6.51,1.45,94.0,193.8,28.0,1.27,low,medium,high,1,1,rule-derived from synthetic thresholds
2524,6,Nagpur,clay,Soybean,371,27.2,261,0.7,7.69,1.16,68.1,147.8,29.2,-1.23,medium,high,medium,0,1,rule-derived from synthetic thresholds
2525,7,Pune,clay,Green gram,384,6.2,287,0.71,7.43,1.04,20.5,58.8,20.6,-0.93,medium,low,high,1,1,rule-derived from synthetic thresholds
2526,12,Patna,loam,Mustard,504,7.6,134,0.89,7.53,0.18,68.4,217.3,27.0,1.2,medium,low,medium,1,0,rule-derived from synthetic thresholds
2527,6,Nagpur,clay,Chilli,425,90.0,244,0.64,7.94,2.02,13.6,44.5,18.5,-0.41,medium,high,medium,0,1,rule-derived from synthetic thresholds
2528,9,Indore,clay,Banana,375,23.2,361,0.56,8.84,1.84,8.2,27.3,25.3,1.5,medium,medium,high,0,1,rule-derived from synthetic thresholds
2529,8,Guntur,clay,Cotton,399,6.4,380,0.54,7.45,0.48,138.0,369.1,29.4,0.43,medium,low,high,1,1,rule-derived from synthetic thresholds
2530,1,Thanjavur,clay,Green gram,520,20.5,207,0.83,7.62,0.25,98.8,287.1,32.9,-1.31,medium,medium,medium,0,0,rule-derived from synthetic thresholds
2531,11,Kanpur,loam,Wheat,566,16.1,177,0.82,7.41,1.31,14.4,34.0,28.5,-1.97,high,medium,medium,0,1,rule-derived from synthetic thresholds
2532,9,Indore,clay,Banana,451,12.0,300,0.65,7.84,0.41,35.7,109.8,24.5,1.04,medium,medium,high,0,1,rule-derived from synthetic thresholds
2533,4,Ludhiana,sandy,Sunflower,197,33.2,152,0.1,6.43,0.31,22.9,71.0,30.7,-0.89,low,high,medium,1,1,rule-derived from synthetic thresholds
2534,12,Patna,loam,Chilli,427,35.3,314,0.57,6.8,0.19,48.8,132.7,24.4,-0.05,medium,high,high,0,1,rule-derived from synthetic thresholds
2535,2,Coimbatore,loam,Banana,459,61.8,250,0.78,7.76,0.52,97.2,197.1,27.7,-0.14,medium,high,medium,0,1,rule-derived from synthetic thresholds
2536,4,Ludhiana,sandy,Wheat,328,28.2,126,0.42,6.1,0.5,92.6,304.8,23.2,1.57,medium,high,medium,0,1,rule-derived from synthetic thresholds
2537,4,Ludhiana,sandy,Rice,468,21.7,340,0.58,6.6,0.21,147.3,375.4,23.0,-0.81,medium,medium,high,0,1,rule-derived from synthetic thresholds
2538,10,Jaipur,sandy,Pearl millet,347,8.4,79,0.38,7.17,0.33,52.4,184.9,21.8,-1.99,medium,low,low,1,0,rule-derived from synthetic thresholds
2539,15,Kolkata (24 Pgs),clay,Rice,381,46.4,246,0.46,9.11,0.47,640.3,1535.6,22.9,-0.57,medium,high,medium,0,1,rule-derived from synthetic thresholds
2540,13,Bengaluru Rural,sandy,Ragi,315,11.7,77,0.41,6.74,0.84,30.5,66.8,24.7,-0.28,medium,medium,low,1,0,rule-derived from synthetic thresholds
2541,3,Madurai,sandy,Chilli,447,2.4,85,0.18,7.01,1.0,34.5,89.1,25.2,0.88,medium,low,low,1,0,rule-derived from synthetic thresholds
2542,1,Thanjavur,clay,Lentil,462,14.9,198,0.65,6.87,0.93,209.4,750.1,25.6,-1.14,medium,medium,medium,0,0,rule-derived from synthetic thresholds
2543,12,Patna,loam,Lentil,377,9.8,179,0.58,5.45,1.7,158.7,494.0,26.7,1.81,medium,low,medium,1,0,rule-derived from synthetic thresholds
2544,9,Indore,clay,Soybean,407,13.8,243,0.75,8.04,1.42,22.1,53.6,28.9,0.44,medium,medium,medium,0,0,rule-derived from synthetic thresholds
2545,6,Nagpur,clay,Mustard,401,25.0,330,0.49,7.78,0.35,114.6,408.3,28.1,-1.95,medium,medium,high,0,1,rule-derived from synthetic thresholds
2546,14,Dharwad,clay,Potato,431,41.2,213,0.68,7.89,0.33,93.1,278.5,27.2,-0.04,medium,high,medium,0,1,rule-derived from synthetic thresholds
2547,3,Madurai,sandy,Rice,467,16.1,204,0.59,7.31,0.26,13.2,28.1,22.7,-1.01,medium,medium,medium,0,0,rule-derived from synthetic thresholds
2548,2,Coimbatore,loam,Maize,492,27.3,214,0.63,6.54,0.15,60.2,199.9,28.0,0.09,medium,high,medium,0,1,rule-derived from synthetic thresholds
2549,8,Guntur,clay,Turmeric,290,86.0,420,0.51,6.79,0.79,44.8,135.4,31.7,0.37,medium,high,high,0,1,rule-derived from synthetic thresholds
2550,5,Karnal,loam,Rice,353,5.6,176,0.64,6.96,0.42,39.5,142.1,20.8,0.26,medium,low,medium,1,0,rule-derived from synthetic thresholds
2551,4,Ludhiana,sandy,Sugarcane,493,90.0,30,0.78,8.27,0.24,6.7,23.3,22.7,-1.39,medium,high,low,1,1,rule-derived from synthetic thresholds
2552,10,Jaipur,sandy,Soybean,255,12.1,125,0.44,6.96,0.2,65.1,217.3,28.3,0.97,low,medium,medium,1,0,rule-derived from synthetic thresholds
2553,5,Karnal,loam,Wheat,447,24.5,301,0.51,7.27,0.92,114.9,329.4,27.4,1.18,medium,medium,high,0,1,rule-derived from synthetic thresholds
2554,9,Indore,clay,Ragi,484,33.7,288,0.72,8.01,0.5,268.2,935.7,26.2,-0.59,medium,high,high,0,1,rule-derived from synthetic thresholds
2555,9,Indore,clay,Chickpea,496,16.6,277,0.85,8.76,1.02,90.0,229.1,20.3,-0.86,medium,medium,medium,0,0,rule-derived from synthetic thresholds
2556,12,Patna,loam,Wheat,323,9.8,174,0.18,6.51,0.89,135.5,323.8,25.7,0.65,medium,low,medium,1,0,rule-derived from synthetic thresholds
2557,15,Kolkata (24 Pgs),clay,Rice,488,8.4,291,1.03,8.82,1.64,130.3,399.9,28.7,-0.09,medium,low,high,1,1,rule-derived from synthetic thresholds
2558,10,Jaipur,sandy,Pearl millet,492,7.6,104,0.77,6.81,0.84,9.3,21.2,20.2,-0.79,medium,low,low,1,0,rule-derived from synthetic thresholds
2559,5,Karnal,loam,Pigeon pea,559,26.6,207,0.84,6.21,0.33,16.0,39.0,24.0,-0.13,medium,high,medium,0,1,rule-derived from synthetic thresholds
2560,9,Indore,clay,Mustard,357,12.1,184,0.57,6.68,0.46,71.1,238.2,29.9,-0.63,medium,medium,medium,0,0,rule-derived from synthetic thresholds
2561,8,Guntur,clay,Cotton,372,15.2,334,0.56,7.97,0.21,16.9,38.0,25.8,-0.77,medium,medium,high,0,1,rule-derived from synthetic thresholds
2562,7,Pune,clay,Sugarcane,406,10.8,342,0.53,7.31,0.58,40.3,121.2,32.9,1.46,medium,medium,high,0,1,rule-derived from synthetic thresholds
2563,6,Nagpur,clay,Soybean,388,3.1,275,0.86,7.67,0.1,24.9,79.6,26.3,-0.42,medium,low,medium,1,0,rule-derived from synthetic thresholds
2564,2,Coimbatore,loam,Maize,219,1.9,229,0.3,7.91,0.72,14.8,42.1,28.6,0.75,low,low,medium,1,0,rule-derived from synthetic thresholds
2565,4,Ludhiana,sandy,Rice,205,12.0,227,0.19,5.99,0.73,44.2,140.3,21.6,-1.6,low,medium,medium,1,0,rule-derived from synthetic thresholds
2566,9,Indore,clay,Chilli,380,34.3,230,0.53,8.06,0.55,14.0,32.1,23.1,-0.21,medium,high,medium,0,1,rule-derived from synthetic thresholds
2567,2,Coimbatore,loam,Sorghum,373,13.2,246,0.67,7.74,0.25,48.4,133.7,27.1,0.46,medium,medium,medium,0,0,rule-derived from synthetic thresholds
2568,3,Madurai,sandy,Chilli,194,30.9,103,0.24,5.42,0.53,61.5,214.7,26.1,-1.96,low,high,low,1,1,rule-derived from synthetic thresholds
2569,9,Indore,clay,Soybean,421,17.7,205,0.73,8.12,0.2,107.9,357.9,19.8,0.68,medium,medium,medium,0,0,rule-derived from synthetic thresholds
2570,15,Kolkata (24 Pgs),clay,Ragi,372,7.6,282,0.49,7.6,0.59,100.5,353.5,31.9,2.25,medium,low,high,1,1,rule-derived from synthetic thresholds
2571,3,Madurai,sandy,Cotton,405,10.9,286,0.58,7.37,0.35,153.5,400.0,28.6,-2.61,medium,medium,high,0,1,rule-derived from synthetic thresholds
2572,2,Coimbatore,loam,Sorghum,390,21.0,301,0.74,5.54,1.85,19.3,53.5,25.5,-0.53,medium,medium,high,0,1,rule-derived from synthetic thresholds
2573,6,Nagpur,clay,Onion,525,16.2,242,0.88,8.38,0.16,75.5,240.1,30.4,-0.07,medium,medium,medium,0,0,rule-derived from synthetic thresholds
2574,2,Coimbatore,loam,Ragi,462,4.4,210,0.73,7.21,0.5,116.9,417.2,25.8,-0.84,medium,low,medium,1,0,rule-derived from synthetic thresholds
2575,14,Dharwad,clay,Sorghum,548,32.0,255,0.91,7.63,2.2,17.8,57.7,21.7,0.18,medium,high,medium,0,1,rule-derived from synthetic thresholds
2576,12,Patna,loam,Maize,287,3.5,165,0.66,7.09,0.27,64.3,172.3,21.9,-0.11,medium,low,medium,1,0,rule-derived from synthetic thresholds
2577,2,Coimbatore,loam,Banana,400,32.9,149,0.44,6.75,1.1,94.3,284.4,29.0,1.39,medium,high,medium,0,1,rule-derived from synthetic thresholds
2578,2,Coimbatore,loam,Banana,425,5.7,126,0.71,6.87,1.26,11.7,33.3,29.2,0.26,medium,low,medium,1,0,rule-derived from synthetic thresholds
2579,9,Indore,clay,Chickpea,423,9.3,312,0.43,7.51,0.95,52.3,116.6,20.4,0.29,medium,low,high,1,1,rule-derived from synthetic thresholds
2580,7,Pune,clay,Sugarcane,383,16.8,338,0.64,7.58,0.21,20.2,45.3,26.0,-0.23,medium,medium,high,0,1,rule-derived from synthetic thresholds
2581,11,Kanpur,loam,Potato,403,9.8,216,0.58,7.51,0.89,220.4,703.2,29.1,1.0,medium,low,medium,1,0,rule-derived from synthetic thresholds
2582,14,Dharwad,clay,Sorghum,515,13.6,96,0.79,5.94,0.49,4.7,15.8,20.0,2.06,medium,medium,low,1,0,rule-derived from synthetic thresholds
2583,6,Nagpur,clay,Pigeon pea,257,9.1,217,0.4,7.54,0.26,6.0,21.6,25.2,-0.31,low,low,medium,1,0,rule-derived from synthetic thresholds
2584,12,Patna,loam,Potato,442,11.3,252,0.62,5.49,0.92,45.6,150.8,21.1,1.12,medium,medium,medium,0,0,rule-derived from synthetic thresholds
2585,5,Karnal,loam,Sugarcane,438,15.6,326,0.53,6.62,0.29,102.3,240.7,22.0,0.29,medium,medium,high,0,1,rule-derived from synthetic thresholds
2586,4,Ludhiana,sandy,Sugarcane,176,28.3,30,0.27,7.03,0.13,34.4,102.0,23.7,-0.17,low,high,low,1,1,rule-derived from synthetic thresholds
2587,15,Kolkata (24 Pgs),clay,Rice,496,51.3,194,0.98,7.81,0.43,136.8,382.0,27.1,-1.37,medium,high,medium,0,1,rule-derived from synthetic thresholds
2588,4,Ludhiana,sandy,Sugarcane,219,21.9,30,0.3,6.68,0.82,8.2,21.6,23.9,-1.35,low,medium,low,1,0,rule-derived from synthetic thresholds
2589,3,Madurai,sandy,Maize,338,10.7,243,0.39,6.27,0.67,13.8,33.9,31.4,0.04,medium,medium,medium,0,0,rule-derived from synthetic thresholds
2590,9,Indore,clay,Chickpea,208,20.6,286,0.41,7.04,0.26,67.5,176.1,21.1,-0.66,low,medium,high,1,1,rule-derived from synthetic thresholds
2591,9,Indore,clay,Sugarcane,458,17.0,153,0.53,8.51,0.51,33.0,112.0,27.2,-0.62,medium,medium,medium,0,0,rule-derived from synthetic thresholds
2592,8,Guntur,clay,Sunflower,395,66.2,212,0.52,8.19,2.4,113.9,376.3,31.0,-0.34,medium,high,medium,0,1,rule-derived from synthetic thresholds
2593,2,Coimbatore,loam,Banana,353,23.4,121,0.66,5.91,0.73,16.3,49.0,28.2,-0.33,medium,medium,medium,0,0,rule-derived from synthetic thresholds
2594,2,Coimbatore,loam,Maize,187,22.5,124,0.34,7.35,0.16,66.6,146.3,22.5,-0.65,low,medium,medium,1,0,rule-derived from synthetic thresholds
2595,12,Patna,loam,Rice,511,13.3,310,0.77,7.32,0.53,69.6,189.2,29.3,1.25,medium,medium,high,0,1,rule-derived from synthetic thresholds
2596,3,Madurai,sandy,Cotton,214,7.7,178,0.1,7.54,0.6,63.3,196.1,29.8,1.46,low,low,medium,1,0,rule-derived from synthetic thresholds
2597,5,Karnal,loam,Soybean,224,27.9,231,0.38,6.77,0.31,84.4,198.3,20.7,0.13,low,high,medium,1,1,rule-derived from synthetic thresholds
2598,13,Bengaluru Rural,sandy,Tomato,170,14.3,30,0.26,6.29,0.91,38.9,92.5,24.0,-0.28,low,medium,low,1,0,rule-derived from synthetic thresholds
2599,6,Nagpur,clay,Cotton,386,8.4,283,0.81,8.94,0.67,104.1,361.1,27.9,-1.5,medium,low,high,1,1,rule-derived from synthetic thresholds
2600,6,Nagpur,clay,Cotton,424,4.7,247,0.43,7.04,1.61,208.7,557.9,29.3,-0.03,medium,low,medium,1,0,rule-derived from synthetic thresholds
2601,14,Dharwad,clay,Sorghum,328,24.7,267,0.56,8.17,0.45,37.7,80.4,29.3,-0.58,medium,medium,medium,0,0,rule-derived from synthetic thresholds
2602,12,Patna,loam,Maize,377,6.5,105,0.59,7.8,0.26,34.5,110.2,28.4,0.58,medium,low,low,1,0,rule-derived from synthetic thresholds
2603,11,Kanpur,loam,Potato,293,17.0,184,0.47,6.83,0.36,171.5,407.4,25.9,0.48,medium,medium,medium,0,0,rule-derived from synthetic thresholds
2604,3,Madurai,sandy,Rice,362,90.0,35,0.49,7.79,0.88,8.6,30.7,28.3,-0.85,medium,high,low,1,1,rule-derived from synthetic thresholds
2605,5,Karnal,loam,Lentil,543,12.5,187,0.74,8.61,0.48,53.6,140.7,28.5,1.38,medium,medium,medium,0,0,rule-derived from synthetic thresholds
2606,9,Indore,clay,Sugarcane,419,37.5,269,0.57,7.97,0.77,51.8,138.4,30.9,-0.91,medium,high,medium,0,1,rule-derived from synthetic thresholds
2607,13,Bengaluru Rural,sandy,Maize,221,16.4,83,0.31,6.9,0.3,176.6,496.9,23.0,0.76,low,medium,low,1,0,rule-derived from synthetic thresholds
2608,8,Guntur,clay,Rice,425,6.7,202,0.79,8.14,0.3,17.4,41.1,29.4,-0.35,medium,low,medium,1,0,rule-derived from synthetic thresholds
2609,12,Patna,loam,Maize,241,26.0,245,0.5,7.65,0.66,26.7,80.7,23.2,-2.26,low,high,medium,1,1,rule-derived from synthetic thresholds
2610,5,Karnal,loam,Rice,319,30.5,227,0.43,6.06,0.27,27.4,55.3,24.6,0.25,medium,high,medium,0,1,rule-derived from synthetic thresholds
2611,6,Nagpur,clay,Green gram,493,25.8,322,0.78,8.4,0.44,18.3,42.9,28.4,1.2,medium,high,high,0,1,rule-derived from synthetic thresholds
2612,10,Jaipur,sandy,Wheat,320,28.8,70,0.3,6.69,0.75,90.6,277.6,30.9,0.56,medium,high,low,1,1,rule-derived from synthetic thresholds
2613,9,Indore,clay,Chickpea,408,14.9,161,0.59,8.0,0.33,133.6,356.5,22.5,-0.72,medium,medium,medium,0,0,rule-derived from synthetic thresholds
2614,2,Coimbatore,loam,Maize,424,32.5,107,0.7,8.23,0.54,19.3,54.6,32.2,0.86,medium,high,low,1,1,rule-derived from synthetic thresholds
2615,6,Nagpur,clay,Soybean,427,10.6,217,0.68,9.04,0.67,59.2,188.7,28.7,2.63,medium,medium,medium,0,0,rule-derived from synthetic thresholds
2616,13,Bengaluru Rural,sandy,Tomato,366,13.3,252,0.28,6.06,0.2,182.4,607.3,22.5,0.94,medium,medium,medium,0,0,rule-derived from synthetic thresholds
2617,9,Indore,clay,Soybean,334,3.6,156,0.59,7.58,0.82,51.3,180.8,28.1,0.57,medium,low,medium,1,0,rule-derived from synthetic thresholds
2618,12,Patna,loam,Maize,368,36.2,138,0.61,6.82,0.29,63.6,137.3,23.1,-1.61,medium,high,medium,0,1,rule-derived from synthetic thresholds
2619,13,Bengaluru Rural,sandy,Tomato,488,14.7,176,0.69,7.29,0.42,150.1,449.4,31.4,-1.35,medium,medium,medium,0,0,rule-derived from synthetic thresholds
2620,5,Karnal,loam,Sugarcane,532,15.9,265,0.86,6.66,0.18,35.5,79.9,22.7,-0.47,medium,medium,medium,0,0,rule-derived from synthetic thresholds
2621,4,Ludhiana,sandy,Maize,161,6.9,50,0.45,7.56,0.33,103.8,288.3,19.9,-0.22,low,low,low,1,0,rule-derived from synthetic thresholds
2622,9,Indore,clay,Wheat,285,6.5,275,0.46,7.85,0.59,139.4,424.9,26.4,0.93,medium,low,medium,1,0,rule-derived from synthetic thresholds
2623,8,Guntur,clay,Banana,415,5.2,321,0.66,8.95,1.56,81.7,164.2,31.8,1.34,medium,low,high,1,1,rule-derived from synthetic thresholds
2624,14,Dharwad,clay,Sorghum,480,13.0,30,0.56,8.15,0.34,108.9,226.9,20.5,-0.74,medium,medium,low,1,0,rule-derived from synthetic thresholds
2625,3,Madurai,sandy,Turmeric,266,20.3,116,0.18,7.1,8.0,7.8,26.2,29.9,0.61,low,medium,medium,1,0,rule-derived from synthetic thresholds
2626,7,Pune,clay,Maize,545,9.1,362,0.7,6.75,0.77,16.6,53.2,26.0,-0.71,medium,low,high,1,1,rule-derived from synthetic thresholds
2627,1,Thanjavur,clay,Cotton,279,51.8,235,0.54,7.79,0.27,89.7,274.6,27.9,-0.3,low,high,medium,1,1,rule-derived from synthetic thresholds
2628,6,Nagpur,clay,Pearl millet,384,24.7,154,0.8,7.94,0.29,190.8,598.7,28.1,-0.01,medium,medium,medium,0,0,rule-derived from synthetic thresholds
2629,9,Indore,clay,Wheat,429,14.1,228,0.76,7.23,0.96,26.6,76.4,23.3,1.18,medium,medium,medium,0,0,rule-derived from synthetic thresholds
2630,12,Patna,loam,Wheat,567,15.1,212,0.89,7.51,0.32,311.1,630.7,28.0,1.5,high,medium,medium,0,1,rule-derived from synthetic thresholds
2631,13,Bengaluru Rural,sandy,Mustard,299,3.8,70,0.39,5.62,0.55,108.8,236.9,23.3,-0.23,medium,low,low,1,0,rule-derived from synthetic thresholds
2632,1,Thanjavur,clay,Green gram,435,3.9,123,0.37,8.4,0.14,218.6,657.4,28.3,-0.81,medium,low,medium,1,0,rule-derived from synthetic thresholds
2633,14,Dharwad,clay,Cotton,418,12.6,296,0.57,7.49,0.94,6.7,19.5,23.7,0.31,medium,medium,high,0,1,rule-derived from synthetic thresholds
2634,11,Kanpur,loam,Potato,404,15.9,139,0.51,8.08,1.26,36.7,79.7,25.4,0.15,medium,medium,medium,0,0,rule-derived from synthetic thresholds
2635,4,Ludhiana,sandy,Rice,416,2.0,30,0.24,6.24,0.3,13.6,33.1,25.2,-0.82,medium,low,low,1,0,rule-derived from synthetic thresholds
2636,4,Ludhiana,sandy,Wheat,404,17.1,109,0.43,6.41,0.77,55.4,118.2,18.7,-1.43,medium,medium,low,1,0,rule-derived from synthetic thresholds
2637,12,Patna,loam,Wheat,355,75.8,186,0.5,5.51,0.69,64.0,217.5,24.7,-0.85,medium,high,medium,0,1,rule-derived from synthetic thresholds
2638,11,Kanpur,loam,Wheat,424,90.0,212,0.51,7.63,0.11,195.3,470.4,34.7,1.19,medium,high,medium,0,1,rule-derived from synthetic thresholds
2639,4,Ludhiana,sandy,Maize,487,66.8,87,0.45,5.3,0.62,153.1,473.1,27.3,-0.92,medium,high,low,1,1,rule-derived from synthetic thresholds
2640,7,Pune,clay,Lentil,403,34.3,303,0.65,7.37,0.51,16.8,46.3,25.9,1.14,medium,high,high,0,1,rule-derived from synthetic thresholds
2641,13,Bengaluru Rural,sandy,Ragi,152,42.9,114,0.27,6.78,1.09,57.3,160.6,24.1,-0.56,low,high,medium,1,1,rule-derived from synthetic thresholds
2642,1,Thanjavur,clay,Chickpea,525,47.7,199,0.72,9.2,0.28,208.7,694.7,25.4,-0.18,medium,high,medium,0,1,rule-derived from synthetic thresholds
2643,8,Guntur,clay,Cotton,409,11.7,289,0.61,7.2,0.27,48.3,140.7,24.5,-0.41,medium,medium,high,0,1,rule-derived from synthetic thresholds
2644,14,Dharwad,clay,Cotton,216,17.3,132,0.33,7.7,1.94,23.5,60.0,24.3,2.13,low,medium,medium,1,0,rule-derived from synthetic thresholds
2645,1,Thanjavur,clay,Lentil,343,2.7,375,0.64,8.28,1.31,65.2,207.9,29.7,0.42,medium,low,high,1,1,rule-derived from synthetic thresholds
2646,9,Indore,clay,Chickpea,273,9.8,327,0.38,8.21,1.72,62.6,198.0,24.6,-0.95,low,low,high,1,1,rule-derived from synthetic thresholds
2647,9,Indore,clay,Wheat,379,11.0,281,0.53,7.98,0.12,44.1,142.8,25.7,0.15,medium,medium,high,0,1,rule-derived from synthetic thresholds
2648,5,Karnal,loam,Sugarcane,260,13.6,163,0.43,9.2,0.54,22.8,58.5,23.3,-0.27,low,medium,medium,1,0,rule-derived from synthetic thresholds
2649,9,Indore,clay,Soybean,388,12.2,329,0.56,8.87,0.55,94.9,318.4,24.3,-1.6,medium,medium,high,0,1,rule-derived from synthetic thresholds
2650,11,Kanpur,loam,Wheat,267,11.7,89,0.33,7.16,0.26,181.4,364.1,26.7,-0.27,low,medium,low,1,0,rule-derived from synthetic thresholds
2651,5,Karnal,loam,Wheat,330,4.0,160,0.36,7.08,0.7,45.3,159.8,29.6,-0.46,medium,low,medium,1,0,rule-derived from synthetic thresholds
2652,8,Guntur,clay,Chilli,404,12.0,375,0.67,9.2,0.48,29.8,64.2,25.8,-0.33,medium,medium,high,0,1,rule-derived from synthetic thresholds
2653,9,Indore,clay,Soybean,211,4.2,285,0.35,7.92,0.66,17.0,42.8,27.2,-1.17,low,low,high,1,1,rule-derived from synthetic thresholds
2654,1,Thanjavur,clay,Green gram,430,6.7,274,0.54,7.52,0.35,78.7,184.7,24.9,-0.21,medium,low,medium,1,0,rule-derived from synthetic thresholds
2655,4,Ludhiana,sandy,Rice,367,5.5,208,0.37,7.06,0.44,101.5,294.9,22.0,0.55,medium,low,medium,1,0,rule-derived from synthetic thresholds
2656,10,Jaipur,sandy,Wheat,360,47.7,145,0.14,6.05,0.38,69.4,142.6,24.4,-0.17,medium,high,medium,0,1,rule-derived from synthetic thresholds
2657,8,Guntur,clay,Cotton,305,17.4,397,0.4,6.94,1.32,83.2,254.9,29.3,2.27,medium,medium,high,0,1,rule-derived from synthetic thresholds
2658,15,Kolkata (24 Pgs),clay,Potato,484,11.0,126,0.93,8.72,0.66,98.3,327.2,28.3,-0.95,medium,medium,medium,0,0,rule-derived from synthetic thresholds
2659,13,Bengaluru Rural,sandy,Ragi,423,34.7,129,0.65,5.85,2.58,157.9,358.5,25.5,-0.0,medium,high,medium,0,1,rule-derived from synthetic thresholds
2660,4,Ludhiana,sandy,Potato,321,42.1,30,0.48,5.43,1.11,17.7,45.4,20.8,-0.09,medium,high,low,1,1,rule-derived from synthetic thresholds
2661,15,Kolkata (24 Pgs),clay,Mustard,310,20.4,107,0.77,7.77,0.29,61.6,214.5,23.1,-0.04,medium,medium,low,1,0,rule-derived from synthetic thresholds
2662,13,Bengaluru Rural,sandy,Turmeric,311,37.4,134,0.46,7.34,0.42,38.0,98.6,28.3,-0.42,medium,high,medium,0,1,rule-derived from synthetic thresholds
2663,7,Pune,clay,Sugarcane,392,13.9,264,0.48,8.71,0.64,64.2,210.7,22.8,0.11,medium,medium,medium,0,0,rule-derived from synthetic thresholds
2664,10,Jaipur,sandy,Mustard,316,11.3,174,0.43,6.93,1.05,33.5,97.1,23.6,0.68,medium,medium,medium,0,0,rule-derived from synthetic thresholds
2665,5,Karnal,loam,Turmeric,565,37.1,285,0.59,7.81,0.25,10.9,30.8,19.4,-0.28,high,high,high,0,1,rule-derived from synthetic thresholds
2666,2,Coimbatore,loam,Banana,376,8.1,131,0.72,6.95,0.27,136.6,479.5,28.6,-1.21,medium,low,medium,1,0,rule-derived from synthetic thresholds
2667,4,Ludhiana,sandy,Potato,404,32.8,52,0.38,6.52,1.63,62.5,223.7,26.0,-0.24,medium,high,low,1,1,rule-derived from synthetic thresholds
2668,11,Kanpur,loam,Potato,429,48.5,246,0.68,6.75,0.25,93.6,298.8,17.6,-0.96,medium,high,medium,0,1,rule-derived from synthetic thresholds
2669,9,Indore,clay,Wheat,524,2.5,178,0.69,8.12,0.44,46.1,118.0,32.8,-1.07,medium,low,medium,1,0,rule-derived from synthetic thresholds
2670,7,Pune,clay,Maize,642,8.6,234,1.03,6.41,0.4,27.6,94.3,25.6,-0.47,high,low,medium,1,1,rule-derived from synthetic thresholds
2671,8,Guntur,clay,Chilli,337,8.1,337,0.71,6.46,1.02,6.5,18.9,35.4,1.87,medium,low,high,1,1,rule-derived from synthetic thresholds
2672,12,Patna,loam,Sugarcane,391,9.1,280,0.69,7.38,0.71,39.7,92.5,28.2,1.74,medium,low,medium,1,0,rule-derived from synthetic thresholds
2673,11,Kanpur,loam,Potato,362,12.9,220,0.5,7.76,1.24,64.1,213.5,26.8,-0.78,medium,medium,medium,0,0,rule-derived from synthetic thresholds
2674,10,Jaipur,sandy,Pearl millet,422,42.5,30,0.43,7.35,1.05,52.0,181.5,17.8,-0.99,medium,high,low,1,1,rule-derived from synthetic thresholds
2675,8,Guntur,clay,Chilli,272,9.5,239,0.38,8.03,0.25,32.0,70.9,29.2,0.76,low,low,medium,1,0,rule-derived from synthetic thresholds
2676,1,Thanjavur,clay,Ragi,485,4.2,259,0.62,6.58,0.44,71.2,151.2,33.1,0.18,medium,low,medium,1,0,rule-derived from synthetic thresholds
2677,6,Nagpur,clay,Pigeon pea,453,8.3,260,0.58,7.75,0.11,16.7,45.0,23.1,-0.81,medium,low,medium,1,0,rule-derived from synthetic thresholds
2678,2,Coimbatore,loam,Cotton,372,15.1,216,0.66,6.77,1.18,25.8,68.2,18.8,-2.66,medium,medium,medium,0,0,rule-derived from synthetic thresholds
2679,12,Patna,loam,Rice,206,12.6,116,0.52,6.95,0.36,95.8,211.9,26.3,-1.78,low,medium,medium,1,0,rule-derived from synthetic thresholds
2680,6,Nagpur,clay,Soybean,415,39.6,239,0.69,6.74,0.6,5.8,20.5,25.9,1.08,medium,high,medium,0,1,rule-derived from synthetic thresholds
2681,4,Ludhiana,sandy,Rice,354,14.9,152,0.48,6.39,0.42,47.2,98.8,28.9,-0.32,medium,medium,medium,0,0,rule-derived from synthetic thresholds
2682,8,Guntur,clay,Cotton,426,18.6,419,0.52,8.85,1.0,28.2,79.2,27.3,0.71,medium,medium,high,0,1,rule-derived from synthetic thresholds
2683,8,Guntur,clay,Chilli,511,5.4,342,0.92,7.97,0.5,135.4,391.8,29.4,0.44,medium,low,high,1,1,rule-derived from synthetic thresholds
2684,14,Dharwad,clay,Turmeric,283,13.8,441,0.64,6.64,2.23,98.4,244.6,23.7,0.2,medium,medium,high,0,1,rule-derived from synthetic thresholds
2685,3,Madurai,sandy,Chilli,248,23.0,189,0.41,7.5,0.43,307.1,745.0,30.8,-2.17,low,medium,medium,1,0,rule-derived from synthetic thresholds
2686,13,Bengaluru Rural,sandy,Potato,261,15.1,151,0.3,5.5,1.34,42.5,109.5,23.8,-1.08,low,medium,medium,1,0,rule-derived from synthetic thresholds
2687,4,Ludhiana,sandy,Maize,389,4.7,175,0.71,6.22,0.81,38.6,131.4,18.1,-0.52,medium,low,medium,1,0,rule-derived from synthetic thresholds
2688,13,Bengaluru Rural,sandy,Tomato,166,22.4,131,0.13,5.12,0.28,79.2,278.4,25.6,-0.57,low,medium,medium,1,0,rule-derived from synthetic thresholds
2689,9,Indore,clay,Wheat,297,5.8,357,0.27,6.43,0.78,38.0,102.3,28.1,0.69,medium,low,high,1,1,rule-derived from synthetic thresholds
2690,9,Indore,clay,Ragi,423,10.7,314,0.81,8.67,0.53,29.3,60.8,28.8,0.46,medium,medium,high,0,1,rule-derived from synthetic thresholds
2691,11,Kanpur,loam,Rice,467,6.5,217,0.55,6.41,0.31,76.5,194.0,24.7,-0.63,medium,low,medium,1,0,rule-derived from synthetic thresholds
2692,2,Coimbatore,loam,Sorghum,448,21.6,336,0.63,6.3,0.28,51.2,158.0,25.2,1.03,medium,medium,high,0,1,rule-derived from synthetic thresholds
2693,12,Patna,loam,Rice,64,4.1,272,0.35,8.08,0.25,3.9,9.6,29.2,1.81,low,low,medium,1,0,rule-derived from synthetic thresholds
2694,12,Patna,loam,Wheat,441,67.5,295,0.54,6.23,1.11,320.1,1119.4,29.3,0.53,medium,high,high,0,1,rule-derived from synthetic thresholds
2695,3,Madurai,sandy,Rice,330,65.4,283,0.31,6.45,0.14,99.8,264.7,31.0,0.74,medium,high,high,0,1,rule-derived from synthetic thresholds
2696,2,Coimbatore,loam,Maize,264,16.8,269,0.46,8.06,0.1,17.8,49.2,28.2,-0.65,low,medium,medium,1,0,rule-derived from synthetic thresholds
2697,11,Kanpur,loam,Wheat,405,23.5,191,0.45,6.84,1.47,267.9,543.1,24.6,0.51,medium,medium,medium,0,0,rule-derived from synthetic thresholds
2698,2,Coimbatore,loam,Wheat,324,3.8,39,0.4,7.11,3.85,11.0,24.9,25.6,-0.68,medium,low,low,1,0,rule-derived from synthetic thresholds
2699,9,Indore,clay,Soybean,411,29.3,235,0.57,6.63,0.51,48.2,159.3,24.3,0.37,medium,high,medium,0,1,rule-derived from synthetic thresholds
2700,4,Ludhiana,sandy,Rice,602,12.7,72,0.82,6.1,0.24,11.4,33.4,26.7,-0.08,high,medium,low,1,1,rule-derived from synthetic thresholds
2701,11,Kanpur,loam,Potato,415,8.1,130,0.76,7.41,1.14,10.7,21.6,25.4,0.43,medium,low,medium,1,0,rule-derived from synthetic thresholds
2702,14,Dharwad,clay,Sorghum,242,13.5,257,0.45,8.52,1.46,24.6,85.2,20.1,0.52,low,medium,medium,1,0,rule-derived from synthetic thresholds
2703,13,Bengaluru Rural,sandy,Pigeon pea,251,11.3,300,0.19,5.88,0.3,155.9,540.0,20.9,-0.47,low,medium,high,1,1,rule-derived from synthetic thresholds
2704,12,Patna,loam,Ragi,287,9.2,274,0.42,6.05,0.77,88.7,183.3,26.2,1.06,medium,low,medium,1,0,rule-derived from synthetic thresholds
2705,10,Jaipur,sandy,Mustard,510,7.4,133,0.6,6.82,0.45,14.7,36.3,27.4,-0.7,medium,low,medium,1,0,rule-derived from synthetic thresholds
2706,2,Coimbatore,loam,Maize,320,16.9,137,0.57,8.4,0.37,44.5,136.3,21.0,0.21,medium,medium,medium,0,0,rule-derived from synthetic thresholds
2707,15,Kolkata (24 Pgs),clay,Potato,427,10.1,332,0.88,8.37,0.83,45.8,112.5,32.8,-0.45,medium,medium,high,0,1,rule-derived from synthetic thresholds
2708,14,Dharwad,clay,Cotton,467,22.2,43,0.69,9.2,1.85,36.4,74.9,25.7,0.7,medium,medium,low,1,0,rule-derived from synthetic thresholds
2709,1,Thanjavur,clay,Groundnut,266,6.0,334,0.26,7.07,0.49,163.2,402.0,24.9,-1.02,low,low,high,1,1,rule-derived from synthetic thresholds
2710,12,Patna,loam,Wheat,317,28.3,280,0.36,5.72,0.58,3.5,9.5,24.2,-0.31,medium,high,medium,0,1,rule-derived from synthetic thresholds
2711,2,Coimbatore,loam,Sorghum,271,6.5,319,0.43,8.18,0.28,31.0,110.9,23.8,0.76,low,low,high,1,1,rule-derived from synthetic thresholds
2712,10,Jaipur,sandy,Pearl millet,286,18.1,115,0.36,7.2,1.35,76.6,204.3,25.6,-0.2,medium,medium,medium,0,0,rule-derived from synthetic thresholds
2713,4,Ludhiana,sandy,Maize,217,15.9,105,0.53,6.21,1.59,68.1,164.0,21.2,-0.22,low,medium,low,1,0,rule-derived from synthetic thresholds
2714,2,Coimbatore,loam,Potato,410,41.0,251,0.76,5.17,0.56,47.7,171.0,22.1,1.13,medium,high,medium,0,1,rule-derived from synthetic thresholds
2715,4,Ludhiana,sandy,Maize,333,6.4,161,0.56,6.37,0.8,20.4,60.1,24.5,-0.09,medium,low,medium,1,0,rule-derived from synthetic thresholds
2716,5,Karnal,loam,Wheat,451,17.4,148,0.56,6.38,0.35,75.1,242.6,20.4,-0.32,medium,medium,medium,0,0,rule-derived from synthetic thresholds
2717,6,Nagpur,clay,Pigeon pea,424,38.4,341,0.38,8.81,0.46,129.1,359.5,28.8,1.41,medium,high,high,0,1,rule-derived from synthetic thresholds
2718,5,Karnal,loam,Potato,205,4.8,192,0.56,7.71,0.22,41.1,142.1,20.1,0.77,low,low,medium,1,0,rule-derived from synthetic thresholds
2719,7,Pune,clay,Maize,445,25.1,231,0.68,8.18,0.38,8.2,19.0,22.3,0.61,medium,high,medium,0,1,rule-derived from synthetic thresholds
2720,10,Jaipur,sandy,Pearl millet,304,9.8,94,0.2,7.47,0.5,62.0,147.5,28.1,0.22,medium,low,low,1,0,rule-derived from synthetic thresholds
2721,7,Pune,clay,Cotton,485,36.6,188,0.84,7.17,2.1,249.6,803.6,30.6,-1.82,medium,high,medium,0,1,rule-derived from synthetic thresholds
2722,9,Indore,clay,Wheat,353,6.8,236,0.19,7.03,0.91,243.9,625.1,24.1,1.64,medium,low,medium,1,0,rule-derived from synthetic thresholds
2723,6,Nagpur,clay,Soybean,280,37.9,150,0.55,7.8,0.38,9.2,25.5,30.1,-1.11,medium,high,medium,0,1,rule-derived from synthetic thresholds
2724,5,Karnal,loam,Wheat,362,44.7,165,0.52,7.74,0.18,151.3,348.0,22.1,-0.47,medium,high,medium,0,1,rule-derived from synthetic thresholds
2725,3,Madurai,sandy,Rice,453,22.0,30,0.56,6.35,1.08,71.6,154.4,30.6,-1.49,medium,medium,low,1,0,rule-derived from synthetic thresholds
2726,5,Karnal,loam,Wheat,252,44.1,211,0.62,6.64,0.41,23.5,74.4,25.4,1.6,low,high,medium,1,1,rule-derived from synthetic thresholds
2727,3,Madurai,sandy,Chilli,362,16.3,30,0.45,6.35,1.04,51.9,155.3,27.7,-1.34,medium,medium,low,1,0,rule-derived from synthetic thresholds
2728,8,Guntur,clay,Chilli,495,32.2,272,0.98,6.7,0.62,40.5,116.0,24.6,-0.46,medium,high,medium,0,1,rule-derived from synthetic thresholds
2729,10,Jaipur,sandy,Pearl millet,408,9.5,63,0.53,7.08,0.59,71.4,239.5,25.9,-3.38,medium,low,low,1,0,rule-derived from synthetic thresholds
2730,13,Bengaluru Rural,sandy,Onion,243,11.0,105,0.22,7.46,0.51,124.1,434.2,20.4,0.62,low,medium,low,1,0,rule-derived from synthetic thresholds
2731,5,Karnal,loam,Wheat,337,4.1,120,0.26,5.48,0.63,12.5,26.5,24.9,-0.91,medium,low,medium,1,0,rule-derived from synthetic thresholds
2732,2,Coimbatore,loam,Maize,400,6.5,194,0.74,8.65,0.85,66.5,217.3,22.1,0.15,medium,low,medium,1,0,rule-derived from synthetic thresholds
2733,13,Bengaluru Rural,sandy,Cotton,367,8.3,114,0.51,7.16,0.78,21.9,77.8,23.3,-0.46,medium,low,medium,1,0,rule-derived from synthetic thresholds
2734,11,Kanpur,loam,Rice,317,2.5,174,0.59,7.18,0.17,63.2,197.8,27.1,0.55,medium,low,medium,1,0,rule-derived from synthetic thresholds
2735,5,Karnal,loam,Sugarcane,450,10.2,302,0.74,6.18,1.75,14.1,39.7,22.6,-1.58,medium,medium,high,0,1,rule-derived from synthetic thresholds
2736,15,Kolkata (24 Pgs),clay,Mustard,464,11.8,135,0.81,7.65,1.81,142.4,385.8,31.1,0.34,medium,medium,medium,0,0,rule-derived from synthetic thresholds
2737,10,Jaipur,sandy,Rice,258,7.1,173,0.33,7.37,0.38,138.5,443.1,25.0,-0.66,low,low,medium,1,0,rule-derived from synthetic thresholds
2738,12,Patna,loam,Maize,453,10.3,239,0.76,6.48,1.45,174.3,493.2,20.8,-0.77,medium,medium,medium,0,0,rule-derived from synthetic thresholds
2739,6,Nagpur,clay,Pigeon pea,523,7.3,287,1.08,8.11,1.56,11.0,34.5,31.9,-0.6,medium,low,high,1,1,rule-derived from synthetic thresholds
2740,7,Pune,clay,Maize,546,9.3,165,0.9,7.26,1.07,68.2,184.1,23.5,0.85,medium,low,medium,1,0,rule-derived from synthetic thresholds
2741,6,Nagpur,clay,Cotton,235,15.6,257,0.5,7.39,0.15,161.7,326.1,20.1,-1.63,low,medium,medium,1,0,rule-derived from synthetic thresholds
2742,11,Kanpur,loam,Chickpea,552,12.1,149,0.88,7.28,1.06,20.6,50.2,24.4,0.32,medium,medium,medium,0,0,rule-derived from synthetic thresholds
2743,13,Bengaluru Rural,sandy,Maize,451,8.9,51,0.47,6.22,1.08,48.8,165.6,21.0,-0.46,medium,low,low,1,0,rule-derived from synthetic thresholds
2744,13,Bengaluru Rural,sandy,Tomato,374,44.3,194,0.59,5.86,0.48,81.2,222.0,26.1,-0.06,medium,high,medium,0,1,rule-derived from synthetic thresholds
2745,5,Karnal,loam,Turmeric,204,16.3,207,0.51,7.0,0.62,28.7,96.1,26.4,-1.07,low,medium,medium,1,0,rule-derived from synthetic thresholds
2746,12,Patna,loam,Green gram,267,10.2,202,0.55,7.32,0.76,21.6,65.2,25.1,-1.13,low,medium,medium,1,0,rule-derived from synthetic thresholds
2747,11,Kanpur,loam,Pigeon pea,239,25.6,246,0.31,8.63,0.3,148.6,499.3,26.1,-0.8,low,high,medium,1,1,rule-derived from synthetic thresholds
2748,1,Thanjavur,clay,Groundnut,544,17.8,292,0.74,8.01,1.14,2.0,6.6,29.1,-0.4,medium,medium,high,0,1,rule-derived from synthetic thresholds
2749,12,Patna,loam,Maize,99,23.8,134,0.21,8.57,1.09,68.4,169.3,25.5,-1.11,low,medium,medium,1,0,rule-derived from synthetic thresholds
2750,2,Coimbatore,loam,Sorghum,427,13.5,150,0.55,7.31,0.77,127.7,302.4,22.3,0.65,medium,medium,medium,0,0,rule-derived from synthetic thresholds
2751,2,Coimbatore,loam,Maize,404,13.0,221,0.72,5.33,0.73,149.7,333.2,22.3,0.76,medium,medium,medium,0,0,rule-derived from synthetic thresholds
2752,2,Coimbatore,loam,Maize,236,21.6,207,0.27,7.73,0.45,69.0,170.0,30.4,0.42,low,medium,medium,1,0,rule-derived from synthetic thresholds
2753,9,Indore,clay,Soybean,345,25.0,335,0.58,7.62,0.3,115.0,405.8,26.9,0.82,medium,medium,high,0,1,rule-derived from synthetic thresholds
2754,1,Thanjavur,clay,Rice,511,14.2,440,0.46,7.95,1.27,28.1,64.8,25.9,-0.98,medium,medium,high,0,1,rule-derived from synthetic thresholds
2755,8,Guntur,clay,Rice,437,11.1,382,0.78,6.5,2.12,87.9,242.9,23.7,0.16,medium,medium,high,0,1,rule-derived from synthetic thresholds
2756,11,Kanpur,loam,Wheat,391,3.6,229,0.73,7.17,2.08,34.9,112.3,28.1,-0.76,medium,low,medium,1,0,rule-derived from synthetic thresholds
2757,9,Indore,clay,Soybean,500,3.2,306,0.77,7.12,0.71,192.1,683.2,26.7,-0.04,medium,low,high,1,1,rule-derived from synthetic thresholds
2758,5,Karnal,loam,Maize,200,8.4,196,0.3,8.51,0.68,12.9,46.0,23.9,0.67,low,low,medium,1,0,rule-derived from synthetic thresholds
2759,6,Nagpur,clay,Soybean,409,8.1,233,0.75,9.2,1.11,17.4,41.2,26.1,-1.54,medium,low,medium,1,0,rule-derived from synthetic thresholds
2760,11,Kanpur,loam,Lentil,333,10.6,127,0.26,6.44,0.62,50.0,159.6,20.5,0.8,medium,medium,medium,0,0,rule-derived from synthetic thresholds
2761,6,Nagpur,clay,Soybean,479,31.7,356,0.78,6.81,0.69,86.7,191.5,29.0,-1.42,medium,high,high,0,1,rule-derived from synthetic thresholds
2762,10,Jaipur,sandy,Sorghum,491,42.4,118,0.67,5.82,0.53,7.7,21.0,25.7,-0.39,medium,high,medium,0,1,rule-derived from synthetic thresholds
2763,11,Kanpur,loam,Ragi,234,4.1,181,0.64,8.27,0.53,108.7,360.7,28.1,0.27,low,low,medium,1,0,rule-derived from synthetic thresholds
2764,8,Guntur,clay,Chilli,444,10.4,374,0.45,6.11,0.45,97.3,241.7,29.3,1.44,medium,medium,high,0,1,rule-derived from synthetic thresholds
2765,6,Nagpur,clay,Cotton,404,24.3,337,0.72,7.57,0.36,68.9,199.4,27.9,0.35,medium,medium,high,0,1,rule-derived from synthetic thresholds
2766,1,Thanjavur,clay,Groundnut,360,25.2,446,0.42,7.32,0.29,75.9,172.8,33.2,0.39,medium,high,high,0,1,rule-derived from synthetic thresholds
2767,12,Patna,loam,Sorghum,216,10.4,237,0.17,7.55,0.36,107.8,363.6,24.5,-0.05,low,medium,medium,1,0,rule-derived from synthetic thresholds
2768,5,Karnal,loam,Sugarcane,172,9.0,302,0.36,8.33,0.89,129.2,328.3,31.3,-0.21,low,low,high,1,1,rule-derived from synthetic thresholds
2769,7,Pune,clay,Onion,594,7.8,343,0.68,7.6,0.64,33.8,98.1,26.3,-1.63,high,low,high,1,1,rule-derived from synthetic thresholds
2770,1,Thanjavur,clay,Banana,322,13.0,285,0.48,8.62,1.68,23.2,48.2,29.9,1.21,medium,medium,high,0,1,rule-derived from synthetic thresholds
2771,12,Patna,loam,Wheat,334,8.9,218,0.29,7.46,0.47,54.6,161.9,31.5,-0.26,medium,low,medium,1,0,rule-derived from synthetic thresholds
2772,14,Dharwad,clay,Chilli,316,43.0,321,0.74,6.99,0.2,48.6,129.7,27.8,-0.57,medium,high,high,0,1,rule-derived from synthetic thresholds
2773,14,Dharwad,clay,Cotton,481,9.4,422,0.75,7.01,0.44,54.1,125.4,23.6,2.41,medium,low,high,1,1,rule-derived from synthetic thresholds
2774,5,Karnal,loam,Wheat,418,6.6,138,0.78,7.78,0.13,69.7,178.0,22.9,1.15,medium,low,medium,1,0,rule-derived from synthetic thresholds
2775,2,Coimbatore,loam,Cotton,448,3.4,150,0.54,5.99,0.24,53.5,180.2,23.4,0.4,medium,low,medium,1,0,rule-derived from synthetic thresholds
2776,2,Coimbatore,loam,Sorghum,264,24.2,216,0.34,6.36,0.72,38.9,113.0,24.7,1.05,low,medium,medium,1,0,rule-derived from synthetic thresholds
2777,6,Nagpur,clay,Soybean,431,5.8,250,0.49,9.2,0.36,11.6,25.4,26.0,1.86,medium,low,medium,1,0,rule-derived from synthetic thresholds
2778,1,Thanjavur,clay,Groundnut,443,13.8,363,0.69,8.42,0.24,130.0,384.5,28.5,-0.14,medium,medium,high,0,1,rule-derived from synthetic thresholds
2779,3,Madurai,sandy,Cotton,429,6.4,168,0.11,6.77,1.36,25.5,52.1,25.9,0.03,medium,low,medium,1,0,rule-derived from synthetic thresholds
2780,10,Jaipur,sandy,Wheat,294,17.8,193,0.4,5.64,0.92,7.7,21.2,27.9,0.9,medium,medium,medium,0,0,rule-derived from synthetic thresholds
2781,1,Thanjavur,clay,Groundnut,320,38.5,190,0.47,8.22,1.08,201.1,404.5,33.9,1.97,medium,high,medium,0,1,rule-derived from synthetic thresholds
2782,10,Jaipur,sandy,Pearl millet,314,15.4,120,0.5,7.48,0.79,42.0,107.1,25.3,0.97,medium,medium,medium,0,0,rule-derived from synthetic thresholds
2783,14,Dharwad,clay,Wheat,369,14.2,139,0.55,8.13,1.07,379.7,890.0,21.4,0.08,medium,medium,medium,0,0,rule-derived from synthetic thresholds
2784,15,Kolkata (24 Pgs),clay,Mustard,384,39.9,251,0.68,6.7,1.21,247.1,645.9,27.8,-0.98,medium,high,medium,0,1,rule-derived from synthetic thresholds
2785,15,Kolkata (24 Pgs),clay,Mustard,404,13.1,242,0.77,7.76,0.35,69.9,181.9,27.2,0.56,medium,medium,medium,0,0,rule-derived from synthetic thresholds
2786,5,Karnal,loam,Wheat,242,7.4,225,0.25,7.77,0.26,151.3,336.2,26.5,-0.26,low,low,medium,1,0,rule-derived from synthetic thresholds
2787,10,Jaipur,sandy,Pearl millet,220,14.2,44,0.37,5.73,0.47,3.9,10.4,23.7,-0.26,low,medium,low,1,0,rule-derived from synthetic thresholds
2788,1,Thanjavur,clay,Rice,390,10.7,307,0.47,7.74,1.22,91.0,214.3,26.9,-1.57,medium,medium,high,0,1,rule-derived from synthetic thresholds
2789,4,Ludhiana,sandy,Rice,210,27.0,83,0.1,6.32,0.85,52.4,120.1,24.7,-1.67,low,high,low,1,1,rule-derived from synthetic thresholds
2790,12,Patna,loam,Rice,382,4.8,275,0.48,6.53,0.81,177.5,393.1,22.3,1.33,medium,low,medium,1,0,rule-derived from synthetic thresholds
2791,4,Ludhiana,sandy,Wheat,285,3.9,173,0.1,6.02,0.84,31.1,105.6,24.0,0.72,medium,low,medium,1,0,rule-derived from synthetic thresholds
2792,5,Karnal,loam,Wheat,363,19.2,231,0.6,7.9,0.26,97.6,290.3,20.4,-0.61,medium,medium,medium,0,0,rule-derived from synthetic thresholds
2793,7,Pune,clay,Sorghum,468,11.2,260,0.71,8.7,0.29,41.0,100.9,25.1,-0.84,medium,medium,medium,0,0,rule-derived from synthetic thresholds
2794,5,Karnal,loam,Sugarcane,430,28.2,178,0.58,6.63,0.32,53.9,163.1,29.3,-0.92,medium,high,medium,0,1,rule-derived from synthetic thresholds
2795,12,Patna,loam,Cotton,436,32.8,158,0.57,7.8,0.71,168.6,387.8,23.9,0.77,medium,high,medium,0,1,rule-derived from synthetic thresholds
2796,14,Dharwad,clay,Cotton,511,12.6,330,0.86,7.35,0.45,50.8,139.9,24.8,0.76,medium,medium,high,0,1,rule-derived from synthetic thresholds
2797,9,Indore,clay,Chickpea,450,15.9,290,0.62,8.51,0.85,73.1,159.1,26.8,1.24,medium,medium,high,0,1,rule-derived from synthetic thresholds
2798,9,Indore,clay,Soybean,299,6.7,247,0.56,7.13,0.36,99.0,324.3,25.1,0.35,medium,low,medium,1,0,rule-derived from synthetic thresholds
2799,11,Kanpur,loam,Cotton,496,8.8,132,0.66,6.89,0.65,54.5,165.1,25.2,-0.01,medium,low,medium,1,0,rule-derived from synthetic thresholds
2800,7,Pune,clay,Onion,531,18.0,401,0.79,8.51,0.22,58.3,151.1,20.6,-0.1,medium,medium,high,0,1,rule-derived from synthetic thresholds
2801,7,Pune,clay,Tomato,553,18.2,316,0.68,8.26,0.63,58.4,208.7,28.4,0.86,medium,medium,high,0,1,rule-derived from synthetic thresholds
2802,15,Kolkata (24 Pgs),clay,Potato,320,5.8,212,0.63,7.96,0.78,31.9,77.5,22.3,0.18,medium,low,medium,1,0,rule-derived from synthetic thresholds
2803,6,Nagpur,clay,Soybean,492,12.0,299,1.03,7.76,0.18,105.0,210.7,28.3,-0.89,medium,medium,high,0,1,rule-derived from synthetic thresholds
2804,4,Ludhiana,sandy,Sorghum,389,29.0,50,0.29,7.58,0.8,42.1,145.7,21.1,-1.87,medium,high,low,1,1,rule-derived from synthetic thresholds
2805,1,Thanjavur,clay,Groundnut,380,16.6,213,0.45,7.55,0.7,60.6,159.6,24.2,-0.69,medium,medium,medium,0,0,rule-derived from synthetic thresholds
2806,1,Thanjavur,clay,Ragi,316,17.8,306,0.61,7.5,1.21,137.5,471.1,31.0,-1.45,medium,medium,high,0,1,rule-derived from synthetic thresholds
2807,12,Patna,loam,Maize,364,20.2,219,0.55,7.22,0.49,77.5,160.1,25.2,-1.21,medium,medium,medium,0,0,rule-derived from synthetic thresholds
2808,4,Ludhiana,sandy,Soybean,450,18.6,210,0.61,5.96,1.12,54.5,147.9,29.2,1.69,medium,medium,medium,0,0,rule-derived from synthetic thresholds
2809,12,Patna,loam,Wheat,449,8.5,101,0.78,6.21,1.5,11.1,40.0,26.9,-1.4,medium,low,low,1,0,rule-derived from synthetic thresholds
2810,1,Thanjavur,clay,Groundnut,467,13.1,370,0.63,8.01,0.12,65.6,164.7,27.8,0.2,medium,medium,high,0,1,rule-derived from synthetic thresholds
2811,12,Patna,loam,Potato,450,18.6,154,0.75,8.05,0.69,130.1,318.1,22.4,-0.63,medium,medium,medium,0,0,rule-derived from synthetic thresholds
2812,7,Pune,clay,Soybean,411,13.1,256,0.64,7.37,0.43,21.4,57.1,29.0,0.69,medium,medium,medium,0,0,rule-derived from synthetic thresholds
2813,13,Bengaluru Rural,sandy,Maize,425,29.0,130,0.57,6.39,0.76,53.0,133.3,24.5,-0.2,medium,high,medium,0,1,rule-derived from synthetic thresholds
2814,13,Bengaluru Rural,sandy,Ragi,293,10.6,78,0.19,5.26,1.99,22.0,59.4,26.0,-0.13,medium,medium,low,1,0,rule-derived from synthetic thresholds
2815,9,Indore,clay,Potato,529,4.0,176,0.88,7.7,0.66,40.8,127.0,24.3,0.7,medium,low,medium,1,0,rule-derived from synthetic thresholds
2816,15,Kolkata (24 Pgs),clay,Turmeric,311,4.1,244,0.41,8.63,1.14,48.4,156.9,25.3,-0.56,medium,low,medium,1,0,rule-derived from synthetic thresholds
2817,15,Kolkata (24 Pgs),clay,Mustard,491,24.1,212,0.77,7.67,1.34,121.0,376.4,23.6,-1.05,medium,medium,medium,0,0,rule-derived from synthetic thresholds
2818,11,Kanpur,loam,Potato,479,7.2,240,0.73,8.55,0.77,95.8,230.7,23.1,-0.76,medium,low,medium,1,0,rule-derived from synthetic thresholds
2819,8,Guntur,clay,Chilli,356,44.0,299,0.64,8.41,0.54,154.8,358.1,28.3,-2.23,medium,high,high,0,1,rule-derived from synthetic thresholds
2820,14,Dharwad,clay,Sorghum,370,19.3,432,0.5,8.17,0.41,42.4,92.1,24.3,-0.15,medium,medium,high,0,1,rule-derived from synthetic thresholds
2821,15,Kolkata (24 Pgs),clay,Mustard,408,16.6,312,0.69,9.2,0.95,510.8,1154.1,26.4,-0.12,medium,medium,high,0,1,rule-derived from synthetic thresholds
2822,7,Pune,clay,Maize,533,8.8,292,0.73,8.29,3.12,15.8,38.7,22.4,1.33,medium,low,high,1,1,rule-derived from synthetic thresholds
2823,5,Karnal,loam,Mustard,443,9.7,240,0.85,5.39,0.67,33.4,68.1,24.4,0.82,medium,low,medium,1,0,rule-derived from synthetic thresholds
2824,5,Karnal,loam,Sugarcane,411,16.9,440,0.52,8.02,0.41,43.0,149.6,23.6,-0.77,medium,medium,high,0,1,rule-derived from synthetic thresholds
2825,15,Kolkata (24 Pgs),clay,Rice,414,14.8,363,0.72,8.53,1.64,23.4,83.6,29.8,0.02,medium,medium,high,0,1,rule-derived from synthetic thresholds
2826,3,Madurai,sandy,Chickpea,377,47.5,207,0.59,6.67,0.81,50.0,117.7,28.0,-0.68,medium,high,medium,0,1,rule-derived from synthetic thresholds
2827,1,Thanjavur,clay,Green gram,468,44.6,198,0.58,7.51,0.51,114.4,373.5,27.1,-0.37,medium,high,medium,0,1,rule-derived from synthetic thresholds
2828,8,Guntur,clay,Pearl millet,536,17.8,313,0.84,8.69,1.02,34.0,97.4,35.1,-0.24,medium,medium,high,0,1,rule-derived from synthetic thresholds
2829,15,Kolkata (24 Pgs),clay,Potato,342,8.6,249,0.64,7.69,0.88,119.2,261.8,27.3,0.44,medium,low,medium,1,0,rule-derived from synthetic thresholds
2830,5,Karnal,loam,Turmeric,354,11.0,244,0.54,7.69,0.51,49.5,154.0,21.4,0.28,medium,medium,medium,0,0,rule-derived from synthetic thresholds
2831,8,Guntur,clay,Chilli,456,8.9,274,0.8,7.28,1.11,16.9,56.1,31.6,-0.1,medium,low,medium,1,0,rule-derived from synthetic thresholds
2832,2,Coimbatore,loam,Maize,320,18.7,187,0.44,6.49,0.99,18.9,59.2,24.5,-0.45,medium,medium,medium,0,0,rule-derived from synthetic thresholds
2833,13,Bengaluru Rural,sandy,Maize,361,46.8,39,0.33,7.46,2.87,132.3,315.9,27.4,-0.19,medium,high,low,1,1,rule-derived from synthetic thresholds
2834,14,Dharwad,clay,Chilli,591,11.2,308,0.92,7.43,0.27,94.5,224.0,25.2,-1.07,high,medium,high,0,1,rule-derived from synthetic thresholds
2835,10,Jaipur,sandy,Pearl millet,438,13.4,190,0.64,5.98,0.27,7.5,21.4,27.7,-0.87,medium,medium,medium,0,0,rule-derived from synthetic thresholds
2836,2,Coimbatore,loam,Banana,382,25.1,219,0.48,6.39,1.0,39.0,130.0,28.6,-1.35,medium,high,medium,0,1,rule-derived from synthetic thresholds
2837,2,Coimbatore,loam,Banana,314,5.1,289,0.4,8.1,0.55,65.9,189.6,20.6,-2.25,medium,low,high,1,1,rule-derived from synthetic thresholds
2838,12,Patna,loam,Maize,251,12.1,66,0.54,7.21,0.7,84.4,280.3,28.0,0.04,low,medium,low,1,0,rule-derived from synthetic thresholds
2839,2,Coimbatore,loam,Soybean,223,12.2,175,0.42,8.16,0.67,177.9,507.0,28.5,-0.5,low,medium,medium,1,0,rule-derived from synthetic thresholds
2840,2,Coimbatore,loam,Groundnut,332,22.4,113,0.44,6.55,1.14,59.5,131.9,26.8,1.55,medium,medium,medium,0,0,rule-derived from synthetic thresholds
2841,14,Dharwad,clay,Lentil,439,8.1,365,0.57,7.36,0.45,32.2,68.9,24.8,2.05,medium,low,high,1,1,rule-derived from synthetic thresholds
2842,8,Guntur,clay,Onion,328,7.9,185,0.65,7.25,0.43,116.3,413.8,30.4,-0.71,medium,low,medium,1,0,rule-derived from synthetic thresholds
2843,9,Indore,clay,Wheat,553,14.7,400,0.9,8.25,0.91,125.1,257.1,19.4,-1.85,medium,medium,high,0,1,rule-derived from synthetic thresholds
2844,11,Kanpur,loam,Wheat,339,28.5,138,0.45,5.94,0.24,29.6,99.7,27.8,0.69,medium,high,medium,0,1,rule-derived from synthetic thresholds
2845,6,Nagpur,clay,Soybean,526,24.1,81,1.05,7.73,0.53,32.6,101.9,33.3,1.65,medium,medium,low,1,0,rule-derived from synthetic thresholds
2846,4,Ludhiana,sandy,Maize,555,7.3,150,0.71,5.58,0.87,24.9,68.0,18.3,0.86,medium,low,medium,1,0,rule-derived from synthetic thresholds
2847,8,Guntur,clay,Cotton,286,5.3,206,0.62,7.06,0.56,141.1,468.8,31.5,-0.93,medium,low,medium,1,0,rule-derived from synthetic thresholds
2848,2,Coimbatore,loam,Cotton,336,9.7,251,0.43,6.13,1.81,34.4,69.5,29.4,-0.4,medium,low,medium,1,0,rule-derived from synthetic thresholds
2849,5,Karnal,loam,Rice,369,21.6,272,0.32,8.31,0.34,30.8,99.8,19.1,-0.46,medium,medium,medium,0,0,rule-derived from synthetic thresholds
2850,9,Indore,clay,Wheat,435,10.7,287,0.75,8.25,0.7,22.4,74.0,25.1,-0.93,medium,medium,high,0,1,rule-derived from synthetic thresholds
2851,15,Kolkata (24 Pgs),clay,Rice,267,8.7,320,0.49,6.54,0.67,24.4,73.4,21.9,-0.28,low,low,high,1,1,rule-derived from synthetic thresholds
2852,10,Jaipur,sandy,Pearl millet,264,3.5,275,0.1,6.44,0.33,22.3,52.6,24.5,0.08,low,low,medium,1,0,rule-derived from synthetic thresholds
2853,12,Patna,loam,Rice,353,20.0,197,0.35,8.02,0.57,348.5,1195.7,23.0,0.44,medium,medium,medium,0,0,rule-derived from synthetic thresholds
2854,5,Karnal,loam,Ragi,531,13.1,110,0.68,7.76,0.6,69.4,154.4,25.4,-1.98,medium,medium,medium,0,0,rule-derived from synthetic thresholds
2855,1,Thanjavur,clay,Green gram,364,11.9,205,0.53,7.67,0.29,83.5,242.5,30.8,1.05,medium,medium,medium,0,0,rule-derived from synthetic thresholds
2856,6,Nagpur,clay,Onion,349,24.3,282,0.65,7.25,0.48,158.4,431.8,30.1,1.21,medium,medium,high,0,1,rule-derived from synthetic thresholds
2857,11,Kanpur,loam,Sorghum,364,12.0,290,0.56,6.92,3.26,26.9,54.5,30.3,-1.12,medium,medium,high,0,1,rule-derived from synthetic thresholds
2858,1,Thanjavur,clay,Tomato,361,15.7,229,0.54,6.77,0.56,228.9,459.3,30.0,0.88,medium,medium,medium,0,0,rule-derived from synthetic thresholds
2859,13,Bengaluru Rural,sandy,Onion,139,21.4,30,0.19,7.25,0.4,127.0,310.0,25.0,-1.9,low,medium,low,1,0,rule-derived from synthetic thresholds
2860,5,Karnal,loam,Ragi,521,27.7,142,0.78,8.13,1.02,56.3,131.5,20.6,-0.48,medium,high,medium,0,1,rule-derived from synthetic thresholds
2861,11,Kanpur,loam,Wheat,341,52.3,209,0.63,7.13,0.4,21.8,54.9,24.1,2.06,medium,high,medium,0,1,rule-derived from synthetic thresholds
2862,14,Dharwad,clay,Onion,559,18.6,377,0.91,8.06,0.92,171.2,601.1,25.3,0.51,medium,medium,high,0,1,rule-derived from synthetic thresholds
2863,10,Jaipur,sandy,Wheat,325,15.4,129,0.27,6.83,0.15,11.2,31.2,24.4,1.34,medium,medium,medium,0,0,rule-derived from synthetic thresholds
2864,3,Madurai,sandy,Mustard,327,31.7,148,0.52,5.64,0.64,62.5,214.1,27.1,-1.64,medium,high,medium,0,1,rule-derived from synthetic thresholds
2865,4,Ludhiana,sandy,Sunflower,437,17.0,142,0.74,7.29,0.42,17.5,41.8,25.0,-1.44,medium,medium,medium,0,0,rule-derived from synthetic thresholds
2866,8,Guntur,clay,Wheat,358,17.5,202,0.84,9.2,0.26,86.0,261.7,26.3,-0.97,medium,medium,medium,0,0,rule-derived from synthetic thresholds
2867,15,Kolkata (24 Pgs),clay,Pigeon pea,303,13.9,414,0.53,9.2,2.51,61.0,168.8,21.6,-1.76,medium,medium,high,0,1,rule-derived from synthetic thresholds
2868,11,Kanpur,loam,Potato,231,18.1,30,0.3,8.37,0.62,32.1,106.8,30.0,0.87,low,medium,low,1,0,rule-derived from synthetic thresholds
2869,10,Jaipur,sandy,Wheat,425,11.9,70,0.62,6.51,0.45,21.2,45.3,27.1,-1.0,medium,medium,low,1,0,rule-derived from synthetic thresholds
2870,13,Bengaluru Rural,sandy,Tomato,306,12.4,107,0.53,6.02,0.29,12.1,37.3,22.3,0.46,medium,medium,low,1,0,rule-derived from synthetic thresholds
2871,3,Madurai,sandy,Tomato,292,23.5,182,0.49,7.76,1.36,430.9,1453.0,27.4,-0.37,medium,medium,medium,0,0,rule-derived from synthetic thresholds
2872,2,Coimbatore,loam,Onion,312,13.6,288,0.37,8.13,0.65,163.1,553.3,27.4,-0.07,medium,medium,high,0,1,rule-derived from synthetic thresholds
2873,9,Indore,clay,Chickpea,456,35.0,323,0.49,7.15,0.48,34.0,102.4,21.1,1.18,medium,high,high,0,1,rule-derived from synthetic thresholds
2874,9,Indore,clay,Chickpea,266,24.2,177,0.56,8.19,0.32,32.2,75.1,25.3,0.16,low,medium,medium,1,0,rule-derived from synthetic thresholds
2875,4,Ludhiana,sandy,Rice,318,60.5,205,0.68,6.25,1.2,196.5,512.6,26.3,-0.03,medium,high,medium,0,1,rule-derived from synthetic thresholds
2876,10,Jaipur,sandy,Pearl millet,283,33.8,137,0.49,6.56,0.32,82.1,204.3,25.4,0.09,medium,high,medium,0,1,rule-derived from synthetic thresholds
2877,3,Madurai,sandy,Rice,330,3.1,333,0.36,6.66,0.83,19.1,43.7,29.3,0.86,medium,low,high,1,1,rule-derived from synthetic thresholds
2878,3,Madurai,sandy,Rice,494,17.9,124,0.53,6.57,0.8,67.3,189.9,24.9,0.11,medium,medium,medium,0,0,rule-derived from synthetic thresholds
2879,14,Dharwad,clay,Cotton,344,7.7,283,0.52,8.78,0.7,34.6,118.5,25.9,0.26,medium,low,high,1,1,rule-derived from synthetic thresholds
2880,1,Thanjavur,clay,Chilli,463,11.1,296,0.87,6.52,1.46,333.4,787.8,29.5,-0.96,medium,medium,high,0,1,rule-derived from synthetic thresholds
2881,9,Indore,clay,Wheat,416,24.3,278,0.76,6.83,1.08,31.6,70.3,23.1,-0.19,medium,medium,medium,0,0,rule-derived from synthetic thresholds
2882,13,Bengaluru Rural,sandy,Tomato,60,44.3,221,0.13,7.78,1.13,62.6,191.1,25.9,-0.34,low,high,medium,1,1,rule-derived from synthetic thresholds
2883,11,Kanpur,loam,Rice,291,19.3,102,0.55,6.55,0.73,44.8,151.2,24.4,0.45,medium,medium,low,1,0,rule-derived from synthetic thresholds
2884,7,Pune,clay,Sugarcane,352,10.3,268,0.48,7.28,0.66,79.0,246.3,24.5,-0.02,medium,medium,medium,0,0,rule-derived from synthetic thresholds
2885,5,Karnal,loam,Potato,427,15.7,139,0.82,5.21,0.92,118.8,294.0,21.8,1.18,medium,medium,medium,0,0,rule-derived from synthetic thresholds
2886,1,Thanjavur,clay,Groundnut,401,8.6,129,0.85,9.2,0.32,42.2,97.4,28.1,-0.68,medium,low,medium,1,0,rule-derived from synthetic thresholds
2887,2,Coimbatore,loam,Sorghum,460,21.8,183,0.8,5.74,1.9,46.8,115.3,30.6,1.3,medium,medium,medium,0,0,rule-derived from synthetic thresholds
2888,9,Indore,clay,Soybean,594,12.6,365,0.87,8.82,1.08,13.7,41.7,22.8,1.52,high,medium,high,0,1,rule-derived from synthetic thresholds
2889,8,Guntur,clay,Chilli,307,11.4,322,0.68,7.81,0.47,47.3,105.2,28.6,1.77,medium,medium,high,0,1,rule-derived from synthetic thresholds
2890,6,Nagpur,clay,Cotton,414,12.6,131,0.4,6.73,1.56,52.7,131.4,26.2,0.3,medium,medium,medium,0,0,rule-derived from synthetic thresholds
2891,5,Karnal,loam,Pearl millet,208,16.0,430,0.34,6.08,1.06,21.4,61.4,23.7,-0.69,low,medium,high,1,1,rule-derived from synthetic thresholds
2892,2,Coimbatore,loam,Sorghum,374,18.3,284,0.78,5.93,1.59,15.4,32.8,21.9,0.72,medium,medium,high,0,1,rule-derived from synthetic thresholds
2893,2,Coimbatore,loam,Sugarcane,379,30.9,132,0.65,7.3,0.41,176.4,428.2,23.8,1.07,medium,high,medium,0,1,rule-derived from synthetic thresholds
2894,5,Karnal,loam,Sugarcane,479,5.6,45,0.56,7.56,0.52,54.7,149.3,21.2,-0.41,medium,low,low,1,0,rule-derived from synthetic thresholds
2895,14,Dharwad,clay,Sorghum,430,20.1,218,0.81,7.47,0.48,162.8,372.5,25.5,-0.38,medium,medium,medium,0,0,rule-derived from synthetic thresholds
2896,5,Karnal,loam,Sugarcane,426,8.3,251,0.35,7.51,0.26,89.0,288.7,24.5,0.47,medium,low,medium,1,0,rule-derived from synthetic thresholds
2897,2,Coimbatore,loam,Banana,247,12.0,370,0.67,7.49,0.36,4.8,10.0,26.1,-1.33,low,medium,high,1,1,rule-derived from synthetic thresholds
2898,9,Indore,clay,Chickpea,200,15.2,349,0.18,9.2,0.34,36.1,101.4,25.0,1.87,low,medium,high,1,1,rule-derived from synthetic thresholds
2899,2,Coimbatore,loam,Maize,309,10.8,285,0.58,7.0,0.86,91.5,256.2,25.9,-1.32,medium,medium,high,0,1,rule-derived from synthetic thresholds
2900,7,Pune,clay,Maize,470,16.2,301,0.66,6.83,0.48,65.4,214.4,24.6,0.75,medium,medium,high,0,1,rule-derived from synthetic thresholds
2901,11,Kanpur,loam,Ragi,304,13.8,169,0.56,7.53,0.15,66.5,217.4,26.5,1.26,medium,medium,medium,0,0,rule-derived from synthetic thresholds
2902,2,Coimbatore,loam,Sunflower,323,16.1,265,0.51,7.23,0.28,62.4,133.7,26.7,0.43,medium,medium,medium,0,0,rule-derived from synthetic thresholds
2903,14,Dharwad,clay,Sorghum,395,14.3,263,0.7,6.95,0.44,63.7,172.3,27.6,0.16,medium,medium,medium,0,0,rule-derived from synthetic thresholds
2904,10,Jaipur,sandy,Mustard,251,10.7,386,0.47,5.53,0.84,8.1,29.1,24.7,-1.87,low,medium,high,1,1,rule-derived from synthetic thresholds
2905,14,Dharwad,clay,Sugarcane,446,14.3,135,0.62,7.73,0.79,144.1,505.7,23.9,0.21,medium,medium,medium,0,0,rule-derived from synthetic thresholds
2906,11,Kanpur,loam,Potato,300,21.1,154,0.42,7.48,0.29,63.9,188.9,27.3,-0.94,medium,medium,medium,0,0,rule-derived from synthetic thresholds
2907,15,Kolkata (24 Pgs),clay,Rice,140,10.7,202,0.37,8.32,0.38,650.4,2289.3,31.1,1.59,low,medium,medium,1,0,rule-derived from synthetic thresholds
2908,8,Guntur,clay,Rice,253,5.5,253,0.58,7.44,0.48,150.5,368.7,28.2,-0.24,low,low,medium,1,0,rule-derived from synthetic thresholds
2909,1,Thanjavur,clay,Rice,649,48.0,247,0.82,7.44,0.31,24.4,60.9,28.7,0.29,high,high,medium,0,1,rule-derived from synthetic thresholds
2910,1,Thanjavur,clay,Rice,507,11.8,292,0.83,7.75,0.6,87.3,285.9,29.4,-1.9,medium,medium,high,0,1,rule-derived from synthetic thresholds
2911,3,Madurai,sandy,Cotton,182,16.7,109,0.1,7.27,0.52,90.0,273.8,36.5,2.04,low,medium,low,1,0,rule-derived from synthetic thresholds
2912,2,Coimbatore,loam,Maize,396,16.2,77,0.73,7.18,4.43,122.7,348.8,29.9,-0.36,medium,medium,low,1,0,rule-derived from synthetic thresholds
2913,13,Bengaluru Rural,sandy,Maize,383,73.1,30,0.64,6.2,1.53,100.0,215.9,23.2,0.85,medium,high,low,1,1,rule-derived from synthetic thresholds
2914,15,Kolkata (24 Pgs),clay,Chickpea,380,24.1,140,0.65,7.79,0.5,436.7,1075.0,28.7,-0.3,medium,medium,medium,0,0,rule-derived from synthetic thresholds
2915,10,Jaipur,sandy,Mustard,331,10.8,105,0.29,7.58,0.94,0.9,2.3,22.4,0.28,medium,medium,low,1,0,rule-derived from synthetic thresholds
2916,3,Madurai,sandy,Cotton,341,26.3,116,0.55,8.86,0.84,86.1,277.6,30.3,-2.18,medium,high,medium,0,1,rule-derived from synthetic thresholds
2917,15,Kolkata (24 Pgs),clay,Mustard,500,6.1,276,0.77,7.9,0.27,332.8,1104.1,27.1,-0.25,medium,low,medium,1,0,rule-derived from synthetic thresholds
2918,5,Karnal,loam,Wheat,332,9.6,256,0.34,6.92,0.28,118.9,365.2,29.5,-1.29,medium,low,medium,1,0,rule-derived from synthetic thresholds
2919,14,Dharwad,clay,Chilli,526,8.6,222,0.82,9.2,1.32,14.3,33.5,21.8,-0.61,medium,low,medium,1,0,rule-derived from synthetic thresholds
2920,11,Kanpur,loam,Potato,478,66.3,327,0.6,6.26,0.37,168.8,567.0,26.0,0.34,medium,high,high,0,1,rule-derived from synthetic thresholds
2921,7,Pune,clay,Onion,423,20.4,253,0.71,8.22,0.58,170.3,433.0,26.0,0.55,medium,medium,medium,0,0,rule-derived from synthetic thresholds
2922,12,Patna,loam,Maize,599,19.2,180,0.94,7.55,1.0,93.0,194.0,24.4,-1.58,high,medium,medium,0,1,rule-derived from synthetic thresholds
2923,10,Jaipur,sandy,Chickpea,245,8.6,154,0.26,5.65,0.28,48.4,103.1,23.5,0.79,low,low,medium,1,0,rule-derived from synthetic thresholds
2924,14,Dharwad,clay,Chilli,523,7.8,372,0.93,7.51,0.27,76.4,245.0,24.7,-0.86,medium,low,high,1,1,rule-derived from synthetic thresholds
2925,10,Jaipur,sandy,Pearl millet,445,9.7,199,0.58,7.82,0.34,28.7,86.3,28.0,-1.23,medium,low,medium,1,0,rule-derived from synthetic thresholds
2926,6,Nagpur,clay,Cotton,390,12.6,202,0.59,9.2,0.1,87.8,301.7,29.0,-0.49,medium,medium,medium,0,0,rule-derived from synthetic thresholds
2927,2,Coimbatore,loam,Chilli,443,6.9,198,0.64,6.74,0.32,14.0,42.4,29.0,-0.27,medium,low,medium,1,0,rule-derived from synthetic thresholds
2928,15,Kolkata (24 Pgs),clay,Sorghum,401,8.1,149,0.8,8.02,0.88,31.4,110.2,28.9,0.55,medium,low,medium,1,0,rule-derived from synthetic thresholds
2929,12,Patna,loam,Onion,272,7.4,170,0.38,8.39,0.36,8.2,16.3,30.2,1.41,low,low,medium,1,0,rule-derived from synthetic thresholds
2930,2,Coimbatore,loam,Pearl millet,458,8.4,279,0.54,5.22,0.58,150.3,351.4,27.6,-0.75,medium,low,medium,1,0,rule-derived from synthetic thresholds
2931,10,Jaipur,sandy,Pearl millet,263,10.1,168,0.13,6.81,1.23,15.8,33.4,24.8,1.08,low,medium,medium,1,0,rule-derived from synthetic thresholds
2932,13,Bengaluru Rural,sandy,Turmeric,405,14.5,269,0.46,6.17,0.88,57.3,197.4,19.3,-0.49,medium,medium,medium,0,0,rule-derived from synthetic thresholds
2933,11,Kanpur,loam,Wheat,348,16.1,234,0.69,7.28,0.61,52.6,132.2,28.5,0.81,medium,medium,medium,0,0,rule-derived from synthetic thresholds
2934,5,Karnal,loam,Sugarcane,414,7.9,30,0.52,5.81,0.16,88.9,235.8,27.6,1.13,medium,low,low,1,0,rule-derived from synthetic thresholds
2935,3,Madurai,sandy,Chilli,569,14.8,253,0.69,6.13,0.41,30.9,102.2,26.5,-1.17,high,medium,medium,0,1,rule-derived from synthetic thresholds
2936,15,Kolkata (24 Pgs),clay,Potato,334,9.2,151,0.49,6.75,1.14,245.5,828.3,26.2,0.38,medium,low,medium,1,0,rule-derived from synthetic thresholds
2937,6,Nagpur,clay,Turmeric,403,90.0,213,0.72,7.46,0.64,182.9,438.5,26.5,-2.68,medium,high,medium,0,1,rule-derived from synthetic thresholds
2938,14,Dharwad,clay,Sorghum,426,17.8,346,0.47,8.76,0.44,198.8,703.1,29.3,0.03,medium,medium,high,0,1,rule-derived from synthetic thresholds
2939,7,Pune,clay,Sugarcane,241,9.4,330,0.31,7.52,0.37,114.2,391.0,21.6,-0.23,low,low,high,1,1,rule-derived from synthetic thresholds
2940,12,Patna,loam,Rice,175,10.6,284,0.32,7.66,0.39,51.3,116.5,29.6,-0.11,low,medium,high,1,1,rule-derived from synthetic thresholds
2941,4,Ludhiana,sandy,Maize,361,13.0,30,0.37,8.32,0.86,168.3,363.2,19.8,-0.2,medium,medium,low,1,0,rule-derived from synthetic thresholds
2942,10,Jaipur,sandy,Pearl millet,199,8.7,166,0.35,7.69,0.62,66.6,142.4,27.0,-0.75,low,low,medium,1,0,rule-derived from synthetic thresholds
2943,9,Indore,clay,Soybean,255,46.8,209,0.21,6.35,0.38,145.1,495.3,22.9,-1.21,low,high,medium,1,1,rule-derived from synthetic thresholds
2944,4,Ludhiana,sandy,Rice,448,9.7,261,0.53,6.74,0.36,21.3,55.0,25.3,-0.69,medium,low,medium,1,0,rule-derived from synthetic thresholds
2945,11,Kanpur,loam,Potato,243,9.6,180,0.29,7.51,1.75,11.1,39.1,28.3,-0.45,low,low,medium,1,0,rule-derived from synthetic thresholds
2946,7,Pune,clay,Maize,426,28.9,300,0.49,6.36,0.69,60.2,196.7,23.4,-0.1,medium,high,high,0,1,rule-derived from synthetic thresholds
2947,10,Jaipur,sandy,Pearl millet,156,9.7,187,0.47,7.4,0.28,96.4,207.7,20.5,-1.35,low,low,medium,1,0,rule-derived from synthetic thresholds
2948,1,Thanjavur,clay,Rice,458,10.3,188,0.78,8.67,0.51,10.8,25.6,28.7,0.16,medium,medium,medium,0,0,rule-derived from synthetic thresholds
2949,2,Coimbatore,loam,Sorghum,366,11.6,116,0.76,7.33,0.45,27.1,64.5,20.2,-0.16,medium,medium,medium,0,0,rule-derived from synthetic thresholds
2950,11,Kanpur,loam,Potato,282,13.3,141,0.58,8.05,0.21,30.2,91.4,25.1,0.62,medium,medium,medium,0,0,rule-derived from synthetic thresholds
2951,15,Kolkata (24 Pgs),clay,Potato,417,14.5,279,0.64,8.15,2.32,10.5,27.5,25.2,-1.46,medium,medium,medium,0,0,rule-derived from synthetic thresholds
2952,2,Coimbatore,loam,Banana,436,6.4,166,0.58,6.79,0.4,78.3,271.6,27.8,-0.25,medium,low,medium,1,0,rule-derived from synthetic thresholds
2953,1,Thanjavur,clay,Green gram,380,39.6,267,0.42,8.33,0.36,33.9,100.1,28.1,-1.15,medium,high,medium,0,1,rule-derived from synthetic thresholds
2954,4,Ludhiana,sandy,Maize,250,7.2,110,0.28,7.12,0.74,33.4,120.1,21.0,1.14,low,low,medium,1,0,rule-derived from synthetic thresholds
2955,1,Thanjavur,clay,Groundnut,535,4.1,168,1.08,7.63,0.43,337.7,921.7,25.5,-0.44,medium,low,medium,1,0,rule-derived from synthetic thresholds
2956,4,Ludhiana,sandy,Wheat,357,10.0,118,0.3,6.03,1.0,47.8,169.1,27.6,-0.05,medium,medium,medium,0,0,rule-derived from synthetic thresholds
2957,11,Kanpur,loam,Wheat,435,61.5,217,0.61,5.52,0.68,81.7,261.9,30.5,-1.42,medium,high,medium,0,1,rule-derived from synthetic thresholds
2958,12,Patna,loam,Wheat,400,3.3,210,0.4,7.6,0.6,134.8,325.2,23.3,0.33,medium,low,medium,1,0,rule-derived from synthetic thresholds
2959,10,Jaipur,sandy,Soybean,345,17.5,146,0.5,7.4,0.9,1.6,4.5,21.0,1.04,medium,medium,medium,0,0,rule-derived from synthetic thresholds
2960,7,Pune,clay,Maize,408,11.6,262,0.83,8.94,1.11,21.7,47.7,24.9,-0.93,medium,medium,medium,0,0,rule-derived from synthetic thresholds
2961,3,Madurai,sandy,Rice,263,25.4,70,0.44,7.56,0.67,20.0,49.5,27.4,0.52,low,high,low,1,1,rule-derived from synthetic thresholds
2962,9,Indore,clay,Lentil,532,16.8,316,0.82,7.51,0.51,135.5,342.7,25.2,-0.53,medium,medium,high,0,1,rule-derived from synthetic thresholds
2963,15,Kolkata (24 Pgs),clay,Potato,240,10.4,366,0.4,6.29,0.77,327.3,1015.9,28.9,1.51,low,medium,high,1,1,rule-derived from synthetic thresholds
2964,4,Ludhiana,sandy,Rice,416,15.9,137,0.43,7.11,0.38,38.2,103.8,27.3,-0.68,medium,medium,medium,0,0,rule-derived from synthetic thresholds
2965,9,Indore,clay,Soybean,374,13.8,250,0.7,6.49,0.95,44.9,154.4,25.1,0.67,medium,medium,medium,0,0,rule-derived from synthetic thresholds
2966,6,Nagpur,clay,Soybean,243,45.5,238,0.47,8.95,0.57,75.9,183.0,24.0,0.66,low,high,medium,1,1,rule-derived from synthetic thresholds
2967,6,Nagpur,clay,Pigeon pea,525,17.9,240,0.9,9.2,0.33,50.5,166.0,28.3,0.31,medium,medium,medium,0,0,rule-derived from synthetic thresholds
2968,8,Guntur,clay,Cotton,511,6.6,162,0.7,8.05,1.03,241.0,750.9,30.0,1.19,medium,low,medium,1,0,rule-derived from synthetic thresholds
2969,3,Madurai,sandy,Cotton,195,42.8,94,0.1,5.76,2.37,143.6,515.0,28.0,1.66,low,high,low,1,1,rule-derived from synthetic thresholds
2970,3,Madurai,sandy,Lentil,430,17.9,30,0.65,6.94,0.57,104.6,213.4,26.2,-1.02,medium,medium,low,1,0,rule-derived from synthetic thresholds
2971,1,Thanjavur,clay,Green gram,301,13.4,311,0.59,8.02,0.46,44.8,105.4,30.9,0.31,medium,medium,high,0,1,rule-derived from synthetic thresholds
2972,11,Kanpur,loam,Potato,499,3.3,327,0.78,7.07,1.16,15.2,35.8,23.7,0.14,medium,low,high,1,1,rule-derived from synthetic thresholds
2973,14,Dharwad,clay,Sorghum,399,22.4,210,0.6,7.68,0.25,187.2,380.5,24.0,-0.47,medium,medium,medium,0,0,rule-derived from synthetic thresholds
2974,7,Pune,clay,Maize,374,14.8,56,0.1,9.2,0.11,34.8,73.1,24.0,-0.81,medium,medium,low,1,0,rule-derived from synthetic thresholds
2975,10,Jaipur,sandy,Wheat,485,9.2,102,0.66,5.11,0.93,15.8,56.0,24.3,0.05,medium,low,low,1,0,rule-derived from synthetic thresholds
2976,15,Kolkata (24 Pgs),clay,Rice,390,88.8,256,0.62,9.19,0.41,4.9,14.2,27.3,0.46,medium,high,medium,0,1,rule-derived from synthetic thresholds
2977,12,Patna,loam,Rice,493,11.5,90,0.56,8.07,0.67,78.1,207.5,30.3,0.08,medium,medium,low,1,0,rule-derived from synthetic thresholds
2978,4,Ludhiana,sandy,Rice,294,19.6,109,0.56,7.13,0.58,91.0,256.4,29.7,1.4,medium,medium,low,1,0,rule-derived from synthetic thresholds
2979,12,Patna,loam,Sunflower,442,8.1,233,0.54,6.52,0.49,140.3,414.9,25.5,0.32,medium,low,medium,1,0,rule-derived from synthetic thresholds
2980,6,Nagpur,clay,Chilli,413,21.4,206,0.65,7.96,0.34,317.6,850.6,19.1,0.44,medium,medium,medium,0,0,rule-derived from synthetic thresholds
2981,15,Kolkata (24 Pgs),clay,Soybean,432,4.4,225,0.85,7.25,0.65,26.7,72.8,28.9,0.18,medium,low,medium,1,0,rule-derived from synthetic thresholds
2982,14,Dharwad,clay,Chilli,406,25.2,157,0.76,6.4,0.92,45.7,96.9,22.6,1.39,medium,high,medium,0,1,rule-derived from synthetic thresholds
2983,1,Thanjavur,clay,Pearl millet,443,15.3,77,0.94,7.38,0.24,124.6,445.7,26.0,-1.19,medium,medium,low,1,0,rule-derived from synthetic thresholds
2984,14,Dharwad,clay,Chilli,498,24.4,233,0.72,8.7,0.42,206.8,594.6,22.7,2.12,medium,medium,medium,0,0,rule-derived from synthetic thresholds
2985,4,Ludhiana,sandy,Wheat,183,11.0,195,0.58,6.3,1.64,25.4,69.2,24.8,0.54,low,medium,medium,1,0,rule-derived from synthetic thresholds
2986,8,Guntur,clay,Mustard,248,18.5,377,0.52,8.29,0.24,85.5,197.9,29.3,-0.62,low,medium,high,1,1,rule-derived from synthetic thresholds
2987,12,Patna,loam,Rice,260,23.4,232,0.4,8.39,1.15,230.6,668.8,25.0,0.53,low,medium,medium,1,0,rule-derived from synthetic thresholds
2988,2,Coimbatore,loam,Sorghum,369,7.8,157,0.17,6.72,2.19,97.0,304.2,26.8,0.22,medium,low,medium,1,0,rule-derived from synthetic thresholds
2989,1,Thanjavur,clay,Green gram,402,18.1,235,0.5,9.2,0.27,126.8,317.9,27.7,1.62,medium,medium,medium,0,0,rule-derived from synthetic thresholds
2990,7,Pune,clay,Sugarcane,393,23.4,348,0.72,7.66,0.98,56.6,186.6,25.7,-1.47,medium,medium,high,0,1,rule-derived from synthetic thresholds
2991,9,Indore,clay,Soybean,351,10.9,209,0.4,9.2,1.39,35.2,83.2,25.7,-1.29,medium,medium,medium,0,0,rule-derived from synthetic thresholds
2992,9,Indore,clay,Chickpea,424,5.6,268,0.73,7.9,0.7,62.5,172.0,25.7,0.66,medium,low,medium,1,0,rule-derived from synthetic thresholds
2993,15,Kolkata (24 Pgs),clay,Mustard,254,11.1,34,0.54,7.13,0.47,224.5,740.8,27.8,-1.48,low,medium,low,1,0,rule-derived from synthetic thresholds
2994,4,Ludhiana,sandy,Maize,301,19.3,66,0.3,6.05,0.61,235.2,683.1,30.3,0.35,medium,medium,low,1,0,rule-derived from synthetic thresholds
2995,11,Kanpur,loam,Wheat,386,4.6,30,0.61,8.18,0.74,15.9,52.5,23.7,0.19,medium,low,low,1,0,rule-derived from synthetic thresholds
2996,3,Madurai,sandy,Chilli,133,8.2,30,0.31,7.55,0.31,27.6,59.7,26.4,-0.45,low,low,low,1,0,rule-derived from synthetic thresholds
2997,7,Pune,clay,Maize,179,76.8,354,0.28,6.61,5.39,44.5,95.5,23.5,0.08,low,high,high,1,1,rule-derived from synthetic thresholds
2998,8,Guntur,clay,Chickpea,443,10.6,288,0.71,8.02,0.6,13.5,31.9,30.7,1.01,medium,medium,high,0,1,rule-derived from synthetic thresholds
2999,7,Pune,clay,Sugarcane,428,8.2,399,0.64,8.5,0.68,14.4,51.1,27.6,0.06,medium,low,high,1,1,rule-derived from synthetic thresholds
3000,3,Madurai,sandy,Rice,355,14.9,71,0.5,5.64,0.3,86.6,287.1,24.2,0.86,medium,medium,low,1,0,rule-derived from synthetic thresholds
3001,3,Madurai,sandy,Cotton,235,16.1,248,0.49,5.65,0.31,73.2,169.9,29.5,0.82,low,medium,medium,1,0,rule-derived from synthetic thresholds
3002,14,Dharwad,clay,Ragi,362,12.8,324,0.57,8.44,1.12,75.1,190.3,22.5,-0.84,medium,medium,high,0,1,rule-derived from synthetic thresholds
3003,15,Kolkata (24 Pgs),clay,Rice,452,11.6,248,0.65,8.09,0.35,111.6,271.2,29.5,-2.21,medium,medium,medium,0,0,rule-derived from synthetic thresholds
3004,2,Coimbatore,loam,Chickpea,471,10.3,205,0.73,7.68,1.78,180.5,606.0,24.2,1.21,medium,medium,medium,0,0,rule-derived from synthetic thresholds
3005,4,Ludhiana,sandy,Rice,414,13.4,145,0.6,5.48,0.5,176.9,506.5,27.3,-1.51,medium,medium,medium,0,0,rule-derived from synthetic thresholds
3006,15,Kolkata (24 Pgs),clay,Lentil,532,4.6,277,0.88,6.79,0.45,54.7,114.9,30.5,0.5,medium,low,medium,1,0,rule-derived from synthetic thresholds
3007,2,Coimbatore,loam,Cotton,345,9.5,212,0.53,8.54,0.33,139.3,464.0,25.8,0.49,medium,low,medium,1,0,rule-derived from synthetic thresholds
3008,9,Indore,clay,Chickpea,254,29.3,223,0.42,7.54,1.03,76.7,163.1,28.6,-0.82,low,high,medium,1,1,rule-derived from synthetic thresholds
3009,5,Karnal,loam,Wheat,381,10.1,139,0.46,7.37,1.03,33.0,73.9,21.2,-0.1,medium,medium,medium,0,0,rule-derived from synthetic thresholds
3010,15,Kolkata (24 Pgs),clay,Rice,498,27.8,259,0.78,7.48,0.82,168.9,486.0,30.6,-1.08,medium,high,medium,0,1,rule-derived from synthetic thresholds
3011,12,Patna,loam,Wheat,363,16.8,332,0.55,7.13,0.84,111.4,246.2,28.9,0.61,medium,medium,high,0,1,rule-derived from synthetic thresholds
3012,12,Patna,loam,Rice,422,11.9,119,0.56,6.83,0.92,55.1,197.1,26.5,-0.41,medium,medium,medium,0,0,rule-derived from synthetic thresholds
3013,1,Thanjavur,clay,Maize,260,22.5,275,0.35,6.72,1.18,91.1,307.8,33.0,-0.17,low,medium,medium,1,0,rule-derived from synthetic thresholds
3014,3,Madurai,sandy,Rice,302,4.5,64,0.33,7.79,1.11,39.3,121.1,31.5,0.3,medium,low,low,1,0,rule-derived from synthetic thresholds
3015,12,Patna,loam,Wheat,286,5.3,124,0.36,7.37,1.03,111.2,267.6,26.7,1.8,medium,low,medium,1,0,rule-derived from synthetic thresholds
3016,4,Ludhiana,sandy,Onion,278,14.9,127,0.2,6.39,2.56,15.1,42.9,20.2,-0.19,low,medium,medium,1,0,rule-derived from synthetic thresholds
3017,7,Pune,clay,Green gram,372,12.2,229,0.4,8.66,0.41,132.2,422.8,26.3,-0.11,medium,medium,medium,0,0,rule-derived from synthetic thresholds
3018,2,Coimbatore,loam,Ragi,296,6.6,276,0.37,7.15,0.51,22.1,57.4,28.5,0.44,medium,low,medium,1,0,rule-derived from synthetic thresholds
3019,1,Thanjavur,clay,Green gram,366,21.6,291,0.55,8.42,0.33,74.6,265.6,27.9,-1.28,medium,medium,high,0,1,rule-derived from synthetic thresholds
3020,11,Kanpur,loam,Potato,230,5.9,122,0.38,7.61,0.49,68.2,210.8,27.6,-0.19,low,low,medium,1,0,rule-derived from synthetic thresholds
3021,3,Madurai,sandy,Chilli,327,9.5,110,0.27,7.08,0.71,59.9,147.6,29.7,-0.29,medium,low,medium,1,0,rule-derived from synthetic thresholds
3022,3,Madurai,sandy,Chilli,366,29.1,185,0.51,6.36,0.69,103.0,222.7,24.1,0.44,medium,high,medium,0,1,rule-derived from synthetic thresholds
3023,13,Bengaluru Rural,sandy,Ragi,273,8.0,45,0.5,6.07,1.23,50.4,181.0,23.2,-0.68,low,low,low,1,0,rule-derived from synthetic thresholds
3024,11,Kanpur,loam,Sugarcane,271,25.7,308,0.46,6.8,0.59,49.4,154.8,22.3,-1.34,low,high,high,1,1,rule-derived from synthetic thresholds
3025,4,Ludhiana,sandy,Wheat,317,7.1,98,0.17,6.89,0.34,86.9,302.2,19.3,0.69,medium,low,low,1,0,rule-derived from synthetic thresholds
3026,13,Bengaluru Rural,sandy,Wheat,345,25.9,110,0.49,6.84,0.69,37.1,80.6,30.3,0.13,medium,high,medium,0,1,rule-derived from synthetic thresholds
3027,15,Kolkata (24 Pgs),clay,Potato,420,11.6,308,0.51,6.88,0.89,33.1,97.2,25.6,1.37,medium,medium,high,0,1,rule-derived from synthetic thresholds
3028,7,Pune,clay,Onion,328,8.1,99,0.61,7.22,0.26,29.8,71.9,26.2,0.33,medium,low,low,1,0,rule-derived from synthetic thresholds
3029,7,Pune,clay,Sugarcane,467,62.4,325,0.56,7.85,0.33,27.2,64.0,15.8,-0.07,medium,high,high,0,1,rule-derived from synthetic thresholds
3030,10,Jaipur,sandy,Wheat,468,19.8,288,0.5,6.77,1.65,77.5,204.5,24.5,-0.2,medium,medium,high,0,1,rule-derived from synthetic thresholds
3031,3,Madurai,sandy,Chilli,345,14.2,187,0.43,6.42,0.28,46.4,164.4,25.6,-0.82,medium,medium,medium,0,0,rule-derived from synthetic thresholds
3032,14,Dharwad,clay,Sunflower,460,13.8,373,0.59,8.06,0.4,236.4,669.0,25.4,-0.44,medium,medium,high,0,1,rule-derived from synthetic thresholds
3033,2,Coimbatore,loam,Maize,269,5.8,185,0.33,6.4,0.63,73.8,260.4,22.2,1.03,low,low,medium,1,0,rule-derived from synthetic thresholds
3034,12,Patna,loam,Rice,258,37.0,167,0.43,7.14,0.67,30.3,74.3,20.7,-0.9,low,high,medium,1,1,rule-derived from synthetic thresholds
3035,9,Indore,clay,Sorghum,384,49.8,264,0.74,7.86,0.42,3.0,10.0,28.2,-1.63,medium,high,medium,0,1,rule-derived from synthetic thresholds
3036,2,Coimbatore,loam,Cotton,507,8.1,383,0.63,7.29,0.34,49.0,115.7,27.9,0.53,medium,low,high,1,1,rule-derived from synthetic thresholds
3037,7,Pune,clay,Onion,538,7.3,119,0.65,7.5,0.34,80.8,255.8,27.5,1.4,medium,low,medium,1,0,rule-derived from synthetic thresholds
3038,5,Karnal,loam,Wheat,302,5.2,206,0.27,7.07,0.13,55.4,181.6,30.8,0.26,medium,low,medium,1,0,rule-derived from synthetic thresholds
3039,15,Kolkata (24 Pgs),clay,Lentil,344,30.0,248,0.65,8.57,0.55,160.2,356.9,25.5,-0.88,medium,high,medium,0,1,rule-derived from synthetic thresholds
3040,9,Indore,clay,Soybean,397,42.5,231,0.42,8.0,0.33,32.8,65.7,22.9,-0.72,medium,high,medium,0,1,rule-derived from synthetic thresholds
3041,6,Nagpur,clay,Cotton,451,10.4,297,0.74,7.14,0.49,33.0,117.1,25.2,-1.76,medium,medium,high,0,1,rule-derived from synthetic thresholds
3042,4,Ludhiana,sandy,Groundnut,287,7.0,30,0.23,6.27,2.22,149.2,531.6,24.8,0.02,medium,low,low,1,0,rule-derived from synthetic thresholds
3043,3,Madurai,sandy,Rice,324,90.0,197,0.52,6.43,0.5,17.2,52.3,33.1,-0.97,medium,high,medium,0,1,rule-derived from synthetic thresholds
3044,8,Guntur,clay,Rice,311,9.7,322,0.47,7.28,1.59,120.9,333.1,27.2,-0.34,medium,low,high,1,1,rule-derived from synthetic thresholds
3045,8,Guntur,clay,Chilli,542,90.0,284,0.87,7.69,2.44,77.6,255.6,37.8,-0.67,medium,high,high,0,1,rule-derived from synthetic thresholds
3046,15,Kolkata (24 Pgs),clay,Wheat,587,16.6,317,0.9,7.04,2.08,30.4,87.1,28.3,-0.32,high,medium,high,0,1,rule-derived from synthetic thresholds
3047,10,Jaipur,sandy,Green gram,432,5.6,181,0.61,6.34,0.2,78.7,181.4,23.3,0.51,medium,low,medium,1,0,rule-derived from synthetic thresholds
3048,7,Pune,clay,Onion,291,16.0,448,0.2,9.2,0.57,59.2,196.2,23.0,-0.45,medium,medium,high,0,1,rule-derived from synthetic thresholds
3049,6,Nagpur,clay,Pigeon pea,320,19.1,235,0.55,6.96,0.31,95.0,223.5,30.5,0.78,medium,medium,medium,0,0,rule-derived from synthetic thresholds
3050,4,Ludhiana,sandy,Wheat,222,7.9,36,0.11,5.1,0.28,145.6,327.3,27.6,0.07,low,low,low,1,0,rule-derived from synthetic thresholds
3051,10,Jaipur,sandy,Mustard,148,18.2,182,0.26,6.44,0.55,77.1,186.2,28.4,1.06,low,medium,medium,1,0,rule-derived from synthetic thresholds
3052,3,Madurai,sandy,Rice,420,14.5,209,0.57,5.85,0.31,11.7,36.5,35.0,-0.99,medium,medium,medium,0,0,rule-derived from synthetic thresholds
3053,1,Thanjavur,clay,Rice,477,18.5,301,0.7,8.14,0.51,200.3,508.2,29.3,0.21,medium,medium,high,0,1,rule-derived from synthetic thresholds
3054,14,Dharwad,clay,Chilli,366,3.7,292,0.69,6.83,1.48,113.1,303.7,22.3,1.01,medium,low,high,1,1,rule-derived from synthetic thresholds
3055,1,Thanjavur,clay,Rice,293,18.9,221,0.57,8.66,1.5,120.0,265.4,28.9,0.27,medium,medium,medium,0,0,rule-derived from synthetic thresholds
3056,4,Ludhiana,sandy,Groundnut,467,8.9,70,0.69,7.29,0.72,54.8,175.3,22.8,0.56,medium,low,low,1,0,rule-derived from synthetic thresholds
3057,9,Indore,clay,Soybean,487,37.5,286,0.64,8.51,0.77,74.5,163.3,30.9,0.03,medium,high,high,0,1,rule-derived from synthetic thresholds
3058,3,Madurai,sandy,Cotton,335,15.0,224,0.43,5.75,0.39,90.4,291.3,30.0,-0.17,medium,medium,medium,0,0,rule-derived from synthetic thresholds
3059,11,Kanpur,loam,Potato,350,29.8,201,0.35,7.79,1.54,64.9,139.0,23.3,0.71,medium,high,medium,0,1,rule-derived from synthetic thresholds
3060,9,Indore,clay,Chickpea,452,14.4,214,0.5,7.69,0.65,51.1,141.5,32.1,-0.09,medium,medium,medium,0,0,rule-derived from synthetic thresholds
3061,2,Coimbatore,loam,Maize,446,17.7,150,0.76,7.02,1.24,9.7,23.7,25.4,-0.18,medium,medium,medium,0,0,rule-derived from synthetic thresholds
3062,7,Pune,clay,Maize,484,25.9,255,0.59,8.57,0.1,31.4,83.4,23.3,0.39,medium,high,medium,0,1,rule-derived from synthetic thresholds
3063,13,Bengaluru Rural,sandy,Maize,344,13.8,221,0.41,6.84,1.2,65.5,141.2,17.0,0.21,medium,medium,medium,0,0,rule-derived from synthetic thresholds
3064,6,Nagpur,clay,Soybean,352,22.1,253,0.59,7.25,0.9,70.6,213.8,27.7,0.24,medium,medium,medium,0,0,rule-derived from synthetic thresholds
3065,11,Kanpur,loam,Chilli,384,4.9,239,0.57,7.69,1.03,38.1,123.7,25.9,-0.56,medium,low,medium,1,0,rule-derived from synthetic thresholds
3066,9,Indore,clay,Chickpea,435,22.9,410,0.78,8.64,0.31,156.4,546.9,24.4,-1.25,medium,medium,high,0,1,rule-derived from synthetic thresholds
3067,7,Pune,clay,Sugarcane,477,11.1,202,0.68,8.34,0.24,238.9,753.5,25.0,-0.46,medium,medium,medium,0,0,rule-derived from synthetic thresholds
3068,9,Indore,clay,Chickpea,502,12.1,182,1.05,6.68,0.82,33.8,88.0,25.1,0.59,medium,medium,medium,0,0,rule-derived from synthetic thresholds
3069,8,Guntur,clay,Cotton,340,14.4,261,0.36,6.75,1.06,195.6,560.0,26.2,0.96,medium,medium,medium,0,0,rule-derived from synthetic thresholds
3070,2,Coimbatore,loam,Sorghum,306,10.4,251,0.6,6.29,0.83,7.9,27.8,23.8,-0.86,medium,medium,medium,0,0,rule-derived from synthetic thresholds
3071,7,Pune,clay,Wheat,442,19.9,210,0.83,7.71,1.44,23.8,85.2,27.4,-0.12,medium,medium,medium,0,0,rule-derived from synthetic thresholds
3072,7,Pune,clay,Sugarcane,271,12.6,301,0.35,6.77,0.55,84.1,265.6,24.3,-1.02,low,medium,high,1,1,rule-derived from synthetic thresholds
3073,12,Patna,loam,Wheat,393,32.8,361,0.57,7.27,0.64,262.6,748.0,28.3,0.42,medium,high,high,0,1,rule-derived from synthetic thresholds
3074,11,Kanpur,loam,Potato,384,13.2,138,0.74,6.99,0.71,25.6,76.6,22.3,-0.85,medium,medium,medium,0,0,rule-derived from synthetic thresholds
3075,9,Indore,clay,Wheat,455,12.8,379,0.43,8.63,1.06,23.7,53.6,24.4,0.6,medium,medium,high,0,1,rule-derived from synthetic thresholds
3076,6,Nagpur,clay,Pigeon pea,315,13.2,362,0.5,7.17,2.17,385.1,1323.4,28.7,-2.32,medium,medium,high,0,1,rule-derived from synthetic thresholds
3077,10,Jaipur,sandy,Mustard,391,38.0,276,0.62,7.07,0.69,103.4,284.0,21.2,-0.65,medium,high,medium,0,1,rule-derived from synthetic thresholds
3078,15,Kolkata (24 Pgs),clay,Rice,570,34.9,277,0.96,9.19,0.73,215.8,629.7,27.9,0.51,high,high,medium,0,1,rule-derived from synthetic thresholds
3079,13,Bengaluru Rural,sandy,Tomato,190,7.6,191,0.32,6.9,1.23,191.7,596.2,22.9,1.35,low,low,medium,1,0,rule-derived from synthetic thresholds
3080,4,Ludhiana,sandy,Maize,366,9.0,134,0.53,5.42,1.28,42.0,140.4,32.0,-0.6,medium,low,medium,1,0,rule-derived from synthetic thresholds
3081,5,Karnal,loam,Pearl millet,288,14.7,153,0.31,7.2,0.35,75.7,254.2,25.9,-0.57,medium,medium,medium,0,0,rule-derived from synthetic thresholds
3082,8,Guntur,clay,Cotton,461,15.2,264,0.78,7.08,0.3,78.1,243.9,28.0,0.18,medium,medium,medium,0,0,rule-derived from synthetic thresholds
3083,10,Jaipur,sandy,Mustard,362,11.2,30,0.48,5.84,1.24,74.6,235.1,23.9,-2.25,medium,medium,low,1,0,rule-derived from synthetic thresholds
3084,11,Kanpur,loam,Soybean,269,4.8,204,0.57,7.26,0.85,17.0,44.2,26.2,0.51,low,low,medium,1,0,rule-derived from synthetic thresholds
3085,12,Patna,loam,Cotton,424,19.9,218,0.81,6.69,0.82,66.2,192.0,23.0,-0.49,medium,medium,medium,0,0,rule-derived from synthetic thresholds
3086,9,Indore,clay,Wheat,352,84.3,318,0.58,6.48,0.71,135.4,475.2,22.0,0.88,medium,high,high,0,1,rule-derived from synthetic thresholds
3087,13,Bengaluru Rural,sandy,Ragi,330,15.6,30,0.49,4.69,1.47,81.8,255.8,23.7,2.42,medium,medium,low,1,0,rule-derived from synthetic thresholds
3088,1,Thanjavur,clay,Groundnut,292,20.2,239,0.7,7.47,0.6,36.4,111.9,29.7,0.67,medium,medium,medium,0,0,rule-derived from synthetic thresholds
3089,4,Ludhiana,sandy,Rice,314,17.2,275,0.69,6.88,0.92,82.5,228.2,28.0,-0.06,medium,medium,medium,0,0,rule-derived from synthetic thresholds
3090,8,Guntur,clay,Rice,358,9.5,266,0.46,7.8,0.74,83.9,214.3,27.7,-0.73,medium,low,medium,1,0,rule-derived from synthetic thresholds
3091,8,Guntur,clay,Rice,307,22.7,357,0.41,7.72,1.28,5.8,19.1,23.1,-1.34,medium,medium,high,0,1,rule-derived from synthetic thresholds
3092,15,Kolkata (24 Pgs),clay,Rice,411,4.2,320,0.61,7.81,0.24,89.1,280.4,26.9,-0.25,medium,low,high,1,1,rule-derived from synthetic thresholds
3093,10,Jaipur,sandy,Wheat,321,3.5,126,0.44,5.82,1.32,82.8,295.5,22.1,-0.02,medium,low,medium,1,0,rule-derived from synthetic thresholds
3094,7,Pune,clay,Maize,565,17.9,140,0.76,7.26,5.1,39.3,102.4,32.9,0.07,high,medium,medium,0,1,rule-derived from synthetic thresholds
3095,9,Indore,clay,Soybean,333,6.4,222,0.58,8.42,0.5,29.1,103.7,23.0,-0.64,medium,low,medium,1,0,rule-derived from synthetic thresholds
3096,2,Coimbatore,loam,Sorghum,497,15.6,105,0.7,7.51,0.71,12.6,39.2,29.5,1.18,medium,medium,low,1,0,rule-derived from synthetic thresholds
3097,6,Nagpur,clay,Sugarcane,421,14.9,383,0.51,7.57,0.23,53.2,138.3,28.5,-0.7,medium,medium,high,0,1,rule-derived from synthetic thresholds
3098,1,Thanjavur,clay,Rice,291,4.3,298,0.36,7.67,1.07,66.4,171.0,36.4,-1.34,medium,low,high,1,1,rule-derived from synthetic thresholds
3099,3,Madurai,sandy,Banana,259,8.1,48,0.43,6.6,1.04,57.1,169.9,28.3,-0.38,low,low,low,1,0,rule-derived from synthetic thresholds
3100,7,Pune,clay,Onion,299,12.1,246,0.35,8.78,0.25,19.8,50.8,24.6,-0.27,medium,medium,medium,0,0,rule-derived from synthetic thresholds
3101,1,Thanjavur,clay,Groundnut,272,7.7,77,0.36,7.91,0.45,82.1,220.3,30.0,0.95,low,low,low,1,0,rule-derived from synthetic thresholds
3102,3,Madurai,sandy,Cotton,322,16.8,172,0.44,6.99,0.53,73.3,176.1,33.6,-0.89,medium,medium,medium,0,0,rule-derived from synthetic thresholds
3103,14,Dharwad,clay,Cotton,235,7.9,226,0.56,8.45,0.61,68.3,142.1,24.2,-0.54,low,low,medium,1,0,rule-derived from synthetic thresholds
3104,13,Bengaluru Rural,sandy,Tomato,311,4.3,235,0.47,6.77,0.95,57.8,143.3,27.1,-1.56,medium,low,medium,1,0,rule-derived from synthetic thresholds
3105,9,Indore,clay,Chilli,410,3.5,154,0.41,7.77,0.99,70.7,242.6,25.9,1.17,medium,low,medium,1,0,rule-derived from synthetic thresholds
3106,15,Kolkata (24 Pgs),clay,Rice,317,12.5,174,0.56,8.8,0.84,312.7,969.1,28.7,1.42,medium,medium,medium,0,0,rule-derived from synthetic thresholds
3107,1,Thanjavur,clay,Rice,484,9.4,230,0.93,7.8,1.28,157.5,547.9,28.6,-0.24,medium,low,medium,1,0,rule-derived from synthetic thresholds
3108,15,Kolkata (24 Pgs),clay,Rice,227,2.4,252,0.21,8.33,0.61,149.2,399.2,28.5,-0.03,low,low,medium,1,0,rule-derived from synthetic thresholds
3109,8,Guntur,clay,Chilli,302,9.9,199,0.65,6.85,0.36,42.4,143.3,30.1,0.31,medium,low,medium,1,0,rule-derived from synthetic thresholds
3110,6,Nagpur,clay,Soybean,382,17.1,301,0.68,6.42,0.42,46.9,106.1,26.2,-2.76,medium,medium,high,0,1,rule-derived from synthetic thresholds
3111,12,Patna,loam,Chilli,272,14.4,264,0.23,8.22,1.57,50.0,123.4,26.8,-0.51,low,medium,medium,1,0,rule-derived from synthetic thresholds
3112,7,Pune,clay,Maize,125,11.7,205,0.33,7.2,0.27,8.0,26.3,23.5,1.09,low,medium,medium,1,0,rule-derived from synthetic thresholds
3113,10,Jaipur,sandy,Mustard,263,9.5,193,0.65,7.59,0.54,46.1,162.2,26.9,0.6,low,low,medium,1,0,rule-derived from synthetic thresholds
3114,5,Karnal,loam,Sugarcane,234,5.5,254,0.53,8.16,0.68,55.4,150.7,29.0,0.86,low,low,medium,1,0,rule-derived from synthetic thresholds
3115,8,Guntur,clay,Maize,477,9.4,164,0.59,7.7,0.29,37.5,100.3,27.1,-0.32,medium,low,medium,1,0,rule-derived from synthetic thresholds
3116,2,Coimbatore,loam,Maize,316,33.9,157,0.34,7.26,3.03,57.4,194.6,28.4,-2.74,medium,high,medium,0,1,rule-derived from synthetic thresholds
3117,4,Ludhiana,sandy,Cotton,265,5.8,173,0.27,8.92,0.31,85.4,195.7,24.0,0.21,low,low,medium,1,0,rule-derived from synthetic thresholds
3118,9,Indore,clay,Wheat,543,8.3,274,0.78,7.67,1.09,114.7,273.5,25.6,-0.18,medium,low,medium,1,0,rule-derived from synthetic thresholds
3119,15,Kolkata (24 Pgs),clay,Potato,268,9.7,267,0.28,7.24,0.77,18.5,42.6,29.7,-0.9,low,low,medium,1,0,rule-derived from synthetic thresholds
3120,3,Madurai,sandy,Sugarcane,417,7.1,63,0.6,6.62,1.09,18.9,63.2,26.3,-1.12,medium,low,low,1,0,rule-derived from synthetic thresholds
3121,9,Indore,clay,Mustard,510,8.0,258,0.52,8.93,0.55,13.2,41.9,24.8,0.38,medium,low,medium,1,0,rule-derived from synthetic thresholds
3122,1,Thanjavur,clay,Groundnut,457,26.9,201,0.55,7.82,0.62,90.5,273.9,28.0,-0.05,medium,high,medium,0,1,rule-derived from synthetic thresholds
3123,8,Guntur,clay,Chilli,295,4.1,334,0.54,7.82,1.23,43.4,127.5,29.2,-0.31,medium,low,high,1,1,rule-derived from synthetic thresholds
3124,13,Bengaluru Rural,sandy,Sunflower,498,41.2,38,0.65,7.56,0.64,49.6,166.4,26.2,-0.2,medium,high,low,1,1,rule-derived from synthetic thresholds
3125,6,Nagpur,clay,Rice,343,13.8,397,0.65,7.7,1.06,163.5,392.6,25.5,-0.28,medium,medium,high,0,1,rule-derived from synthetic thresholds
3126,12,Patna,loam,Pearl millet,162,4.8,177,0.26,6.8,0.29,62.9,200.6,27.2,0.98,low,low,medium,1,0,rule-derived from synthetic thresholds
3127,6,Nagpur,clay,Chilli,413,14.5,347,0.6,7.04,1.17,95.0,243.4,24.3,-1.15,medium,medium,high,0,1,rule-derived from synthetic thresholds
3128,14,Dharwad,clay,Cotton,384,52.7,266,0.53,7.96,1.81,64.0,215.5,23.8,-0.06,medium,high,medium,0,1,rule-derived from synthetic thresholds
3129,10,Jaipur,sandy,Chilli,399,18.8,118,0.49,7.03,1.68,3.4,11.8,22.9,-0.5,medium,medium,medium,0,0,rule-derived from synthetic thresholds
3130,5,Karnal,loam,Sugarcane,508,4.9,282,0.62,7.98,0.72,62.1,155.1,19.1,0.46,medium,low,high,1,1,rule-derived from synthetic thresholds
3131,4,Ludhiana,sandy,Groundnut,231,11.5,73,0.24,7.61,2.42,49.4,133.0,23.4,0.54,low,medium,low,1,0,rule-derived from synthetic thresholds
3132,14,Dharwad,clay,Green gram,409,15.3,232,0.75,8.5,0.8,122.9,387.8,25.5,-2.33,medium,medium,medium,0,0,rule-derived from synthetic thresholds
3133,8,Guntur,clay,Chilli,376,8.0,271,0.68,6.97,0.2,68.5,137.9,30.1,0.21,medium,low,medium,1,0,rule-derived from synthetic thresholds
3134,6,Nagpur,clay,Pigeon pea,537,20.6,268,0.95,6.28,0.54,186.2,378.1,23.7,0.69,medium,medium,medium,0,0,rule-derived from synthetic thresholds
3135,9,Indore,clay,Chickpea,358,2.6,225,0.47,7.19,0.36,64.9,151.7,26.9,0.89,medium,low,medium,1,0,rule-derived from synthetic thresholds
3136,2,Coimbatore,loam,Banana,415,20.4,146,0.62,6.51,0.33,8.0,26.1,26.5,0.61,medium,medium,medium,0,0,rule-derived from synthetic thresholds
3137,3,Madurai,sandy,Tomato,337,15.7,102,0.46,5.95,1.17,94.2,246.7,28.2,-0.71,medium,medium,low,1,0,rule-derived from synthetic thresholds
3138,7,Pune,clay,Mustard,455,16.1,389,0.81,6.83,0.31,14.0,35.6,23.6,0.85,medium,medium,high,0,1,rule-derived from synthetic thresholds
3139,5,Karnal,loam,Sugarcane,259,25.2,114,0.17,8.05,0.57,131.6,324.7,18.9,-1.64,low,high,medium,1,1,rule-derived from synthetic thresholds
3140,9,Indore,clay,Wheat,486,25.1,253,0.75,7.45,0.82,37.8,129.8,31.4,0.84,medium,high,medium,0,1,rule-derived from synthetic thresholds
3141,6,Nagpur,clay,Cotton,471,15.2,222,0.65,6.41,0.44,9.3,22.6,31.0,-0.15,medium,medium,medium,0,0,rule-derived from synthetic thresholds
3142,7,Pune,clay,Sugarcane,326,7.3,292,0.57,7.01,0.21,85.6,301.6,23.5,0.99,medium,low,high,1,1,rule-derived from synthetic thresholds
3143,12,Patna,loam,Rice,273,12.0,272,0.62,5.37,0.14,29.1,73.7,27.2,2.12,low,medium,medium,1,0,rule-derived from synthetic thresholds
3144,12,Patna,loam,Rice,239,19.0,203,0.28,7.7,0.46,430.8,1473.1,27.0,2.39,low,medium,medium,1,0,rule-derived from synthetic thresholds
3145,5,Karnal,loam,Sugarcane,423,12.2,313,0.45,6.9,0.37,28.4,65.1,19.9,-1.93,medium,medium,high,0,1,rule-derived from synthetic thresholds
3146,6,Nagpur,clay,Cotton,445,22.1,277,0.8,8.26,1.68,50.2,119.2,25.7,-0.05,medium,medium,medium,0,0,rule-derived from synthetic thresholds
3147,10,Jaipur,sandy,Pearl millet,393,8.8,260,0.52,7.2,1.72,16.4,45.5,23.9,-1.13,medium,low,medium,1,0,rule-derived from synthetic thresholds
3148,14,Dharwad,clay,Chilli,302,44.0,304,0.57,8.23,0.65,43.6,121.9,30.1,-0.51,medium,high,high,0,1,rule-derived from synthetic thresholds
3149,9,Indore,clay,Soybean,356,10.2,208,0.45,8.27,0.54,25.3,75.2,26.1,-0.34,medium,medium,medium,0,0,rule-derived from synthetic thresholds
3150,2,Coimbatore,loam,Tomato,497,3.6,243,0.74,6.87,0.72,33.6,120.0,25.1,-0.16,medium,low,medium,1,0,rule-derived from synthetic thresholds
3151,9,Indore,clay,Turmeric,255,27.5,303,0.5,7.22,1.09,64.3,188.4,26.9,-1.31,low,high,high,1,1,rule-derived from synthetic thresholds
3152,11,Kanpur,loam,Mustard,292,21.6,289,0.54,7.14,0.63,83.7,184.4,25.2,1.62,medium,medium,high,0,1,rule-derived from synthetic thresholds
3153,15,Kolkata (24 Pgs),clay,Rice,365,37.6,164,0.33,8.26,0.85,43.2,111.2,31.1,0.49,medium,high,medium,0,1,rule-derived from synthetic thresholds
3154,14,Dharwad,clay,Chilli,332,21.2,232,0.32,7.85,0.41,137.1,345.6,25.2,-1.35,medium,medium,medium,0,0,rule-derived from synthetic thresholds
3155,11,Kanpur,loam,Wheat,431,17.0,189,0.52,6.45,0.97,228.1,766.8,21.4,-0.33,medium,medium,medium,0,0,rule-derived from synthetic thresholds
3156,9,Indore,clay,Chickpea,364,24.3,57,0.73,7.87,0.36,48.3,148.6,29.5,1.37,medium,medium,low,1,0,rule-derived from synthetic thresholds
3157,3,Madurai,sandy,Chilli,421,14.1,213,0.53,6.63,0.21,15.4,36.7,25.6,0.64,medium,medium,medium,0,0,rule-derived from synthetic thresholds
3158,14,Dharwad,clay,Rice,332,7.0,329,0.57,9.2,0.6,34.7,104.7,23.8,2.12,medium,low,high,1,1,rule-derived from synthetic thresholds
3159,8,Guntur,clay,Cotton,394,10.9,260,0.62,7.4,0.62,193.5,568.7,28.0,-1.48,medium,medium,medium,0,0,rule-derived from synthetic thresholds
3160,11,Kanpur,loam,Ragi,347,18.4,215,0.52,6.82,3.84,22.0,71.9,25.3,0.95,medium,medium,medium,0,0,rule-derived from synthetic thresholds
3161,12,Patna,loam,Rice,355,6.5,260,0.29,6.72,1.1,54.4,195.2,27.4,0.72,medium,low,medium,1,0,rule-derived from synthetic thresholds
3162,1,Thanjavur,clay,Green gram,358,10.7,180,0.47,8.02,0.18,28.9,93.2,30.1,1.34,medium,medium,medium,0,0,rule-derived from synthetic thresholds
3163,6,Nagpur,clay,Cotton,602,34.3,74,0.87,8.28,0.31,68.5,182.0,25.2,-1.28,high,high,low,1,1,rule-derived from synthetic thresholds
3164,11,Kanpur,loam,Pearl millet,485,20.0,177,0.57,6.91,0.07,68.2,167.1,18.6,-1.39,medium,medium,medium,0,0,rule-derived from synthetic thresholds
3165,8,Guntur,clay,Cotton,203,13.1,293,0.1,7.46,1.07,28.5,86.6,30.3,-1.22,low,medium,high,1,1,rule-derived from synthetic thresholds
3166,10,Jaipur,sandy,Pearl millet,243,22.3,245,0.23,5.8,1.01,2.9,10.1,27.5,-1.42,low,medium,medium,1,0,rule-derived from synthetic thresholds
3167,9,Indore,clay,Lentil,428,7.5,290,0.71,7.9,0.42,39.4,128.1,24.6,0.24,medium,low,high,1,1,rule-derived from synthetic thresholds
3168,1,Thanjavur,clay,Turmeric,363,13.2,211,0.64,8.89,1.1,52.2,172.0,28.2,-1.61,medium,medium,medium,0,0,rule-derived from synthetic thresholds
3169,5,Karnal,loam,Sugarcane,456,11.1,215,0.42,7.02,0.93,38.9,82.2,29.0,0.38,medium,medium,medium,0,0,rule-derived from synthetic thresholds
3170,7,Pune,clay,Onion,541,8.5,236,0.8,7.81,0.35,11.1,39.7,22.3,-1.47,medium,low,medium,1,0,rule-derived from synthetic thresholds
3171,6,Nagpur,clay,Cotton,449,5.9,285,0.59,7.65,0.61,400.5,856.7,28.6,1.02,medium,low,high,1,1,rule-derived from synthetic thresholds
3172,1,Thanjavur,clay,Onion,350,5.4,242,0.72,7.27,0.24,33.6,97.1,28.7,-1.84,medium,low,medium,1,0,rule-derived from synthetic thresholds
3173,1,Thanjavur,clay,Green gram,415,3.7,171,0.56,8.25,0.93,118.2,392.0,28.5,-1.38,medium,low,medium,1,0,rule-derived from synthetic thresholds
3174,5,Karnal,loam,Wheat,388,2.8,30,0.5,8.61,6.74,196.8,654.1,29.5,-0.13,medium,low,low,1,0,rule-derived from synthetic thresholds
3175,13,Bengaluru Rural,sandy,Ragi,216,5.3,130,0.34,7.3,0.49,40.7,105.3,24.1,-0.78,low,low,medium,1,0,rule-derived from synthetic thresholds
3176,15,Kolkata (24 Pgs),clay,Potato,377,11.7,130,0.6,7.46,0.69,349.1,993.3,25.4,0.92,medium,medium,medium,0,0,rule-derived from synthetic thresholds
3177,13,Bengaluru Rural,sandy,Tomato,320,12.9,43,0.41,7.31,0.13,64.6,184.7,26.7,-0.59,medium,medium,low,1,0,rule-derived from synthetic thresholds
3178,15,Kolkata (24 Pgs),clay,Groundnut,266,8.0,143,0.34,8.58,0.32,78.9,273.2,30.0,-1.62,low,low,medium,1,0,rule-derived from synthetic thresholds
3179,14,Dharwad,clay,Cotton,336,20.2,234,0.53,7.87,0.54,8.1,26.3,24.0,0.47,medium,medium,medium,0,0,rule-derived from synthetic thresholds
3180,11,Kanpur,loam,Wheat,357,6.1,268,0.63,6.3,0.36,15.2,46.0,24.5,-0.2,medium,low,medium,1,0,rule-derived from synthetic thresholds
3181,2,Coimbatore,loam,Maize,378,7.3,139,0.64,6.99,1.3,58.0,136.8,24.8,-0.79,medium,low,medium,1,0,rule-derived from synthetic thresholds
3182,6,Nagpur,clay,Cotton,510,29.4,285,0.96,8.26,0.45,40.8,116.2,25.9,-0.18,medium,high,high,0,1,rule-derived from synthetic thresholds
3183,12,Patna,loam,Maize,332,9.0,64,0.37,9.06,0.55,204.1,417.5,33.5,-0.05,medium,low,low,1,0,rule-derived from synthetic thresholds
3184,6,Nagpur,clay,Cotton,296,17.0,364,0.5,7.38,1.13,44.5,111.8,30.1,-0.24,medium,medium,high,0,1,rule-derived from synthetic thresholds
3185,5,Karnal,loam,Sorghum,432,14.9,30,0.68,6.75,0.3,66.4,166.5,24.0,-0.06,medium,medium,low,1,0,rule-derived from synthetic thresholds
3186,1,Thanjavur,clay,Groundnut,564,26.5,266,0.7,8.06,0.52,148.0,387.2,30.1,-0.91,high,high,medium,0,1,rule-derived from synthetic thresholds
3187,6,Nagpur,clay,Pigeon pea,452,35.3,95,0.69,9.08,1.41,66.5,167.3,26.2,1.46,medium,high,low,1,1,rule-derived from synthetic thresholds
3188,6,Nagpur,clay,Pigeon pea,542,14.3,166,0.88,7.42,0.97,11.9,39.3,27.8,0.87,medium,medium,medium,0,0,rule-derived from synthetic thresholds
3189,13,Bengaluru Rural,sandy,Tomato,224,12.8,192,0.33,6.69,0.62,26.5,62.8,32.1,0.3,low,medium,medium,1,0,rule-derived from synthetic thresholds
3190,12,Patna,loam,Rice,262,63.0,144,0.49,8.21,1.18,8.0,16.5,26.1,0.17,low,high,medium,1,1,rule-derived from synthetic thresholds
3191,2,Coimbatore,loam,Potato,322,24.8,183,0.76,6.29,0.76,180.0,487.6,25.9,0.43,medium,medium,medium,0,0,rule-derived from synthetic thresholds
3192,8,Guntur,clay,Soybean,413,13.6,234,0.48,8.6,1.71,81.5,292.4,25.6,-0.43,medium,medium,medium,0,0,rule-derived from synthetic thresholds
3193,14,Dharwad,clay,Chilli,224,4.7,210,0.21,7.52,0.69,30.3,93.5,21.0,-0.08,low,low,medium,1,0,rule-derived from synthetic thresholds
3194,8,Guntur,clay,Cotton,395,7.4,249,0.58,7.5,2.5,111.6,265.2,26.6,-1.65,medium,low,medium,1,0,rule-derived from synthetic thresholds
3195,15,Kolkata (24 Pgs),clay,Potato,412,7.4,199,0.68,8.11,2.37,78.8,178.4,26.9,-0.96,medium,low,medium,1,0,rule-derived from synthetic thresholds
3196,2,Coimbatore,loam,Banana,537,16.0,46,0.84,5.96,0.76,62.2,219.6,24.1,1.2,medium,medium,low,1,0,rule-derived from synthetic thresholds
3197,5,Karnal,loam,Rice,386,15.5,229,0.61,7.73,0.14,46.0,121.2,31.0,-0.71,medium,medium,medium,0,0,rule-derived from synthetic thresholds
3198,14,Dharwad,clay,Pearl millet,391,29.4,261,0.49,6.24,0.66,83.7,182.2,23.0,-0.31,medium,high,medium,0,1,rule-derived from synthetic thresholds
3199,11,Kanpur,loam,Wheat,314,7.6,153,0.64,6.92,0.33,99.8,333.0,27.2,-0.41,medium,low,medium,1,0,rule-derived from synthetic thresholds
3200,5,Karnal,loam,Wheat,298,11.4,112,0.44,7.57,0.62,38.8,138.2,26.1,-1.8,medium,medium,medium,0,0,rule-derived from synthetic thresholds
3201,14,Dharwad,clay,Sorghum,180,21.3,338,0.23,7.94,0.81,35.9,92.4,25.0,0.18,low,medium,high,1,1,rule-derived from synthetic thresholds
3202,6,Nagpur,clay,Soybean,573,15.9,160,0.79,7.18,0.66,158.7,524.9,25.0,-0.29,high,medium,medium,0,1,rule-derived from synthetic thresholds
3203,12,Patna,loam,Wheat,265,13.3,217,0.39,6.42,0.75,110.2,262.2,28.2,-0.58,low,medium,medium,1,0,rule-derived from synthetic thresholds
3204,5,Karnal,loam,Sorghum,439,8.9,243,0.87,6.18,0.64,34.1,72.9,31.9,-0.41,medium,low,medium,1,0,rule-derived from synthetic thresholds
3205,6,Nagpur,clay,Cotton,355,8.5,146,0.49,8.05,0.37,75.4,178.3,26.9,3.03,medium,low,medium,1,0,rule-derived from synthetic thresholds
3206,5,Karnal,loam,Cotton,537,6.9,224,0.65,6.7,0.47,10.3,24.8,19.2,-0.37,medium,low,medium,1,0,rule-derived from synthetic thresholds
3207,6,Nagpur,clay,Pigeon pea,472,12.0,225,0.82,8.05,0.43,240.2,575.2,25.3,0.75,medium,medium,medium,0,0,rule-derived from synthetic thresholds
3208,9,Indore,clay,Mustard,463,23.1,376,0.75,7.1,1.7,13.4,44.6,27.0,-0.34,medium,medium,high,0,1,rule-derived from synthetic thresholds
3209,13,Bengaluru Rural,sandy,Tomato,311,6.7,109,0.43,5.93,0.37,30.9,84.4,25.3,-0.93,medium,low,low,1,0,rule-derived from synthetic thresholds
3210,10,Jaipur,sandy,Mustard,286,3.9,122,0.25,5.54,0.38,20.9,48.1,28.8,-0.36,medium,low,medium,1,0,rule-derived from synthetic thresholds
3211,1,Thanjavur,clay,Groundnut,267,9.9,213,0.33,7.97,0.18,48.9,106.7,31.5,1.56,low,low,medium,1,0,rule-derived from synthetic thresholds
3212,9,Indore,clay,Wheat,480,9.1,255,0.71,8.84,0.51,29.8,105.3,22.1,0.39,medium,low,medium,1,0,rule-derived from synthetic thresholds
3213,7,Pune,clay,Onion,362,7.6,254,0.59,8.22,0.62,59.5,192.3,26.0,-1.28,medium,low,medium,1,0,rule-derived from synthetic thresholds
3214,2,Coimbatore,loam,Pigeon pea,475,35.6,253,0.5,7.18,0.3,25.2,62.9,27.0,-1.56,medium,high,medium,0,1,rule-derived from synthetic thresholds
3215,5,Karnal,loam,Wheat,318,53.6,246,0.81,5.15,0.38,10.0,35.8,23.2,-1.08,medium,high,medium,0,1,rule-derived from synthetic thresholds
3216,15,Kolkata (24 Pgs),clay,Rice,368,21.1,406,0.4,8.13,0.51,299.5,904.4,26.8,0.48,medium,medium,high,0,1,rule-derived from synthetic thresholds
3217,6,Nagpur,clay,Soybean,303,12.6,211,0.53,7.66,0.54,42.0,121.5,28.6,0.74,medium,medium,medium,0,0,rule-derived from synthetic thresholds
3218,11,Kanpur,loam,Chilli,303,5.2,170,0.44,9.02,0.65,224.3,584.2,24.8,0.93,medium,low,medium,1,0,rule-derived from synthetic thresholds
3219,3,Madurai,sandy,Cotton,391,8.9,30,0.44,7.14,0.67,124.1,269.1,31.9,-0.15,medium,low,low,1,0,rule-derived from synthetic thresholds
3220,14,Dharwad,clay,Chilli,559,17.1,181,1.01,8.0,0.75,59.7,154.9,23.4,0.97,medium,medium,medium,0,0,rule-derived from synthetic thresholds
3221,13,Bengaluru Rural,sandy,Tomato,507,6.5,33,0.49,6.41,0.25,261.5,613.6,25.4,1.32,medium,low,low,1,0,rule-derived from synthetic thresholds
3222,3,Madurai,sandy,Cotton,239,6.1,117,0.16,7.75,0.46,110.2,319.3,31.8,0.05,low,low,medium,1,0,rule-derived from synthetic thresholds
3223,11,Kanpur,loam,Rice,378,6.4,231,0.53,6.4,3.06,53.3,123.6,24.6,0.6,medium,low,medium,1,0,rule-derived from synthetic thresholds
3224,14,Dharwad,clay,Cotton,395,21.0,229,0.31,9.2,0.59,6.6,15.0,22.0,-0.88,medium,medium,medium,0,0,rule-derived from synthetic thresholds
3225,14,Dharwad,clay,Cotton,359,28.6,160,0.61,7.84,0.44,4.3,11.9,25.8,3.07,medium,high,medium,0,1,rule-derived from synthetic thresholds
3226,11,Kanpur,loam,Wheat,347,15.8,191,0.63,6.54,0.32,24.5,78.2,30.6,-0.93,medium,medium,medium,0,0,rule-derived from synthetic thresholds
3227,11,Kanpur,loam,Rice,227,9.9,200,0.38,6.19,0.44,81.7,258.9,20.7,1.13,low,low,medium,1,0,rule-derived from synthetic thresholds
3228,8,Guntur,clay,Pigeon pea,347,17.6,340,0.55,6.16,0.43,50.3,129.8,27.0,-0.39,medium,medium,high,0,1,rule-derived from synthetic thresholds
3229,3,Madurai,sandy,Cotton,236,55.1,166,0.33,6.73,0.55,37.1,75.4,24.3,0.9,low,high,medium,1,1,rule-derived from synthetic thresholds
3230,1,Thanjavur,clay,Maize,403,18.3,148,0.8,7.29,0.42,87.9,280.2,29.4,1.09,medium,medium,medium,0,0,rule-derived from synthetic thresholds
3231,5,Karnal,loam,Wheat,333,7.2,232,0.5,8.14,0.57,20.0,45.4,26.0,-1.67,medium,low,medium,1,0,rule-derived from synthetic thresholds
3232,4,Ludhiana,sandy,Wheat,326,7.8,159,0.59,6.07,0.88,55.7,128.2,20.2,-0.44,medium,low,medium,1,0,rule-derived from synthetic thresholds
3233,14,Dharwad,clay,Sorghum,408,26.3,197,0.65,7.78,1.56,115.2,380.7,24.4,-1.41,medium,high,medium,0,1,rule-derived from synthetic thresholds
3234,13,Bengaluru Rural,sandy,Sugarcane,346,7.2,254,0.47,7.24,0.38,139.5,380.2,25.9,-0.2,medium,low,medium,1,0,rule-derived from synthetic thresholds
3235,5,Karnal,loam,Rice,443,11.9,133,0.83,7.29,0.33,24.6,79.5,28.4,0.24,medium,medium,medium,0,0,rule-derived from synthetic thresholds
3236,6,Nagpur,clay,Cotton,409,17.0,189,1.12,7.83,0.34,143.4,302.2,22.9,0.75,medium,medium,medium,0,0,rule-derived from synthetic thresholds
3237,12,Patna,loam,Maize,283,11.2,213,0.24,9.2,1.05,31.5,80.3,26.2,2.44,medium,medium,medium,0,0,rule-derived from synthetic thresholds
3238,11,Kanpur,loam,Rice,391,16.6,299,0.32,6.22,0.25,1.0,2.3,26.2,-0.1,medium,medium,high,0,1,rule-derived from synthetic thresholds
3239,14,Dharwad,clay,Green gram,511,51.0,271,0.68,8.15,0.9,12.3,39.1,23.1,-0.39,medium,high,medium,0,1,rule-derived from synthetic thresholds
3240,11,Kanpur,loam,Wheat,434,13.9,226,0.63,8.62,0.77,43.2,111.8,24.5,-1.03,medium,medium,medium,0,0,rule-derived from synthetic thresholds
3241,11,Kanpur,loam,Green gram,280,25.8,177,0.44,7.14,1.01,21.2,51.1,24.2,0.91,medium,high,medium,0,1,rule-derived from synthetic thresholds
3242,12,Patna,loam,Banana,366,14.0,142,0.6,7.03,0.45,75.8,247.9,26.4,1.15,medium,medium,medium,0,0,rule-derived from synthetic thresholds
3243,14,Dharwad,clay,Onion,213,27.9,285,0.34,7.02,1.84,53.8,144.9,22.7,1.28,low,high,high,1,1,rule-derived from synthetic thresholds
3244,6,Nagpur,clay,Wheat,547,17.9,316,0.9,7.87,0.37,57.3,169.0,28.8,0.99,medium,medium,high,0,1,rule-derived from synthetic thresholds
3245,4,Ludhiana,sandy,Tomato,386,9.0,150,0.49,6.96,0.78,80.8,244.5,26.2,0.03,medium,low,medium,1,0,rule-derived from synthetic thresholds
3246,14,Dharwad,clay,Chilli,315,10.1,150,0.5,7.91,0.33,240.9,567.5,26.3,0.43,medium,medium,medium,0,0,rule-derived from synthetic thresholds
3247,3,Madurai,sandy,Rice,255,22.0,111,0.52,7.27,1.33,35.9,90.6,27.5,-1.43,low,medium,medium,1,0,rule-derived from synthetic thresholds
3248,5,Karnal,loam,Sugarcane,279,14.1,233,0.39,6.57,0.45,40.0,82.4,21.8,0.84,low,medium,medium,1,0,rule-derived from synthetic thresholds
3249,3,Madurai,sandy,Cotton,191,9.9,159,0.32,6.51,0.58,48.9,142.6,29.1,0.16,low,low,medium,1,0,rule-derived from synthetic thresholds
3250,13,Bengaluru Rural,sandy,Tomato,323,25.3,110,0.26,6.07,1.53,28.3,93.3,23.8,1.48,medium,high,medium,0,1,rule-derived from synthetic thresholds
3251,14,Dharwad,clay,Turmeric,429,9.9,276,0.81,7.86,0.27,10.2,26.6,24.1,-0.67,medium,low,medium,1,0,rule-derived from synthetic thresholds
3252,7,Pune,clay,Sunflower,327,24.1,385,0.39,8.43,1.01,27.2,63.4,25.0,0.78,medium,medium,high,0,1,rule-derived from synthetic thresholds
3253,2,Coimbatore,loam,Maize,390,25.4,88,0.37,7.28,1.24,57.0,197.4,25.7,0.79,medium,high,low,1,1,rule-derived from synthetic thresholds
3254,4,Ludhiana,sandy,Rice,157,57.1,139,0.28,7.44,0.26,41.5,142.9,20.7,1.09,low,high,medium,1,1,rule-derived from synthetic thresholds
3255,9,Indore,clay,Wheat,333,13.7,276,0.35,7.99,0.54,39.5,136.3,27.2,1.07,medium,medium,medium,0,0,rule-derived from synthetic thresholds
3256,6,Nagpur,clay,Pearl millet,419,60.7,354,0.57,8.76,3.85,253.6,583.3,21.9,-0.23,medium,high,high,0,1,rule-derived from synthetic thresholds
3257,12,Patna,loam,Wheat,514,14.5,357,0.57,7.82,1.27,79.7,223.7,28.0,1.29,medium,medium,high,0,1,rule-derived from synthetic thresholds
3258,12,Patna,loam,Rice,328,28.1,205,0.42,6.16,1.05,86.0,255.7,27.9,1.49,medium,high,medium,0,1,rule-derived from synthetic thresholds
3259,7,Pune,clay,Maize,451,5.5,189,0.62,7.83,0.92,10.2,35.4,21.6,-0.75,medium,low,medium,1,0,rule-derived from synthetic thresholds
3260,10,Jaipur,sandy,Wheat,299,33.1,163,0.5,6.45,0.35,11.5,36.2,23.2,-0.43,medium,high,medium,0,1,rule-derived from synthetic thresholds
3261,1,Thanjavur,clay,Rice,288,7.7,279,0.48,6.69,0.61,51.3,137.7,31.1,-0.36,medium,low,medium,1,0,rule-derived from synthetic thresholds
3262,3,Madurai,sandy,Chilli,297,9.2,208,0.33,5.69,0.67,4.3,10.5,30.4,-0.85,medium,low,medium,1,0,rule-derived from synthetic thresholds
3263,6,Nagpur,clay,Cotton,450,15.8,226,0.68,8.05,0.16,19.4,41.9,24.0,-0.89,medium,medium,medium,0,0,rule-derived from synthetic thresholds
3264,2,Coimbatore,loam,Cotton,359,15.0,100,0.47,8.64,0.32,42.1,140.1,27.0,-0.08,medium,medium,low,1,0,rule-derived from synthetic thresholds
3265,1,Thanjavur,clay,Rice,527,4.2,212,0.81,7.57,0.76,83.3,265.6,27.6,1.03,medium,low,medium,1,0,rule-derived from synthetic thresholds
3266,11,Kanpur,loam,Rice,515,22.1,234,0.82,8.55,0.46,22.8,81.7,24.2,-1.2,medium,medium,medium,0,0,rule-derived from synthetic thresholds
3267,1,Thanjavur,clay,Green gram,316,8.3,357,0.7,8.29,0.37,139.6,422.5,26.5,-0.15,medium,low,high,1,1,rule-derived from synthetic thresholds
3268,4,Ludhiana,sandy,Maize,241,14.4,236,0.17,6.17,0.54,52.1,186.5,25.7,1.22,low,medium,medium,1,0,rule-derived from synthetic thresholds
3269,11,Kanpur,loam,Rice,295,8.4,142,0.44,6.58,1.04,64.2,185.7,26.7,0.42,medium,low,medium,1,0,rule-derived from synthetic thresholds
3270,4,Ludhiana,sandy,Rice,236,5.6,167,0.25,5.8,0.95,73.2,240.1,21.8,-0.92,low,low,medium,1,0,rule-derived from synthetic thresholds
3271,4,Ludhiana,sandy,Maize,570,40.8,114,0.74,5.47,0.68,78.3,162.3,18.7,1.3,high,high,medium,0,1,rule-derived from synthetic thresholds
3272,12,Patna,loam,Wheat,399,11.7,203,0.45,7.08,0.36,673.9,1630.4,31.4,-1.68,medium,medium,medium,0,0,rule-derived from synthetic thresholds
3273,1,Thanjavur,clay,Chickpea,379,10.3,118,0.56,6.99,0.32,33.0,88.4,22.0,-1.07,medium,medium,medium,0,0,rule-derived from synthetic thresholds
3274,5,Karnal,loam,Chilli,242,24.6,249,0.53,9.06,2.06,33.2,91.7,23.6,1.35,low,medium,medium,1,0,rule-derived from synthetic thresholds
3275,9,Indore,clay,Soybean,404,27.6,348,0.44,5.73,0.55,17.2,35.8,22.7,-0.73,medium,high,high,0,1,rule-derived from synthetic thresholds
3276,2,Coimbatore,loam,Maize,421,65.3,57,0.71,6.69,1.84,48.7,175.4,26.8,0.93,medium,high,low,1,1,rule-derived from synthetic thresholds
3277,10,Jaipur,sandy,Wheat,349,24.9,75,0.15,6.81,1.08,3.7,12.3,28.6,1.07,medium,medium,low,1,0,rule-derived from synthetic thresholds
3278,7,Pune,clay,Maize,262,11.8,261,0.29,8.14,0.54,16.1,49.4,26.6,-0.36,low,medium,medium,1,0,rule-derived from synthetic thresholds
3279,5,Karnal,loam,Wheat,560,21.8,113,0.86,8.22,0.9,127.9,293.4,27.9,0.52,medium,medium,medium,0,0,rule-derived from synthetic thresholds
3280,9,Indore,clay,Chickpea,486,8.6,233,0.76,9.2,1.91,8.5,24.9,30.2,-0.35,medium,low,medium,1,0,rule-derived from synthetic thresholds
3281,1,Thanjavur,clay,Rice,435,9.0,253,0.84,7.35,1.0,474.8,1656.9,25.6,-0.31,medium,low,medium,1,0,rule-derived from synthetic thresholds
3282,10,Jaipur,sandy,Mustard,268,7.9,203,0.35,7.73,0.33,9.6,25.0,29.1,0.62,low,low,medium,1,0,rule-derived from synthetic thresholds
3283,7,Pune,clay,Maize,447,34.8,261,0.56,8.53,0.36,167.2,532.3,29.4,2.42,medium,high,medium,0,1,rule-derived from synthetic thresholds
3284,1,Thanjavur,clay,Groundnut,424,10.9,248,0.37,8.81,0.34,19.0,51.2,29.3,0.1,medium,medium,medium,0,0,rule-derived from synthetic thresholds
3285,12,Patna,loam,Maize,441,4.3,354,0.55,7.42,3.09,106.7,379.8,23.1,-0.11,medium,low,high,1,1,rule-derived from synthetic thresholds
3286,7,Pune,clay,Soybean,490,41.2,53,0.85,9.2,0.48,116.9,396.1,27.5,1.86,medium,high,low,1,1,rule-derived from synthetic thresholds
3287,2,Coimbatore,loam,Banana,288,14.2,254,0.43,7.87,0.31,27.9,81.7,25.5,0.1,medium,medium,medium,0,0,rule-derived from synthetic thresholds
3288,6,Nagpur,clay,Rice,295,3.0,260,0.49,8.73,0.14,103.2,282.7,27.7,1.9,medium,low,medium,1,0,rule-derived from synthetic thresholds
3289,12,Patna,loam,Maize,275,18.4,82,0.65,7.28,1.35,178.7,436.2,27.1,-2.63,low,medium,low,1,0,rule-derived from synthetic thresholds
3290,7,Pune,clay,Sugarcane,240,20.0,231,0.12,7.98,3.06,30.8,63.3,28.6,-1.59,low,medium,medium,1,0,rule-derived from synthetic thresholds
3291,6,Nagpur,clay,Soybean,364,9.9,113,0.62,8.0,0.51,86.3,231.5,25.5,1.0,medium,low,medium,1,0,rule-derived from synthetic thresholds
3292,1,Thanjavur,clay,Rice,406,31.6,349,0.51,8.1,0.56,129.2,396.2,31.8,-0.99,medium,high,high,0,1,rule-derived from synthetic thresholds
3293,1,Thanjavur,clay,Groundnut,316,8.1,306,0.59,8.33,0.4,25.8,55.2,27.0,-1.96,medium,low,high,1,1,rule-derived from synthetic thresholds
3294,5,Karnal,loam,Sugarcane,621,31.1,225,0.77,5.46,1.25,18.2,48.3,24.3,0.56,high,high,medium,0,1,rule-derived from synthetic thresholds
3295,5,Karnal,loam,Sugarcane,333,19.9,225,0.73,6.61,1.45,69.6,189.9,26.5,-2.21,medium,medium,medium,0,0,rule-derived from synthetic thresholds
3296,10,Jaipur,sandy,Pearl millet,412,6.4,126,0.69,7.94,0.33,11.9,41.9,24.4,0.35,medium,low,medium,1,0,rule-derived from synthetic thresholds
3297,8,Guntur,clay,Cotton,536,5.9,370,0.84,6.82,0.22,35.0,123.9,30.2,-0.13,medium,low,high,1,1,rule-derived from synthetic thresholds
3298,2,Coimbatore,loam,Green gram,522,10.3,151,0.67,7.84,1.44,14.9,30.9,24.8,-0.08,medium,medium,medium,0,0,rule-derived from synthetic thresholds
3299,10,Jaipur,sandy,Wheat,267,8.5,109,0.24,6.7,1.17,60.4,187.2,24.7,3.34,low,low,low,1,0,rule-derived from synthetic thresholds
3300,15,Kolkata (24 Pgs),clay,Rice,446,14.3,212,0.68,8.24,0.32,54.3,116.0,26.7,-1.12,medium,medium,medium,0,0,rule-derived from synthetic thresholds
3301,13,Bengaluru Rural,sandy,Maize,128,26.9,119,0.1,7.09,0.59,34.2,121.5,21.4,0.27,low,high,medium,1,1,rule-derived from synthetic thresholds
3302,15,Kolkata (24 Pgs),clay,Rice,428,20.0,201,0.82,8.45,1.38,81.7,219.4,25.1,0.28,medium,medium,medium,0,0,rule-derived from synthetic thresholds
3303,8,Guntur,clay,Rice,340,5.3,269,0.48,8.38,0.68,56.6,161.7,29.3,1.2,medium,low,medium,1,0,rule-derived from synthetic thresholds
3304,6,Nagpur,clay,Pigeon pea,514,15.3,269,0.94,7.36,0.25,44.8,105.2,24.9,0.62,medium,medium,medium,0,0,rule-derived from synthetic thresholds
3305,1,Thanjavur,clay,Groundnut,341,24.6,129,0.54,6.2,0.65,83.2,213.5,31.0,0.16,medium,medium,medium,0,0,rule-derived from synthetic thresholds
3306,11,Kanpur,loam,Rice,315,5.8,261,0.74,6.3,0.36,151.3,542.2,24.6,-0.87,medium,low,medium,1,0,rule-derived from synthetic thresholds
3307,7,Pune,clay,Sugarcane,596,21.5,123,0.7,8.72,0.33,74.9,265.7,23.1,2.22,high,medium,medium,0,1,rule-derived from synthetic thresholds
3308,10,Jaipur,sandy,Mustard,415,21.0,129,0.23,6.15,0.06,22.7,77.7,22.9,0.52,medium,medium,medium,0,0,rule-derived from synthetic thresholds
3309,5,Karnal,loam,Rice,336,3.6,102,0.56,7.33,0.66,129.7,379.1,22.9,0.44,medium,low,low,1,0,rule-derived from synthetic thresholds
3310,3,Madurai,sandy,Ragi,321,16.2,109,0.5,4.91,0.52,152.2,540.5,32.0,-0.92,medium,medium,low,1,0,rule-derived from synthetic thresholds
3311,11,Kanpur,loam,Potato,515,10.9,176,0.68,7.07,0.39,40.0,111.5,25.6,0.62,medium,medium,medium,0,0,rule-derived from synthetic thresholds
3312,6,Nagpur,clay,Cotton,433,10.9,332,0.41,8.64,1.73,13.2,39.9,32.1,0.07,medium,medium,high,0,1,rule-derived from synthetic thresholds
3313,8,Guntur,clay,Rice,546,15.3,335,0.91,7.34,0.83,36.8,86.3,23.3,2.28,medium,medium,high,0,1,rule-derived from synthetic thresholds
3314,15,Kolkata (24 Pgs),clay,Sunflower,354,9.3,231,0.84,8.94,0.76,136.2,423.2,25.0,-1.47,medium,low,medium,1,0,rule-derived from synthetic thresholds
3315,5,Karnal,loam,Sugarcane,250,6.0,161,0.23,7.61,0.57,105.4,252.0,24.8,0.91,low,low,medium,1,0,rule-derived from synthetic thresholds
3316,2,Coimbatore,loam,Banana,394,41.8,146,0.43,6.75,0.38,69.5,237.3,27.0,0.28,medium,high,medium,0,1,rule-derived from synthetic thresholds
3317,11,Kanpur,loam,Wheat,326,15.2,319,0.77,7.27,1.47,18.8,63.1,24.7,0.68,medium,medium,high,0,1,rule-derived from synthetic thresholds
3318,9,Indore,clay,Chickpea,496,44.6,352,0.82,7.64,0.45,42.7,86.7,21.7,-0.97,medium,high,high,0,1,rule-derived from synthetic thresholds
3319,6,Nagpur,clay,Cotton,267,36.4,185,0.39,7.55,0.73,37.6,87.3,23.1,-0.68,low,high,medium,1,1,rule-derived from synthetic thresholds
3320,9,Indore,clay,Soybean,471,27.7,253,0.58,8.44,2.64,43.3,114.6,27.0,-1.06,medium,high,medium,0,1,rule-derived from synthetic thresholds
3321,14,Dharwad,clay,Ragi,341,9.1,145,0.43,8.59,0.83,179.9,364.0,20.9,-0.3,medium,low,medium,1,0,rule-derived from synthetic thresholds
3322,3,Madurai,sandy,Rice,286,24.2,82,0.38,7.32,0.34,8.1,27.4,32.0,-0.65,medium,medium,low,1,0,rule-derived from synthetic thresholds
3323,12,Patna,loam,Maize,337,14.1,228,0.36,7.1,0.14,108.9,368.5,29.0,0.04,medium,medium,medium,0,0,rule-derived from synthetic thresholds
3324,9,Indore,clay,Wheat,523,26.7,236,0.89,7.79,1.26,63.7,203.7,28.2,0.94,medium,high,medium,0,1,rule-derived from synthetic thresholds
3325,13,Bengaluru Rural,sandy,Pearl millet,237,10.0,30,0.23,6.12,0.68,49.6,161.2,25.4,-1.63,low,medium,low,1,0,rule-derived from synthetic thresholds
3326,14,Dharwad,clay,Pearl millet,498,6.3,187,0.8,9.2,0.33,1.3,3.7,30.3,-1.02,medium,low,medium,1,0,rule-derived from synthetic thresholds
3327,3,Madurai,sandy,Chilli,254,29.8,136,0.69,7.18,0.91,382.7,1340.4,29.6,1.53,low,high,medium,1,1,rule-derived from synthetic thresholds
3328,2,Coimbatore,loam,Chilli,391,7.4,230,0.58,7.42,1.24,90.5,291.5,25.0,0.81,medium,low,medium,1,0,rule-derived from synthetic thresholds
3329,1,Thanjavur,clay,Groundnut,284,10.1,321,0.48,7.84,1.81,34.0,94.0,26.1,0.1,medium,medium,high,0,1,rule-derived from synthetic thresholds
3330,3,Madurai,sandy,Chilli,201,23.3,109,0.18,5.95,0.47,316.9,1011.0,29.1,-0.35,low,medium,low,1,0,rule-derived from synthetic thresholds
3331,6,Nagpur,clay,Onion,312,35.4,263,0.57,8.01,0.7,21.7,50.9,26.9,0.41,medium,high,medium,0,1,rule-derived from synthetic thresholds
3332,4,Ludhiana,sandy,Wheat,222,5.4,49,0.33,6.05,0.35,136.1,345.4,18.9,0.06,low,low,low,1,0,rule-derived from synthetic thresholds
3333,13,Bengaluru Rural,sandy,Tomato,72,16.8,50,0.17,7.3,1.0,175.7,391.9,27.9,-1.37,low,medium,low,1,0,rule-derived from synthetic thresholds
3334,12,Patna,loam,Maize,373,17.2,146,0.56,6.45,0.82,306.9,618.2,22.0,0.37,medium,medium,medium,0,0,rule-derived from synthetic thresholds
3335,6,Nagpur,clay,Cotton,234,34.2,332,0.52,8.55,1.12,59.5,193.6,30.4,2.03,low,high,high,1,1,rule-derived from synthetic thresholds
3336,9,Indore,clay,Soybean,240,37.8,236,0.1,7.0,1.18,17.5,51.8,28.0,-1.24,low,high,medium,1,1,rule-derived from synthetic thresholds
3337,5,Karnal,loam,Wheat,258,22.9,322,0.36,7.34,0.38,29.3,73.7,22.4,0.46,low,medium,high,1,1,rule-derived from synthetic thresholds
3338,8,Guntur,clay,Cotton,392,13.8,190,0.65,8.42,0.55,20.5,64.8,24.1,0.57,medium,medium,medium,0,0,rule-derived from synthetic thresholds
3339,5,Karnal,loam,Sugarcane,363,12.7,196,0.42,7.43,1.16,47.7,115.8,26.6,1.1,medium,medium,medium,0,0,rule-derived from synthetic thresholds
3340,12,Patna,loam,Maize,443,26.1,260,0.99,6.08,0.72,51.3,154.5,29.7,-0.69,medium,high,medium,0,1,rule-derived from synthetic thresholds
3341,4,Ludhiana,sandy,Rice,316,5.0,30,0.39,5.93,1.59,144.4,472.9,22.8,-0.37,medium,low,low,1,0,rule-derived from synthetic thresholds
3342,15,Kolkata (24 Pgs),clay,Rice,454,9.1,333,0.69,8.78,0.27,246.1,662.3,31.4,0.66,medium,low,high,1,1,rule-derived from synthetic thresholds
3343,14,Dharwad,clay,Sorghum,463,14.8,267,0.65,7.41,0.24,35.9,104.2,30.0,-0.38,medium,medium,medium,0,0,rule-derived from synthetic thresholds
3344,3,Madurai,sandy,Cotton,188,13.9,136,0.14,6.3,0.39,28.9,70.7,27.2,1.08,low,medium,medium,1,0,rule-derived from synthetic thresholds
3345,9,Indore,clay,Chickpea,324,36.6,275,0.46,6.42,0.46,105.1,267.0,27.3,-0.15,medium,high,medium,0,1,rule-derived from synthetic thresholds
3346,13,Bengaluru Rural,sandy,Tomato,315,16.0,211,0.37,6.98,0.6,113.5,319.2,23.6,0.07,medium,medium,medium,0,0,rule-derived from synthetic thresholds
3347,13,Bengaluru Rural,sandy,Maize,531,15.6,173,0.68,6.43,0.87,94.8,264.8,21.2,0.86,medium,medium,medium,0,0,rule-derived from synthetic thresholds
3348,6,Nagpur,clay,Groundnut,353,16.0,153,0.3,8.35,0.48,13.6,28.0,25.8,-0.78,medium,medium,medium,0,0,rule-derived from synthetic thresholds
3349,9,Indore,clay,Soybean,394,8.4,227,0.65,6.93,1.45,30.7,71.5,27.6,-0.07,medium,low,medium,1,0,rule-derived from synthetic thresholds
3350,3,Madurai,sandy,Pearl millet,292,30.3,188,0.4,6.85,0.29,32.5,79.7,33.6,0.2,medium,high,medium,0,1,rule-derived from synthetic thresholds
3351,4,Ludhiana,sandy,Sunflower,270,10.5,178,0.16,7.04,0.69,13.4,38.2,29.5,0.16,low,medium,medium,1,0,rule-derived from synthetic thresholds
3352,4,Ludhiana,sandy,Rice,238,31.6,74,0.33,5.47,0.24,48.9,165.9,17.4,-0.41,low,high,low,1,1,rule-derived from synthetic thresholds
3353,5,Karnal,loam,Rice,582,6.1,260,0.99,6.75,0.5,17.0,39.3,18.7,0.41,high,low,medium,1,1,rule-derived from synthetic thresholds
3354,6,Nagpur,clay,Pigeon pea,412,28.6,317,0.82,8.21,0.23,44.1,157.8,25.0,-0.95,medium,high,high,0,1,rule-derived from synthetic thresholds
3355,11,Kanpur,loam,Rice,464,7.4,165,0.69,6.5,0.84,40.3,125.8,31.0,-0.72,medium,low,medium,1,0,rule-derived from synthetic thresholds
3356,14,Dharwad,clay,Chilli,365,11.6,190,0.81,8.52,0.57,268.9,644.7,21.5,-1.18,medium,medium,medium,0,0,rule-derived from synthetic thresholds
3357,9,Indore,clay,Soybean,489,10.5,267,0.77,8.07,0.65,151.0,307.9,29.9,0.93,medium,medium,medium,0,0,rule-derived from synthetic thresholds
3358,8,Guntur,clay,Rice,197,15.2,265,0.26,7.77,0.9,195.3,619.7,28.8,-0.21,low,medium,medium,1,0,rule-derived from synthetic thresholds
3359,11,Kanpur,loam,Rice,303,22.8,52,0.26,8.58,1.16,23.6,66.6,27.9,0.49,medium,medium,low,1,0,rule-derived from synthetic thresholds
3360,10,Jaipur,sandy,Wheat,240,17.8,111,0.2,7.12,1.28,51.8,113.7,23.3,-1.64,low,medium,medium,1,0,rule-derived from synthetic thresholds
3361,7,Pune,clay,Sugarcane,594,34.6,200,0.73,8.14,1.04,46.6,120.4,20.3,1.03,high,high,medium,0,1,rule-derived from synthetic thresholds
3362,1,Thanjavur,clay,Groundnut,256,11.5,330,0.34,7.81,0.41,101.2,359.5,28.6,0.74,low,medium,high,1,1,rule-derived from synthetic thresholds
3363,9,Indore,clay,Ragi,340,41.2,207,0.56,7.39,0.18,7.3,19.8,27.9,0.46,medium,high,medium,0,1,rule-derived from synthetic thresholds
3364,1,Thanjavur,clay,Green gram,445,21.0,42,0.8,6.84,0.37,5.4,17.0,32.4,1.44,medium,medium,low,1,0,rule-derived from synthetic thresholds
3365,10,Jaipur,sandy,Mustard,314,11.9,198,0.48,6.15,0.39,33.4,101.3,27.2,0.73,medium,medium,medium,0,0,rule-derived from synthetic thresholds
3366,15,Kolkata (24 Pgs),clay,Turmeric,392,2.9,293,0.35,7.76,0.72,54.0,163.8,27.8,-2.78,medium,low,high,1,1,rule-derived from synthetic thresholds
3367,12,Patna,loam,Wheat,359,28.6,207,0.42,7.3,0.23,54.3,147.9,27.6,0.36,medium,high,medium,0,1,rule-derived from synthetic thresholds
3368,13,Bengaluru Rural,sandy,Tomato,251,4.6,108,0.12,8.15,0.89,13.7,41.5,17.5,-0.68,low,low,low,1,0,rule-derived from synthetic thresholds
3369,7,Pune,clay,Onion,397,15.8,210,0.84,7.93,0.41,113.5,383.2,35.4,-0.5,medium,medium,medium,0,0,rule-derived from synthetic thresholds
3370,8,Guntur,clay,Cotton,518,8.2,184,0.81,7.42,0.45,48.7,154.3,25.8,2.44,medium,low,medium,1,0,rule-derived from synthetic thresholds
3371,8,Guntur,clay,Cotton,162,31.1,222,0.31,7.76,0.46,15.2,39.9,27.4,0.32,low,high,medium,1,1,rule-derived from synthetic thresholds
3372,4,Ludhiana,sandy,Maize,270,26.6,30,0.1,5.51,0.93,20.0,41.7,23.6,-1.34,low,high,low,1,1,rule-derived from synthetic thresholds
3373,15,Kolkata (24 Pgs),clay,Potato,413,5.6,237,0.8,6.99,0.37,30.4,99.2,23.5,1.61,medium,low,medium,1,0,rule-derived from synthetic thresholds
3374,1,Thanjavur,clay,Green gram,253,10.1,97,0.77,6.96,0.71,26.5,79.8,26.1,0.5,low,medium,low,1,0,rule-derived from synthetic thresholds
3375,15,Kolkata (24 Pgs),clay,Pearl millet,471,5.8,325,0.95,8.16,0.13,172.5,556.2,25.3,0.35,medium,low,high,1,1,rule-derived from synthetic thresholds
3376,15,Kolkata (24 Pgs),clay,Sorghum,195,37.8,281,0.28,8.22,2.7,159.9,571.5,30.7,0.13,low,high,high,1,1,rule-derived from synthetic thresholds
3377,15,Kolkata (24 Pgs),clay,Maize,496,19.8,321,0.66,6.08,0.77,97.0,220.1,29.2,-1.21,medium,medium,high,0,1,rule-derived from synthetic thresholds
3378,1,Thanjavur,clay,Potato,491,9.6,238,0.62,7.56,3.48,34.4,120.1,34.1,-1.54,medium,low,medium,1,0,rule-derived from synthetic thresholds
3379,15,Kolkata (24 Pgs),clay,Potato,513,11.5,263,0.96,7.86,2.61,148.8,467.4,24.2,0.25,medium,medium,medium,0,0,rule-derived from synthetic thresholds
3380,4,Ludhiana,sandy,Rice,218,10.0,90,0.19,8.1,0.61,27.7,62.8,28.5,1.5,low,medium,low,1,0,rule-derived from synthetic thresholds
3381,4,Ludhiana,sandy,Wheat,285,15.0,36,0.46,7.24,1.9,277.8,581.5,24.8,1.54,medium,medium,low,1,0,rule-derived from synthetic thresholds
3382,11,Kanpur,loam,Rice,423,7.3,200,0.77,7.3,0.52,37.9,112.3,28.4,-0.3,medium,low,medium,1,0,rule-derived from synthetic thresholds
3383,6,Nagpur,clay,Pigeon pea,413,6.6,242,0.72,7.11,0.2,45.7,144.9,24.2,0.47,medium,low,medium,1,0,rule-derived from synthetic thresholds
3384,15,Kolkata (24 Pgs),clay,Maize,299,18.6,268,0.69,9.2,0.14,133.5,379.0,30.8,0.06,medium,medium,medium,0,0,rule-derived from synthetic thresholds
3385,8,Guntur,clay,Potato,551,7.0,225,0.76,6.67,0.83,58.0,140.3,28.3,0.17,medium,low,medium,1,0,rule-derived from synthetic thresholds
3386,2,Coimbatore,loam,Cotton,499,27.7,340,0.63,6.26,0.35,27.6,73.2,25.6,-0.37,medium,high,high,0,1,rule-derived from synthetic thresholds
3387,4,Ludhiana,sandy,Banana,540,69.2,93,0.64,5.79,0.67,9.0,31.4,22.8,0.74,medium,high,low,1,1,rule-derived from synthetic thresholds
3388,12,Patna,loam,Maize,394,22.2,152,0.56,7.46,0.6,240.8,569.0,24.5,-0.09,medium,medium,medium,0,0,rule-derived from synthetic thresholds
3389,9,Indore,clay,Soybean,417,9.9,173,0.58,8.08,0.19,39.6,98.7,25.8,0.75,medium,low,medium,1,0,rule-derived from synthetic thresholds
3390,5,Karnal,loam,Sugarcane,493,38.0,250,0.86,6.89,0.31,20.7,50.1,28.0,-0.71,medium,high,medium,0,1,rule-derived from synthetic thresholds
3391,4,Ludhiana,sandy,Green gram,481,7.8,142,0.56,8.67,0.36,28.0,90.8,26.6,-1.02,medium,low,medium,1,0,rule-derived from synthetic thresholds
3392,11,Kanpur,loam,Rice,558,11.3,311,0.73,8.61,0.99,52.2,184.5,19.3,-0.12,medium,medium,high,0,1,rule-derived from synthetic thresholds
3393,4,Ludhiana,sandy,Rice,334,14.3,120,0.46,6.45,0.59,141.6,354.3,26.1,-0.27,medium,medium,medium,0,0,rule-derived from synthetic thresholds
3394,2,Coimbatore,loam,Cotton,386,34.2,232,0.55,8.75,0.38,91.4,220.3,27.1,-1.29,medium,high,medium,0,1,rule-derived from synthetic thresholds
3395,9,Indore,clay,Soybean,281,12.4,253,0.39,8.43,0.96,93.5,297.8,36.3,0.15,medium,medium,medium,0,0,rule-derived from synthetic thresholds
3396,13,Bengaluru Rural,sandy,Maize,299,11.7,87,0.19,8.01,1.76,108.2,237.9,29.1,0.09,medium,medium,low,1,0,rule-derived from synthetic thresholds
3397,5,Karnal,loam,Sugarcane,341,3.4,175,0.66,6.18,0.56,36.9,116.2,28.7,0.42,medium,low,medium,1,0,rule-derived from synthetic thresholds
3398,11,Kanpur,loam,Wheat,353,41.4,197,0.46,6.96,1.44,96.4,210.9,28.6,1.32,medium,high,medium,0,1,rule-derived from synthetic thresholds
3399,7,Pune,clay,Maize,314,13.0,494,0.61,7.77,0.17,50.4,106.2,25.6,0.82,medium,medium,high,0,1,rule-derived from synthetic thresholds
3400,15,Kolkata (24 Pgs),clay,Mustard,369,6.4,265,0.82,8.76,0.46,141.0,288.5,29.6,0.82,medium,low,medium,1,0,rule-derived from synthetic thresholds
3401,10,Jaipur,sandy,Ragi,461,12.4,173,0.66,6.06,1.34,40.4,125.4,25.0,-2.22,medium,medium,medium,0,0,rule-derived from synthetic thresholds
3402,8,Guntur,clay,Chilli,334,22.4,245,0.1,8.61,0.27,63.5,167.4,27.7,0.6,medium,medium,medium,0,0,rule-derived from synthetic thresholds
3403,4,Ludhiana,sandy,Wheat,427,7.2,139,0.6,6.64,0.36,76.7,188.4,22.4,-0.56,medium,low,medium,1,0,rule-derived from synthetic thresholds
3404,14,Dharwad,clay,Sorghum,216,12.3,249,0.33,8.59,0.22,62.2,220.5,23.1,0.25,low,medium,medium,1,0,rule-derived from synthetic thresholds
3405,1,Thanjavur,clay,Green gram,493,15.5,386,0.44,7.58,0.65,92.4,207.1,27.9,-0.1,medium,medium,high,0,1,rule-derived from synthetic thresholds
3406,9,Indore,clay,Wheat,469,21.1,237,0.48,8.53,1.08,44.4,155.2,25.8,0.5,medium,medium,medium,0,0,rule-derived from synthetic thresholds
3407,4,Ludhiana,sandy,Wheat,352,64.7,145,0.36,6.52,0.61,37.0,99.8,29.4,0.49,medium,high,medium,0,1,rule-derived from synthetic thresholds
3408,8,Guntur,clay,Cotton,433,16.3,372,0.72,7.45,0.25,41.2,107.7,27.2,-0.58,medium,medium,high,0,1,rule-derived from synthetic thresholds
3409,15,Kolkata (24 Pgs),clay,Potato,182,25.2,277,0.44,9.2,0.22,71.1,211.7,25.4,0.91,low,high,medium,1,1,rule-derived from synthetic thresholds
3410,2,Coimbatore,loam,Sorghum,429,15.3,74,0.48,8.23,0.29,64.8,138.3,20.7,-0.6,medium,medium,low,1,0,rule-derived from synthetic thresholds
3411,1,Thanjavur,clay,Maize,514,9.5,203,0.85,7.95,0.69,103.4,332.0,26.1,-1.06,medium,low,medium,1,0,rule-derived from synthetic thresholds
3412,13,Bengaluru Rural,sandy,Ragi,126,11.0,152,0.22,6.47,0.26,87.0,244.0,26.0,-1.14,low,medium,medium,1,0,rule-derived from synthetic thresholds
3413,11,Kanpur,loam,Wheat,349,26.8,225,0.31,6.53,0.6,53.8,127.4,27.1,-0.02,medium,high,medium,0,1,rule-derived from synthetic thresholds
3414,7,Pune,clay,Sugarcane,395,12.4,235,0.65,9.2,0.51,47.5,113.9,26.1,0.09,medium,medium,medium,0,0,rule-derived from synthetic thresholds
3415,4,Ludhiana,sandy,Potato,303,9.9,194,0.39,7.34,1.34,150.6,426.7,26.6,-1.03,medium,low,medium,1,0,rule-derived from synthetic thresholds
3416,10,Jaipur,sandy,Wheat,432,46.1,224,0.39,5.8,0.6,113.3,239.1,23.3,-0.29,medium,high,medium,0,1,rule-derived from synthetic thresholds
3417,4,Ludhiana,sandy,Wheat,363,23.8,157,0.31,8.29,0.7,21.3,67.0,26.6,-0.44,medium,medium,medium,0,0,rule-derived from synthetic thresholds
3418,10,Jaipur,sandy,Wheat,212,17.7,48,0.24,5.41,0.97,37.8,82.9,27.0,2.79,low,medium,low,1,0,rule-derived from synthetic thresholds
3419,7,Pune,clay,Onion,589,7.6,134,1.15,7.55,0.35,6.4,17.3,22.0,-0.43,high,low,medium,1,1,rule-derived from synthetic thresholds
3420,12,Patna,loam,Wheat,495,16.2,107,0.57,7.1,0.77,15.0,42.2,24.9,-1.68,medium,medium,low,1,0,rule-derived from synthetic thresholds
3421,10,Jaipur,sandy,Mustard,295,7.4,39,0.59,5.29,0.09,54.1,185.3,24.2,-0.65,medium,low,low,1,0,rule-derived from synthetic thresholds
3422,9,Indore,clay,Lentil,438,6.9,267,0.76,7.95,0.39,31.8,87.5,26.8,0.95,medium,low,medium,1,0,rule-derived from synthetic thresholds
3423,2,Coimbatore,loam,Cotton,393,19.6,265,0.45,7.3,0.84,61.0,193.7,25.6,1.79,medium,medium,medium,0,0,rule-derived from synthetic thresholds
3424,10,Jaipur,sandy,Wheat,368,34.1,146,0.53,6.12,1.24,53.4,125.8,19.9,-0.5,medium,high,medium,0,1,rule-derived from synthetic thresholds
3425,11,Kanpur,loam,Rice,323,23.5,180,0.54,7.33,0.34,59.0,159.6,28.6,0.42,medium,medium,medium,0,0,rule-derived from synthetic thresholds
3426,8,Guntur,clay,Cotton,488,10.5,333,0.85,8.64,0.58,86.2,272.3,25.2,-0.37,medium,medium,high,0,1,rule-derived from synthetic thresholds
3427,9,Indore,clay,Chickpea,268,14.1,329,0.27,9.2,0.23,105.1,311.4,28.4,0.19,low,medium,high,1,1,rule-derived from synthetic thresholds
3428,10,Jaipur,sandy,Green gram,411,18.8,174,0.51,5.64,1.19,124.6,385.8,26.1,0.99,medium,medium,medium,0,0,rule-derived from synthetic thresholds
3429,4,Ludhiana,sandy,Wheat,323,7.6,51,0.64,4.88,0.36,43.2,102.7,21.7,-0.85,medium,low,low,1,0,rule-derived from synthetic thresholds
3430,7,Pune,clay,Sugarcane,529,8.5,344,0.65,8.0,0.34,13.5,47.6,30.9,0.54,medium,low,high,1,1,rule-derived from synthetic thresholds
3431,2,Coimbatore,loam,Banana,449,11.4,196,0.49,6.7,0.84,90.3,269.8,25.6,-0.79,medium,medium,medium,0,0,rule-derived from synthetic thresholds
3432,12,Patna,loam,Wheat,270,40.6,180,0.42,7.44,0.25,24.1,69.9,28.4,-0.87,low,high,medium,1,1,rule-derived from synthetic thresholds
3433,3,Madurai,sandy,Chilli,214,14.6,151,0.26,7.15,0.88,54.2,116.2,30.3,1.28,low,medium,medium,1,0,rule-derived from synthetic thresholds
3434,13,Bengaluru Rural,sandy,Tomato,311,5.9,299,0.19,5.73,1.67,13.9,47.1,29.3,0.77,medium,low,high,1,1,rule-derived from synthetic thresholds
3435,10,Jaipur,sandy,Groundnut,404,19.3,186,0.82,6.44,0.34,10.2,33.2,30.7,0.62,medium,medium,medium,0,0,rule-derived from synthetic thresholds
3436,8,Guntur,clay,Rice,503,9.9,324,0.92,7.41,0.7,86.0,230.7,29.2,-0.49,medium,low,high,1,1,rule-derived from synthetic thresholds
3437,8,Guntur,clay,Chilli,415,47.8,262,0.53,8.81,0.37,28.2,65.7,30.8,0.38,medium,high,medium,0,1,rule-derived from synthetic thresholds
3438,3,Madurai,sandy,Potato,171,10.4,192,0.3,5.2,0.2,42.0,129.4,29.6,-0.39,low,medium,medium,1,0,rule-derived from synthetic thresholds
3439,10,Jaipur,sandy,Pearl millet,443,3.3,53,0.39,7.03,0.31,116.9,291.4,24.8,0.36,medium,low,low,1,0,rule-derived from synthetic thresholds
3440,6,Nagpur,clay,Sunflower,528,8.6,131,0.8,7.69,0.4,21.9,57.2,25.2,-0.05,medium,low,medium,1,0,rule-derived from synthetic thresholds
3441,12,Patna,loam,Wheat,424,8.3,89,0.83,7.85,0.68,182.5,527.1,24.3,-0.05,medium,low,low,1,0,rule-derived from synthetic thresholds
3442,13,Bengaluru Rural,sandy,Chilli,281,7.6,241,0.27,5.22,1.39,0.5,0.9,23.2,0.41,medium,low,medium,1,0,rule-derived from synthetic thresholds
3443,14,Dharwad,clay,Chilli,454,25.7,301,0.65,7.56,1.62,14.8,45.8,28.0,0.67,medium,high,high,0,1,rule-derived from synthetic thresholds
3444,14,Dharwad,clay,Sorghum,460,14.1,216,0.58,6.27,0.92,35.6,110.4,25.5,0.51,medium,medium,medium,0,0,rule-derived from synthetic thresholds
3445,12,Patna,loam,Onion,288,24.8,131,0.54,6.77,0.78,37.0,112.8,25.3,-0.08,medium,medium,medium,0,0,rule-derived from synthetic thresholds
3446,5,Karnal,loam,Sugarcane,467,17.2,178,0.59,6.84,0.66,31.5,110.4,23.0,0.43,medium,medium,medium,0,0,rule-derived from synthetic thresholds
3447,5,Karnal,loam,Sugarcane,398,48.5,125,0.44,7.81,0.65,37.8,94.7,23.8,1.22,medium,high,medium,0,1,rule-derived from synthetic thresholds
3448,15,Kolkata (24 Pgs),clay,Wheat,441,14.7,272,0.73,7.15,0.54,60.2,144.0,21.9,-1.67,medium,medium,medium,0,0,rule-derived from synthetic thresholds
3449,15,Kolkata (24 Pgs),clay,Rice,490,14.0,300,0.94,8.92,0.24,95.8,241.2,25.2,1.22,medium,medium,high,0,1,rule-derived from synthetic thresholds
3450,5,Karnal,loam,Mustard,396,11.4,268,0.5,7.26,0.74,46.6,139.0,28.6,0.72,medium,medium,medium,0,0,rule-derived from synthetic thresholds
3451,10,Jaipur,sandy,Mustard,106,75.6,31,0.1,6.36,0.66,64.1,222.3,28.9,0.64,low,high,low,1,1,rule-derived from synthetic thresholds
3452,14,Dharwad,clay,Sorghum,322,15.3,209,0.3,9.2,0.21,83.7,299.6,29.3,-1.7,medium,medium,medium,0,0,rule-derived from synthetic thresholds
3453,13,Bengaluru Rural,sandy,Maize,241,7.1,136,0.23,7.56,0.2,15.7,43.8,26.2,0.29,low,low,medium,1,0,rule-derived from synthetic thresholds
3454,15,Kolkata (24 Pgs),clay,Potato,284,39.3,185,0.57,7.71,0.47,660.0,1746.6,30.2,1.33,medium,high,medium,0,1,rule-derived from synthetic thresholds
3455,6,Nagpur,clay,Cotton,359,26.5,196,0.88,7.92,0.63,104.4,301.9,24.7,-1.05,medium,high,medium,0,1,rule-derived from synthetic thresholds
3456,8,Guntur,clay,Rice,509,13.8,260,0.64,6.83,0.69,42.8,89.0,28.2,1.15,medium,medium,medium,0,0,rule-derived from synthetic thresholds
3457,9,Indore,clay,Soybean,405,29.7,254,0.67,6.96,0.79,44.4,108.2,28.3,0.74,medium,high,medium,0,1,rule-derived from synthetic thresholds
3458,15,Kolkata (24 Pgs),clay,Rice,347,19.4,202,0.57,6.69,0.51,115.7,232.6,26.3,-1.19,medium,medium,medium,0,0,rule-derived from synthetic thresholds
3459,15,Kolkata (24 Pgs),clay,Rice,302,14.1,264,0.51,7.6,0.27,448.4,1304.7,25.5,0.86,medium,medium,medium,0,0,rule-derived from synthetic thresholds
3460,9,Indore,clay,Chickpea,398,5.4,252,0.52,5.4,0.75,29.0,59.7,23.4,-1.49,medium,low,medium,1,0,rule-derived from synthetic thresholds
3461,13,Bengaluru Rural,sandy,Maize,363,17.7,172,0.53,6.89,0.55,69.9,192.8,21.5,0.52,medium,medium,medium,0,0,rule-derived from synthetic thresholds
3462,6,Nagpur,clay,Cotton,473,16.4,175,0.69,7.38,0.9,47.8,131.9,24.7,1.94,medium,medium,medium,0,0,rule-derived from synthetic thresholds
3463,10,Jaipur,sandy,Pigeon pea,312,11.7,193,0.25,6.34,0.43,12.5,31.7,22.8,-1.41,medium,medium,medium,0,0,rule-derived from synthetic thresholds
3464,13,Bengaluru Rural,sandy,Maize,125,11.8,177,0.1,6.33,2.42,96.5,340.8,26.2,-0.95,low,medium,medium,1,0,rule-derived from synthetic thresholds
3465,14,Dharwad,clay,Sorghum,483,11.0,120,0.7,8.18,0.54,63.0,139.0,23.1,-1.03,medium,medium,medium,0,0,rule-derived from synthetic thresholds
3466,2,Coimbatore,loam,Tomato,309,7.5,316,0.4,7.59,0.3,31.1,79.7,24.0,1.48,medium,low,high,1,1,rule-derived from synthetic thresholds
3467,2,Coimbatore,loam,Banana,240,5.7,376,0.22,6.11,0.35,115.4,231.3,26.7,-0.99,low,low,high,1,1,rule-derived from synthetic thresholds
3468,4,Ludhiana,sandy,Wheat,110,27.1,175,0.14,8.07,0.55,19.2,68.6,21.2,-1.8,low,high,medium,1,1,rule-derived from synthetic thresholds
3469,2,Coimbatore,loam,Banana,429,6.3,190,0.52,6.57,1.87,36.9,76.0,22.0,1.58,medium,low,medium,1,0,rule-derived from synthetic thresholds
3470,4,Ludhiana,sandy,Wheat,516,33.4,132,0.95,6.84,0.45,157.8,517.6,30.3,-0.66,medium,high,medium,0,1,rule-derived from synthetic thresholds
3471,15,Kolkata (24 Pgs),clay,Rice,311,34.6,184,0.31,8.17,0.51,38.3,104.4,27.0,-0.6,medium,high,medium,0,1,rule-derived from synthetic thresholds
3472,10,Jaipur,sandy,Wheat,326,11.0,30,0.23,6.43,0.57,8.4,24.2,26.8,1.01,medium,medium,low,1,0,rule-derived from synthetic thresholds
3473,2,Coimbatore,loam,Maize,369,26.9,194,0.65,7.05,0.25,56.2,156.7,28.2,-0.18,medium,high,medium,0,1,rule-derived from synthetic thresholds
3474,11,Kanpur,loam,Wheat,286,17.6,165,0.47,7.13,0.43,184.8,621.2,25.8,-0.03,medium,medium,medium,0,0,rule-derived from synthetic thresholds
3475,15,Kolkata (24 Pgs),clay,Potato,319,6.7,162,0.67,7.88,0.66,67.0,236.9,27.6,0.56,medium,low,medium,1,0,rule-derived from synthetic thresholds
3476,13,Bengaluru Rural,sandy,Ragi,218,30.3,30,0.1,5.68,0.26,149.0,437.1,18.9,-0.89,low,high,low,1,1,rule-derived from synthetic thresholds
3477,13,Bengaluru Rural,sandy,Tomato,201,5.7,258,0.1,6.64,0.43,10.5,29.2,27.1,-0.33,low,low,medium,1,0,rule-derived from synthetic thresholds
3478,14,Dharwad,clay,Cotton,416,1.2,202,0.5,6.82,1.0,2.2,5.3,28.8,0.06,medium,low,medium,1,0,rule-derived from synthetic thresholds
3479,12,Patna,loam,Maize,141,3.0,343,0.1,6.63,0.8,37.8,116.4,24.8,-0.9,low,low,high,1,1,rule-derived from synthetic thresholds
3480,14,Dharwad,clay,Sorghum,478,8.9,193,1.01,8.72,0.32,60.1,183.9,24.4,-0.37,medium,low,medium,1,0,rule-derived from synthetic thresholds
3481,12,Patna,loam,Maize,316,7.9,228,0.36,6.95,0.6,26.5,78.3,25.9,-0.76,medium,low,medium,1,0,rule-derived from synthetic thresholds
3482,11,Kanpur,loam,Rice,351,2.3,150,0.51,7.21,1.52,266.9,812.0,28.6,0.44,medium,low,medium,1,0,rule-derived from synthetic thresholds
3483,3,Madurai,sandy,Cotton,277,14.9,30,0.44,8.37,0.42,70.6,145.5,31.9,0.0,low,medium,low,1,0,rule-derived from synthetic thresholds
3484,14,Dharwad,clay,Onion,336,13.5,236,0.72,8.23,0.93,34.6,105.4,23.1,1.18,medium,medium,medium,0,0,rule-derived from synthetic thresholds
3485,2,Coimbatore,loam,Cotton,314,3.1,382,0.51,7.6,1.02,41.5,85.8,25.3,-1.83,medium,low,high,1,1,rule-derived from synthetic thresholds
3486,5,Karnal,loam,Groundnut,250,23.9,38,0.35,7.26,0.71,113.1,305.4,28.8,-0.48,low,medium,low,1,0,rule-derived from synthetic thresholds
3487,11,Kanpur,loam,Green gram,389,9.1,284,0.66,7.64,1.78,44.9,150.7,24.4,-0.75,medium,low,high,1,1,rule-derived from synthetic thresholds
3488,11,Kanpur,loam,Pigeon pea,447,10.0,231,0.58,6.74,0.54,37.2,133.4,24.3,-0.22,medium,medium,medium,0,0,rule-derived from synthetic thresholds
3489,14,Dharwad,clay,Sorghum,404,18.4,308,0.74,8.84,0.35,16.7,41.1,22.8,0.43,medium,medium,high,0,1,rule-derived from synthetic thresholds
3490,2,Coimbatore,loam,Maize,379,22.0,162,0.57,6.02,1.15,52.9,117.7,27.8,0.64,medium,medium,medium,0,0,rule-derived from synthetic thresholds
3491,12,Patna,loam,Maize,243,27.8,131,0.54,6.79,0.45,75.9,156.9,23.6,-0.81,low,high,medium,1,1,rule-derived from synthetic thresholds
3492,2,Coimbatore,loam,Banana,455,21.8,179,0.68,8.0,0.77,26.4,94.7,20.8,0.27,medium,medium,medium,0,0,rule-derived from synthetic thresholds
3493,10,Jaipur,sandy,Wheat,358,7.9,95,0.48,7.34,0.63,23.1,70.0,27.3,-0.25,medium,low,low,1,0,rule-derived from synthetic thresholds
3494,4,Ludhiana,sandy,Maize,175,15.6,40,0.1,6.34,0.19,221.5,530.5,25.6,0.25,low,medium,low,1,0,rule-derived from synthetic thresholds
3495,9,Indore,clay,Wheat,512,39.4,413,0.67,9.2,0.36,112.9,256.8,23.4,-0.0,medium,high,high,0,1,rule-derived from synthetic thresholds
3496,2,Coimbatore,loam,Banana,392,8.4,291,0.78,7.42,2.11,77.5,158.7,31.5,-1.09,medium,low,high,1,1,rule-derived from synthetic thresholds
3497,1,Thanjavur,clay,Rice,478,15.4,422,0.7,5.92,0.09,272.2,785.1,22.8,-0.31,medium,medium,high,0,1,rule-derived from synthetic thresholds
3498,15,Kolkata (24 Pgs),clay,Mustard,387,22.7,225,0.62,7.12,0.61,60.9,170.3,29.0,-0.53,medium,medium,medium,0,0,rule-derived from synthetic thresholds
3499,8,Guntur,clay,Chilli,488,13.3,365,0.67,8.39,0.49,243.2,827.7,34.8,0.2,medium,medium,high,0,1,rule-derived from synthetic thresholds
3500,7,Pune,clay,Green gram,536,28.2,42,0.8,7.38,0.49,21.8,51.6,18.9,2.69,medium,high,low,1,1,rule-derived from synthetic thresholds
3501,6,Nagpur,clay,Pigeon pea,435,40.7,189,0.81,7.74,0.92,58.4,158.4,29.7,-0.48,medium,high,medium,0,1,rule-derived from synthetic thresholds
3502,14,Dharwad,clay,Chilli,501,24.2,236,0.7,9.2,0.32,6.2,15.9,26.3,-2.26,medium,medium,medium,0,0,rule-derived from synthetic thresholds
3503,12,Patna,loam,Wheat,198,13.3,77,0.1,7.4,0.52,27.2,76.9,29.8,1.38,low,medium,low,1,0,rule-derived from synthetic thresholds
3504,8,Guntur,clay,Tomato,413,11.6,297,0.8,8.0,0.92,26.1,85.6,29.1,-0.37,medium,medium,high,0,1,rule-derived from synthetic thresholds
3505,2,Coimbatore,loam,Cotton,292,8.3,247,0.33,8.42,1.36,30.4,106.6,26.4,1.6,medium,low,medium,1,0,rule-derived from synthetic thresholds
3506,11,Kanpur,loam,Potato,220,17.3,368,0.47,7.88,0.55,104.4,363.1,27.3,-1.49,low,medium,high,1,1,rule-derived from synthetic thresholds
3507,4,Ludhiana,sandy,Maize,399,13.2,158,0.62,7.52,1.12,139.9,491.6,25.6,-1.29,medium,medium,medium,0,0,rule-derived from synthetic thresholds
3508,5,Karnal,loam,Sugarcane,430,12.3,292,0.7,7.42,0.72,107.4,379.6,24.2,-2.02,medium,medium,high,0,1,rule-derived from synthetic thresholds
3509,10,Jaipur,sandy,Pearl millet,275,7.9,95,0.43,6.67,0.97,17.9,37.4,26.6,-1.3,low,low,low,1,0,rule-derived from synthetic thresholds
3510,15,Kolkata (24 Pgs),clay,Pigeon pea,318,11.0,266,0.84,8.0,0.73,94.8,303.3,29.3,0.29,medium,medium,medium,0,0,rule-derived from synthetic thresholds
3511,4,Ludhiana,sandy,Maize,249,36.5,60,0.39,5.6,4.81,39.8,94.9,21.9,0.8,low,high,low,1,1,rule-derived from synthetic thresholds
3512,1,Thanjavur,clay,Chilli,523,37.2,237,0.83,6.63,0.37,28.3,91.1,29.8,0.61,medium,high,medium,0,1,rule-derived from synthetic thresholds
3513,7,Pune,clay,Maize,462,38.6,265,0.65,9.2,0.35,68.3,221.7,28.9,0.51,medium,high,medium,0,1,rule-derived from synthetic thresholds
3514,11,Kanpur,loam,Rice,379,4.1,30,0.73,8.66,0.72,17.5,39.8,26.0,-1.79,medium,low,low,1,0,rule-derived from synthetic thresholds
3515,10,Jaipur,sandy,Wheat,363,82.9,222,0.25,4.5,2.08,13.8,47.5,22.6,-0.53,medium,high,medium,0,1,rule-derived from synthetic thresholds
3516,15,Kolkata (24 Pgs),clay,Rice,461,8.9,105,0.76,7.18,0.72,178.2,583.9,27.9,0.88,medium,low,low,1,0,rule-derived from synthetic thresholds
3517,4,Ludhiana,sandy,Wheat,233,35.8,80,0.32,5.73,0.27,26.3,73.3,24.1,0.95,low,high,low,1,1,rule-derived from synthetic thresholds
3518,12,Patna,loam,Maize,246,10.3,30,0.38,7.27,0.51,164.9,428.1,25.5,0.47,low,medium,low,1,0,rule-derived from synthetic thresholds
3519,12,Patna,loam,Maize,364,34.7,229,0.58,7.69,0.7,71.4,197.9,23.0,0.06,medium,high,medium,0,1,rule-derived from synthetic thresholds
3520,13,Bengaluru Rural,sandy,Ragi,313,10.7,190,0.54,6.12,0.73,50.2,150.4,23.8,1.8,medium,medium,medium,0,0,rule-derived from synthetic thresholds
3521,14,Dharwad,clay,Sorghum,279,3.2,325,0.61,9.2,0.59,32.8,80.0,22.7,0.43,low,low,high,1,1,rule-derived from synthetic thresholds
3522,5,Karnal,loam,Groundnut,205,25.9,172,0.34,7.82,0.34,111.7,305.6,23.9,1.29,low,high,medium,1,1,rule-derived from synthetic thresholds
3523,5,Karnal,loam,Wheat,365,11.7,349,0.4,7.2,0.53,32.7,103.1,21.8,-1.83,medium,medium,high,0,1,rule-derived from synthetic thresholds
3524,7,Pune,clay,Onion,422,82.4,147,0.8,8.22,0.81,41.3,107.2,27.8,-0.94,medium,high,medium,0,1,rule-derived from synthetic thresholds
3525,6,Nagpur,clay,Soybean,364,17.8,287,0.81,8.7,0.5,37.7,118.7,25.9,0.29,medium,medium,high,0,1,rule-derived from synthetic thresholds
3526,3,Madurai,sandy,Cotton,248,19.3,187,0.1,4.93,1.66,38.8,102.4,33.9,0.72,low,medium,medium,1,0,rule-derived from synthetic thresholds
3527,5,Karnal,loam,Rice,294,13.2,92,0.77,7.31,0.68,89.7,185.3,25.1,-0.64,medium,medium,low,1,0,rule-derived from synthetic thresholds
3528,6,Nagpur,clay,Pigeon pea,456,8.7,310,0.58,7.63,1.36,73.5,178.5,27.6,-0.11,medium,low,high,1,1,rule-derived from synthetic thresholds
3529,12,Patna,loam,Wheat,353,8.5,352,0.58,7.09,0.54,127.2,367.8,27.9,-0.17,medium,low,high,1,1,rule-derived from synthetic thresholds
3530,1,Thanjavur,clay,Rice,442,16.7,266,0.54,7.23,1.24,53.9,150.0,23.2,-0.03,medium,medium,medium,0,0,rule-derived from synthetic thresholds
3531,12,Patna,loam,Maize,273,5.6,272,0.68,7.52,0.5,172.8,427.2,22.0,1.46,low,low,medium,1,0,rule-derived from synthetic thresholds
3532,12,Patna,loam,Rice,375,15.3,105,0.82,8.61,4.04,15.7,44.4,26.4,0.52,medium,medium,low,1,0,rule-derived from synthetic thresholds
3533,2,Coimbatore,loam,Rice,301,22.5,30,0.51,7.28,0.7,41.5,91.9,32.9,-0.7,medium,medium,low,1,0,rule-derived from synthetic thresholds
3534,15,Kolkata (24 Pgs),clay,Maize,460,18.1,106,0.58,7.54,0.39,102.1,325.1,27.5,1.88,medium,medium,low,1,0,rule-derived from synthetic thresholds
3535,11,Kanpur,loam,Rice,358,21.6,99,0.51,6.59,0.32,203.2,550.6,28.4,-1.62,medium,medium,low,1,0,rule-derived from synthetic thresholds
3536,11,Kanpur,loam,Wheat,368,6.9,89,0.51,6.36,0.35,59.6,139.9,27.9,-0.31,medium,low,low,1,0,rule-derived from synthetic thresholds
3537,12,Patna,loam,Wheat,339,18.7,280,0.44,8.96,1.46,20.9,50.3,23.9,1.63,medium,medium,medium,0,0,rule-derived from synthetic thresholds
3538,13,Bengaluru Rural,sandy,Rice,268,3.4,56,0.38,6.09,0.19,84.4,214.2,18.9,-0.33,low,low,low,1,0,rule-derived from synthetic thresholds
3539,7,Pune,clay,Lentil,425,13.3,96,0.81,7.49,1.84,37.3,97.1,26.5,-0.77,medium,medium,low,1,0,rule-derived from synthetic thresholds
3540,8,Guntur,clay,Cotton,343,7.7,311,0.3,8.08,0.83,166.1,557.8,29.3,0.12,medium,low,high,1,1,rule-derived from synthetic thresholds
3541,10,Jaipur,sandy,Pearl millet,443,6.0,114,0.4,5.84,0.4,146.1,505.7,24.6,1.15,medium,low,medium,1,0,rule-derived from synthetic thresholds
3542,3,Madurai,sandy,Cotton,357,12.0,57,0.42,6.8,3.01,41.4,139.1,26.2,-1.18,medium,medium,low,1,0,rule-derived from synthetic thresholds
3543,1,Thanjavur,clay,Sorghum,325,6.2,231,0.47,7.57,1.17,40.9,103.4,24.5,1.13,medium,low,medium,1,0,rule-derived from synthetic thresholds
3544,11,Kanpur,loam,Wheat,512,48.4,61,0.9,6.85,0.15,21.1,74.7,33.4,-0.36,medium,high,low,1,1,rule-derived from synthetic thresholds
3545,4,Ludhiana,sandy,Turmeric,403,11.0,215,0.47,5.45,0.67,28.1,86.9,24.1,-0.51,medium,medium,medium,0,0,rule-derived from synthetic thresholds
3546,5,Karnal,loam,Sugarcane,347,17.0,33,0.85,7.96,0.46,61.7,178.0,27.6,-1.14,medium,medium,low,1,0,rule-derived from synthetic thresholds
3547,2,Coimbatore,loam,Banana,494,10.8,318,0.5,8.62,0.48,39.2,89.8,25.8,0.41,medium,medium,high,0,1,rule-derived from synthetic thresholds
3548,7,Pune,clay,Chickpea,327,15.7,365,0.49,7.67,0.81,99.5,320.9,25.2,-0.53,medium,medium,high,0,1,rule-derived from synthetic thresholds
3549,9,Indore,clay,Soybean,374,16.9,280,0.82,7.53,0.47,129.3,396.9,23.5,0.38,medium,medium,medium,0,0,rule-derived from synthetic thresholds
3550,14,Dharwad,clay,Cotton,428,12.3,194,0.52,7.32,0.26,20.6,50.6,26.0,-1.18,medium,medium,medium,0,0,rule-derived from synthetic thresholds
3551,8,Guntur,clay,Sugarcane,402,9.7,271,0.77,7.9,0.58,11.4,28.4,33.5,-2.18,medium,low,medium,1,0,rule-derived from synthetic thresholds
3552,6,Nagpur,clay,Cotton,472,16.5,251,0.64,8.03,0.59,24.1,68.5,26.1,-0.97,medium,medium,medium,0,0,rule-derived from synthetic thresholds
3553,12,Patna,loam,Wheat,400,15.3,248,0.52,8.15,0.27,73.6,167.1,26.0,-0.2,medium,medium,medium,0,0,rule-derived from synthetic thresholds
3554,5,Karnal,loam,Rice,333,3.2,128,0.59,8.09,0.1,47.7,122.4,17.0,-0.86,medium,low,medium,1,0,rule-derived from synthetic thresholds
3555,1,Thanjavur,clay,Green gram,345,14.3,211,0.4,7.89,0.64,88.7,316.9,22.7,-1.3,medium,medium,medium,0,0,rule-derived from synthetic thresholds
3556,1,Thanjavur,clay,Groundnut,378,17.5,155,0.39,8.59,1.38,43.6,92.8,30.6,-1.44,medium,medium,medium,0,0,rule-derived from synthetic thresholds
3557,13,Bengaluru Rural,sandy,Maize,433,4.7,187,0.39,6.54,0.64,153.2,330.7,26.4,0.76,medium,low,medium,1,0,rule-derived from synthetic thresholds
3558,11,Kanpur,loam,Rice,419,6.2,168,0.66,6.83,0.61,291.9,819.0,26.9,0.43,medium,low,medium,1,0,rule-derived from synthetic thresholds
3559,3,Madurai,sandy,Chilli,223,16.4,294,0.33,6.48,0.31,110.4,333.4,32.2,-2.1,low,medium,high,1,1,rule-derived from synthetic thresholds
3560,4,Ludhiana,sandy,Wheat,227,10.0,219,0.17,7.4,0.23,9.3,22.8,17.2,-0.64,low,medium,medium,1,0,rule-derived from synthetic thresholds
3561,13,Bengaluru Rural,sandy,Tomato,229,7.2,78,0.1,6.14,0.44,26.5,65.9,24.5,-1.09,low,low,low,1,0,rule-derived from synthetic thresholds
3562,10,Jaipur,sandy,Mustard,234,20.7,195,0.13,6.94,0.28,79.4,212.8,30.9,0.68,low,medium,medium,1,0,rule-derived from synthetic thresholds
3563,8,Guntur,clay,Sunflower,516,55.5,263,0.58,7.82,1.13,41.4,111.9,31.8,0.66,medium,high,medium,0,1,rule-derived from synthetic thresholds
3564,6,Nagpur,clay,Soybean,357,4.1,119,0.63,6.46,1.41,18.6,61.9,25.8,0.56,medium,low,medium,1,0,rule-derived from synthetic thresholds
3565,6,Nagpur,clay,Cotton,308,17.1,374,0.65,7.51,0.64,30.9,99.3,29.0,0.27,medium,medium,high,0,1,rule-derived from synthetic thresholds
3566,12,Patna,loam,Wheat,324,8.0,170,0.77,7.24,0.49,252.6,838.8,25.3,0.19,medium,low,medium,1,0,rule-derived from synthetic thresholds
3567,3,Madurai,sandy,Cotton,315,8.5,180,0.62,5.96,0.16,28.4,70.6,32.2,0.25,medium,low,medium,1,0,rule-derived from synthetic thresholds
3568,14,Dharwad,clay,Chilli,314,14.6,209,0.43,6.77,0.51,117.0,399.6,26.9,-0.93,medium,medium,medium,0,0,rule-derived from synthetic thresholds
3569,4,Ludhiana,sandy,Maize,208,22.2,30,0.33,6.07,0.36,177.1,527.1,24.4,0.45,low,medium,low,1,0,rule-derived from synthetic thresholds
3570,4,Ludhiana,sandy,Wheat,322,10.3,88,0.53,5.76,0.59,32.7,103.6,22.8,0.73,medium,medium,low,1,0,rule-derived from synthetic thresholds
3571,6,Nagpur,clay,Pigeon pea,472,13.5,255,0.84,7.6,0.63,195.3,674.1,27.9,0.02,medium,medium,medium,0,0,rule-derived from synthetic thresholds
3572,12,Patna,loam,Potato,391,8.6,309,0.69,6.93,1.36,35.4,110.6,25.5,-0.37,medium,low,high,1,1,rule-derived from synthetic thresholds
3573,1,Thanjavur,clay,Potato,227,7.1,234,0.36,7.02,0.92,38.9,100.8,28.4,-1.34,low,low,medium,1,0,rule-derived from synthetic thresholds
3574,3,Madurai,sandy,Cotton,178,30.4,96,0.23,6.99,0.43,134.2,277.9,24.8,0.89,low,high,low,1,1,rule-derived from synthetic thresholds
3575,6,Nagpur,clay,Tomato,481,10.3,304,0.64,9.2,0.63,70.8,156.4,32.0,0.43,medium,medium,high,0,1,rule-derived from synthetic thresholds
3576,3,Madurai,sandy,Rice,221,13.1,56,0.43,7.8,0.33,17.5,44.8,29.4,0.23,low,medium,low,1,0,rule-derived from synthetic thresholds
3577,6,Nagpur,clay,Mustard,386,25.7,350,0.62,6.99,0.22,321.4,757.1,24.1,-0.15,medium,high,high,0,1,rule-derived from synthetic thresholds
3578,7,Pune,clay,Sugarcane,444,7.5,221,0.72,6.95,0.7,69.8,158.2,27.0,0.34,medium,low,medium,1,0,rule-derived from synthetic thresholds
3579,10,Jaipur,sandy,Rice,261,30.0,74,0.24,6.35,1.39,136.4,446.3,24.5,1.7,low,high,low,1,1,rule-derived from synthetic thresholds
3580,5,Karnal,loam,Sugarcane,560,13.6,199,0.68,8.97,0.28,94.9,280.6,22.8,0.41,medium,medium,medium,0,0,rule-derived from synthetic thresholds
3581,9,Indore,clay,Soybean,499,3.3,275,0.79,8.24,0.57,201.4,485.7,26.3,-2.33,medium,low,medium,1,0,rule-derived from synthetic thresholds
3582,15,Kolkata (24 Pgs),clay,Soybean,579,15.3,306,0.89,7.91,0.75,18.6,65.8,23.5,-0.13,high,medium,high,0,1,rule-derived from synthetic thresholds
3583,7,Pune,clay,Tomato,269,20.3,326,0.35,9.2,0.45,62.7,203.9,27.4,0.48,low,medium,high,1,1,rule-derived from synthetic thresholds
3584,13,Bengaluru Rural,sandy,Tomato,313,21.1,139,0.51,5.11,0.54,75.4,154.1,23.7,0.95,medium,medium,medium,0,0,rule-derived from synthetic thresholds
3585,5,Karnal,loam,Rice,182,6.5,81,0.16,6.34,0.3,76.0,196.1,26.1,0.61,low,low,low,1,0,rule-derived from synthetic thresholds
3586,14,Dharwad,clay,Chilli,487,12.1,353,0.88,7.66,0.2,115.9,358.3,25.8,0.68,medium,medium,high,0,1,rule-derived from synthetic thresholds
3587,9,Indore,clay,Soybean,471,6.3,158,0.63,7.96,0.51,169.5,516.6,28.0,-0.21,medium,low,medium,1,0,rule-derived from synthetic thresholds
3588,3,Madurai,sandy,Cotton,375,10.8,245,0.52,7.33,1.01,39.7,113.5,27.8,0.22,medium,medium,medium,0,0,rule-derived from synthetic thresholds
3589,14,Dharwad,clay,Mustard,429,24.2,332,0.73,7.49,0.5,47.5,140.1,30.2,-1.35,medium,medium,high,0,1,rule-derived from synthetic thresholds
3590,11,Kanpur,loam,Potato,272,7.2,261,0.14,7.16,1.46,46.1,115.5,29.3,0.55,low,low,medium,1,0,rule-derived from synthetic thresholds
3591,6,Nagpur,clay,Soybean,299,37.6,334,0.41,6.82,0.77,93.0,313.0,23.2,0.15,medium,high,high,0,1,rule-derived from synthetic thresholds
3592,10,Jaipur,sandy,Wheat,382,11.9,152,0.35,6.65,0.5,15.5,36.0,28.4,2.28,medium,medium,medium,0,0,rule-derived from synthetic thresholds
3593,15,Kolkata (24 Pgs),clay,Potato,408,13.2,193,0.73,8.89,0.3,118.3,361.4,25.9,0.8,medium,medium,medium,0,0,rule-derived from synthetic thresholds
3594,2,Coimbatore,loam,Banana,361,19.9,408,0.46,8.37,1.91,55.6,140.9,25.3,0.81,medium,medium,high,0,1,rule-derived from synthetic thresholds
3595,1,Thanjavur,clay,Lentil,378,21.4,276,0.67,8.18,0.16,64.3,143.1,28.1,-0.87,medium,medium,medium,0,0,rule-derived from synthetic thresholds
3596,12,Patna,loam,Sunflower,178,9.1,139,0.5,6.94,0.38,78.6,205.1,28.0,-0.36,low,low,medium,1,0,rule-derived from synthetic thresholds
3597,5,Karnal,loam,Rice,507,7.2,224,0.67,8.83,0.71,94.0,278.8,24.0,-1.15,medium,low,medium,1,0,rule-derived from synthetic thresholds
3598,13,Bengaluru Rural,sandy,Cotton,211,37.2,175,0.56,7.8,1.93,31.2,94.4,27.5,1.89,low,high,medium,1,1,rule-derived from synthetic thresholds
3599,12,Patna,loam,Rice,378,22.1,30,0.56,7.22,0.25,111.2,239.8,24.2,0.28,medium,medium,low,1,0,rule-derived from synthetic thresholds
3600,14,Dharwad,clay,Chilli,488,44.6,380,0.74,7.98,1.3,97.8,246.1,23.9,0.53,medium,high,high,0,1,rule-derived from synthetic thresholds
3601,12,Patna,loam,Wheat,400,24.3,247,0.62,7.35,1.01,132.9,412.4,27.2,0.01,medium,medium,medium,0,0,rule-derived from synthetic thresholds
3602,15,Kolkata (24 Pgs),clay,Potato,272,4.1,153,0.32,7.35,1.13,12.9,27.9,28.1,-0.03,low,low,medium,1,0,rule-derived from synthetic thresholds
3603,10,Jaipur,sandy,Mustard,313,19.0,72,0.42,7.49,1.49,50.7,117.9,21.7,0.77,medium,medium,low,1,0,rule-derived from synthetic thresholds
3604,2,Coimbatore,loam,Mustard,173,7.3,228,0.24,6.86,0.27,31.7,71.1,30.4,-2.04,low,low,medium,1,0,rule-derived from synthetic thresholds
3605,4,Ludhiana,sandy,Chilli,292,8.8,30,0.38,7.45,0.35,65.2,173.7,25.0,0.0,medium,low,low,1,0,rule-derived from synthetic thresholds
3606,14,Dharwad,clay,Cotton,286,66.8,158,0.2,8.56,0.51,41.5,94.2,24.6,-1.57,medium,high,medium,0,1,rule-derived from synthetic thresholds
3607,5,Karnal,loam,Sugarcane,312,20.2,349,0.6,7.07,1.24,62.3,214.5,23.1,0.02,medium,medium,high,0,1,rule-derived from synthetic thresholds
3608,15,Kolkata (24 Pgs),clay,Tomato,410,16.1,387,0.66,7.01,0.96,156.3,546.6,29.5,-1.27,medium,medium,high,0,1,rule-derived from synthetic thresholds
3609,14,Dharwad,clay,Cotton,516,11.7,240,0.78,9.2,0.69,61.6,174.8,25.5,0.23,medium,medium,medium,0,0,rule-derived from synthetic thresholds
3610,11,Kanpur,loam,Potato,314,41.6,177,0.38,8.05,0.46,36.1,112.2,20.5,0.08,medium,high,medium,0,1,rule-derived from synthetic thresholds
3611,3,Madurai,sandy,Chilli,367,13.7,123,0.56,6.28,0.34,81.0,175.0,30.0,-0.45,medium,medium,medium,0,0,rule-derived from synthetic thresholds
3612,3,Madurai,sandy,Cotton,433,10.6,219,0.5,6.54,0.38,22.6,76.5,34.5,-0.21,medium,medium,medium,0,0,rule-derived from synthetic thresholds
3613,12,Patna,loam,Wheat,373,4.0,285,0.5,6.48,0.74,70.5,149.2,23.1,0.53,medium,low,high,1,1,rule-derived from synthetic thresholds
3614,7,Pune,clay,Potato,408,27.5,243,0.61,7.6,1.04,12.5,38.7,24.8,0.97,medium,high,medium,0,1,rule-derived from synthetic thresholds
3615,7,Pune,clay,Sugarcane,441,37.2,265,0.76,8.11,1.58,34.7,97.5,26.0,-0.77,medium,high,medium,0,1,rule-derived from synthetic thresholds
3616,2,Coimbatore,loam,Rice,519,4.2,262,0.96,7.29,0.96,59.4,205.1,27.0,0.41,medium,low,medium,1,0,rule-derived from synthetic thresholds
3617,7,Pune,clay,Maize,393,16.0,245,0.45,8.03,0.71,2.4,7.4,26.0,-0.05,medium,medium,medium,0,0,rule-derived from synthetic thresholds
3618,1,Thanjavur,clay,Green gram,288,13.1,224,0.61,7.97,0.44,80.1,223.2,28.7,-1.33,medium,medium,medium,0,0,rule-derived from synthetic thresholds
3619,3,Madurai,sandy,Pearl millet,60,25.2,30,0.29,7.18,0.38,248.5,723.3,27.3,-1.24,low,high,low,1,1,rule-derived from synthetic thresholds
3620,14,Dharwad,clay,Sorghum,421,24.0,308,0.75,7.58,0.71,52.7,117.0,25.0,-1.4,medium,medium,high,0,1,rule-derived from synthetic thresholds
3621,12,Patna,loam,Rice,416,12.8,153,0.62,6.61,0.18,117.4,371.3,22.4,0.58,medium,medium,medium,0,0,rule-derived from synthetic thresholds
3622,15,Kolkata (24 Pgs),clay,Mustard,252,9.7,266,0.53,6.52,0.36,106.1,268.0,26.3,-0.93,low,low,medium,1,0,rule-derived from synthetic thresholds
3623,14,Dharwad,clay,Wheat,351,15.7,203,0.56,8.47,0.72,55.5,191.6,26.1,-2.07,medium,medium,medium,0,0,rule-derived from synthetic thresholds
3624,14,Dharwad,clay,Cotton,342,13.4,264,0.59,9.02,0.46,65.1,164.0,21.0,-0.62,medium,medium,medium,0,0,rule-derived from synthetic thresholds
3625,7,Pune,clay,Sugarcane,434,17.6,318,0.66,9.2,0.24,25.8,76.9,28.7,2.23,medium,medium,high,0,1,rule-derived from synthetic thresholds
3626,4,Ludhiana,sandy,Rice,230,7.1,196,0.19,7.2,1.02,44.2,106.8,21.1,-0.7,low,low,medium,1,0,rule-derived from synthetic thresholds
3627,11,Kanpur,loam,Potato,227,23.0,129,0.4,7.32,1.33,130.7,422.9,22.7,2.46,low,medium,medium,1,0,rule-derived from synthetic thresholds
3628,10,Jaipur,sandy,Mustard,362,4.2,60,0.48,7.91,0.16,15.2,54.3,20.9,-0.73,medium,low,low,1,0,rule-derived from synthetic thresholds
3629,7,Pune,clay,Onion,432,8.9,233,0.67,6.96,0.79,20.8,56.3,23.2,2.41,medium,low,medium,1,0,rule-derived from synthetic thresholds
3630,8,Guntur,clay,Cotton,471,27.7,244,0.57,7.73,1.21,24.5,67.6,27.6,-0.32,medium,high,medium,0,1,rule-derived from synthetic thresholds
3631,4,Ludhiana,sandy,Wheat,385,10.8,170,0.27,7.92,0.48,21.4,60.2,22.8,0.77,medium,medium,medium,0,0,rule-derived from synthetic thresholds
3632,8,Guntur,clay,Cotton,350,30.9,246,0.61,7.3,0.33,177.6,630.8,26.9,-1.54,medium,high,medium,0,1,rule-derived from synthetic thresholds
3633,15,Kolkata (24 Pgs),clay,Mustard,426,9.7,235,0.72,8.76,0.34,215.8,704.5,22.7,0.22,medium,low,medium,1,0,rule-derived from synthetic thresholds
3634,7,Pune,clay,Onion,474,13.5,273,0.87,8.18,0.17,3.2,8.4,31.2,-0.99,medium,medium,medium,0,0,rule-derived from synthetic thresholds
3635,8,Guntur,clay,Chilli,522,4.6,30,0.52,8.51,1.09,72.6,182.1,25.4,-1.25,medium,low,low,1,0,rule-derived from synthetic thresholds
3636,15,Kolkata (24 Pgs),clay,Rice,410,29.3,233,0.51,8.03,0.56,49.5,101.5,28.2,-0.2,medium,high,medium,0,1,rule-derived from synthetic thresholds
3637,13,Bengaluru Rural,sandy,Soybean,142,5.1,202,0.13,6.38,0.63,63.8,205.3,22.6,-1.1,low,low,medium,1,0,rule-derived from synthetic thresholds
3638,12,Patna,loam,Maize,305,9.9,45,0.69,7.94,0.19,219.0,518.3,27.6,0.11,medium,low,low,1,0,rule-derived from synthetic thresholds
3639,1,Thanjavur,clay,Onion,444,7.0,200,1.0,8.58,0.15,43.9,147.3,29.3,-0.66,medium,low,medium,1,0,rule-derived from synthetic thresholds
3640,13,Bengaluru Rural,sandy,Chilli,288,19.4,285,0.37,6.92,0.58,36.4,86.0,25.3,-0.27,medium,medium,high,0,1,rule-derived from synthetic thresholds
3641,2,Coimbatore,loam,Sorghum,343,10.0,268,0.38,6.11,0.46,51.4,181.4,22.4,-0.49,medium,medium,medium,0,0,rule-derived from synthetic thresholds
3642,1,Thanjavur,clay,Groundnut,393,30.3,285,0.69,7.1,0.14,33.8,89.4,23.4,1.27,medium,high,high,0,1,rule-derived from synthetic thresholds
3643,6,Nagpur,clay,Soybean,371,32.6,251,0.45,7.49,0.35,86.5,254.6,32.0,-0.24,medium,high,medium,0,1,rule-derived from synthetic thresholds
3644,7,Pune,clay,Sugarcane,436,13.4,169,0.68,7.79,0.66,19.8,53.5,32.6,0.45,medium,medium,medium,0,0,rule-derived from synthetic thresholds
3645,2,Coimbatore,loam,Sorghum,295,12.0,123,0.53,5.98,2.58,74.0,228.9,25.6,-0.62,medium,medium,medium,0,0,rule-derived from synthetic thresholds
3646,9,Indore,clay,Soybean,431,14.1,279,0.48,7.51,0.27,129.5,430.3,27.6,0.39,medium,medium,medium,0,0,rule-derived from synthetic thresholds
3647,14,Dharwad,clay,Soybean,467,4.2,146,0.87,7.33,1.37,15.3,43.0,27.4,-0.33,medium,low,medium,1,0,rule-derived from synthetic thresholds
3648,10,Jaipur,sandy,Wheat,156,17.2,164,0.1,8.08,0.59,11.3,36.1,23.6,-0.13,low,medium,medium,1,0,rule-derived from synthetic thresholds
3649,15,Kolkata (24 Pgs),clay,Potato,305,20.9,185,0.33,7.78,2.54,104.8,364.5,22.1,-0.1,medium,medium,medium,0,0,rule-derived from synthetic thresholds
3650,14,Dharwad,clay,Maize,302,80.9,224,0.78,9.09,1.0,72.0,181.7,26.3,-0.2,medium,high,medium,0,1,rule-derived from synthetic thresholds
3651,13,Bengaluru Rural,sandy,Tomato,259,16.9,164,0.33,6.2,0.3,24.9,50.0,26.9,-0.97,low,medium,medium,1,0,rule-derived from synthetic thresholds
3652,3,Madurai,sandy,Cotton,276,9.0,81,0.3,7.33,0.57,25.4,75.2,27.6,0.34,low,low,low,1,0,rule-derived from synthetic thresholds
3653,10,Jaipur,sandy,Maize,249,15.1,69,0.35,6.38,0.47,51.0,139.1,19.7,0.04,low,medium,low,1,0,rule-derived from synthetic thresholds
3654,2,Coimbatore,loam,Banana,355,34.2,198,0.57,8.13,0.53,14.3,46.5,30.5,0.13,medium,high,medium,0,1,rule-derived from synthetic thresholds
3655,12,Patna,loam,Wheat,264,12.9,171,0.52,7.21,0.52,50.4,180.4,30.3,-0.64,low,medium,medium,1,0,rule-derived from synthetic thresholds
3656,14,Dharwad,clay,Ragi,390,60.2,355,0.53,7.55,0.94,4.2,9.2,23.8,0.93,medium,high,high,0,1,rule-derived from synthetic thresholds
3657,2,Coimbatore,loam,Cotton,441,13.1,310,0.68,7.87,2.81,50.4,158.3,28.2,-0.41,medium,medium,high,0,1,rule-derived from synthetic thresholds
3658,8,Guntur,clay,Cotton,461,13.8,276,0.45,7.0,0.61,118.2,351.6,32.1,1.28,medium,medium,medium,0,0,rule-derived from synthetic thresholds
3659,2,Coimbatore,loam,Sorghum,235,52.2,285,0.36,8.29,0.36,139.4,337.0,27.8,-1.12,low,high,high,1,1,rule-derived from synthetic thresholds
3660,9,Indore,clay,Chickpea,412,20.3,275,0.6,7.35,0.34,178.1,400.2,25.7,-0.88,medium,medium,medium,0,0,rule-derived from synthetic thresholds
3661,7,Pune,clay,Rice,516,28.1,151,0.76,6.56,0.32,77.3,228.8,22.0,1.57,medium,high,medium,0,1,rule-derived from synthetic thresholds
3662,14,Dharwad,clay,Cotton,378,11.2,244,0.41,6.72,0.46,58.4,210.0,23.8,-1.92,medium,medium,medium,0,0,rule-derived from synthetic thresholds
3663,5,Karnal,loam,Sugarcane,314,9.8,221,0.63,6.19,1.51,43.0,98.0,23.4,-1.31,medium,low,medium,1,0,rule-derived from synthetic thresholds
3664,12,Patna,loam,Rice,303,10.3,196,0.54,8.72,0.74,26.2,54.2,26.9,0.37,medium,medium,medium,0,0,rule-derived from synthetic thresholds
3665,10,Jaipur,sandy,Mustard,286,19.0,30,0.48,6.51,0.94,35.5,76.6,24.1,-0.08,medium,medium,low,1,0,rule-derived from synthetic thresholds
3666,11,Kanpur,loam,Rice,213,6.6,30,0.4,7.25,1.64,90.6,198.4,29.0,-1.32,low,low,low,1,0,rule-derived from synthetic thresholds
3667,15,Kolkata (24 Pgs),clay,Rice,391,12.0,99,0.45,7.04,1.0,10.8,26.4,26.0,-0.38,medium,medium,low,1,0,rule-derived from synthetic thresholds
3668,3,Madurai,sandy,Rice,435,3.5,155,0.66,5.11,0.36,10.0,34.9,29.6,-1.43,medium,low,medium,1,0,rule-derived from synthetic thresholds
3669,1,Thanjavur,clay,Green gram,332,68.4,316,0.48,7.55,0.73,158.9,538.5,23.7,-0.37,medium,high,high,0,1,rule-derived from synthetic thresholds
3670,10,Jaipur,sandy,Wheat,265,5.7,125,0.71,7.11,0.37,32.5,71.9,25.4,1.6,low,low,medium,1,0,rule-derived from synthetic thresholds
3671,2,Coimbatore,loam,Sorghum,318,11.5,61,0.54,6.32,0.36,211.4,457.2,28.5,0.18,medium,medium,low,1,0,rule-derived from synthetic thresholds
3672,7,Pune,clay,Sugarcane,508,18.0,338,0.82,8.52,1.16,27.6,55.3,23.8,-0.93,medium,medium,high,0,1,rule-derived from synthetic thresholds
3673,8,Guntur,clay,Green gram,435,15.2,340,0.46,7.5,0.91,103.7,273.7,30.3,-1.2,medium,medium,high,0,1,rule-derived from synthetic thresholds
3674,10,Jaipur,sandy,Lentil,433,25.4,129,0.69,6.09,1.17,21.0,44.4,25.9,1.04,medium,high,medium,0,1,rule-derived from synthetic thresholds
3675,1,Thanjavur,clay,Groundnut,280,5.2,265,0.33,7.8,0.58,105.7,322.7,31.4,-2.42,medium,low,medium,1,0,rule-derived from synthetic thresholds
3676,9,Indore,clay,Onion,436,7.7,295,0.73,8.39,0.35,8.4,23.7,22.3,-0.52,medium,low,high,1,1,rule-derived from synthetic thresholds
3677,12,Patna,loam,Rice,285,39.5,255,0.48,6.16,0.99,59.3,199.1,24.3,-0.88,medium,high,medium,0,1,rule-derived from synthetic thresholds
3678,1,Thanjavur,clay,Groundnut,255,3.4,250,0.24,5.87,0.28,198.7,555.0,23.0,0.98,low,low,medium,1,0,rule-derived from synthetic thresholds
3679,6,Nagpur,clay,Pigeon pea,215,13.4,313,0.57,8.09,0.67,82.5,261.2,28.8,0.27,low,medium,high,1,1,rule-derived from synthetic thresholds
3680,6,Nagpur,clay,Pigeon pea,290,53.4,188,0.48,7.81,0.64,141.0,312.3,28.5,-0.3,medium,high,medium,0,1,rule-derived from synthetic thresholds
3681,6,Nagpur,clay,Pigeon pea,586,1.5,126,0.9,9.2,0.41,43.9,152.9,25.4,-0.5,high,low,medium,1,1,rule-derived from synthetic thresholds
3682,7,Pune,clay,Chickpea,459,15.5,267,0.82,7.38,0.37,110.0,281.2,26.1,1.58,medium,medium,medium,0,0,rule-derived from synthetic thresholds
3683,3,Madurai,sandy,Chilli,518,3.8,167,0.73,7.17,0.51,90.0,265.5,31.0,-1.61,medium,low,medium,1,0,rule-derived from synthetic thresholds
3684,8,Guntur,clay,Rice,572,38.5,249,1.0,7.97,0.44,48.0,161.2,30.0,-1.22,high,high,medium,0,1,rule-derived from synthetic thresholds
3685,2,Coimbatore,loam,Turmeric,293,73.8,30,0.71,5.83,0.18,5.4,14.6,23.8,-0.31,medium,high,low,1,1,rule-derived from synthetic thresholds
3686,2,Coimbatore,loam,Groundnut,461,18.9,175,0.81,8.12,1.72,13.7,34.1,25.3,-0.01,medium,medium,medium,0,0,rule-derived from synthetic thresholds
3687,9,Indore,clay,Wheat,409,39.9,213,0.6,7.76,0.54,15.6,43.3,27.4,-0.44,medium,high,medium,0,1,rule-derived from synthetic thresholds
3688,14,Dharwad,clay,Cotton,398,8.0,237,0.33,8.52,0.21,11.4,40.6,27.2,0.23,medium,low,medium,1,0,rule-derived from synthetic thresholds
3689,11,Kanpur,loam,Rice,423,9.6,94,0.88,7.14,1.27,33.3,116.0,23.8,-0.26,medium,low,low,1,0,rule-derived from synthetic thresholds
3690,6,Nagpur,clay,Pigeon pea,482,22.8,308,0.49,8.29,0.92,50.7,168.1,30.9,-1.7,medium,medium,high,0,1,rule-derived from synthetic thresholds
3691,6,Nagpur,clay,Pigeon pea,435,17.4,284,0.83,9.2,0.34,17.4,53.4,25.1,0.74,medium,medium,high,0,1,rule-derived from synthetic thresholds
3692,8,Guntur,clay,Chilli,466,4.2,195,0.68,9.2,0.7,30.4,73.9,29.7,-0.09,medium,low,medium,1,0,rule-derived from synthetic thresholds
3693,1,Thanjavur,clay,Green gram,254,12.5,354,0.59,9.09,0.09,80.9,189.7,30.2,0.93,low,medium,high,1,1,rule-derived from synthetic thresholds
3694,10,Jaipur,sandy,Pearl millet,374,48.3,214,0.39,6.18,0.82,30.6,81.3,25.5,1.0,medium,high,medium,0,1,rule-derived from synthetic thresholds
3695,3,Madurai,sandy,Chilli,355,7.3,281,0.44,7.14,0.6,58.7,158.6,30.7,2.48,medium,low,high,1,1,rule-derived from synthetic thresholds
3696,11,Kanpur,loam,Potato,368,20.3,311,0.39,7.8,0.66,4.1,12.6,22.0,0.12,medium,medium,high,0,1,rule-derived from synthetic thresholds
3697,6,Nagpur,clay,Soybean,393,11.9,186,0.82,7.98,0.76,37.0,127.1,29.8,-0.96,medium,medium,medium,0,0,rule-derived from synthetic thresholds
3698,6,Nagpur,clay,Soybean,545,7.1,251,0.89,8.13,1.12,95.5,268.3,22.3,-0.5,medium,low,medium,1,0,rule-derived from synthetic thresholds
3699,7,Pune,clay,Sugarcane,390,8.3,191,0.65,8.56,0.48,304.9,1083.7,27.6,1.08,medium,low,medium,1,0,rule-derived from synthetic thresholds
3700,2,Coimbatore,loam,Maize,388,43.3,302,0.77,7.3,0.33,93.8,194.7,22.6,0.27,medium,high,high,0,1,rule-derived from synthetic thresholds
3701,4,Ludhiana,sandy,Rice,362,8.9,132,0.62,7.25,0.52,44.2,99.7,16.9,0.31,medium,low,medium,1,0,rule-derived from synthetic thresholds
3702,4,Ludhiana,sandy,Wheat,542,7.5,158,0.57,6.84,0.2,19.8,55.3,25.7,-0.88,medium,low,medium,1,0,rule-derived from synthetic thresholds
3703,13,Bengaluru Rural,sandy,Maize,153,19.3,112,0.1,6.27,1.08,92.6,217.1,24.7,0.16,low,medium,medium,1,0,rule-derived from synthetic thresholds
3704,3,Madurai,sandy,Chilli,295,28.4,109,0.5,7.0,0.95,111.2,323.5,29.4,2.16,medium,high,low,1,1,rule-derived from synthetic thresholds
3705,2,Coimbatore,loam,Mustard,343,9.1,300,0.7,7.72,0.63,12.6,35.4,28.4,1.13,medium,low,high,1,1,rule-derived from synthetic thresholds
3706,4,Ludhiana,sandy,Maize,428,24.1,102,0.63,6.16,0.82,28.0,91.8,24.7,-1.62,medium,medium,low,1,0,rule-derived from synthetic thresholds
3707,7,Pune,clay,Maize,338,11.5,219,0.63,7.64,0.19,37.6,76.8,26.1,0.06,medium,medium,medium,0,0,rule-derived from synthetic thresholds
3708,10,Jaipur,sandy,Wheat,185,14.2,241,0.1,8.16,0.76,44.1,92.8,29.5,-0.44,low,medium,medium,1,0,rule-derived from synthetic thresholds
3709,7,Pune,clay,Sugarcane,185,17.6,358,0.23,7.94,0.96,85.9,262.9,25.1,1.74,low,medium,high,1,1,rule-derived from synthetic thresholds
3710,9,Indore,clay,Sugarcane,331,10.2,336,0.37,7.22,1.44,200.3,531.7,27.5,2.14,medium,medium,high,0,1,rule-derived from synthetic thresholds
3711,8,Guntur,clay,Rice,327,44.4,347,0.23,7.93,0.35,122.6,284.0,31.2,-0.12,medium,high,high,0,1,rule-derived from synthetic thresholds
3712,3,Madurai,sandy,Pigeon pea,148,13.8,155,0.39,6.15,0.77,75.3,238.1,28.0,1.97,low,medium,medium,1,0,rule-derived from synthetic thresholds
3713,1,Thanjavur,clay,Rice,413,25.9,185,0.82,7.79,1.15,143.0,385.1,32.3,-0.17,medium,high,medium,0,1,rule-derived from synthetic thresholds
3714,11,Kanpur,loam,Potato,504,1.9,33,0.68,6.17,0.93,92.1,217.9,25.1,1.09,medium,low,low,1,0,rule-derived from synthetic thresholds
3715,15,Kolkata (24 Pgs),clay,Rice,446,28.9,396,0.74,7.59,1.66,101.5,270.1,21.3,-0.19,medium,high,high,0,1,rule-derived from synthetic thresholds
3716,1,Thanjavur,clay,Green gram,351,11.8,204,0.32,7.13,0.64,39.1,104.1,26.7,0.39,medium,medium,medium,0,0,rule-derived from synthetic thresholds
3717,14,Dharwad,clay,Sorghum,431,25.8,246,0.53,6.63,0.32,37.6,129.2,27.0,0.7,medium,high,medium,0,1,rule-derived from synthetic thresholds
3718,14,Dharwad,clay,Cotton,459,23.7,112,0.84,7.44,0.77,33.2,68.8,24.7,-0.04,medium,medium,medium,0,0,rule-derived from synthetic thresholds
3719,12,Patna,loam,Rice,548,18.9,178,0.81,8.29,1.96,60.6,153.0,24.6,-0.36,medium,medium,medium,0,0,rule-derived from synthetic thresholds
3720,9,Indore,clay,Soybean,339,8.2,360,0.4,7.9,1.17,9.5,24.5,27.3,2.02,medium,low,high,1,1,rule-derived from synthetic thresholds
3721,6,Nagpur,clay,Ragi,404,29.3,264,0.42,6.64,0.41,117.0,289.5,29.4,0.82,medium,high,medium,0,1,rule-derived from synthetic thresholds
3722,9,Indore,clay,Turmeric,293,10.7,307,0.26,6.53,0.15,39.1,98.3,25.0,1.13,medium,medium,high,0,1,rule-derived from synthetic thresholds
3723,1,Thanjavur,clay,Cotton,444,20.6,317,0.6,9.2,0.62,5.8,20.1,26.6,-0.46,medium,medium,high,0,1,rule-derived from synthetic thresholds
3724,5,Karnal,loam,Sugarcane,309,22.1,207,0.45,7.15,0.6,157.3,436.0,25.9,0.75,medium,medium,medium,0,0,rule-derived from synthetic thresholds
3725,6,Nagpur,clay,Soybean,486,10.7,348,0.83,9.2,0.21,125.9,253.0,24.0,0.93,medium,medium,high,0,1,rule-derived from synthetic thresholds
3726,8,Guntur,clay,Chilli,403,8.6,207,0.69,9.09,0.3,14.4,51.1,23.2,-0.72,medium,low,medium,1,0,rule-derived from synthetic thresholds
3727,5,Karnal,loam,Wheat,405,14.0,86,0.65,7.17,1.17,9.1,30.1,26.2,0.93,medium,medium,low,1,0,rule-derived from synthetic thresholds
3728,7,Pune,clay,Sugarcane,409,24.4,81,0.77,7.67,1.14,43.7,140.1,26.9,0.71,medium,medium,low,1,0,rule-derived from synthetic thresholds
3729,11,Kanpur,loam,Wheat,395,26.2,157,0.57,7.22,0.63,1.6,5.5,22.1,-0.74,medium,high,medium,0,1,rule-derived from synthetic thresholds
3730,15,Kolkata (24 Pgs),clay,Rice,450,7.3,338,0.47,7.03,1.07,234.6,610.2,24.7,-0.89,medium,low,high,1,1,rule-derived from synthetic thresholds
3731,13,Bengaluru Rural,sandy,Maize,301,27.1,80,0.26,5.89,0.6,84.7,226.6,20.1,0.46,medium,high,low,1,1,rule-derived from synthetic thresholds
3732,2,Coimbatore,loam,Maize,353,24.6,283,0.49,7.37,0.61,27.1,63.8,30.4,-1.76,medium,medium,high,0,1,rule-derived from synthetic thresholds
3733,9,Indore,clay,Soybean,421,6.0,219,0.72,7.12,1.56,85.6,173.0,25.4,-1.28,medium,low,medium,1,0,rule-derived from synthetic thresholds
3734,7,Pune,clay,Groundnut,345,37.0,414,0.59,8.59,1.73,40.4,130.3,22.3,-1.06,medium,high,high,0,1,rule-derived from synthetic thresholds
3735,8,Guntur,clay,Rice,557,24.0,326,0.86,7.55,0.2,59.0,127.4,29.7,0.53,medium,medium,high,0,1,rule-derived from synthetic thresholds
3736,12,Patna,loam,Rice,203,6.2,154,0.23,6.63,0.13,217.8,627.3,28.5,-0.07,low,low,medium,1,0,rule-derived from synthetic thresholds
3737,5,Karnal,loam,Rice,438,10.2,196,0.66,5.5,0.49,128.3,446.1,28.6,1.24,medium,medium,medium,0,0,rule-derived from synthetic thresholds
3738,9,Indore,clay,Wheat,303,6.4,223,0.72,6.95,1.21,15.7,33.4,27.7,-1.94,medium,low,medium,1,0,rule-derived from synthetic thresholds
3739,14,Dharwad,clay,Banana,140,9.5,289,0.34,8.94,0.16,8.2,21.6,28.8,0.38,low,low,high,1,1,rule-derived from synthetic thresholds
3740,9,Indore,clay,Soybean,395,12.9,152,0.77,8.39,1.37,59.9,165.4,25.4,-1.56,medium,medium,medium,0,0,rule-derived from synthetic thresholds
3741,9,Indore,clay,Chickpea,537,5.4,396,1.02,8.04,0.4,103.1,343.9,28.4,0.92,medium,low,high,1,1,rule-derived from synthetic thresholds
3742,14,Dharwad,clay,Chilli,346,14.8,271,0.31,7.4,0.45,22.9,77.3,27.9,0.47,medium,medium,medium,0,0,rule-derived from synthetic thresholds
3743,1,Thanjavur,clay,Banana,575,14.0,338,0.69,7.08,0.55,68.4,239.5,28.6,-0.93,high,medium,high,0,1,rule-derived from synthetic thresholds
3744,6,Nagpur,clay,Soybean,251,14.4,188,0.69,7.59,0.25,215.5,513.0,25.9,-2.13,low,medium,medium,1,0,rule-derived from synthetic thresholds
3745,8,Guntur,clay,Rice,495,7.2,408,0.54,6.39,0.53,160.3,404.9,28.1,2.54,medium,low,high,1,1,rule-derived from synthetic thresholds
3746,1,Thanjavur,clay,Rice,309,7.5,170,0.56,8.61,0.35,158.0,438.9,30.8,-1.27,medium,low,medium,1,0,rule-derived from synthetic thresholds
3747,8,Guntur,clay,Cotton,234,8.8,222,0.21,6.66,2.56,3.3,9.2,28.3,1.63,low,low,medium,1,0,rule-derived from synthetic thresholds
3748,14,Dharwad,clay,Cotton,461,7.5,323,0.85,8.42,1.73,71.2,254.3,19.8,-0.44,medium,low,high,1,1,rule-derived from synthetic thresholds
3749,12,Patna,loam,Maize,351,36.5,329,0.65,6.39,0.56,338.9,1190.1,22.9,-1.08,medium,high,high,0,1,rule-derived from synthetic thresholds
3750,1,Thanjavur,clay,Rice,285,23.1,232,0.56,8.15,0.24,73.3,192.1,27.8,0.63,medium,medium,medium,0,0,rule-derived from synthetic thresholds
3751,14,Dharwad,clay,Onion,277,36.1,322,0.37,8.05,0.45,14.6,51.6,26.3,-0.79,low,high,high,1,1,rule-derived from synthetic thresholds
3752,12,Patna,loam,Rice,423,18.9,157,0.66,8.69,1.55,86.2,287.8,26.4,-0.97,medium,medium,medium,0,0,rule-derived from synthetic thresholds
3753,14,Dharwad,clay,Potato,599,22.2,322,0.96,6.0,0.76,18.7,65.0,26.8,-0.72,high,medium,high,0,1,rule-derived from synthetic thresholds
3754,3,Madurai,sandy,Cotton,469,28.2,149,0.43,5.42,0.26,82.2,215.7,30.8,2.18,medium,high,medium,0,1,rule-derived from synthetic thresholds
3755,14,Dharwad,clay,Cotton,310,13.7,226,0.68,6.8,0.25,35.2,103.4,28.2,0.42,medium,medium,medium,0,0,rule-derived from synthetic thresholds
3756,1,Thanjavur,clay,Groundnut,390,7.1,309,0.47,9.2,1.23,21.4,74.9,29.5,1.09,medium,low,high,1,1,rule-derived from synthetic thresholds
3757,1,Thanjavur,clay,Rice,521,3.0,175,0.95,7.32,0.31,175.0,613.4,27.0,-0.15,medium,low,medium,1,0,rule-derived from synthetic thresholds
3758,6,Nagpur,clay,Pigeon pea,631,13.5,194,1.19,8.83,0.27,40.1,127.9,28.9,1.11,high,medium,medium,0,1,rule-derived from synthetic thresholds
3759,13,Bengaluru Rural,sandy,Mustard,436,10.7,70,0.66,6.66,0.54,45.4,93.2,23.6,-1.66,medium,medium,low,1,0,rule-derived from synthetic thresholds
3760,13,Bengaluru Rural,sandy,Maize,221,17.8,30,0.18,6.4,0.78,45.8,99.6,22.7,-0.66,low,medium,low,1,0,rule-derived from synthetic thresholds
3761,10,Jaipur,sandy,Wheat,473,19.4,170,0.73,7.65,0.07,10.9,34.9,25.2,-1.75,medium,medium,medium,0,0,rule-derived from synthetic thresholds
3762,1,Thanjavur,clay,Green gram,260,19.9,230,0.4,8.03,0.34,49.1,138.0,26.2,2.17,low,medium,medium,1,0,rule-derived from synthetic thresholds
3763,14,Dharwad,clay,Chilli,464,11.6,204,0.82,7.79,0.75,30.5,70.6,26.2,-0.73,medium,medium,medium,0,0,rule-derived from synthetic thresholds
3764,4,Ludhiana,sandy,Rice,265,7.6,30,0.35,6.79,0.37,67.1,152.9,23.4,0.3,low,low,low,1,0,rule-derived from synthetic thresholds
3765,12,Patna,loam,Wheat,316,12.4,370,0.23,7.2,0.93,172.4,440.2,23.9,-0.35,medium,medium,high,0,1,rule-derived from synthetic thresholds
3766,5,Karnal,loam,Sugarcane,260,9.9,241,0.49,7.08,0.93,152.3,479.9,27.0,1.23,low,low,medium,1,0,rule-derived from synthetic thresholds
3767,9,Indore,clay,Chickpea,334,31.8,298,0.34,6.11,2.49,91.6,216.4,28.5,-0.44,medium,high,high,0,1,rule-derived from synthetic thresholds
3768,2,Coimbatore,loam,Maize,441,12.8,143,0.58,8.64,0.83,87.7,293.5,32.4,0.62,medium,medium,medium,0,0,rule-derived from synthetic thresholds
3769,15,Kolkata (24 Pgs),clay,Rice,441,16.2,221,0.88,7.55,0.51,37.7,97.3,30.3,0.21,medium,medium,medium,0,0,rule-derived from synthetic thresholds
3770,2,Coimbatore,loam,Banana,475,17.6,261,0.68,6.38,0.48,17.2,55.7,24.5,-0.96,medium,medium,medium,0,0,rule-derived from synthetic thresholds
3771,15,Kolkata (24 Pgs),clay,Mustard,170,26.3,285,0.54,8.13,0.94,94.4,275.0,24.3,0.83,low,high,high,1,1,rule-derived from synthetic thresholds
3772,14,Dharwad,clay,Sorghum,231,3.6,280,0.44,6.97,0.75,60.1,215.1,25.9,0.12,low,low,medium,1,0,rule-derived from synthetic thresholds
3773,3,Madurai,sandy,Wheat,485,10.8,228,0.51,6.1,1.15,103.8,207.6,28.8,0.09,medium,medium,medium,0,0,rule-derived from synthetic thresholds
3774,11,Kanpur,loam,Turmeric,394,11.1,130,0.54,6.6,1.2,121.0,415.9,27.6,0.55,medium,medium,medium,0,0,rule-derived from synthetic thresholds
3775,6,Nagpur,clay,Cotton,363,12.8,171,0.74,7.97,0.28,46.1,160.8,30.8,-1.96,medium,medium,medium,0,0,rule-derived from synthetic thresholds
3776,5,Karnal,loam,Groundnut,449,18.2,150,0.98,7.82,1.9,8.6,22.3,27.0,0.5,medium,medium,medium,0,0,rule-derived from synthetic thresholds
3777,5,Karnal,loam,Sugarcane,390,9.3,218,0.61,8.12,1.28,26.7,89.2,26.1,-0.27,medium,low,medium,1,0,rule-derived from synthetic thresholds
3778,4,Ludhiana,sandy,Maize,265,39.9,67,0.23,5.5,0.65,41.2,124.9,26.7,0.37,low,high,low,1,1,rule-derived from synthetic thresholds
3779,15,Kolkata (24 Pgs),clay,Rice,499,20.6,314,0.8,7.48,0.24,163.7,393.4,27.4,0.73,medium,medium,high,0,1,rule-derived from synthetic thresholds
3780,1,Thanjavur,clay,Rice,226,20.7,371,0.24,7.26,0.33,224.3,652.7,34.4,0.93,low,medium,high,1,1,rule-derived from synthetic thresholds
3781,6,Nagpur,clay,Soybean,463,6.8,335,0.66,7.71,0.52,72.6,152.9,23.8,0.52,medium,low,high,1,1,rule-derived from synthetic thresholds
3782,6,Nagpur,clay,Groundnut,477,11.2,239,0.8,6.69,0.39,47.7,152.7,32.0,-0.59,medium,medium,medium,0,0,rule-derived from synthetic thresholds
3783,7,Pune,clay,Groundnut,398,13.8,95,0.52,6.78,0.99,213.5,701.6,20.3,1.05,medium,medium,low,1,0,rule-derived from synthetic thresholds
3784,5,Karnal,loam,Maize,495,47.5,142,0.71,7.04,0.32,68.4,151.2,18.5,0.07,medium,high,medium,0,1,rule-derived from synthetic thresholds
3785,10,Jaipur,sandy,Wheat,257,15.0,146,0.58,6.56,1.42,39.9,130.3,20.8,1.51,low,medium,medium,1,0,rule-derived from synthetic thresholds
3786,14,Dharwad,clay,Cotton,202,14.6,274,0.51,8.8,0.46,98.9,201.3,23.9,1.2,low,medium,medium,1,0,rule-derived from synthetic thresholds
3787,11,Kanpur,loam,Potato,463,23.2,178,0.61,6.82,1.57,33.2,99.6,25.5,1.15,medium,medium,medium,0,0,rule-derived from synthetic thresholds
3788,4,Ludhiana,sandy,Rice,329,21.0,58,0.47,6.74,0.19,49.4,125.1,22.8,0.52,medium,medium,low,1,0,rule-derived from synthetic thresholds
3789,15,Kolkata (24 Pgs),clay,Rice,430,21.6,239,0.93,8.55,0.28,81.0,276.7,23.6,0.79,medium,medium,medium,0,0,rule-derived from synthetic thresholds
3790,7,Pune,clay,Sugarcane,421,12.1,340,0.74,6.6,0.12,68.9,225.9,30.0,1.25,medium,medium,high,0,1,rule-derived from synthetic thresholds
3791,5,Karnal,loam,Rice,420,7.9,306,0.62,6.47,0.59,50.9,114.9,22.0,0.33,medium,low,high,1,1,rule-derived from synthetic thresholds
3792,11,Kanpur,loam,Potato,443,15.8,287,0.8,7.37,1.05,98.6,308.0,27.4,0.52,medium,medium,high,0,1,rule-derived from synthetic thresholds
3793,15,Kolkata (24 Pgs),clay,Potato,488,3.3,198,0.67,7.79,0.26,97.8,282.3,29.2,0.05,medium,low,medium,1,0,rule-derived from synthetic thresholds
3794,5,Karnal,loam,Maize,213,20.8,208,0.42,7.37,0.85,20.9,72.6,19.4,0.2,low,medium,medium,1,0,rule-derived from synthetic thresholds
3795,4,Ludhiana,sandy,Rice,295,5.3,54,0.17,7.14,0.53,70.0,207.4,23.5,2.07,medium,low,low,1,0,rule-derived from synthetic thresholds
3796,12,Patna,loam,Wheat,345,6.5,214,0.49,8.93,0.45,67.1,215.7,25.1,0.56,medium,low,medium,1,0,rule-derived from synthetic thresholds
3797,8,Guntur,clay,Potato,254,12.1,344,0.23,7.12,1.24,147.2,324.4,29.3,-0.58,low,medium,high,1,1,rule-derived from synthetic thresholds
3798,11,Kanpur,loam,Wheat,440,14.7,177,1.04,7.56,0.19,292.8,915.1,31.9,-0.74,medium,medium,medium,0,0,rule-derived from synthetic thresholds
3799,7,Pune,clay,Pigeon pea,435,27.6,221,0.7,9.2,1.33,80.0,282.3,24.1,0.84,medium,high,medium,0,1,rule-derived from synthetic thresholds
3800,1,Thanjavur,clay,Groundnut,383,7.1,399,0.56,8.43,0.57,113.5,272.6,30.6,-1.19,medium,low,high,1,1,rule-derived from synthetic thresholds
3801,6,Nagpur,clay,Cotton,368,6.0,150,0.35,7.49,0.87,105.1,318.2,21.6,0.84,medium,low,medium,1,0,rule-derived from synthetic thresholds
3802,13,Bengaluru Rural,sandy,Sunflower,322,20.4,30,0.6,7.68,0.82,14.4,43.3,19.7,-0.33,medium,medium,low,1,0,rule-derived from synthetic thresholds
3803,15,Kolkata (24 Pgs),clay,Rice,303,13.3,307,0.56,7.88,0.63,130.6,406.8,27.1,0.32,medium,medium,high,0,1,rule-derived from synthetic thresholds
3804,6,Nagpur,clay,Pigeon pea,359,5.4,154,0.33,6.96,0.44,31.5,111.8,30.0,-1.74,medium,low,medium,1,0,rule-derived from synthetic thresholds
3805,11,Kanpur,loam,Rice,289,21.1,290,0.52,7.53,0.35,50.7,170.8,21.3,0.22,medium,medium,high,0,1,rule-derived from synthetic thresholds
3806,2,Coimbatore,loam,Banana,447,8.7,369,0.58,7.11,1.02,65.3,173.2,33.5,-1.09,medium,low,high,1,1,rule-derived from synthetic thresholds
3807,4,Ludhiana,sandy,Wheat,345,10.4,216,0.45,6.24,1.11,12.9,28.6,29.6,0.43,medium,medium,medium,0,0,rule-derived from synthetic thresholds
3808,11,Kanpur,loam,Wheat,340,11.8,158,0.57,7.31,0.2,14.1,28.7,24.3,0.52,medium,medium,medium,0,0,rule-derived from synthetic thresholds
3809,1,Thanjavur,clay,Groundnut,417,8.9,225,0.6,8.13,0.6,236.9,556.5,28.6,-0.41,medium,low,medium,1,0,rule-derived from synthetic thresholds
3810,12,Patna,loam,Rice,362,31.7,229,0.48,6.97,0.26,49.2,112.6,28.8,-1.01,medium,high,medium,0,1,rule-derived from synthetic thresholds
3811,15,Kolkata (24 Pgs),clay,Rice,472,42.9,352,0.84,8.34,0.76,53.4,124.3,31.0,-0.7,medium,high,high,0,1,rule-derived from synthetic thresholds
3812,2,Coimbatore,loam,Pigeon pea,133,54.0,30,0.39,4.92,0.71,64.7,192.3,27.7,-0.87,low,high,low,1,1,rule-derived from synthetic thresholds
3813,9,Indore,clay,Wheat,436,16.4,244,0.57,8.7,0.51,123.1,348.4,25.1,-0.57,medium,medium,medium,0,0,rule-derived from synthetic thresholds
3814,6,Nagpur,clay,Cotton,351,16.2,324,0.42,7.52,1.43,37.1,105.3,30.3,-1.29,medium,medium,high,0,1,rule-derived from synthetic thresholds
3815,10,Jaipur,sandy,Tomato,362,10.0,170,0.53,6.79,0.21,31.4,65.5,28.7,0.17,medium,medium,medium,0,0,rule-derived from synthetic thresholds
3816,14,Dharwad,clay,Sorghum,368,13.8,392,0.58,6.26,3.5,35.4,115.1,28.2,0.14,medium,medium,high,0,1,rule-derived from synthetic thresholds
3817,2,Coimbatore,loam,Maize,240,16.5,174,0.2,5.84,0.62,37.5,110.2,25.1,-0.68,low,medium,medium,1,0,rule-derived from synthetic thresholds
3818,11,Kanpur,loam,Green gram,315,20.6,271,0.64,7.11,1.29,56.1,153.0,20.2,2.34,medium,medium,medium,0,0,rule-derived from synthetic thresholds
3819,3,Madurai,sandy,Cotton,286,15.3,119,0.12,6.1,0.32,17.9,38.7,30.0,-0.82,medium,medium,medium,0,0,rule-derived from synthetic thresholds
3820,9,Indore,clay,Mustard,360,9.5,301,0.17,7.76,0.9,39.5,92.0,28.4,-0.04,medium,low,high,1,1,rule-derived from synthetic thresholds
3821,7,Pune,clay,Sugarcane,440,20.8,198,0.62,7.56,1.22,118.4,244.1,28.1,0.37,medium,medium,medium,0,0,rule-derived from synthetic thresholds
3822,8,Guntur,clay,Turmeric,385,26.8,324,0.63,7.72,0.51,49.8,152.1,28.8,-0.8,medium,high,high,0,1,rule-derived from synthetic thresholds
3823,12,Patna,loam,Maize,370,5.0,111,0.64,7.46,0.83,14.2,42.4,24.8,-1.57,medium,low,medium,1,0,rule-derived from synthetic thresholds
3824,10,Jaipur,sandy,Pearl millet,257,6.8,123,0.49,5.95,0.69,43.5,124.1,24.5,0.53,low,low,medium,1,0,rule-derived from synthetic thresholds
3825,6,Nagpur,clay,Sugarcane,381,25.6,423,0.52,7.46,0.33,48.0,145.9,27.1,-1.28,medium,high,high,0,1,rule-derived from synthetic thresholds
3826,10,Jaipur,sandy,Wheat,260,9.2,200,0.38,7.12,0.46,74.9,224.3,24.9,1.11,low,low,medium,1,0,rule-derived from synthetic thresholds
3827,9,Indore,clay,Soybean,394,6.9,179,0.61,8.13,1.18,106.2,308.9,28.3,-0.53,medium,low,medium,1,0,rule-derived from synthetic thresholds
3828,2,Coimbatore,loam,Cotton,423,33.9,105,0.46,6.24,0.32,12.3,31.6,25.8,1.42,medium,high,low,1,1,rule-derived from synthetic thresholds
3829,10,Jaipur,sandy,Wheat,406,19.9,108,0.42,7.35,0.23,57.4,161.6,30.5,1.08,medium,medium,low,1,0,rule-derived from synthetic thresholds
3830,6,Nagpur,clay,Wheat,519,19.2,249,0.74,8.43,0.5,20.3,62.9,34.0,-0.65,medium,medium,medium,0,0,rule-derived from synthetic thresholds
3831,3,Madurai,sandy,Cotton,372,40.2,47,0.71,5.83,1.08,85.0,269.1,34.2,1.27,medium,high,low,1,1,rule-derived from synthetic thresholds
3832,8,Guntur,clay,Pigeon pea,424,7.3,331,0.54,8.08,0.25,21.0,49.2,25.3,-0.67,medium,low,high,1,1,rule-derived from synthetic thresholds
3833,8,Guntur,clay,Cotton,521,13.6,201,0.8,6.84,0.89,17.5,35.6,29.0,-3.39,medium,medium,medium,0,0,rule-derived from synthetic thresholds
3834,11,Kanpur,loam,Potato,488,11.8,30,0.51,7.01,0.6,35.4,71.5,34.8,0.52,medium,medium,low,1,0,rule-derived from synthetic thresholds
3835,7,Pune,clay,Onion,277,9.4,111,0.44,8.63,0.33,25.5,55.5,23.9,-0.51,low,low,medium,1,0,rule-derived from synthetic thresholds
3836,12,Patna,loam,Wheat,211,41.3,144,0.49,6.39,0.52,96.2,332.9,23.4,-0.07,low,high,medium,1,1,rule-derived from synthetic thresholds
3837,5,Karnal,loam,Mustard,391,4.3,250,0.71,6.14,0.55,94.6,213.6,18.1,-1.21,medium,low,medium,1,0,rule-derived from synthetic thresholds
3838,10,Jaipur,sandy,Mustard,304,15.4,30,0.33,7.11,0.3,116.7,352.5,24.2,-1.08,medium,medium,low,1,0,rule-derived from synthetic thresholds
3839,15,Kolkata (24 Pgs),clay,Sunflower,508,49.1,326,0.8,8.36,0.14,79.5,268.1,29.9,0.23,medium,high,high,0,1,rule-derived from synthetic thresholds
3840,9,Indore,clay,Pearl millet,453,12.2,363,0.74,6.62,0.7,86.8,295.4,22.4,0.94,medium,medium,high,0,1,rule-derived from synthetic thresholds
3841,11,Kanpur,loam,Onion,429,10.7,295,0.65,7.0,0.29,25.7,91.3,22.4,-0.32,medium,medium,high,0,1,rule-derived from synthetic thresholds
3842,6,Nagpur,clay,Pigeon pea,271,6.7,247,0.48,7.37,0.18,57.6,116.8,31.6,0.23,low,low,medium,1,0,rule-derived from synthetic thresholds
3843,11,Kanpur,loam,Wheat,343,6.8,270,0.61,6.84,0.32,281.2,684.3,25.5,0.65,medium,low,medium,1,0,rule-derived from synthetic thresholds
3844,13,Bengaluru Rural,sandy,Ragi,319,77.6,82,0.24,6.07,3.34,53.3,132.1,25.2,0.96,medium,high,low,1,1,rule-derived from synthetic thresholds
3845,14,Dharwad,clay,Green gram,315,5.6,317,0.85,7.87,0.38,18.5,53.5,22.3,-0.08,medium,low,high,1,1,rule-derived from synthetic thresholds
3846,14,Dharwad,clay,Maize,371,12.8,323,0.86,9.2,0.52,9.4,31.1,29.9,-0.09,medium,medium,high,0,1,rule-derived from synthetic thresholds
3847,5,Karnal,loam,Wheat,254,11.2,281,0.47,7.08,0.46,0.8,2.4,27.4,1.49,low,medium,high,1,1,rule-derived from synthetic thresholds
3848,13,Bengaluru Rural,sandy,Sunflower,351,7.9,98,0.17,5.99,0.07,56.1,161.9,22.6,0.53,medium,low,low,1,0,rule-derived from synthetic thresholds
3849,6,Nagpur,clay,Cotton,437,41.5,205,0.29,7.52,0.58,62.4,180.9,34.0,-1.71,medium,high,medium,0,1,rule-derived from synthetic thresholds
3850,14,Dharwad,clay,Chilli,434,18.6,258,0.81,7.48,0.55,110.5,224.1,23.5,-0.39,medium,medium,medium,0,0,rule-derived from synthetic thresholds
3851,1,Thanjavur,clay,Groundnut,248,7.3,77,0.43,7.02,0.42,24.6,55.6,27.6,0.15,low,low,low,1,0,rule-derived from synthetic thresholds
3852,14,Dharwad,clay,Cotton,333,15.3,170,0.58,5.97,0.35,56.2,143.2,25.1,0.85,medium,medium,medium,0,0,rule-derived from synthetic thresholds
3853,4,Ludhiana,sandy,Wheat,337,4.9,179,0.32,6.11,1.23,40.9,85.4,26.3,-1.01,medium,low,medium,1,0,rule-derived from synthetic thresholds
3854,4,Ludhiana,sandy,Wheat,143,12.6,224,0.15,6.46,0.33,38.4,85.3,20.9,1.08,low,medium,medium,1,0,rule-derived from synthetic thresholds
3855,9,Indore,clay,Wheat,641,3.9,245,0.76,5.87,0.52,62.2,143.3,24.3,0.66,high,low,medium,1,1,rule-derived from synthetic thresholds
3856,8,Guntur,clay,Cotton,332,18.9,554,0.45,8.82,0.97,58.1,145.2,31.9,0.5,medium,medium,high,0,1,rule-derived from synthetic thresholds
3857,3,Madurai,sandy,Chilli,479,31.8,140,0.69,7.03,1.0,26.0,83.6,26.2,-0.73,medium,high,medium,0,1,rule-derived from synthetic thresholds
3858,9,Indore,clay,Soybean,485,34.8,245,0.94,7.5,0.78,40.4,92.7,26.6,-0.23,medium,high,medium,0,1,rule-derived from synthetic thresholds
3859,13,Bengaluru Rural,sandy,Ragi,393,21.4,30,0.54,5.8,0.39,123.1,335.6,24.8,1.77,medium,medium,low,1,0,rule-derived from synthetic thresholds
3860,8,Guntur,clay,Cotton,324,32.1,351,0.32,7.54,0.5,43.0,148.1,29.6,-0.54,medium,high,high,0,1,rule-derived from synthetic thresholds
3861,9,Indore,clay,Soybean,256,4.7,185,0.5,8.14,0.71,69.2,158.3,25.4,-0.14,low,low,medium,1,0,rule-derived from synthetic thresholds
3862,13,Bengaluru Rural,sandy,Maize,344,6.0,30,0.33,6.71,0.34,50.3,102.2,24.4,-0.04,medium,low,low,1,0,rule-derived from synthetic thresholds
3863,3,Madurai,sandy,Rice,382,4.2,199,0.29,7.0,0.49,107.9,334.1,31.1,-0.2,medium,low,medium,1,0,rule-derived from synthetic thresholds
3864,5,Karnal,loam,Wheat,468,46.2,173,0.8,8.01,0.54,17.9,39.9,24.9,-1.74,medium,high,medium,0,1,rule-derived from synthetic thresholds
3865,14,Dharwad,clay,Chilli,540,13.2,314,0.73,8.41,0.49,29.3,83.9,20.8,-1.51,medium,medium,high,0,1,rule-derived from synthetic thresholds
3866,3,Madurai,sandy,Cotton,387,20.0,30,0.82,6.83,0.96,45.9,113.7,29.6,0.79,medium,medium,low,1,0,rule-derived from synthetic thresholds
3867,4,Ludhiana,sandy,Maize,154,7.6,82,0.2,6.22,0.54,160.1,492.2,22.3,-0.53,low,low,low,1,0,rule-derived from synthetic thresholds
3868,5,Karnal,loam,Rice,388,16.9,206,0.63,6.71,0.19,43.5,103.7,25.5,-0.62,medium,medium,medium,0,0,rule-derived from synthetic thresholds
3869,13,Bengaluru Rural,sandy,Ragi,525,14.3,189,0.68,7.01,0.66,16.4,37.5,21.2,-0.85,medium,medium,medium,0,0,rule-derived from synthetic thresholds
3870,3,Madurai,sandy,Cotton,410,7.5,31,0.67,6.46,0.52,50.4,175.4,32.9,-1.17,medium,low,low,1,0,rule-derived from synthetic thresholds
3871,6,Nagpur,clay,Sunflower,628,22.0,174,0.98,7.03,0.43,196.1,474.5,31.1,-0.61,high,medium,medium,0,1,rule-derived from synthetic thresholds
3872,7,Pune,clay,Maize,342,11.7,288,0.61,8.03,1.59,63.2,215.4,20.4,0.47,medium,medium,high,0,1,rule-derived from synthetic thresholds
3873,2,Coimbatore,loam,Soybean,415,4.9,235,0.48,9.2,0.81,17.5,59.8,24.5,-0.17,medium,low,medium,1,0,rule-derived from synthetic thresholds
3874,2,Coimbatore,loam,Sorghum,492,22.5,171,0.68,7.48,0.79,18.4,50.5,21.4,-2.24,medium,medium,medium,0,0,rule-derived from synthetic thresholds
3875,6,Nagpur,clay,Soybean,320,6.2,95,0.64,6.68,0.43,265.1,688.2,26.1,0.45,medium,low,low,1,0,rule-derived from synthetic thresholds
3876,2,Coimbatore,loam,Maize,476,36.8,237,0.77,6.84,0.57,104.8,235.5,29.4,0.21,medium,high,medium,0,1,rule-derived from synthetic thresholds
3877,15,Kolkata (24 Pgs),clay,Mustard,211,6.9,197,0.52,8.06,0.32,276.4,662.3,26.7,-1.54,low,low,medium,1,0,rule-derived from synthetic thresholds
3878,7,Pune,clay,Lentil,404,25.6,275,0.76,8.77,0.7,99.9,228.7,25.2,-1.21,medium,high,medium,0,1,rule-derived from synthetic thresholds
3879,1,Thanjavur,clay,Green gram,518,8.8,275,0.76,7.98,0.38,175.9,456.2,23.7,-0.25,medium,low,medium,1,0,rule-derived from synthetic thresholds
3880,10,Jaipur,sandy,Pearl millet,235,15.6,186,0.31,6.97,0.39,7.8,22.6,24.0,-0.55,low,medium,medium,1,0,rule-derived from synthetic thresholds
3881,12,Patna,loam,Maize,368,29.2,116,0.67,6.56,0.54,46.7,114.8,29.6,0.07,medium,high,medium,0,1,rule-derived from synthetic thresholds
3882,10,Jaipur,sandy,Pearl millet,221,5.3,202,0.47,6.17,0.34,58.7,143.7,29.3,-0.35,low,low,medium,1,0,rule-derived from synthetic thresholds
3883,9,Indore,clay,Cotton,351,15.1,252,0.5,7.17,1.64,7.7,19.6,19.5,-0.71,medium,medium,medium,0,0,rule-derived from synthetic thresholds
3884,2,Coimbatore,loam,Sorghum,394,6.0,132,0.58,6.11,0.16,72.1,219.9,29.4,0.15,medium,low,medium,1,0,rule-derived from synthetic thresholds
3885,11,Kanpur,loam,Potato,505,5.0,112,0.92,6.44,0.52,37.6,95.1,23.3,0.58,medium,low,medium,1,0,rule-derived from synthetic thresholds
3886,15,Kolkata (24 Pgs),clay,Rice,283,4.0,137,0.77,8.87,0.35,142.9,499.9,25.0,0.95,medium,low,medium,1,0,rule-derived from synthetic thresholds
3887,6,Nagpur,clay,Soybean,397,2.1,281,0.56,6.79,1.65,53.2,190.7,26.9,0.02,medium,low,high,1,1,rule-derived from synthetic thresholds
3888,2,Coimbatore,loam,Sorghum,243,11.4,126,0.66,7.51,0.81,7.3,21.6,18.7,3.02,low,medium,medium,1,0,rule-derived from synthetic thresholds
3889,4,Ludhiana,sandy,Rice,350,12.3,92,0.51,6.05,0.97,54.1,150.8,27.2,-0.76,medium,medium,low,1,0,rule-derived from synthetic thresholds
3890,10,Jaipur,sandy,Pearl millet,421,27.0,30,0.47,7.05,0.57,14.1,49.6,32.0,0.57,medium,high,low,1,1,rule-derived from synthetic thresholds
3891,10,Jaipur,sandy,Ragi,459,12.1,36,0.72,5.79,0.24,113.2,382.8,24.5,-0.61,medium,medium,low,1,0,rule-derived from synthetic thresholds
3892,14,Dharwad,clay,Cotton,272,10.7,147,0.63,6.38,0.38,7.3,16.3,27.0,-0.22,low,medium,medium,1,0,rule-derived from synthetic thresholds
3893,7,Pune,clay,Sugarcane,430,32.9,235,0.37,7.01,1.08,23.1,81.1,29.4,1.86,medium,high,medium,0,1,rule-derived from synthetic thresholds
3894,14,Dharwad,clay,Cotton,386,8.9,206,0.62,7.45,2.23,27.0,74.1,25.9,-0.28,medium,low,medium,1,0,rule-derived from synthetic thresholds
3895,5,Karnal,loam,Wheat,350,13.4,246,0.55,6.68,0.78,10.9,34.3,25.8,-0.63,medium,medium,medium,0,0,rule-derived from synthetic thresholds
3896,8,Guntur,clay,Cotton,436,19.5,413,0.56,7.72,0.82,101.8,365.7,29.2,0.03,medium,medium,high,0,1,rule-derived from synthetic thresholds
3897,10,Jaipur,sandy,Maize,404,22.8,207,0.81,6.53,0.38,23.2,48.2,25.6,-1.55,medium,medium,medium,0,0,rule-derived from synthetic thresholds
3898,5,Karnal,loam,Chickpea,445,5.1,271,0.22,6.59,0.11,116.9,297.3,30.4,-1.07,medium,low,medium,1,0,rule-derived from synthetic thresholds
3899,6,Nagpur,clay,Green gram,335,19.8,268,0.85,7.27,0.42,119.1,272.4,26.7,0.62,medium,medium,medium,0,0,rule-derived from synthetic thresholds
3900,13,Bengaluru Rural,sandy,Tomato,363,19.5,109,0.69,6.6,2.43,39.7,106.9,25.8,-0.51,medium,medium,low,1,0,rule-derived from synthetic thresholds
3901,9,Indore,clay,Wheat,342,11.3,119,0.49,7.39,0.89,84.9,241.3,27.0,1.4,medium,medium,medium,0,0,rule-derived from synthetic thresholds
3902,10,Jaipur,sandy,Pearl millet,348,12.6,180,0.35,7.18,0.28,32.5,90.5,21.7,1.15,medium,medium,medium,0,0,rule-derived from synthetic thresholds
3903,10,Jaipur,sandy,Pearl millet,273,12.9,267,0.61,6.68,1.13,97.1,274.7,29.3,-0.18,low,medium,medium,1,0,rule-derived from synthetic thresholds
3904,12,Patna,loam,Rice,266,22.9,206,0.49,8.21,2.34,74.2,191.9,21.9,0.34,low,medium,medium,1,0,rule-derived from synthetic thresholds
3905,15,Kolkata (24 Pgs),clay,Sugarcane,409,49.4,196,0.78,7.9,0.13,102.7,242.6,23.7,-0.55,medium,high,medium,0,1,rule-derived from synthetic thresholds
3906,6,Nagpur,clay,Pigeon pea,372,3.0,417,0.72,5.82,1.32,97.2,209.8,30.3,1.1,medium,low,high,1,1,rule-derived from synthetic thresholds
3907,6,Nagpur,clay,Cotton,283,8.7,209,0.6,7.85,0.73,100.0,345.1,33.2,-0.63,medium,low,medium,1,0,rule-derived from synthetic thresholds
3908,14,Dharwad,clay,Sorghum,506,8.2,237,0.7,7.51,0.29,47.2,161.4,23.5,1.87,medium,low,medium,1,0,rule-derived from synthetic thresholds
3909,8,Guntur,clay,Maize,452,63.0,229,0.57,7.63,0.44,105.8,324.1,28.2,1.19,medium,high,medium,0,1,rule-derived from synthetic thresholds
3910,14,Dharwad,clay,Cotton,416,8.9,119,0.72,8.29,0.49,18.3,43.4,24.3,-1.82,medium,low,medium,1,0,rule-derived from synthetic thresholds
3911,14,Dharwad,clay,Sorghum,252,8.5,246,0.71,7.64,1.5,56.1,127.3,29.9,0.0,low,low,medium,1,0,rule-derived from synthetic thresholds
3912,12,Patna,loam,Wheat,290,30.5,198,0.57,8.34,1.07,52.7,137.3,21.9,-1.08,medium,high,medium,0,1,rule-derived from synthetic thresholds
3913,11,Kanpur,loam,Potato,367,9.7,100,0.53,6.53,0.7,31.2,108.3,28.3,-1.31,medium,low,low,1,0,rule-derived from synthetic thresholds
3914,15,Kolkata (24 Pgs),clay,Mustard,360,66.4,332,0.35,7.68,0.67,29.6,65.3,26.3,-0.43,medium,high,high,0,1,rule-derived from synthetic thresholds
3915,5,Karnal,loam,Sugarcane,344,13.6,201,0.41,7.97,0.56,24.8,76.0,25.9,-0.26,medium,medium,medium,0,0,rule-derived from synthetic thresholds
3916,7,Pune,clay,Onion,448,7.8,349,0.65,7.49,0.44,76.3,254.8,30.1,0.17,medium,low,high,1,1,rule-derived from synthetic thresholds
3917,9,Indore,clay,Soybean,342,6.9,225,0.71,9.13,0.71,106.0,246.7,25.9,1.45,medium,low,medium,1,0,rule-derived from synthetic thresholds
3918,3,Madurai,sandy,Rice,369,22.8,164,0.6,6.34,0.22,27.4,66.3,29.7,1.11,medium,medium,medium,0,0,rule-derived from synthetic thresholds
3919,8,Guntur,clay,Chilli,377,12.7,224,0.62,7.61,0.86,30.4,72.6,32.4,0.15,medium,medium,medium,0,0,rule-derived from synthetic thresholds
3920,10,Jaipur,sandy,Pearl millet,420,9.1,101,0.66,6.67,0.48,23.2,61.8,19.8,0.84,medium,low,low,1,0,rule-derived from synthetic thresholds
3921,8,Guntur,clay,Ragi,262,19.2,360,0.27,9.2,0.61,45.4,99.1,31.2,0.68,low,medium,high,1,1,rule-derived from synthetic thresholds
3922,10,Jaipur,sandy,Pearl millet,72,13.3,127,0.12,6.4,1.13,7.3,15.9,23.9,-1.0,low,medium,medium,1,0,rule-derived from synthetic thresholds
3923,2,Coimbatore,loam,Potato,392,23.2,30,0.67,7.04,0.98,58.8,131.7,24.9,0.73,medium,medium,low,1,0,rule-derived from synthetic thresholds
3924,8,Guntur,clay,Cotton,385,7.0,298,0.7,7.24,1.65,46.7,160.8,29.4,-0.03,medium,low,high,1,1,rule-derived from synthetic thresholds
3925,14,Dharwad,clay,Sorghum,299,3.8,125,0.51,7.04,0.47,152.1,523.1,31.7,-1.19,medium,low,medium,1,0,rule-derived from synthetic thresholds
3926,4,Ludhiana,sandy,Mustard,266,11.3,30,0.46,6.33,1.69,219.7,702.3,20.6,1.43,low,medium,low,1,0,rule-derived from synthetic thresholds
3927,7,Pune,clay,Groundnut,576,39.8,300,0.82,8.75,0.86,48.4,161.5,24.0,-0.23,high,high,high,0,1,rule-derived from synthetic thresholds
3928,10,Jaipur,sandy,Mustard,499,24.6,137,0.53,6.24,0.38,12.7,45.7,26.4,-0.37,medium,medium,medium,0,0,rule-derived from synthetic thresholds
3929,10,Jaipur,sandy,Chilli,204,19.0,60,0.19,5.66,0.42,39.6,135.5,23.4,0.3,low,medium,low,1,0,rule-derived from synthetic thresholds
3930,3,Madurai,sandy,Sugarcane,268,3.9,154,0.38,7.46,0.72,23.0,51.9,29.3,0.85,low,low,medium,1,0,rule-derived from synthetic thresholds
3931,2,Coimbatore,loam,Onion,581,34.4,261,0.8,7.29,0.62,47.9,128.3,25.8,-0.82,high,high,medium,0,1,rule-derived from synthetic thresholds
3932,12,Patna,loam,Rice,423,31.6,246,0.48,6.02,0.91,58.0,207.7,21.2,0.96,medium,high,medium,0,1,rule-derived from synthetic thresholds
3933,8,Guntur,clay,Cotton,391,25.4,309,0.68,8.24,0.35,16.4,50.8,30.1,-0.83,medium,high,high,0,1,rule-derived from synthetic thresholds
3934,14,Dharwad,clay,Sorghum,515,13.0,314,0.72,6.55,0.41,1.1,3.9,25.3,-2.04,medium,medium,high,0,1,rule-derived from synthetic thresholds
3935,15,Kolkata (24 Pgs),clay,Green gram,358,11.4,320,0.61,8.61,0.9,82.1,295.1,31.0,-0.39,medium,medium,high,0,1,rule-derived from synthetic thresholds
3936,3,Madurai,sandy,Maize,383,11.0,193,0.58,6.09,1.66,25.3,67.1,23.2,1.89,medium,medium,medium,0,0,rule-derived from synthetic thresholds
3937,6,Nagpur,clay,Mustard,481,21.7,236,0.77,7.8,0.53,21.6,69.6,29.2,0.5,medium,medium,medium,0,0,rule-derived from synthetic thresholds
3938,13,Bengaluru Rural,sandy,Maize,407,7.7,131,0.48,6.33,0.8,5.1,17.2,25.8,2.39,medium,low,medium,1,0,rule-derived from synthetic thresholds
3939,5,Karnal,loam,Pearl millet,538,8.2,268,0.81,7.46,0.33,15.9,52.0,26.6,-0.02,medium,low,medium,1,0,rule-derived from synthetic thresholds
3940,3,Madurai,sandy,Cotton,343,7.6,150,0.5,6.44,2.21,81.6,202.1,31.6,-1.61,medium,low,medium,1,0,rule-derived from synthetic thresholds
3941,3,Madurai,sandy,Chilli,474,8.4,38,0.59,4.89,0.19,42.1,147.9,29.5,-0.66,medium,low,low,1,0,rule-derived from synthetic thresholds
3942,8,Guntur,clay,Chilli,324,11.7,321,0.5,8.53,0.34,51.1,176.4,31.5,0.64,medium,medium,high,0,1,rule-derived from synthetic thresholds
3943,6,Nagpur,clay,Pigeon pea,321,21.5,176,0.37,8.59,0.47,92.5,316.2,29.5,1.51,medium,medium,medium,0,0,rule-derived from synthetic thresholds
3944,14,Dharwad,clay,Sorghum,261,21.7,264,0.58,7.18,0.42,147.8,349.6,25.8,-1.03,low,medium,medium,1,0,rule-derived from synthetic thresholds
3945,15,Kolkata (24 Pgs),clay,Soybean,419,20.7,338,0.63,8.56,0.46,199.9,606.0,21.4,0.71,medium,medium,high,0,1,rule-derived from synthetic thresholds
3946,2,Coimbatore,loam,Sorghum,382,37.6,99,0.5,8.1,0.31,16.8,38.4,25.6,-1.48,medium,high,low,1,1,rule-derived from synthetic thresholds
3947,14,Dharwad,clay,Chilli,442,8.7,294,0.57,8.05,0.71,111.8,286.5,27.2,-1.26,medium,low,high,1,1,rule-derived from synthetic thresholds
3948,2,Coimbatore,loam,Banana,478,3.9,216,0.55,7.06,1.02,65.1,172.6,27.9,0.41,medium,low,medium,1,0,rule-derived from synthetic thresholds
3949,11,Kanpur,loam,Wheat,470,20.2,204,0.99,8.07,0.41,49.0,160.1,26.5,-0.9,medium,medium,medium,0,0,rule-derived from synthetic thresholds
3950,15,Kolkata (24 Pgs),clay,Sunflower,410,19.5,342,0.89,7.78,0.51,53.8,168.5,26.4,1.71,medium,medium,high,0,1,rule-derived from synthetic thresholds
3951,6,Nagpur,clay,Maize,377,6.7,244,0.48,5.63,0.61,27.6,75.1,29.0,-0.54,medium,low,medium,1,0,rule-derived from synthetic thresholds
3952,3,Madurai,sandy,Turmeric,414,41.2,246,0.66,6.92,0.32,23.8,64.6,30.7,-1.19,medium,high,medium,0,1,rule-derived from synthetic thresholds
3953,1,Thanjavur,clay,Groundnut,424,5.8,345,0.73,9.2,0.45,216.1,621.7,28.3,-0.81,medium,low,high,1,1,rule-derived from synthetic thresholds
3954,6,Nagpur,clay,Sunflower,407,6.3,276,0.64,6.04,0.96,66.5,172.3,26.6,-0.4,medium,low,medium,1,0,rule-derived from synthetic thresholds
3955,15,Kolkata (24 Pgs),clay,Rice,393,40.3,297,0.56,7.65,1.41,174.4,479.0,29.0,1.17,medium,high,high,0,1,rule-derived from synthetic thresholds
3956,7,Pune,clay,Maize,462,15.1,267,0.62,8.5,0.31,24.2,61.9,23.6,0.57,medium,medium,medium,0,0,rule-derived from synthetic thresholds
3957,7,Pune,clay,Onion,467,6.6,348,0.73,8.26,0.22,15.6,46.2,20.3,-0.48,medium,low,high,1,1,rule-derived from synthetic thresholds
3958,1,Thanjavur,clay,Rice,315,40.7,204,0.45,7.54,0.89,128.6,456.3,30.0,-1.66,medium,high,medium,0,1,rule-derived from synthetic thresholds
3959,10,Jaipur,sandy,Mustard,195,11.6,174,0.3,7.01,0.62,69.7,246.9,26.6,-0.55,low,medium,medium,1,0,rule-derived from synthetic thresholds
3960,3,Madurai,sandy,Cotton,412,7.3,248,0.6,6.64,0.38,165.2,405.1,25.4,-1.07,medium,low,medium,1,0,rule-derived from synthetic thresholds
3961,11,Kanpur,loam,Rice,385,14.5,325,0.6,6.28,0.66,160.1,340.2,23.1,0.31,medium,medium,high,0,1,rule-derived from synthetic thresholds
3962,13,Bengaluru Rural,sandy,Tomato,299,6.1,93,0.56,7.15,0.6,12.5,27.7,24.1,0.59,medium,low,low,1,0,rule-derived from synthetic thresholds
3963,12,Patna,loam,Rice,364,17.7,286,0.47,7.28,0.52,120.6,281.5,25.6,1.13,medium,medium,high,0,1,rule-derived from synthetic thresholds
3964,8,Guntur,clay,Chilli,271,12.8,360,0.64,7.81,0.84,24.9,75.7,30.8,0.72,low,medium,high,1,1,rule-derived from synthetic thresholds
3965,10,Jaipur,sandy,Pearl millet,259,3.5,30,0.17,6.76,0.88,47.1,121.7,29.9,-2.23,low,low,low,1,0,rule-derived from synthetic thresholds
3966,6,Nagpur,clay,Banana,508,11.1,302,0.82,8.1,1.1,41.2,113.9,26.2,0.02,medium,medium,high,0,1,rule-derived from synthetic thresholds
3967,11,Kanpur,loam,Rice,486,15.6,210,0.84,5.96,0.33,95.7,230.5,25.5,-0.25,medium,medium,medium,0,0,rule-derived from synthetic thresholds
3968,11,Kanpur,loam,Potato,479,8.6,112,0.57,7.92,0.67,94.7,300.4,25.0,0.14,medium,low,medium,1,0,rule-derived from synthetic thresholds
3969,3,Madurai,sandy,Chilli,230,40.8,137,0.45,7.87,0.34,29.0,85.8,32.1,1.37,low,high,medium,1,1,rule-derived from synthetic thresholds
3970,5,Karnal,loam,Banana,389,6.7,254,0.44,7.01,0.44,94.2,313.8,25.3,0.5,medium,low,medium,1,0,rule-derived from synthetic thresholds
3971,12,Patna,loam,Maize,442,20.6,179,0.71,7.85,0.18,296.0,847.7,30.9,0.39,medium,medium,medium,0,0,rule-derived from synthetic thresholds
3972,7,Pune,clay,Sorghum,273,12.0,258,0.61,8.29,0.61,93.8,295.9,25.3,-0.17,low,medium,medium,1,0,rule-derived from synthetic thresholds
3973,4,Ludhiana,sandy,Rice,285,40.6,136,0.24,5.57,0.79,53.7,120.5,22.3,0.81,medium,high,medium,0,1,rule-derived from synthetic thresholds
3974,15,Kolkata (24 Pgs),clay,Mustard,353,8.3,274,0.68,8.06,0.42,301.0,843.4,28.8,-0.0,medium,low,medium,1,0,rule-derived from synthetic thresholds
3975,14,Dharwad,clay,Cotton,528,18.1,294,0.72,7.09,0.76,92.1,302.6,24.3,0.96,medium,medium,high,0,1,rule-derived from synthetic thresholds
3976,12,Patna,loam,Rice,349,20.9,181,0.63,5.0,0.29,170.1,591.3,26.9,-3.08,medium,medium,medium,0,0,rule-derived from synthetic thresholds
3977,7,Pune,clay,Onion,426,17.3,249,0.56,8.24,0.56,64.6,155.8,21.5,-1.29,medium,medium,medium,0,0,rule-derived from synthetic thresholds
3978,9,Indore,clay,Green gram,408,6.1,229,0.72,6.95,0.68,219.6,760.2,20.1,-1.46,medium,low,medium,1,0,rule-derived from synthetic thresholds
3979,15,Kolkata (24 Pgs),clay,Potato,346,13.3,121,0.85,6.06,0.32,28.1,62.8,30.7,0.68,medium,medium,medium,0,0,rule-derived from synthetic thresholds
3980,8,Guntur,clay,Soybean,396,15.2,463,0.56,8.52,0.54,367.7,903.1,27.4,-1.57,medium,medium,high,0,1,rule-derived from synthetic thresholds
3981,13,Bengaluru Rural,sandy,Tomato,321,13.4,113,0.41,6.25,0.18,54.5,138.2,23.1,-1.07,medium,medium,medium,0,0,rule-derived from synthetic thresholds
3982,13,Bengaluru Rural,sandy,Maize,227,20.9,236,0.1,6.82,0.27,20.5,48.7,22.7,0.97,low,medium,medium,1,0,rule-derived from synthetic thresholds
3983,13,Bengaluru Rural,sandy,Ragi,366,17.8,162,0.26,6.55,0.11,55.9,187.8,24.6,-0.37,medium,medium,medium,0,0,rule-derived from synthetic thresholds
3984,10,Jaipur,sandy,Pearl millet,167,10.2,120,0.29,7.04,0.17,17.9,63.9,19.8,-0.28,low,medium,medium,1,0,rule-derived from synthetic thresholds
3985,6,Nagpur,clay,Pigeon pea,415,24.4,401,0.59,7.45,1.56,29.3,59.0,29.3,-0.1,medium,medium,high,0,1,rule-derived from synthetic thresholds
3986,6,Nagpur,clay,Cotton,395,14.4,284,0.5,8.12,1.59,203.1,633.3,25.6,-0.09,medium,medium,high,0,1,rule-derived from synthetic thresholds
3987,13,Bengaluru Rural,sandy,Maize,261,36.3,165,0.41,6.68,1.29,19.3,51.9,25.5,3.13,low,high,medium,1,1,rule-derived from synthetic thresholds
3988,7,Pune,clay,Maize,394,19.1,329,0.67,7.99,0.78,124.1,370.8,23.2,2.38,medium,medium,high,0,1,rule-derived from synthetic thresholds
3989,4,Ludhiana,sandy,Wheat,302,30.4,93,0.26,7.62,1.28,16.3,50.4,20.6,0.58,medium,high,low,1,1,rule-derived from synthetic thresholds
3990,3,Madurai,sandy,Banana,417,13.8,237,0.47,5.3,2.11,28.4,67.4,26.8,0.1,medium,medium,medium,0,0,rule-derived from synthetic thresholds
3991,10,Jaipur,sandy,Pearl millet,419,10.9,97,0.63,6.69,0.88,20.0,56.0,27.0,0.15,medium,medium,low,1,0,rule-derived from synthetic thresholds
3992,15,Kolkata (24 Pgs),clay,Rice,307,82.0,266,0.23,8.02,0.48,64.4,185.6,24.4,-0.63,medium,high,medium,0,1,rule-derived from synthetic thresholds
3993,6,Nagpur,clay,Soybean,390,6.6,390,0.61,8.04,0.42,76.0,272.6,25.1,-0.44,medium,low,high,1,1,rule-derived from synthetic thresholds
3994,10,Jaipur,sandy,Pearl millet,228,11.2,101,0.11,6.2,0.75,24.0,80.1,21.8,1.62,low,medium,low,1,0,rule-derived from synthetic thresholds
3995,5,Karnal,loam,Rice,228,25.7,100,0.35,8.35,1.08,109.4,377.2,24.8,-1.93,low,high,low,1,1,rule-derived from synthetic thresholds
3996,6,Nagpur,clay,Soybean,472,39.1,292,0.79,6.84,0.29,78.8,267.6,28.9,1.26,medium,high,high,0,1,rule-derived from synthetic thresholds
3997,7,Pune,clay,Sugarcane,364,13.1,323,0.4,7.32,1.88,21.7,63.2,22.5,-0.87,medium,medium,high,0,1,rule-derived from synthetic thresholds
3998,6,Nagpur,clay,Pigeon pea,336,15.6,138,0.6,8.59,0.29,18.2,52.1,31.4,0.36,medium,medium,medium,0,0,rule-derived from synthetic thresholds
3999,13,Bengaluru Rural,sandy,Chilli,369,15.8,112,0.39,5.99,0.84,38.1,133.8,20.0,0.48,medium,medium,medium,0,0,rule-derived from synthetic thresholds
4000,14,Dharwad,clay,Lentil,323,14.2,217,0.55,7.34,1.2,81.8,222.6,28.7,0.22,medium,medium,medium,0,0,rule-derived from synthetic thresholds
4001,5,Karnal,loam,Sugarcane,404,10.0,312,0.72,6.91,0.31,74.5,262.6,29.7,-3.0,medium,medium,high,0,1,rule-derived from synthetic thresholds
4002,6,Nagpur,clay,Cotton,446,29.4,367,0.51,9.2,0.27,83.7,172.5,26.0,0.89,medium,high,high,0,1,rule-derived from synthetic thresholds
4003,1,Thanjavur,clay,Rice,437,41.8,121,1.09,8.27,0.31,19.2,42.9,27.7,0.36,medium,high,medium,0,1,rule-derived from synthetic thresholds
4004,12,Patna,loam,Wheat,390,4.7,254,0.66,6.7,0.58,119.5,399.3,25.2,1.02,medium,low,medium,1,0,rule-derived from synthetic thresholds
4005,11,Kanpur,loam,Potato,381,45.2,288,0.45,6.48,0.49,58.5,186.4,24.7,-0.94,medium,high,high,0,1,rule-derived from synthetic thresholds
4006,13,Bengaluru Rural,sandy,Tomato,312,14.9,155,0.5,5.07,0.18,35.4,111.5,26.7,0.5,medium,medium,medium,0,0,rule-derived from synthetic thresholds
4007,9,Indore,clay,Chickpea,534,6.7,313,0.61,8.61,0.84,110.7,290.5,21.3,-0.22,medium,low,high,1,1,rule-derived from synthetic thresholds
4008,14,Dharwad,clay,Chilli,463,27.3,169,0.76,7.88,0.66,58.6,117.4,30.0,0.86,medium,high,medium,0,1,rule-derived from synthetic thresholds
4009,3,Madurai,sandy,Rice,411,10.4,90,0.36,5.26,0.2,5.2,11.6,29.9,1.06,medium,medium,low,1,0,rule-derived from synthetic thresholds
4010,6,Nagpur,clay,Cotton,374,8.9,295,0.76,8.13,0.77,123.3,346.3,28.8,0.73,medium,low,high,1,1,rule-derived from synthetic thresholds
4011,7,Pune,clay,Sugarcane,324,14.7,303,0.39,7.7,2.09,20.1,44.9,24.9,-0.78,medium,medium,high,0,1,rule-derived from synthetic thresholds
4012,12,Patna,loam,Chilli,238,18.1,225,0.46,6.18,1.1,19.2,65.7,21.3,0.45,low,medium,medium,1,0,rule-derived from synthetic thresholds
4013,4,Ludhiana,sandy,Wheat,460,7.2,30,0.51,7.66,0.77,51.9,141.6,21.4,-1.01,medium,low,low,1,0,rule-derived from synthetic thresholds
4014,5,Karnal,loam,Cotton,339,13.0,201,0.46,5.5,0.69,24.9,88.1,22.6,-0.38,medium,medium,medium,0,0,rule-derived from synthetic thresholds
4015,2,Coimbatore,loam,Cotton,275,4.4,245,0.38,6.88,0.5,22.4,47.3,24.7,-1.13,low,low,medium,1,0,rule-derived from synthetic thresholds
4016,15,Kolkata (24 Pgs),clay,Potato,373,9.1,193,0.83,7.45,0.79,144.4,370.6,30.0,-0.25,medium,low,medium,1,0,rule-derived from synthetic thresholds
4017,7,Pune,clay,Sugarcane,518,8.4,175,0.89,8.25,0.2,100.4,240.8,26.1,-2.09,medium,low,medium,1,0,rule-derived from synthetic thresholds
4018,1,Thanjavur,clay,Green gram,520,7.5,329,0.62,8.05,0.4,5.8,18.0,31.0,-0.23,medium,low,high,1,1,rule-derived from synthetic thresholds
4019,4,Ludhiana,sandy,Maize,374,33.8,62,0.45,6.81,0.79,25.7,66.7,22.8,-0.69,medium,high,low,1,1,rule-derived from synthetic thresholds
4020,9,Indore,clay,Soybean,488,24.3,239,0.76,7.39,0.25,146.2,500.1,24.1,-1.09,medium,medium,medium,0,0,rule-derived from synthetic thresholds
4021,8,Guntur,clay,Chilli,499,71.8,250,0.84,7.85,0.77,14.1,33.7,33.3,-0.92,medium,high,medium,0,1,rule-derived from synthetic thresholds
4022,8,Guntur,clay,Rice,394,28.4,442,0.67,8.09,0.35,72.0,232.3,29.3,1.95,medium,high,high,0,1,rule-derived from synthetic thresholds
4023,1,Thanjavur,clay,Soybean,379,20.7,326,0.41,6.8,0.59,16.3,41.3,26.6,1.06,medium,medium,high,0,1,rule-derived from synthetic thresholds
4024,14,Dharwad,clay,Cotton,482,8.7,157,0.67,7.59,0.75,115.4,377.0,24.7,1.53,medium,low,medium,1,0,rule-derived from synthetic thresholds
4025,13,Bengaluru Rural,sandy,Ragi,284,11.9,152,0.37,7.38,0.21,69.6,174.1,27.7,0.5,medium,medium,medium,0,0,rule-derived from synthetic thresholds
4026,4,Ludhiana,sandy,Maize,339,14.3,137,0.51,6.34,0.48,32.5,103.6,25.8,0.27,medium,medium,medium,0,0,rule-derived from synthetic thresholds
4027,6,Nagpur,clay,Soybean,409,6.0,256,0.47,7.6,1.75,64.1,140.4,25.5,-1.1,medium,low,medium,1,0,rule-derived from synthetic thresholds
4028,2,Coimbatore,loam,Sorghum,357,11.7,213,0.67,6.09,0.87,9.7,34.0,28.7,0.46,medium,medium,medium,0,0,rule-derived from synthetic thresholds
4029,2,Coimbatore,loam,Maize,312,27.5,223,0.56,8.83,1.77,18.7,59.4,26.1,0.98,medium,high,medium,0,1,rule-derived from synthetic thresholds
4030,13,Bengaluru Rural,sandy,Maize,404,39.8,143,0.49,6.43,0.4,22.1,77.1,22.0,0.43,medium,high,medium,0,1,rule-derived from synthetic thresholds
4031,2,Coimbatore,loam,Banana,288,49.8,86,0.68,7.44,0.88,6.7,19.2,26.8,-1.94,medium,high,low,1,1,rule-derived from synthetic thresholds
4032,6,Nagpur,clay,Soybean,470,14.9,309,0.89,8.07,0.2,26.0,75.6,27.3,1.01,medium,medium,high,0,1,rule-derived from synthetic thresholds
4033,15,Kolkata (24 Pgs),clay,Rice,525,17.1,223,0.74,7.66,0.43,5.8,16.2,29.7,-1.42,medium,medium,medium,0,0,rule-derived from synthetic thresholds
4034,5,Karnal,loam,Wheat,486,12.7,181,0.61,6.57,0.62,11.0,22.9,26.5,-0.06,medium,medium,medium,0,0,rule-derived from synthetic thresholds
4035,11,Kanpur,loam,Chickpea,360,14.1,82,0.35,6.62,0.37,22.0,57.8,28.8,0.12,medium,medium,low,1,0,rule-derived from synthetic thresholds
4036,2,Coimbatore,loam,Sorghum,341,49.0,333,0.66,6.82,0.64,30.6,91.1,24.8,0.49,medium,high,high,0,1,rule-derived from synthetic thresholds
4037,14,Dharwad,clay,Cotton,307,10.3,373,0.52,8.11,4.33,127.5,294.8,32.1,-1.34,medium,medium,high,0,1,rule-derived from synthetic thresholds
4038,14,Dharwad,clay,Chilli,371,17.7,246,0.67,7.09,0.24,12.4,31.3,22.5,-0.17,medium,medium,medium,0,0,rule-derived from synthetic thresholds
4039,14,Dharwad,clay,Rice,483,9.7,199,0.75,8.73,0.78,187.0,539.4,19.6,-0.6,medium,low,medium,1,0,rule-derived from synthetic thresholds
4040,10,Jaipur,sandy,Pearl millet,377,8.1,153,0.64,7.08,0.82,41.3,131.6,24.3,-0.45,medium,low,medium,1,0,rule-derived from synthetic thresholds
4041,15,Kolkata (24 Pgs),clay,Rice,207,55.0,275,0.51,6.14,0.19,53.4,164.5,26.8,-0.61,low,high,medium,1,1,rule-derived from synthetic thresholds
4042,11,Kanpur,loam,Potato,469,17.2,207,0.56,7.79,1.5,26.2,88.9,24.2,-1.96,medium,medium,medium,0,0,rule-derived from synthetic thresholds
4043,6,Nagpur,clay,Mustard,500,14.1,197,0.91,7.8,0.42,98.7,301.5,28.6,-1.37,medium,medium,medium,0,0,rule-derived from synthetic thresholds
4044,14,Dharwad,clay,Sugarcane,462,13.6,246,0.78,9.12,0.19,132.7,355.5,26.2,-0.99,medium,medium,medium,0,0,rule-derived from synthetic thresholds
4045,5,Karnal,loam,Rice,431,21.5,231,0.41,8.03,0.61,69.1,154.6,23.1,1.4,medium,medium,medium,0,0,rule-derived from synthetic thresholds
4046,13,Bengaluru Rural,sandy,Turmeric,438,6.0,135,0.46,7.57,0.47,77.4,200.0,22.6,-1.54,medium,low,medium,1,0,rule-derived from synthetic thresholds
4047,14,Dharwad,clay,Chilli,350,10.4,200,0.58,7.49,0.32,7.1,21.0,27.7,-0.17,medium,medium,medium,0,0,rule-derived from synthetic thresholds
4048,7,Pune,clay,Sugarcane,459,5.9,207,0.54,7.01,0.57,4.6,15.7,20.6,-0.69,medium,low,medium,1,0,rule-derived from synthetic thresholds
4049,4,Ludhiana,sandy,Sorghum,259,4.7,30,0.28,5.92,0.25,137.3,401.1,24.0,0.51,low,low,low,1,0,rule-derived from synthetic thresholds
4050,3,Madurai,sandy,Rice,330,15.5,126,0.67,6.33,0.2,190.1,599.0,23.4,0.03,medium,medium,medium,0,0,rule-derived from synthetic thresholds
4051,9,Indore,clay,Chickpea,624,6.6,365,1.02,7.98,1.0,80.7,201.4,27.7,-1.85,high,low,high,1,1,rule-derived from synthetic thresholds
4052,11,Kanpur,loam,Pearl millet,344,11.2,193,0.63,7.63,0.22,161.0,340.2,26.8,0.48,medium,medium,medium,0,0,rule-derived from synthetic thresholds
4053,9,Indore,clay,Soybean,299,53.4,285,0.65,7.64,0.33,114.1,275.6,21.4,-0.08,medium,high,high,0,1,rule-derived from synthetic thresholds
4054,10,Jaipur,sandy,Pearl millet,444,18.3,86,0.7,6.88,0.33,71.2,198.6,29.7,1.14,medium,medium,low,1,0,rule-derived from synthetic thresholds
4055,1,Thanjavur,clay,Rice,383,16.9,255,0.47,7.38,0.61,17.4,57.2,31.4,-1.94,medium,medium,medium,0,0,rule-derived from synthetic thresholds
4056,1,Thanjavur,clay,Green gram,460,21.7,210,0.78,7.35,0.36,30.0,89.3,25.6,-0.92,medium,medium,medium,0,0,rule-derived from synthetic thresholds
4057,4,Ludhiana,sandy,Wheat,149,7.4,30,0.1,7.49,0.28,9.3,19.5,21.2,-0.19,low,low,low,1,0,rule-derived from synthetic thresholds
4058,14,Dharwad,clay,Ragi,391,15.8,214,0.74,8.98,1.03,91.5,183.0,26.7,0.88,medium,medium,medium,0,0,rule-derived from synthetic thresholds
4059,8,Guntur,clay,Rice,407,25.2,138,0.77,8.06,0.52,106.0,314.3,35.0,-1.26,medium,high,medium,0,1,rule-derived from synthetic thresholds
4060,6,Nagpur,clay,Green gram,381,30.3,348,0.62,7.41,0.35,68.2,200.7,24.7,-0.46,medium,high,high,0,1,rule-derived from synthetic thresholds
4061,10,Jaipur,sandy,Wheat,201,14.7,30,0.32,6.86,0.53,45.4,118.3,25.6,-0.6,low,medium,low,1,0,rule-derived from synthetic thresholds
4062,7,Pune,clay,Green gram,350,10.1,230,0.56,7.76,0.88,26.8,55.6,31.5,0.52,medium,medium,medium,0,0,rule-derived from synthetic thresholds
4063,3,Madurai,sandy,Cotton,326,7.4,209,0.43,5.96,1.17,229.5,636.2,24.6,0.06,medium,low,medium,1,0,rule-derived from synthetic thresholds
4064,8,Guntur,clay,Cotton,285,24.3,390,0.58,7.16,0.41,22.8,66.4,29.0,-0.29,medium,medium,high,0,1,rule-derived from synthetic thresholds
4065,11,Kanpur,loam,Banana,525,14.5,261,0.7,6.28,0.99,31.9,83.9,27.4,0.94,medium,medium,medium,0,0,rule-derived from synthetic thresholds
4066,14,Dharwad,clay,Chilli,402,7.6,247,0.86,7.18,0.72,14.4,49.4,25.0,0.37,medium,low,medium,1,0,rule-derived from synthetic thresholds
4067,6,Nagpur,clay,Soybean,399,17.0,260,0.78,9.2,0.09,197.5,520.4,22.2,-0.05,medium,medium,medium,0,0,rule-derived from synthetic thresholds
4068,3,Madurai,sandy,Chilli,322,23.0,151,0.4,5.82,0.62,28.8,70.8,23.9,0.02,medium,medium,medium,0,0,rule-derived from synthetic thresholds
4069,13,Bengaluru Rural,sandy,Ragi,257,61.7,86,0.3,6.62,0.74,101.1,215.7,22.7,-1.3,low,high,low,1,1,rule-derived from synthetic thresholds
4070,6,Nagpur,clay,Cotton,365,20.6,210,0.63,5.38,0.4,120.9,398.1,29.1,-1.53,medium,medium,medium,0,0,rule-derived from synthetic thresholds
4071,3,Madurai,sandy,Chilli,370,5.1,64,0.64,8.48,0.72,46.7,135.6,27.3,0.68,medium,low,low,1,0,rule-derived from synthetic thresholds
4072,8,Guntur,clay,Chilli,366,11.0,252,0.77,8.25,0.47,79.9,208.3,28.9,0.13,medium,medium,medium,0,0,rule-derived from synthetic thresholds
4073,1,Thanjavur,clay,Rice,451,9.3,450,0.75,8.99,0.29,259.9,884.9,26.5,0.43,medium,low,high,1,1,rule-derived from synthetic thresholds
4074,15,Kolkata (24 Pgs),clay,Potato,342,19.5,366,0.57,7.38,0.45,61.1,158.1,29.9,0.77,medium,medium,high,0,1,rule-derived from synthetic thresholds
4075,12,Patna,loam,Maize,313,3.7,180,0.4,6.98,0.53,236.5,674.4,30.4,-0.83,medium,low,medium,1,0,rule-derived from synthetic thresholds
4076,7,Pune,clay,Onion,348,10.7,230,0.65,8.39,0.48,60.1,201.4,32.8,-0.09,medium,medium,medium,0,0,rule-derived from synthetic thresholds
4077,9,Indore,clay,Potato,271,6.2,300,0.37,8.1,0.88,8.6,24.4,24.2,-1.32,low,low,high,1,1,rule-derived from synthetic thresholds
4078,6,Nagpur,clay,Cotton,453,9.0,239,0.8,8.7,1.22,58.7,207.0,22.5,2.07,medium,low,medium,1,0,rule-derived from synthetic thresholds
4079,8,Guntur,clay,Cotton,530,8.3,316,0.71,8.59,0.58,52.5,170.6,26.8,0.82,medium,low,high,1,1,rule-derived from synthetic thresholds
4080,15,Kolkata (24 Pgs),clay,Potato,526,6.3,387,0.76,8.51,0.22,176.4,454.6,26.9,0.64,medium,low,high,1,1,rule-derived from synthetic thresholds
4081,11,Kanpur,loam,Rice,371,12.1,349,0.48,7.78,0.97,36.0,89.8,26.2,-0.09,medium,medium,high,0,1,rule-derived from synthetic thresholds
4082,10,Jaipur,sandy,Pearl millet,415,9.3,106,0.48,5.94,2.1,138.4,467.7,20.8,-0.6,medium,low,low,1,0,rule-derived from synthetic thresholds
4083,15,Kolkata (24 Pgs),clay,Rice,564,11.1,113,1.02,7.94,0.45,39.1,82.3,23.9,0.18,high,medium,medium,0,1,rule-derived from synthetic thresholds
4084,3,Madurai,sandy,Turmeric,387,9.6,243,0.53,6.88,0.15,41.6,138.7,26.6,-0.53,medium,low,medium,1,0,rule-derived from synthetic thresholds
4085,14,Dharwad,clay,Sorghum,299,12.1,219,0.54,9.11,0.14,5.3,12.5,20.3,1.3,medium,medium,medium,0,0,rule-derived from synthetic thresholds
4086,3,Madurai,sandy,Chilli,330,8.1,91,0.41,6.03,0.41,203.9,620.8,25.8,0.43,medium,low,low,1,0,rule-derived from synthetic thresholds
4087,4,Ludhiana,sandy,Rice,213,11.3,93,0.17,6.57,0.66,28.9,58.5,24.8,0.01,low,medium,low,1,0,rule-derived from synthetic thresholds
4088,10,Jaipur,sandy,Sugarcane,466,18.9,135,0.55,4.56,0.61,51.7,122.3,28.7,0.6,medium,medium,medium,0,0,rule-derived from synthetic thresholds
4089,3,Madurai,sandy,Cotton,238,4.8,154,0.1,5.6,0.33,41.9,111.2,35.8,-0.74,low,low,medium,1,0,rule-derived from synthetic thresholds
4090,8,Guntur,clay,Rice,318,3.4,178,0.62,7.29,0.44,62.8,224.4,30.5,-1.79,medium,low,medium,1,0,rule-derived from synthetic thresholds
4091,6,Nagpur,clay,Pigeon pea,432,16.3,97,0.65,7.53,0.79,26.6,63.0,28.2,-1.15,medium,medium,low,1,0,rule-derived from synthetic thresholds
4092,1,Thanjavur,clay,Sugarcane,316,14.3,360,0.56,6.72,0.5,67.7,234.6,31.4,0.71,medium,medium,high,0,1,rule-derived from synthetic thresholds
4093,3,Madurai,sandy,Rice,350,13.3,220,0.13,6.01,0.18,9.4,26.6,30.9,0.22,medium,medium,medium,0,0,rule-derived from synthetic thresholds
4094,7,Pune,clay,Ragi,472,22.6,162,0.59,8.2,0.56,116.4,381.4,21.3,-2.34,medium,medium,medium,0,0,rule-derived from synthetic thresholds
4095,2,Coimbatore,loam,Banana,194,19.7,254,0.61,7.79,0.97,21.6,48.7,22.7,0.03,low,medium,medium,1,0,rule-derived from synthetic thresholds
4096,15,Kolkata (24 Pgs),clay,Potato,422,17.0,231,0.69,8.14,0.74,282.4,706.8,30.1,0.23,medium,medium,medium,0,0,rule-derived from synthetic thresholds
4097,7,Pune,clay,Maize,466,39.4,131,0.69,8.12,0.31,25.5,67.2,25.0,-1.6,medium,high,medium,0,1,rule-derived from synthetic thresholds
4098,12,Patna,loam,Rice,358,10.0,171,0.46,5.21,1.11,48.6,110.8,25.9,0.31,medium,medium,medium,0,0,rule-derived from synthetic thresholds
4099,4,Ludhiana,sandy,Wheat,217,10.7,159,0.55,5.77,0.5,19.7,54.2,23.3,1.65,low,medium,medium,1,0,rule-derived from synthetic thresholds
4100,9,Indore,clay,Chickpea,487,4.9,349,0.8,8.05,0.82,44.8,147.3,22.8,-1.09,medium,low,high,1,1,rule-derived from synthetic thresholds
4101,2,Coimbatore,loam,Ragi,369,29.3,136,0.45,7.06,0.4,3.7,8.7,27.7,-1.77,medium,high,medium,0,1,rule-derived from synthetic thresholds
4102,3,Madurai,sandy,Rice,269,8.7,58,0.56,7.85,1.53,48.1,168.5,31.4,0.59,low,low,low,1,0,rule-derived from synthetic thresholds
4103,11,Kanpur,loam,Sunflower,182,20.5,174,0.11,8.15,0.33,7.8,20.8,22.0,-0.06,low,medium,medium,1,0,rule-derived from synthetic thresholds
4104,6,Nagpur,clay,Pigeon pea,431,14.9,256,0.79,8.25,0.37,123.5,416.2,25.3,-0.51,medium,medium,medium,0,0,rule-derived from synthetic thresholds
4105,15,Kolkata (24 Pgs),clay,Rice,484,13.3,251,0.76,7.37,1.0,330.7,785.8,23.0,-0.19,medium,medium,medium,0,0,rule-derived from synthetic thresholds
4106,15,Kolkata (24 Pgs),clay,Mustard,307,53.9,352,0.53,7.13,0.16,45.7,109.8,25.3,-0.09,medium,high,high,0,1,rule-derived from synthetic thresholds
4107,2,Coimbatore,loam,Mustard,427,15.0,137,0.84,6.56,1.07,32.7,103.7,23.9,-1.27,medium,medium,medium,0,0,rule-derived from synthetic thresholds
4108,10,Jaipur,sandy,Pearl millet,387,9.5,164,0.37,5.8,1.28,75.6,185.4,25.8,-1.15,medium,low,medium,1,0,rule-derived from synthetic thresholds
4109,12,Patna,loam,Rice,485,10.4,334,0.69,7.06,0.83,61.4,181.4,24.9,0.6,medium,medium,high,0,1,rule-derived from synthetic thresholds
4110,5,Karnal,loam,Rice,391,15.7,30,0.56,8.99,0.28,5.6,14.7,27.5,-0.64,medium,medium,low,1,0,rule-derived from synthetic thresholds
4111,13,Bengaluru Rural,sandy,Maize,114,6.9,233,0.19,5.92,0.34,82.4,289.0,25.8,-0.65,low,low,medium,1,0,rule-derived from synthetic thresholds
4112,12,Patna,loam,Maize,437,15.0,82,0.68,8.95,0.28,166.5,569.8,22.1,-1.36,medium,medium,low,1,0,rule-derived from synthetic thresholds
4113,5,Karnal,loam,Wheat,401,10.1,210,0.88,6.8,0.33,144.3,335.3,26.0,-0.41,medium,medium,medium,0,0,rule-derived from synthetic thresholds
4114,2,Coimbatore,loam,Tomato,439,8.4,64,0.65,7.9,0.36,42.1,128.1,29.9,0.63,medium,low,low,1,0,rule-derived from synthetic thresholds
4115,7,Pune,clay,Sugarcane,386,31.8,296,0.67,6.27,0.46,16.4,38.8,26.1,0.73,medium,high,high,0,1,rule-derived from synthetic thresholds
4116,6,Nagpur,clay,Soybean,516,13.8,214,0.8,9.2,0.8,72.6,228.4,26.1,-1.54,medium,medium,medium,0,0,rule-derived from synthetic thresholds
4117,8,Guntur,clay,Lentil,326,5.6,181,0.23,7.86,0.66,76.2,265.0,28.7,0.13,medium,low,medium,1,0,rule-derived from synthetic thresholds
4118,4,Ludhiana,sandy,Ragi,204,70.3,138,0.44,6.8,0.55,119.2,360.1,16.8,-0.45,low,high,medium,1,1,rule-derived from synthetic thresholds
4119,5,Karnal,loam,Sorghum,268,25.2,224,0.35,6.1,0.17,81.3,213.0,26.4,0.37,low,high,medium,1,1,rule-derived from synthetic thresholds
4120,14,Dharwad,clay,Cotton,459,15.1,227,0.93,7.62,1.05,10.4,26.6,21.0,-1.05,medium,medium,medium,0,0,rule-derived from synthetic thresholds
4121,13,Bengaluru Rural,sandy,Maize,256,11.3,97,0.55,6.09,0.19,56.1,148.4,23.9,0.81,low,medium,low,1,0,rule-derived from synthetic thresholds
4122,12,Patna,loam,Maize,343,22.2,119,0.47,6.06,0.84,59.5,202.6,30.0,0.19,medium,medium,medium,0,0,rule-derived from synthetic thresholds
4123,6,Nagpur,clay,Cotton,419,23.2,141,0.58,8.49,0.54,105.3,250.3,23.8,-0.56,medium,medium,medium,0,0,rule-derived from synthetic thresholds
4124,8,Guntur,clay,Green gram,399,12.4,241,0.59,7.44,1.63,6.1,19.1,31.6,-0.96,medium,medium,medium,0,0,rule-derived from synthetic thresholds
4125,5,Karnal,loam,Rice,409,20.5,178,0.66,6.85,1.24,51.3,161.5,29.4,0.15,medium,medium,medium,0,0,rule-derived from synthetic thresholds
4126,7,Pune,clay,Chilli,496,35.8,240,0.74,8.14,0.43,18.5,61.6,20.1,-1.04,medium,high,medium,0,1,rule-derived from synthetic thresholds
4127,8,Guntur,clay,Rice,386,30.5,197,0.49,8.87,0.88,51.5,162.2,29.6,-0.68,medium,high,medium,0,1,rule-derived from synthetic thresholds
4128,13,Bengaluru Rural,sandy,Onion,253,17.9,214,0.43,6.39,0.99,211.0,532.4,22.4,0.68,low,medium,medium,1,0,rule-derived from synthetic thresholds
4129,12,Patna,loam,Rice,418,34.3,259,0.78,6.25,1.89,49.9,145.2,28.6,-0.44,medium,high,medium,0,1,rule-derived from synthetic thresholds
4130,3,Madurai,sandy,Rice,141,5.5,209,0.25,5.37,0.76,45.4,134.3,30.5,-0.39,low,low,medium,1,0,rule-derived from synthetic thresholds
4131,15,Kolkata (24 Pgs),clay,Potato,331,9.4,239,0.46,7.69,0.2,29.9,76.3,21.8,1.94,medium,low,medium,1,0,rule-derived from synthetic thresholds
4132,2,Coimbatore,loam,Sorghum,496,90.0,143,0.62,6.78,0.29,2.3,5.7,25.4,-1.47,medium,high,medium,0,1,rule-derived from synthetic thresholds
4133,1,Thanjavur,clay,Groundnut,495,14.7,160,0.96,8.76,0.19,200.0,576.3,32.8,0.43,medium,medium,medium,0,0,rule-derived from synthetic thresholds
4134,13,Bengaluru Rural,sandy,Maize,349,6.8,126,0.47,6.36,2.23,78.8,245.7,22.2,0.95,medium,low,medium,1,0,rule-derived from synthetic thresholds
4135,5,Karnal,loam,Sugarcane,306,39.6,359,0.39,7.74,0.27,36.4,96.0,23.9,0.28,medium,high,high,0,1,rule-derived from synthetic thresholds
4136,13,Bengaluru Rural,sandy,Ragi,347,10.8,139,0.43,7.51,0.38,110.9,274.8,30.7,-1.21,medium,medium,medium,0,0,rule-derived from synthetic thresholds
4137,2,Coimbatore,loam,Sorghum,332,5.9,142,0.62,7.29,0.43,139.1,367.4,26.3,2.55,medium,low,medium,1,0,rule-derived from synthetic thresholds
4138,4,Ludhiana,sandy,Wheat,486,3.5,249,0.47,6.11,0.22,78.0,200.6,23.7,1.77,medium,low,medium,1,0,rule-derived from synthetic thresholds
4139,13,Bengaluru Rural,sandy,Tomato,427,14.6,33,0.47,6.53,0.48,13.0,28.1,24.8,-0.26,medium,medium,low,1,0,rule-derived from synthetic thresholds
4140,3,Madurai,sandy,Cotton,325,4.5,100,0.38,6.78,0.55,87.1,250.3,26.1,0.23,medium,low,low,1,0,rule-derived from synthetic thresholds
4141,8,Guntur,clay,Lentil,583,8.6,363,1.03,7.62,0.52,38.7,95.5,30.4,-0.8,high,low,high,1,1,rule-derived from synthetic thresholds
4142,11,Kanpur,loam,Wheat,481,30.3,325,0.6,7.37,1.17,310.9,962.3,29.7,-1.25,medium,high,high,0,1,rule-derived from synthetic thresholds
4143,6,Nagpur,clay,Wheat,416,17.3,353,0.85,8.28,0.65,418.0,1224.4,24.4,2.21,medium,medium,high,0,1,rule-derived from synthetic thresholds
4144,3,Madurai,sandy,Chilli,451,6.7,89,0.31,5.72,0.67,80.2,243.1,28.2,0.38,medium,low,low,1,0,rule-derived from synthetic thresholds
4145,13,Bengaluru Rural,sandy,Maize,367,12.7,156,0.36,6.51,0.27,152.0,428.5,24.8,-0.23,medium,medium,medium,0,0,rule-derived from synthetic thresholds
4146,10,Jaipur,sandy,Mustard,322,7.0,190,0.34,6.59,0.25,31.4,107.4,23.3,-1.94,medium,low,medium,1,0,rule-derived from synthetic thresholds
4147,14,Dharwad,clay,Sorghum,382,12.8,270,0.74,9.09,0.62,53.9,118.5,27.4,2.19,medium,medium,medium,0,0,rule-derived from synthetic thresholds
4148,11,Kanpur,loam,Potato,369,5.9,114,0.53,7.03,0.48,4.9,15.4,25.4,0.32,medium,low,medium,1,0,rule-derived from synthetic thresholds
4149,12,Patna,loam,Wheat,417,7.5,359,0.62,5.4,0.97,98.5,286.9,31.9,-1.34,medium,low,high,1,1,rule-derived from synthetic thresholds
4150,10,Jaipur,sandy,Wheat,201,5.9,61,0.31,5.06,0.66,52.7,128.1,23.6,0.47,low,low,low,1,0,rule-derived from synthetic thresholds
4151,11,Kanpur,loam,Chickpea,454,9.5,253,0.53,6.42,0.61,28.8,74.0,23.5,-0.01,medium,low,medium,1,0,rule-derived from synthetic thresholds
4152,7,Pune,clay,Maize,437,38.0,156,0.73,8.89,0.47,31.8,77.9,27.6,-0.38,medium,high,medium,0,1,rule-derived from synthetic thresholds
4153,14,Dharwad,clay,Cotton,373,7.7,124,0.75,7.6,1.28,44.6,116.3,25.4,-0.1,medium,low,medium,1,0,rule-derived from synthetic thresholds
4154,13,Bengaluru Rural,sandy,Tomato,299,49.4,177,0.4,6.05,0.96,22.5,70.2,25.7,1.61,medium,high,medium,0,1,rule-derived from synthetic thresholds
4155,4,Ludhiana,sandy,Maize,433,10.4,102,0.43,6.87,0.53,136.9,486.3,24.8,-1.93,medium,medium,low,1,0,rule-derived from synthetic thresholds
4156,14,Dharwad,clay,Chilli,234,33.0,175,0.46,7.26,0.44,78.3,211.8,20.4,1.57,low,high,medium,1,1,rule-derived from synthetic thresholds
4157,4,Ludhiana,sandy,Wheat,429,31.4,189,0.72,6.97,0.37,194.7,587.6,25.6,-0.39,medium,high,medium,0,1,rule-derived from synthetic thresholds
4158,11,Kanpur,loam,Wheat,348,4.9,222,0.52,8.26,0.06,11.2,31.3,31.9,2.08,medium,low,medium,1,0,rule-derived from synthetic thresholds
4159,14,Dharwad,clay,Sorghum,521,10.7,175,0.8,9.0,0.5,79.3,180.8,22.0,-1.99,medium,medium,medium,0,0,rule-derived from synthetic thresholds
4160,7,Pune,clay,Maize,347,12.6,174,0.64,8.28,1.19,94.7,277.1,22.6,-0.08,medium,medium,medium,0,0,rule-derived from synthetic thresholds
4161,3,Madurai,sandy,Chilli,631,26.6,159,0.76,5.03,0.45,38.0,88.7,27.5,-0.61,high,high,medium,0,1,rule-derived from synthetic thresholds
4162,15,Kolkata (24 Pgs),clay,Potato,382,25.0,161,0.32,6.83,1.92,225.7,583.8,24.3,0.19,medium,medium,medium,0,0,rule-derived from synthetic thresholds
4163,12,Patna,loam,Maize,362,22.6,139,0.59,7.24,0.49,235.5,807.9,24.7,1.64,medium,medium,medium,0,0,rule-derived from synthetic thresholds
4164,7,Pune,clay,Sugarcane,391,19.3,228,0.65,7.45,0.44,31.6,99.6,20.6,2.91,medium,medium,medium,0,0,rule-derived from synthetic thresholds
4165,15,Kolkata (24 Pgs),clay,Mustard,326,13.3,310,0.61,7.62,0.39,96.4,322.3,25.7,0.27,medium,medium,high,0,1,rule-derived from synthetic thresholds
4166,2,Coimbatore,loam,Cotton,445,19.3,107,0.35,7.32,0.36,19.1,58.1,23.2,-0.88,medium,medium,low,1,0,rule-derived from synthetic thresholds
4167,8,Guntur,clay,Turmeric,368,4.3,170,0.79,8.69,0.08,165.2,366.2,31.3,-0.22,medium,low,medium,1,0,rule-derived from synthetic thresholds
4168,3,Madurai,sandy,Rice,501,2.8,67,0.54,6.35,0.4,28.6,68.2,28.4,1.25,medium,low,low,1,0,rule-derived from synthetic thresholds
4169,3,Madurai,sandy,Cotton,193,3.2,217,0.5,6.49,1.46,17.1,49.4,27.9,-1.28,low,low,medium,1,0,rule-derived from synthetic thresholds
4170,6,Nagpur,clay,Cotton,396,8.1,322,0.74,7.17,0.39,31.6,109.1,25.3,-1.05,medium,low,high,1,1,rule-derived from synthetic thresholds
4171,9,Indore,clay,Chickpea,406,18.9,240,0.79,8.03,1.87,270.4,584.8,30.2,1.81,medium,medium,medium,0,0,rule-derived from synthetic thresholds
4172,3,Madurai,sandy,Banana,222,24.8,176,0.28,5.95,0.32,38.5,133.4,31.5,-2.04,low,medium,medium,1,0,rule-derived from synthetic thresholds
4173,8,Guntur,clay,Cotton,373,22.0,279,0.57,8.0,0.56,53.4,179.8,31.4,0.3,medium,medium,medium,0,0,rule-derived from synthetic thresholds
4174,12,Patna,loam,Wheat,495,17.6,93,0.48,7.03,0.26,49.4,148.9,19.9,0.66,medium,medium,low,1,0,rule-derived from synthetic thresholds
4175,3,Madurai,sandy,Cotton,433,18.1,134,0.59,6.78,1.1,148.1,413.6,28.4,-0.4,medium,medium,medium,0,0,rule-derived from synthetic thresholds
4176,1,Thanjavur,clay,Green gram,510,8.3,362,0.59,8.28,0.53,14.0,32.5,28.6,0.79,medium,low,high,1,1,rule-derived from synthetic thresholds
4177,12,Patna,loam,Wheat,438,4.1,152,0.61,6.55,0.25,47.2,126.1,25.1,-0.3,medium,low,medium,1,0,rule-derived from synthetic thresholds
4178,7,Pune,clay,Onion,520,5.2,133,0.74,7.47,1.19,11.1,32.8,21.5,-0.85,medium,low,medium,1,0,rule-derived from synthetic thresholds
4179,3,Madurai,sandy,Turmeric,405,10.2,159,0.86,6.79,0.92,13.3,46.1,26.6,-0.8,medium,medium,medium,0,0,rule-derived from synthetic thresholds
4180,14,Dharwad,clay,Green gram,241,10.8,351,0.39,9.2,1.15,152.3,522.3,27.2,0.54,low,medium,high,1,1,rule-derived from synthetic thresholds
4181,7,Pune,clay,Sugarcane,406,8.3,319,0.52,7.47,0.24,161.8,371.8,22.0,-0.42,medium,low,high,1,1,rule-derived from synthetic thresholds
4182,2,Coimbatore,loam,Chilli,538,13.5,371,0.73,7.41,0.52,93.9,304.2,25.5,-0.27,medium,medium,high,0,1,rule-derived from synthetic thresholds
4183,5,Karnal,loam,Rice,293,14.7,180,0.55,7.2,0.57,13.9,42.2,23.7,-0.97,medium,medium,medium,0,0,rule-derived from synthetic thresholds
4184,9,Indore,clay,Pearl millet,390,17.5,281,0.69,8.36,0.28,342.5,1123.7,27.6,-0.89,medium,medium,high,0,1,rule-derived from synthetic thresholds
4185,5,Karnal,loam,Wheat,280,48.7,251,0.32,5.72,0.37,192.0,469.7,22.2,0.67,medium,high,medium,0,1,rule-derived from synthetic thresholds
4186,15,Kolkata (24 Pgs),clay,Potato,461,15.8,152,0.68,8.48,1.24,85.5,283.5,30.2,0.16,medium,medium,medium,0,0,rule-derived from synthetic thresholds
4187,10,Jaipur,sandy,Wheat,144,23.7,63,0.2,5.02,0.65,28.2,86.6,26.7,0.91,low,medium,low,1,0,rule-derived from synthetic thresholds
4188,2,Coimbatore,loam,Banana,416,18.5,217,0.71,6.32,0.17,18.5,48.7,23.5,-0.19,medium,medium,medium,0,0,rule-derived from synthetic thresholds
4189,6,Nagpur,clay,Wheat,343,16.2,246,0.55,7.42,0.35,50.7,130.8,23.6,-0.25,medium,medium,medium,0,0,rule-derived from synthetic thresholds
4190,6,Nagpur,clay,Soybean,524,21.2,206,0.61,8.17,0.27,186.8,465.4,26.9,-0.26,medium,medium,medium,0,0,rule-derived from synthetic thresholds
4191,3,Madurai,sandy,Rice,285,6.2,69,0.26,7.29,0.33,6.4,17.5,30.9,-0.39,medium,low,low,1,0,rule-derived from synthetic thresholds
4192,1,Thanjavur,clay,Sunflower,501,9.4,233,1.14,7.94,0.97,39.1,83.6,28.7,-0.63,medium,low,medium,1,0,rule-derived from synthetic thresholds
4193,2,Coimbatore,loam,Maize,371,7.6,203,0.54,8.06,0.97,13.4,30.4,27.9,1.22,medium,low,medium,1,0,rule-derived from synthetic thresholds
4194,11,Kanpur,loam,Potato,440,8.4,212,0.52,6.08,0.45,28.0,67.4,27.6,-0.49,medium,low,medium,1,0,rule-derived from synthetic thresholds
4195,4,Ludhiana,sandy,Rice,434,27.2,128,0.62,6.1,0.21,28.8,91.0,33.2,-0.17,medium,high,medium,0,1,rule-derived from synthetic thresholds
4196,7,Pune,clay,Banana,368,36.4,269,0.55,6.81,2.06,8.7,19.1,27.9,-1.75,medium,high,medium,0,1,rule-derived from synthetic thresholds
4197,3,Madurai,sandy,Rice,392,21.3,113,0.51,7.52,0.61,37.8,128.5,34.0,-0.5,medium,medium,medium,0,0,rule-derived from synthetic thresholds
4198,15,Kolkata (24 Pgs),clay,Mustard,317,10.4,326,0.57,8.13,1.47,190.2,466.3,24.1,-1.2,medium,medium,high,0,1,rule-derived from synthetic thresholds
4199,15,Kolkata (24 Pgs),clay,Mustard,374,4.8,420,0.67,6.83,0.31,29.8,107.2,30.4,-0.02,medium,low,high,1,1,rule-derived from synthetic thresholds
4200,11,Kanpur,loam,Maize,359,11.9,173,0.39,8.0,0.23,73.3,231.4,28.5,-1.66,medium,medium,medium,0,0,rule-derived from synthetic thresholds
4201,5,Karnal,loam,Wheat,372,13.7,268,0.8,5.77,1.07,72.6,243.8,21.3,0.75,medium,medium,medium,0,0,rule-derived from synthetic thresholds
4202,10,Jaipur,sandy,Wheat,202,10.8,85,0.33,6.42,0.2,43.2,139.9,22.7,-0.91,low,medium,low,1,0,rule-derived from synthetic thresholds
4203,6,Nagpur,clay,Cotton,368,15.9,178,0.5,8.78,0.34,55.0,195.3,30.2,0.91,medium,medium,medium,0,0,rule-derived from synthetic thresholds
4204,14,Dharwad,clay,Chilli,404,6.9,240,0.77,7.59,1.2,70.6,210.4,23.3,-0.31,medium,low,medium,1,0,rule-derived from synthetic thresholds
4205,10,Jaipur,sandy,Pearl millet,440,10.8,214,0.43,6.48,1.04,11.0,30.9,23.4,0.34,medium,medium,medium,0,0,rule-derived from synthetic thresholds
4206,2,Coimbatore,loam,Cotton,495,30.1,255,0.74,6.3,0.73,68.7,159.5,18.5,-1.04,medium,high,medium,0,1,rule-derived from synthetic thresholds
4207,2,Coimbatore,loam,Sorghum,463,15.2,282,0.79,7.77,0.99,54.5,176.6,22.0,-2.11,medium,medium,high,0,1,rule-derived from synthetic thresholds
4208,12,Patna,loam,Maize,380,11.6,213,0.68,8.34,0.95,120.5,261.3,30.2,0.02,medium,medium,medium,0,0,rule-derived from synthetic thresholds
4209,11,Kanpur,loam,Tomato,283,6.6,231,0.66,7.57,0.9,195.5,477.7,28.2,0.37,medium,low,medium,1,0,rule-derived from synthetic thresholds
4210,11,Kanpur,loam,Wheat,309,34.7,375,0.41,5.81,0.61,25.5,55.8,24.7,-0.6,medium,high,high,0,1,rule-derived from synthetic thresholds
4211,5,Karnal,loam,Chickpea,442,7.6,74,0.76,6.51,0.52,134.2,472.7,27.4,-0.35,medium,low,low,1,0,rule-derived from synthetic thresholds
4212,11,Kanpur,loam,Wheat,277,36.3,184,0.44,6.28,0.33,68.9,158.9,19.3,-1.28,low,high,medium,1,1,rule-derived from synthetic thresholds
4213,5,Karnal,loam,Onion,429,14.1,233,0.55,7.92,1.63,100.6,305.9,23.2,-1.0,medium,medium,medium,0,0,rule-derived from synthetic thresholds
4214,10,Jaipur,sandy,Pearl millet,406,12.4,34,0.44,5.77,0.25,10.8,34.5,24.9,0.05,medium,medium,low,1,0,rule-derived from synthetic thresholds
4215,5,Karnal,loam,Sugarcane,273,5.7,303,0.25,8.72,0.37,57.8,133.4,21.7,1.11,low,low,high,1,1,rule-derived from synthetic thresholds
4216,2,Coimbatore,loam,Sorghum,347,9.0,320,0.31,7.21,0.69,75.8,218.2,25.5,1.21,medium,low,high,1,1,rule-derived from synthetic thresholds
4217,13,Bengaluru Rural,sandy,Lentil,338,34.1,87,0.33,5.81,0.35,105.4,339.5,22.4,0.86,medium,high,low,1,1,rule-derived from synthetic thresholds
4218,13,Bengaluru Rural,sandy,Maize,430,16.8,93,0.72,6.08,0.57,29.3,104.3,31.9,-0.6,medium,medium,low,1,0,rule-derived from synthetic thresholds
4219,12,Patna,loam,Maize,443,16.0,59,0.59,6.59,1.26,160.8,509.0,26.9,1.16,medium,medium,low,1,0,rule-derived from synthetic thresholds
4220,10,Jaipur,sandy,Mustard,393,6.2,33,0.71,7.71,1.71,17.4,62.0,24.7,-0.29,medium,low,low,1,0,rule-derived from synthetic thresholds
4221,10,Jaipur,sandy,Green gram,517,15.4,143,0.73,6.6,0.55,9.9,23.8,24.9,0.42,medium,medium,medium,0,0,rule-derived from synthetic thresholds
4222,12,Patna,loam,Rice,381,19.1,228,0.6,6.52,0.22,18.7,57.3,24.6,-0.3,medium,medium,medium,0,0,rule-derived from synthetic thresholds
4223,9,Indore,clay,Sunflower,403,11.1,313,0.72,8.15,0.51,25.7,76.5,29.1,-0.63,medium,medium,high,0,1,rule-derived from synthetic thresholds
4224,14,Dharwad,clay,Tomato,470,15.2,269,0.99,7.84,1.14,24.6,67.7,21.4,-0.07,medium,medium,medium,0,0,rule-derived from synthetic thresholds
4225,12,Patna,loam,Maize,420,24.7,152,0.43,8.51,0.45,8.7,30.8,31.7,-0.36,medium,medium,medium,0,0,rule-derived from synthetic thresholds
4226,9,Indore,clay,Wheat,482,38.0,276,0.86,8.44,0.98,90.6,291.4,24.2,0.94,medium,high,medium,0,1,rule-derived from synthetic thresholds
4227,9,Indore,clay,Soybean,324,20.7,159,0.72,6.99,1.32,123.8,413.7,27.7,-0.47,medium,medium,medium,0,0,rule-derived from synthetic thresholds
4228,15,Kolkata (24 Pgs),clay,Rice,535,22.1,158,0.81,7.59,0.82,242.4,652.6,21.6,0.1,medium,medium,medium,0,0,rule-derived from synthetic thresholds
4229,8,Guntur,clay,Chickpea,366,17.6,306,0.42,9.2,0.26,69.8,165.8,24.3,1.66,medium,medium,high,0,1,rule-derived from synthetic thresholds
4230,2,Coimbatore,loam,Sorghum,444,12.6,298,0.9,7.08,0.37,22.1,66.3,25.1,0.82,medium,medium,high,0,1,rule-derived from synthetic thresholds
4231,13,Bengaluru Rural,sandy,Tomato,219,9.2,188,0.41,6.86,0.59,99.1,272.0,22.0,0.08,low,low,medium,1,0,rule-derived from synthetic thresholds
4232,1,Thanjavur,clay,Rice,477,14.4,143,0.58,7.29,0.7,17.1,43.1,28.7,0.37,medium,medium,medium,0,0,rule-derived from synthetic thresholds
4233,4,Ludhiana,sandy,Sunflower,413,10.1,92,0.54,6.45,0.17,158.0,494.7,20.2,-0.97,medium,medium,low,1,0,rule-derived from synthetic thresholds
4234,5,Karnal,loam,Wheat,381,5.8,240,0.65,7.39,0.34,137.9,483.1,21.3,1.42,medium,low,medium,1,0,rule-derived from synthetic thresholds
4235,1,Thanjavur,clay,Rice,365,11.9,180,0.81,8.08,0.33,29.4,80.1,32.9,-0.24,medium,medium,medium,0,0,rule-derived from synthetic thresholds
4236,4,Ludhiana,sandy,Maize,333,5.5,170,0.38,5.62,1.52,46.9,109.9,18.8,-1.64,medium,low,medium,1,0,rule-derived from synthetic thresholds
4237,3,Madurai,sandy,Cotton,260,12.4,150,0.31,7.36,0.46,61.6,157.6,27.6,1.16,low,medium,medium,1,0,rule-derived from synthetic thresholds
4238,9,Indore,clay,Maize,444,7.9,257,0.53,7.49,0.33,35.0,99.0,23.5,-0.45,medium,low,medium,1,0,rule-derived from synthetic thresholds
4239,14,Dharwad,clay,Sorghum,281,19.3,208,0.56,8.04,1.25,39.4,116.7,20.9,-0.83,medium,medium,medium,0,0,rule-derived from synthetic thresholds
4240,5,Karnal,loam,Rice,255,6.3,249,0.47,7.26,0.71,4.8,13.4,29.4,-0.76,low,low,medium,1,0,rule-derived from synthetic thresholds
4241,6,Nagpur,clay,Wheat,410,24.7,148,0.56,7.57,0.39,50.1,144.4,27.8,1.24,medium,medium,medium,0,0,rule-derived from synthetic thresholds
4242,11,Kanpur,loam,Wheat,381,6.5,259,0.51,7.61,0.73,68.6,142.1,24.0,1.68,medium,low,medium,1,0,rule-derived from synthetic thresholds
4243,11,Kanpur,loam,Rice,253,23.0,30,0.36,8.65,1.39,71.9,249.2,22.9,0.96,low,medium,low,1,0,rule-derived from synthetic thresholds
4244,15,Kolkata (24 Pgs),clay,Potato,337,19.3,335,0.69,9.16,0.52,40.3,90.7,32.8,0.47,medium,medium,high,0,1,rule-derived from synthetic thresholds
4245,8,Guntur,clay,Banana,411,16.7,178,0.77,8.66,2.62,38.3,109.7,25.9,1.15,medium,medium,medium,0,0,rule-derived from synthetic thresholds
4246,12,Patna,loam,Maize,326,12.1,207,0.62,7.17,0.28,17.9,48.0,25.1,-0.23,medium,medium,medium,0,0,rule-derived from synthetic thresholds
4247,13,Bengaluru Rural,sandy,Tomato,181,10.8,107,0.38,4.75,0.58,82.0,278.7,23.3,-0.22,low,medium,low,1,0,rule-derived from synthetic thresholds
4248,7,Pune,clay,Sugarcane,402,9.9,303,0.54,6.84,0.42,27.1,58.3,22.4,1.11,medium,low,high,1,1,rule-derived from synthetic thresholds
4249,13,Bengaluru Rural,sandy,Maize,350,13.5,108,0.49,6.41,0.27,49.6,107.5,27.8,-0.85,medium,medium,low,1,0,rule-derived from synthetic thresholds
4250,15,Kolkata (24 Pgs),clay,Mustard,383,8.7,190,0.56,7.44,0.89,97.5,245.0,27.4,1.98,medium,low,medium,1,0,rule-derived from synthetic thresholds
4251,2,Coimbatore,loam,Rice,238,7.1,190,0.1,6.55,0.51,11.5,31.6,23.8,0.56,low,low,medium,1,0,rule-derived from synthetic thresholds
4252,12,Patna,loam,Wheat,230,6.7,299,0.22,6.55,0.37,167.1,542.1,26.6,-1.7,low,low,high,1,1,rule-derived from synthetic thresholds
4253,10,Jaipur,sandy,Wheat,362,7.3,183,0.18,6.91,0.18,8.2,20.5,30.0,-1.04,medium,low,medium,1,0,rule-derived from synthetic thresholds
4254,13,Bengaluru Rural,sandy,Tomato,482,14.7,102,0.55,5.87,1.37,27.2,88.9,23.7,0.08,medium,medium,low,1,0,rule-derived from synthetic thresholds
4255,9,Indore,clay,Chickpea,511,10.9,359,0.85,7.28,0.54,50.1,176.7,25.6,1.67,medium,medium,high,0,1,rule-derived from synthetic thresholds
4256,4,Ludhiana,sandy,Wheat,188,5.5,67,0.29,5.93,0.39,36.2,109.9,26.3,-0.9,low,low,low,1,0,rule-derived from synthetic thresholds
4257,7,Pune,clay,Sugarcane,492,5.5,468,0.72,9.06,0.69,50.9,119.7,21.5,-1.29,medium,low,high,1,1,rule-derived from synthetic thresholds
4258,11,Kanpur,loam,Wheat,417,11.7,189,0.46,7.0,0.4,62.5,202.8,30.2,0.08,medium,medium,medium,0,0,rule-derived from synthetic thresholds
4259,14,Dharwad,clay,Potato,560,27.9,225,0.78,8.43,0.28,51.6,120.9,27.5,-0.42,medium,high,medium,0,1,rule-derived from synthetic thresholds
4260,2,Coimbatore,loam,Maize,422,10.8,201,0.46,7.25,1.08,4.3,9.4,31.2,-1.3,medium,medium,medium,0,0,rule-derived from synthetic thresholds
4261,3,Madurai,sandy,Chilli,334,37.4,169,0.42,6.19,0.64,16.2,44.9,27.7,0.02,medium,high,medium,0,1,rule-derived from synthetic thresholds
4262,4,Ludhiana,sandy,Wheat,271,10.4,127,0.13,6.78,0.25,31.4,107.5,23.5,0.47,low,medium,medium,1,0,rule-derived from synthetic thresholds
4263,9,Indore,clay,Soybean,256,16.2,219,0.34,7.17,1.51,185.3,401.9,27.7,2.52,low,medium,medium,1,0,rule-derived from synthetic thresholds
4264,1,Thanjavur,clay,Green gram,294,8.2,316,0.63,8.32,0.29,128.9,322.6,31.1,0.61,medium,low,high,1,1,rule-derived from synthetic thresholds
4265,15,Kolkata (24 Pgs),clay,Potato,461,18.5,265,0.78,7.11,0.75,64.5,157.8,25.0,0.26,medium,medium,medium,0,0,rule-derived from synthetic thresholds
4266,11,Kanpur,loam,Rice,347,35.4,302,0.66,7.85,2.35,150.9,454.7,24.3,0.98,medium,high,high,0,1,rule-derived from synthetic thresholds
4267,14,Dharwad,clay,Chilli,313,5.0,171,0.51,8.07,0.22,41.9,135.3,30.9,0.79,medium,low,medium,1,0,rule-derived from synthetic thresholds
4268,1,Thanjavur,clay,Groundnut,371,26.0,305,0.65,7.37,0.79,41.1,117.1,34.9,1.2,medium,high,high,0,1,rule-derived from synthetic thresholds
4269,5,Karnal,loam,Onion,532,50.9,410,0.93,6.46,0.57,9.7,25.5,19.5,0.32,medium,high,high,0,1,rule-derived from synthetic thresholds
4270,7,Pune,clay,Banana,232,12.3,327,0.65,7.46,0.17,20.6,56.2,24.3,-1.2,low,medium,high,1,1,rule-derived from synthetic thresholds
4271,12,Patna,loam,Rice,442,2.5,273,0.62,7.27,0.61,63.9,207.1,21.8,-0.37,medium,low,medium,1,0,rule-derived from synthetic thresholds
4272,10,Jaipur,sandy,Mustard,341,6.6,30,0.3,6.26,1.15,96.6,203.9,23.4,-0.69,medium,low,low,1,0,rule-derived from synthetic thresholds
4273,7,Pune,clay,Sugarcane,350,7.7,199,0.71,8.09,1.3,87.3,250.1,27.7,-1.66,medium,low,medium,1,0,rule-derived from synthetic thresholds
4274,5,Karnal,loam,Chilli,282,8.7,61,0.38,7.69,0.76,20.2,71.4,25.2,0.91,medium,low,low,1,0,rule-derived from synthetic thresholds
4275,5,Karnal,loam,Green gram,374,15.0,156,0.57,7.47,0.68,62.2,137.2,24.7,0.18,medium,medium,medium,0,0,rule-derived from synthetic thresholds
4276,6,Nagpur,clay,Soybean,547,14.4,188,0.58,7.77,0.4,47.7,107.8,23.4,0.33,medium,medium,medium,0,0,rule-derived from synthetic thresholds
4277,11,Kanpur,loam,Wheat,408,6.5,48,0.7,6.76,0.48,91.9,225.2,24.8,1.03,medium,low,low,1,0,rule-derived from synthetic thresholds
4278,14,Dharwad,clay,Cotton,293,13.0,247,0.68,9.11,0.82,231.6,561.4,23.5,1.16,medium,medium,medium,0,0,rule-derived from synthetic thresholds
4279,8,Guntur,clay,Chilli,438,26.5,383,0.72,6.81,0.54,62.6,198.1,28.2,1.02,medium,high,high,0,1,rule-derived from synthetic thresholds
4280,14,Dharwad,clay,Potato,541,15.7,339,0.72,8.67,1.43,87.7,230.6,26.5,0.41,medium,medium,high,0,1,rule-derived from synthetic thresholds
4281,5,Karnal,loam,Rice,308,8.0,154,0.62,7.67,0.8,115.0,275.4,25.1,-1.4,medium,low,medium,1,0,rule-derived from synthetic thresholds
4282,13,Bengaluru Rural,sandy,Maize,255,15.9,103,0.53,8.13,0.27,40.3,142.9,23.0,-0.9,low,medium,low,1,0,rule-derived from synthetic thresholds
4283,1,Thanjavur,clay,Green gram,256,4.5,191,0.37,7.09,0.71,122.1,401.7,27.9,-0.4,low,low,medium,1,0,rule-derived from synthetic thresholds
4284,12,Patna,loam,Groundnut,421,43.5,30,0.31,7.68,0.47,35.8,86.3,30.6,1.82,medium,high,low,1,1,rule-derived from synthetic thresholds
4285,15,Kolkata (24 Pgs),clay,Mustard,369,38.1,163,0.6,6.29,0.36,84.7,261.8,22.3,-0.13,medium,high,medium,0,1,rule-derived from synthetic thresholds
4286,5,Karnal,loam,Rice,381,40.5,159,0.66,7.83,1.3,154.0,474.7,27.7,-0.46,medium,high,medium,0,1,rule-derived from synthetic thresholds
4287,11,Kanpur,loam,Pearl millet,310,31.8,226,0.58,5.93,0.54,57.7,148.0,23.9,0.34,medium,high,medium,0,1,rule-derived from synthetic thresholds
4288,2,Coimbatore,loam,Cotton,240,3.2,195,0.29,8.39,1.21,23.9,63.1,26.0,-0.39,low,low,medium,1,0,rule-derived from synthetic thresholds
4289,13,Bengaluru Rural,sandy,Tomato,388,78.1,167,0.48,6.46,1.81,29.2,59.4,20.2,-0.74,medium,high,medium,0,1,rule-derived from synthetic thresholds
4290,8,Guntur,clay,Groundnut,512,15.0,255,0.92,9.2,0.52,134.3,291.3,27.2,0.17,medium,medium,medium,0,0,rule-derived from synthetic thresholds
4291,7,Pune,clay,Maize,360,23.4,207,0.82,8.5,0.27,34.9,77.1,24.6,-0.68,medium,medium,medium,0,0,rule-derived from synthetic thresholds
4292,14,Dharwad,clay,Chilli,370,12.4,177,0.77,7.51,0.16,157.3,444.3,28.5,-0.56,medium,medium,medium,0,0,rule-derived from synthetic thresholds
4293,14,Dharwad,clay,Lentil,305,36.2,236,0.64,8.06,0.35,23.8,70.5,24.1,-0.74,medium,high,medium,0,1,rule-derived from synthetic thresholds
4294,4,Ludhiana,sandy,Maize,196,23.2,47,0.19,6.45,0.95,75.6,157.8,27.4,-0.01,low,medium,low,1,0,rule-derived from synthetic thresholds
4295,15,Kolkata (24 Pgs),clay,Rice,523,10.6,212,0.84,9.18,0.4,23.4,58.0,26.8,-0.14,medium,medium,medium,0,0,rule-derived from synthetic thresholds
4296,4,Ludhiana,sandy,Wheat,446,8.5,135,0.71,6.5,1.76,100.9,302.4,25.4,-0.85,medium,low,medium,1,0,rule-derived from synthetic thresholds
4297,13,Bengaluru Rural,sandy,Tomato,309,14.1,30,0.52,4.99,0.56,217.0,662.8,23.2,-1.85,medium,medium,low,1,0,rule-derived from synthetic thresholds
4298,12,Patna,loam,Maize,347,12.1,275,0.59,6.98,1.46,261.9,702.3,29.2,1.32,medium,medium,medium,0,0,rule-derived from synthetic thresholds
4299,8,Guntur,clay,Chilli,406,4.7,420,0.15,6.87,0.25,85.2,261.3,31.3,0.51,medium,low,high,1,1,rule-derived from synthetic thresholds
4300,9,Indore,clay,Soybean,438,32.1,243,0.75,8.99,0.78,84.2,171.4,25.4,0.12,medium,high,medium,0,1,rule-derived from synthetic thresholds
4301,6,Nagpur,clay,Pigeon pea,468,9.6,260,0.68,6.66,1.31,6.1,18.7,31.4,-1.46,medium,low,medium,1,0,rule-derived from synthetic thresholds
4302,7,Pune,clay,Onion,422,26.3,286,0.78,7.36,1.31,5.2,15.6,26.4,-0.33,medium,high,high,0,1,rule-derived from synthetic thresholds
4303,8,Guntur,clay,Groundnut,382,11.9,105,0.68,8.82,0.22,37.2,123.4,32.2,-1.33,medium,medium,low,1,0,rule-derived from synthetic thresholds
4304,13,Bengaluru Rural,sandy,Sunflower,334,25.4,251,0.45,6.07,0.33,21.0,63.1,24.0,0.71,medium,high,medium,0,1,rule-derived from synthetic thresholds
4305,8,Guntur,clay,Chilli,337,68.7,258,0.6,6.95,0.53,90.0,228.0,30.4,0.6,medium,high,medium,0,1,rule-derived from synthetic thresholds
4306,9,Indore,clay,Chickpea,233,11.0,377,0.46,6.31,0.26,183.2,445.0,26.9,-0.04,low,medium,high,1,1,rule-derived from synthetic thresholds
4307,11,Kanpur,loam,Groundnut,359,11.2,196,0.39,6.75,0.14,17.8,63.6,26.4,-0.75,medium,medium,medium,0,0,rule-derived from synthetic thresholds
4308,14,Dharwad,clay,Potato,415,5.0,346,0.59,7.47,0.53,4.2,14.4,24.7,-0.52,medium,low,high,1,1,rule-derived from synthetic thresholds
4309,13,Bengaluru Rural,sandy,Maize,393,7.4,325,0.65,7.4,0.54,248.5,844.8,26.5,0.19,medium,low,high,1,1,rule-derived from synthetic thresholds
4310,6,Nagpur,clay,Banana,380,6.1,245,0.58,8.97,2.11,23.7,79.9,28.3,0.25,medium,low,medium,1,0,rule-derived from synthetic thresholds
4311,13,Bengaluru Rural,sandy,Maize,401,6.7,143,0.51,5.46,0.45,68.8,234.6,24.4,0.15,medium,low,medium,1,0,rule-derived from synthetic thresholds
4312,7,Pune,clay,Maize,589,38.1,224,0.77,7.3,0.41,7.7,20.4,24.9,-0.51,high,high,medium,0,1,rule-derived from synthetic thresholds
4313,2,Coimbatore,loam,Cotton,472,5.9,449,0.43,6.11,0.33,14.4,39.0,23.5,0.31,medium,low,high,1,1,rule-derived from synthetic thresholds
4314,2,Coimbatore,loam,Banana,367,7.4,266,0.46,7.48,0.25,26.1,69.8,29.1,-1.04,medium,low,medium,1,0,rule-derived from synthetic thresholds
4315,4,Ludhiana,sandy,Chilli,259,16.4,30,0.36,5.93,0.18,56.5,195.3,23.4,-0.19,low,medium,low,1,0,rule-derived from synthetic thresholds
4316,6,Nagpur,clay,Soybean,317,19.2,299,0.37,9.2,0.72,122.0,308.1,21.2,-0.81,medium,medium,high,0,1,rule-derived from synthetic thresholds
4317,7,Pune,clay,Maize,549,19.0,284,0.85,7.62,0.69,110.4,234.7,24.2,0.27,medium,medium,high,0,1,rule-derived from synthetic thresholds
4318,3,Madurai,sandy,Green gram,439,8.8,77,0.48,7.41,0.32,99.2,286.7,21.0,-0.14,medium,low,low,1,0,rule-derived from synthetic thresholds
4319,3,Madurai,sandy,Chilli,264,14.2,151,0.12,7.24,0.52,55.0,182.8,31.5,1.9,low,medium,medium,1,0,rule-derived from synthetic thresholds
4320,1,Thanjavur,clay,Green gram,460,9.5,328,0.67,8.62,0.48,130.1,322.1,27.8,0.08,medium,low,high,1,1,rule-derived from synthetic thresholds
4321,14,Dharwad,clay,Turmeric,445,9.7,140,0.64,7.64,0.72,23.1,80.7,20.9,0.06,medium,low,medium,1,0,rule-derived from synthetic thresholds
4322,4,Ludhiana,sandy,Wheat,405,2.3,146,0.41,7.05,0.35,58.5,195.7,21.5,-1.31,medium,low,medium,1,0,rule-derived from synthetic thresholds
4323,10,Jaipur,sandy,Pearl millet,347,9.9,30,0.38,7.01,0.9,19.9,40.3,25.0,-0.03,medium,low,low,1,0,rule-derived from synthetic thresholds
4324,8,Guntur,clay,Chilli,444,12.5,185,0.7,6.61,0.41,32.4,103.2,27.3,-1.33,medium,medium,medium,0,0,rule-derived from synthetic thresholds
4325,6,Nagpur,clay,Pigeon pea,545,26.2,262,0.98,7.95,0.41,30.1,67.1,28.2,0.22,medium,high,medium,0,1,rule-derived from synthetic thresholds
4326,4,Ludhiana,sandy,Potato,453,16.6,231,0.8,5.85,0.53,34.6,77.5,22.8,-1.08,medium,medium,medium,0,0,rule-derived from synthetic thresholds
4327,1,Thanjavur,clay,Potato,405,8.8,316,0.41,8.34,1.24,89.6,180.0,31.1,-1.71,medium,low,high,1,1,rule-derived from synthetic thresholds
4328,2,Coimbatore,loam,Sorghum,324,6.4,255,0.38,7.0,0.58,0.9,2.2,22.3,-1.05,medium,low,medium,1,0,rule-derived from synthetic thresholds
4329,11,Kanpur,loam,Wheat,267,32.9,225,0.3,6.41,1.24,112.8,335.3,25.0,0.22,low,high,medium,1,1,rule-derived from synthetic thresholds
4330,7,Pune,clay,Pearl millet,593,6.1,383,0.92,6.73,0.25,91.9,206.8,27.7,-0.09,high,low,high,1,1,rule-derived from synthetic thresholds
4331,15,Kolkata (24 Pgs),clay,Potato,442,27.3,215,0.62,7.6,0.95,86.6,306.2,25.8,1.49,medium,high,medium,0,1,rule-derived from synthetic thresholds
4332,3,Madurai,sandy,Cotton,564,6.1,46,0.73,6.62,0.45,80.3,237.2,28.0,2.55,high,low,low,1,1,rule-derived from synthetic thresholds
4333,14,Dharwad,clay,Pearl millet,555,13.5,359,0.72,8.59,0.65,23.5,67.3,32.5,1.82,medium,medium,high,0,1,rule-derived from synthetic thresholds
4334,2,Coimbatore,loam,Banana,409,17.5,240,0.4,6.98,1.74,125.8,336.7,22.6,0.47,medium,medium,medium,0,0,rule-derived from synthetic thresholds
4335,11,Kanpur,loam,Potato,403,3.8,143,0.61,7.4,0.29,11.6,25.3,22.5,1.99,medium,low,medium,1,0,rule-derived from synthetic thresholds
4336,15,Kolkata (24 Pgs),clay,Potato,392,54.4,94,0.62,7.22,0.73,103.3,325.0,28.6,-2.13,medium,high,low,1,1,rule-derived from synthetic thresholds
4337,3,Madurai,sandy,Cotton,224,11.7,113,0.55,6.22,0.38,63.9,224.2,26.5,-1.15,low,medium,medium,1,0,rule-derived from synthetic thresholds
4338,8,Guntur,clay,Cotton,275,14.2,276,0.53,7.51,0.61,28.4,99.4,30.2,-0.94,low,medium,medium,1,0,rule-derived from synthetic thresholds
4339,14,Dharwad,clay,Cotton,480,48.1,106,0.7,7.26,0.62,38.1,109.8,24.1,0.3,medium,high,low,1,1,rule-derived from synthetic thresholds
4340,13,Bengaluru Rural,sandy,Tomato,305,27.3,77,0.27,7.86,0.37,231.3,715.1,22.9,-0.82,medium,high,low,1,1,rule-derived from synthetic thresholds
4341,4,Ludhiana,sandy,Rice,429,10.1,110,0.32,7.7,1.34,41.1,105.1,20.5,-0.7,medium,medium,medium,0,0,rule-derived from synthetic thresholds
4342,3,Madurai,sandy,Rice,304,6.6,188,0.33,5.93,0.3,8.1,18.9,29.2,-0.81,medium,low,medium,1,0,rule-derived from synthetic thresholds
4343,6,Nagpur,clay,Cotton,451,4.1,301,0.55,6.81,0.32,56.1,179.5,25.2,-2.49,medium,low,high,1,1,rule-derived from synthetic thresholds
4344,7,Pune,clay,Onion,484,19.6,231,0.78,8.09,0.4,25.9,62.0,25.0,-0.0,medium,medium,medium,0,0,rule-derived from synthetic thresholds
4345,5,Karnal,loam,Wheat,436,11.0,242,0.75,5.83,0.33,73.5,190.1,23.6,-0.89,medium,medium,medium,0,0,rule-derived from synthetic thresholds
4346,2,Coimbatore,loam,Cotton,376,9.8,216,0.77,5.49,0.98,71.4,183.0,26.2,0.91,medium,low,medium,1,0,rule-derived from synthetic thresholds
4347,8,Guntur,clay,Rice,205,8.8,345,0.69,6.68,0.37,5.5,12.4,27.3,-1.39,low,low,high,1,1,rule-derived from synthetic thresholds
4348,7,Pune,clay,Sugarcane,307,6.5,336,0.45,7.11,0.39,74.9,174.8,22.0,-0.75,medium,low,high,1,1,rule-derived from synthetic thresholds
4349,5,Karnal,loam,Sugarcane,322,10.9,275,0.17,7.4,0.85,65.2,215.5,27.0,1.41,medium,medium,medium,0,0,rule-derived from synthetic thresholds
4350,13,Bengaluru Rural,sandy,Tomato,440,4.4,194,0.58,6.02,1.58,73.0,180.3,25.8,0.68,medium,low,medium,1,0,rule-derived from synthetic thresholds
4351,5,Karnal,loam,Sugarcane,328,2.7,222,0.67,8.92,0.87,42.9,150.9,21.3,0.3,medium,low,medium,1,0,rule-derived from synthetic thresholds
4352,14,Dharwad,clay,Cotton,242,11.3,218,0.47,8.23,0.33,102.0,247.9,22.6,-0.41,low,medium,medium,1,0,rule-derived from synthetic thresholds
4353,1,Thanjavur,clay,Green gram,492,13.4,219,0.53,7.17,0.26,32.0,107.9,32.3,-0.03,medium,medium,medium,0,0,rule-derived from synthetic thresholds
4354,8,Guntur,clay,Cotton,321,25.7,355,0.37,7.26,0.21,71.8,247.5,27.8,0.03,medium,high,high,0,1,rule-derived from synthetic thresholds
4355,15,Kolkata (24 Pgs),clay,Mustard,395,8.5,63,0.4,7.6,0.71,117.1,398.2,24.4,-0.49,medium,low,low,1,0,rule-derived from synthetic thresholds
4356,5,Karnal,loam,Soybean,331,9.4,138,0.43,6.94,0.48,57.7,145.8,25.7,1.25,medium,low,medium,1,0,rule-derived from synthetic thresholds
4357,10,Jaipur,sandy,Soybean,386,7.4,30,0.41,6.67,0.3,31.5,91.4,25.5,-0.49,medium,low,low,1,0,rule-derived from synthetic thresholds
4358,12,Patna,loam,Groundnut,463,21.3,294,1.05,8.03,0.27,16.4,47.1,32.1,-0.62,medium,medium,high,0,1,rule-derived from synthetic thresholds
4359,6,Nagpur,clay,Soybean,418,10.8,349,0.67,7.24,0.73,128.7,453.7,26.6,-1.79,medium,medium,high,0,1,rule-derived from synthetic thresholds
4360,10,Jaipur,sandy,Groundnut,413,8.2,284,0.49,5.27,0.77,32.7,106.7,25.4,1.59,medium,low,high,1,1,rule-derived from synthetic thresholds
4361,10,Jaipur,sandy,Pearl millet,304,6.8,171,0.4,6.72,1.82,128.4,434.4,24.2,-0.39,medium,low,medium,1,0,rule-derived from synthetic thresholds
4362,8,Guntur,clay,Chilli,412,13.0,343,0.67,6.98,0.6,68.6,153.6,24.1,-0.69,medium,medium,high,0,1,rule-derived from synthetic thresholds
4363,6,Nagpur,clay,Mustard,365,31.6,301,0.77,7.26,0.41,69.0,173.4,29.9,-0.03,medium,high,high,0,1,rule-derived from synthetic thresholds
4364,8,Guntur,clay,Rice,511,6.6,243,0.91,9.2,0.41,12.6,38.9,31.9,-0.84,medium,low,medium,1,0,rule-derived from synthetic thresholds
4365,3,Madurai,sandy,Cotton,453,10.5,272,0.59,7.63,0.63,490.6,1063.1,23.9,0.29,medium,medium,medium,0,0,rule-derived from synthetic thresholds
4366,8,Guntur,clay,Cotton,379,10.8,329,0.52,8.59,0.29,29.9,90.7,31.3,-0.07,medium,medium,high,0,1,rule-derived from synthetic thresholds
4367,5,Karnal,loam,Sugarcane,316,11.4,38,0.28,6.94,0.88,125.4,262.1,21.8,0.84,medium,medium,low,1,0,rule-derived from synthetic thresholds
4368,6,Nagpur,clay,Cotton,474,26.4,334,0.54,7.78,2.45,152.7,364.3,30.5,1.21,medium,high,high,0,1,rule-derived from synthetic thresholds
4369,4,Ludhiana,sandy,Maize,406,8.7,120,0.43,5.76,0.95,12.2,31.9,25.0,-0.15,medium,low,medium,1,0,rule-derived from synthetic thresholds
4370,8,Guntur,clay,Sorghum,501,49.6,338,0.85,7.13,0.84,14.6,35.6,27.8,0.34,medium,high,high,0,1,rule-derived from synthetic thresholds
4371,1,Thanjavur,clay,Ragi,410,56.9,261,0.67,6.72,0.37,55.7,148.7,31.9,-0.11,medium,high,medium,0,1,rule-derived from synthetic thresholds
4372,1,Thanjavur,clay,Green gram,322,23.8,263,0.8,8.51,0.27,195.6,427.7,31.1,1.07,medium,medium,medium,0,0,rule-derived from synthetic thresholds
4373,4,Ludhiana,sandy,Mustard,392,4.0,71,0.58,7.84,0.51,59.1,149.2,26.9,-1.82,medium,low,low,1,0,rule-derived from synthetic thresholds
4374,9,Indore,clay,Turmeric,604,19.6,406,1.03,7.13,0.79,33.6,72.7,25.8,0.45,high,medium,high,0,1,rule-derived from synthetic thresholds
4375,4,Ludhiana,sandy,Sugarcane,283,30.7,161,0.34,5.81,0.21,149.0,401.1,24.2,0.06,medium,high,medium,0,1,rule-derived from synthetic thresholds
4376,8,Guntur,clay,Chilli,544,25.7,179,0.84,8.22,0.76,38.4,128.9,26.7,0.09,medium,high,medium,0,1,rule-derived from synthetic thresholds
4377,3,Madurai,sandy,Wheat,275,7.7,221,0.53,7.06,0.08,93.9,288.1,32.6,0.52,low,low,medium,1,0,rule-derived from synthetic thresholds
4378,7,Pune,clay,Onion,201,6.5,229,0.16,7.09,1.05,39.4,106.9,23.7,1.57,low,low,medium,1,0,rule-derived from synthetic thresholds
4379,7,Pune,clay,Lentil,318,6.8,250,0.4,8.2,0.21,30.4,101.6,26.2,0.44,medium,low,medium,1,0,rule-derived from synthetic thresholds
4380,5,Karnal,loam,Tomato,250,13.8,215,0.26,7.25,0.41,417.3,1476.7,29.1,1.66,low,medium,medium,1,0,rule-derived from synthetic thresholds
4381,1,Thanjavur,clay,Rice,575,29.4,382,1.07,7.19,1.72,71.6,223.2,32.6,-0.43,high,high,high,0,1,rule-derived from synthetic thresholds
4382,10,Jaipur,sandy,Mustard,413,9.4,30,0.55,5.94,1.0,32.4,71.0,24.6,-1.09,medium,low,low,1,0,rule-derived from synthetic thresholds
4383,4,Ludhiana,sandy,Maize,417,13.7,257,0.42,5.75,0.24,108.0,321.6,29.2,0.27,medium,medium,medium,0,0,rule-derived from synthetic thresholds
4384,8,Guntur,clay,Cotton,318,13.8,279,0.32,8.23,0.28,62.0,147.3,28.9,-1.01,medium,medium,medium,0,0,rule-derived from synthetic thresholds
4385,11,Kanpur,loam,Wheat,148,14.6,185,0.28,8.33,0.27,4.8,13.5,21.4,3.24,low,medium,medium,1,0,rule-derived from synthetic thresholds
4386,2,Coimbatore,loam,Cotton,354,34.3,119,0.45,5.72,0.29,89.1,211.2,23.8,0.98,medium,high,medium,0,1,rule-derived from synthetic thresholds
4387,11,Kanpur,loam,Wheat,364,2.5,122,0.53,7.59,0.66,201.5,502.6,21.3,0.51,medium,low,medium,1,0,rule-derived from synthetic thresholds
4388,6,Nagpur,clay,Soybean,554,19.8,225,0.86,8.67,0.6,12.1,36.2,26.7,-0.59,medium,medium,medium,0,0,rule-derived from synthetic thresholds
4389,8,Guntur,clay,Cotton,255,9.4,365,0.26,9.2,0.21,32.9,75.4,32.4,-0.12,low,low,high,1,1,rule-derived from synthetic thresholds
4390,2,Coimbatore,loam,Rice,187,9.5,200,0.25,7.73,0.4,64.0,186.0,28.1,-1.8,low,low,medium,1,0,rule-derived from synthetic thresholds
4391,8,Guntur,clay,Chilli,332,10.3,122,0.61,8.03,0.38,202.6,527.5,34.4,-1.19,medium,medium,medium,0,0,rule-derived from synthetic thresholds
4392,6,Nagpur,clay,Pigeon pea,592,4.9,200,0.88,8.7,0.43,15.6,49.7,31.9,-0.4,high,low,medium,1,1,rule-derived from synthetic thresholds
4393,3,Madurai,sandy,Ragi,234,16.9,262,0.42,7.63,0.98,43.5,126.9,28.4,2.11,low,medium,medium,1,0,rule-derived from synthetic thresholds
4394,8,Guntur,clay,Chilli,355,24.1,339,0.61,6.77,0.23,53.1,169.5,29.4,0.16,medium,medium,high,0,1,rule-derived from synthetic thresholds
4395,10,Jaipur,sandy,Pearl millet,340,31.7,252,0.44,6.27,0.57,52.9,149.0,27.8,0.67,medium,high,medium,0,1,rule-derived from synthetic thresholds
4396,6,Nagpur,clay,Cotton,514,71.0,113,0.81,8.33,1.25,86.7,281.2,32.3,-0.77,medium,high,medium,0,1,rule-derived from synthetic thresholds
4397,10,Jaipur,sandy,Maize,215,13.0,112,0.1,7.09,1.03,52.6,136.9,30.0,0.41,low,medium,medium,1,0,rule-derived from synthetic thresholds
4398,6,Nagpur,clay,Soybean,315,29.6,318,0.61,7.42,0.53,6.5,20.1,26.6,-1.09,medium,high,high,0,1,rule-derived from synthetic thresholds
4399,13,Bengaluru Rural,sandy,Tomato,318,2.5,31,0.16,7.48,0.53,46.3,96.0,27.4,-0.33,medium,low,low,1,0,rule-derived from synthetic thresholds
4400,5,Karnal,loam,Rice,453,13.1,159,0.82,8.79,0.56,23.2,62.3,27.8,-0.3,medium,medium,medium,0,0,rule-derived from synthetic thresholds
4401,12,Patna,loam,Chilli,298,41.5,156,0.56,7.43,0.82,93.9,333.8,25.6,0.12,medium,high,medium,0,1,rule-derived from synthetic thresholds
4402,6,Nagpur,clay,Cotton,411,42.9,232,0.67,6.46,0.34,75.8,219.9,31.7,-0.19,medium,high,medium,0,1,rule-derived from synthetic thresholds
4403,9,Indore,clay,Wheat,579,13.6,255,1.03,6.06,0.25,174.1,401.4,26.8,1.58,high,medium,medium,0,1,rule-derived from synthetic thresholds
4404,2,Coimbatore,loam,Maize,347,15.7,218,0.47,7.53,0.92,50.7,149.5,23.9,1.18,medium,medium,medium,0,0,rule-derived from synthetic thresholds
4405,2,Coimbatore,loam,Sorghum,328,22.3,169,0.73,5.53,0.31,98.2,236.5,25.3,1.04,medium,medium,medium,0,0,rule-derived from synthetic thresholds
4406,15,Kolkata (24 Pgs),clay,Mustard,615,21.2,304,0.75,7.31,2.59,44.8,140.0,29.4,-0.1,high,medium,high,0,1,rule-derived from synthetic thresholds
4407,1,Thanjavur,clay,Green gram,513,4.7,330,0.74,7.53,0.44,121.1,289.0,23.9,1.08,medium,low,high,1,1,rule-derived from synthetic thresholds
4408,9,Indore,clay,Wheat,425,18.7,159,0.49,7.95,0.1,49.4,155.3,26.4,-0.13,medium,medium,medium,0,0,rule-derived from synthetic thresholds
4409,7,Pune,clay,Sugarcane,460,13.9,222,0.65,7.43,0.7,48.8,122.9,26.0,-0.94,medium,medium,medium,0,0,rule-derived from synthetic thresholds
4410,10,Jaipur,sandy,Wheat,357,17.0,30,0.41,6.87,1.1,30.4,101.1,22.7,0.2,medium,medium,low,1,0,rule-derived from synthetic thresholds
4411,1,Thanjavur,clay,Groundnut,308,5.2,360,0.56,7.43,5.52,99.2,279.6,22.2,0.47,medium,low,high,1,1,rule-derived from synthetic thresholds
4412,3,Madurai,sandy,Banana,340,19.5,133,0.67,6.58,1.04,80.5,199.4,26.6,-0.31,medium,medium,medium,0,0,rule-derived from synthetic thresholds
4413,6,Nagpur,clay,Cotton,336,24.4,239,0.73,7.69,0.59,5.6,14.1,26.2,0.76,medium,medium,medium,0,0,rule-derived from synthetic thresholds
4414,14,Dharwad,clay,Sorghum,381,6.1,355,0.51,9.2,0.23,66.5,151.9,23.2,1.24,medium,low,high,1,1,rule-derived from synthetic thresholds
4415,6,Nagpur,clay,Pigeon pea,419,20.0,191,0.92,7.93,0.47,113.2,247.0,29.2,0.11,medium,medium,medium,0,0,rule-derived from synthetic thresholds
4416,9,Indore,clay,Wheat,510,10.0,274,0.78,7.48,0.83,92.3,257.8,23.9,0.27,medium,medium,medium,0,0,rule-derived from synthetic thresholds
4417,9,Indore,clay,Chickpea,436,22.3,210,0.6,8.59,1.46,111.1,309.8,26.1,1.11,medium,medium,medium,0,0,rule-derived from synthetic thresholds
4418,7,Pune,clay,Green gram,424,18.2,206,0.75,7.31,0.2,58.7,206.2,23.2,0.51,medium,medium,medium,0,0,rule-derived from synthetic thresholds
4419,13,Bengaluru Rural,sandy,Tomato,340,14.4,224,0.4,5.81,0.35,35.8,85.6,26.6,-1.38,medium,medium,medium,0,0,rule-derived from synthetic thresholds
4420,11,Kanpur,loam,Potato,236,90.0,173,0.3,7.18,0.29,74.7,268.0,23.7,-2.15,low,high,medium,1,1,rule-derived from synthetic thresholds
4421,7,Pune,clay,Sugarcane,316,9.5,276,0.66,8.0,0.96,9.2,26.8,21.0,1.59,medium,low,medium,1,0,rule-derived from synthetic thresholds
4422,5,Karnal,loam,Wheat,568,4.5,239,0.75,8.65,0.44,59.6,131.4,19.8,-0.68,high,low,medium,1,1,rule-derived from synthetic thresholds
4423,5,Karnal,loam,Banana,475,30.6,231,0.61,6.76,0.68,19.9,67.6,18.0,-0.81,medium,high,medium,0,1,rule-derived from synthetic thresholds
4424,15,Kolkata (24 Pgs),clay,Mustard,337,26.6,333,0.54,7.66,1.45,60.9,171.5,29.0,-0.43,medium,high,high,0,1,rule-derived from synthetic thresholds
4425,2,Coimbatore,loam,Banana,390,30.4,103,0.72,7.18,1.34,20.6,48.5,24.5,0.85,medium,high,low,1,1,rule-derived from synthetic thresholds
4426,3,Madurai,sandy,Chilli,299,12.9,208,0.34,8.55,0.6,253.5,668.2,29.8,-1.33,medium,medium,medium,0,0,rule-derived from synthetic thresholds
4427,4,Ludhiana,sandy,Wheat,419,7.7,80,0.35,6.98,0.2,16.8,53.9,23.7,-0.19,medium,low,low,1,0,rule-derived from synthetic thresholds
4428,13,Bengaluru Rural,sandy,Tomato,249,5.3,238,0.53,6.61,1.46,25.9,63.4,27.4,0.14,low,low,medium,1,0,rule-derived from synthetic thresholds
4429,11,Kanpur,loam,Sorghum,318,40.4,197,0.5,7.12,0.53,54.8,182.6,26.9,-2.32,medium,high,medium,0,1,rule-derived from synthetic thresholds
4430,15,Kolkata (24 Pgs),clay,Potato,350,20.3,216,0.81,7.29,0.9,134.3,382.5,23.6,1.1,medium,medium,medium,0,0,rule-derived from synthetic thresholds
4431,11,Kanpur,loam,Rice,188,19.5,238,0.32,7.77,0.13,52.8,158.6,29.4,-0.99,low,medium,medium,1,0,rule-derived from synthetic thresholds
4432,8,Guntur,clay,Cotton,445,14.5,161,0.8,7.91,0.7,125.5,364.3,28.7,1.69,medium,medium,medium,0,0,rule-derived from synthetic thresholds
4433,1,Thanjavur,clay,Green gram,403,10.3,304,0.66,9.2,1.52,53.2,172.7,25.4,-0.81,medium,medium,high,0,1,rule-derived from synthetic thresholds
4434,14,Dharwad,clay,Sorghum,568,15.7,192,0.85,6.39,0.34,355.5,755.1,23.3,-1.74,high,medium,medium,0,1,rule-derived from synthetic thresholds
4435,11,Kanpur,loam,Tomato,484,32.3,241,0.51,6.23,1.48,133.0,459.0,28.9,-0.14,medium,high,medium,0,1,rule-derived from synthetic thresholds
4436,2,Coimbatore,loam,Cotton,426,29.1,65,0.5,7.24,0.13,39.6,122.9,28.0,-0.37,medium,high,low,1,1,rule-derived from synthetic thresholds
4437,15,Kolkata (24 Pgs),clay,Mustard,242,8.3,374,0.35,7.94,0.3,365.9,1232.1,30.1,-0.3,low,low,high,1,1,rule-derived from synthetic thresholds
4438,10,Jaipur,sandy,Mustard,337,2.8,207,0.34,5.46,0.38,12.3,35.3,26.7,-0.39,medium,low,medium,1,0,rule-derived from synthetic thresholds
4439,10,Jaipur,sandy,Pearl millet,136,12.8,175,0.1,7.06,0.7,37.6,118.0,25.7,0.92,low,medium,medium,1,0,rule-derived from synthetic thresholds
4440,6,Nagpur,clay,Cotton,279,35.0,250,0.48,6.66,0.3,16.9,49.2,23.3,1.24,low,high,medium,1,1,rule-derived from synthetic thresholds
4441,5,Karnal,loam,Cotton,314,5.7,202,0.68,4.53,2.49,75.0,183.3,25.5,0.82,medium,low,medium,1,0,rule-derived from synthetic thresholds
4442,6,Nagpur,clay,Sunflower,458,5.8,160,0.96,7.96,0.17,156.0,510.5,31.8,1.01,medium,low,medium,1,0,rule-derived from synthetic thresholds
4443,1,Thanjavur,clay,Mustard,333,11.5,184,0.61,7.85,0.47,29.0,102.2,31.5,-0.16,medium,medium,medium,0,0,rule-derived from synthetic thresholds
4444,7,Pune,clay,Onion,388,13.5,300,0.66,6.74,0.51,93.4,323.2,27.2,-1.67,medium,medium,high,0,1,rule-derived from synthetic thresholds
4445,1,Thanjavur,clay,Green gram,556,10.6,336,0.83,7.47,0.35,103.8,308.5,29.0,1.61,medium,medium,high,0,1,rule-derived from synthetic thresholds
4446,9,Indore,clay,Sunflower,515,29.5,329,0.71,7.65,0.37,15.5,42.5,25.0,-0.21,medium,high,high,0,1,rule-derived from synthetic thresholds
4447,4,Ludhiana,sandy,Tomato,261,6.4,59,0.46,6.63,0.19,2.4,6.0,24.9,0.07,low,low,low,1,0,rule-derived from synthetic thresholds
4448,10,Jaipur,sandy,Lentil,364,9.9,30,0.29,7.69,0.32,54.3,168.4,25.8,0.5,medium,low,low,1,0,rule-derived from synthetic thresholds
4449,6,Nagpur,clay,Pigeon pea,558,4.1,223,0.93,8.42,0.11,160.8,397.1,29.1,2.17,medium,low,medium,1,0,rule-derived from synthetic thresholds
4450,5,Karnal,loam,Soybean,415,28.4,177,0.33,7.25,1.08,89.9,315.9,30.3,0.65,medium,high,medium,0,1,rule-derived from synthetic thresholds
4451,3,Madurai,sandy,Onion,222,10.5,228,0.31,6.69,0.22,294.1,725.1,31.5,-0.31,low,medium,medium,1,0,rule-derived from synthetic thresholds
4452,6,Nagpur,clay,Rice,264,5.2,374,0.43,8.44,1.43,73.0,187.2,32.5,1.15,low,low,high,1,1,rule-derived from synthetic thresholds
4453,2,Coimbatore,loam,Cotton,336,40.6,230,0.31,7.71,0.96,39.3,135.6,26.4,-0.8,medium,high,medium,0,1,rule-derived from synthetic thresholds
4454,4,Ludhiana,sandy,Rice,333,20.7,132,0.42,6.91,0.69,163.0,333.0,20.9,1.15,medium,medium,medium,0,0,rule-derived from synthetic thresholds
4455,7,Pune,clay,Pearl millet,423,8.5,348,0.72,6.75,0.64,116.3,395.6,24.1,-0.06,medium,low,high,1,1,rule-derived from synthetic thresholds
4456,10,Jaipur,sandy,Pearl millet,318,8.6,149,0.41,5.66,0.78,2.5,8.2,25.2,0.18,medium,low,medium,1,0,rule-derived from synthetic thresholds
4457,7,Pune,clay,Maize,670,60.9,189,1.05,6.78,4.37,22.3,79.2,25.8,-0.83,high,high,medium,0,1,rule-derived from synthetic thresholds
4458,2,Coimbatore,loam,Cotton,235,7.3,227,0.39,6.71,1.11,21.7,70.0,25.9,-0.81,low,low,medium,1,0,rule-derived from synthetic thresholds
4459,11,Kanpur,loam,Wheat,234,12.8,96,0.24,5.55,0.57,16.6,53.7,27.2,-0.24,low,medium,low,1,0,rule-derived from synthetic thresholds
4460,7,Pune,clay,Maize,364,9.2,89,0.77,8.88,0.43,14.1,30.1,30.3,1.93,medium,low,low,1,0,rule-derived from synthetic thresholds
4461,10,Jaipur,sandy,Banana,412,22.4,80,0.29,7.35,0.96,24.1,75.2,23.9,-1.22,medium,medium,low,1,0,rule-derived from synthetic thresholds
4462,15,Kolkata (24 Pgs),clay,Potato,276,22.9,103,0.71,7.14,0.81,87.0,240.5,31.4,-0.3,low,medium,low,1,0,rule-derived from synthetic thresholds
4463,1,Thanjavur,clay,Green gram,386,23.5,123,0.59,8.1,1.74,45.7,123.6,24.4,-1.88,medium,medium,medium,0,0,rule-derived from synthetic thresholds
4464,15,Kolkata (24 Pgs),clay,Mustard,203,15.0,170,0.41,8.25,0.83,26.4,62.0,22.6,1.1,low,medium,medium,1,0,rule-derived from synthetic thresholds
4465,15,Kolkata (24 Pgs),clay,Potato,515,16.8,220,0.71,8.23,1.29,185.2,603.0,29.5,-0.16,medium,medium,medium,0,0,rule-derived from synthetic thresholds
4466,8,Guntur,clay,Rice,315,8.9,339,0.67,9.2,0.63,12.3,29.4,26.1,-1.67,medium,low,high,1,1,rule-derived from synthetic thresholds
4467,1,Thanjavur,clay,Groundnut,576,42.5,317,1.03,7.32,3.49,83.7,170.6,29.2,0.5,high,high,high,0,1,rule-derived from synthetic thresholds
4468,4,Ludhiana,sandy,Lentil,398,16.5,30,0.62,6.72,0.93,82.7,223.6,27.1,0.09,medium,medium,low,1,0,rule-derived from synthetic thresholds
4469,4,Ludhiana,sandy,Sunflower,377,4.4,93,0.46,5.58,0.41,16.4,35.1,24.8,0.71,medium,low,low,1,0,rule-derived from synthetic thresholds
4470,9,Indore,clay,Chickpea,226,44.0,268,0.27,6.13,0.34,52.3,106.6,24.3,2.08,low,high,medium,1,1,rule-derived from synthetic thresholds
4471,11,Kanpur,loam,Rice,476,18.7,419,0.69,6.6,1.45,15.7,49.2,26.2,1.24,medium,medium,high,0,1,rule-derived from synthetic thresholds
4472,8,Guntur,clay,Ragi,325,4.7,222,0.26,8.79,0.26,37.4,91.8,26.5,-1.29,medium,low,medium,1,0,rule-derived from synthetic thresholds
4473,6,Nagpur,clay,Cotton,352,22.5,149,0.57,8.77,0.38,54.9,194.8,24.5,0.52,medium,medium,medium,0,0,rule-derived from synthetic thresholds
4474,1,Thanjavur,clay,Green gram,470,15.0,84,0.6,7.28,4.24,105.4,377.1,25.7,0.02,medium,medium,low,1,0,rule-derived from synthetic thresholds
4475,15,Kolkata (24 Pgs),clay,Soybean,410,12.2,423,0.61,8.43,0.76,214.5,495.5,23.3,0.26,medium,medium,high,0,1,rule-derived from synthetic thresholds
4476,15,Kolkata (24 Pgs),clay,Rice,444,19.3,355,0.57,6.89,0.26,8.8,25.8,28.3,1.45,medium,medium,high,0,1,rule-derived from synthetic thresholds
4477,1,Thanjavur,clay,Pigeon pea,351,5.0,242,0.72,6.3,0.92,31.1,103.4,28.1,0.07,medium,low,medium,1,0,rule-derived from synthetic thresholds
4478,5,Karnal,loam,Wheat,351,15.3,239,0.62,8.33,0.64,24.6,52.2,22.3,0.13,medium,medium,medium,0,0,rule-derived from synthetic thresholds
4479,15,Kolkata (24 Pgs),clay,Potato,419,7.5,224,0.57,7.76,0.36,54.6,137.7,28.8,-1.56,medium,low,medium,1,0,rule-derived from synthetic thresholds
4480,6,Nagpur,clay,Pigeon pea,436,5.6,205,0.59,8.87,0.66,45.2,132.0,28.0,0.56,medium,low,medium,1,0,rule-derived from synthetic thresholds
4481,10,Jaipur,sandy,Mustard,217,8.5,95,0.33,4.78,0.83,69.6,167.4,20.3,-1.81,low,low,low,1,0,rule-derived from synthetic thresholds
4482,8,Guntur,clay,Rice,333,36.3,256,0.28,7.72,0.66,49.7,129.8,27.9,0.04,medium,high,medium,0,1,rule-derived from synthetic thresholds
4483,10,Jaipur,sandy,Groundnut,309,65.0,103,0.56,6.86,1.89,7.2,25.6,24.8,-1.08,medium,high,low,1,1,rule-derived from synthetic thresholds
4484,14,Dharwad,clay,Chilli,608,4.0,114,0.89,7.82,0.5,18.2,45.9,28.5,1.01,high,low,medium,1,1,rule-derived from synthetic thresholds
4485,6,Nagpur,clay,Pigeon pea,463,2.2,140,0.8,7.41,0.8,186.9,456.1,28.3,0.67,medium,low,medium,1,0,rule-derived from synthetic thresholds
4486,12,Patna,loam,Wheat,358,25.5,266,0.55,6.03,0.56,9.4,26.9,31.7,0.68,medium,high,medium,0,1,rule-derived from synthetic thresholds
4487,7,Pune,clay,Banana,299,13.0,123,0.66,7.51,0.64,18.7,63.2,22.0,1.05,medium,medium,medium,0,0,rule-derived from synthetic thresholds
4488,4,Ludhiana,sandy,Ragi,349,15.2,65,0.39,5.64,2.04,183.5,577.7,21.5,-1.62,medium,medium,low,1,0,rule-derived from synthetic thresholds
4489,2,Coimbatore,loam,Maize,463,8.4,228,0.73,7.46,0.55,5.4,11.0,21.5,1.9,medium,low,medium,1,0,rule-derived from synthetic thresholds
4490,11,Kanpur,loam,Wheat,342,17.8,131,0.42,6.41,0.54,147.8,326.4,25.4,0.33,medium,medium,medium,0,0,rule-derived from synthetic thresholds
4491,10,Jaipur,sandy,Green gram,448,14.8,125,0.51,6.24,0.2,36.6,111.7,21.9,-0.86,medium,medium,medium,0,0,rule-derived from synthetic thresholds
4492,14,Dharwad,clay,Chilli,360,42.0,87,0.84,9.2,0.28,22.3,75.8,26.6,0.98,medium,high,low,1,1,rule-derived from synthetic thresholds
4493,4,Ludhiana,sandy,Ragi,395,10.0,30,0.58,7.33,1.27,117.7,376.6,18.9,-0.46,medium,medium,low,1,0,rule-derived from synthetic thresholds
4494,11,Kanpur,loam,Potato,349,20.4,310,0.46,4.86,1.1,42.4,92.6,29.5,1.17,medium,medium,high,0,1,rule-derived from synthetic thresholds
4495,1,Thanjavur,clay,Rice,429,7.8,223,0.65,8.12,0.12,65.2,179.7,27.0,-0.24,medium,low,medium,1,0,rule-derived from synthetic thresholds
4496,3,Madurai,sandy,Chilli,289,9.4,219,0.34,7.71,1.33,8.9,21.1,28.1,0.38,medium,low,medium,1,0,rule-derived from synthetic thresholds
4497,9,Indore,clay,Wheat,345,2.0,255,0.53,8.51,1.15,42.3,146.7,28.4,-0.34,medium,low,medium,1,0,rule-derived from synthetic thresholds
4498,9,Indore,clay,Chickpea,378,4.9,95,0.52,8.11,0.76,103.1,262.0,17.4,0.8,medium,low,low,1,0,rule-derived from synthetic thresholds
4499,9,Indore,clay,Sunflower,367,29.1,275,0.5,7.37,0.69,131.3,472.0,24.5,-0.71,medium,high,medium,0,1,rule-derived from synthetic thresholds
4500,13,Bengaluru Rural,sandy,Ragi,307,4.4,164,0.49,6.76,0.63,44.5,152.0,25.4,1.51,medium,low,medium,1,0,rule-derived from synthetic thresholds
4501,13,Bengaluru Rural,sandy,Maize,179,22.2,91,0.23,5.19,0.84,33.5,90.3,28.4,1.01,low,medium,low,1,0,rule-derived from synthetic thresholds
4502,3,Madurai,sandy,Chilli,329,26.1,119,0.35,8.72,0.91,85.5,297.0,25.4,-1.2,medium,high,medium,0,1,rule-derived from synthetic thresholds
4503,4,Ludhiana,sandy,Maize,257,15.7,94,0.28,6.58,0.22,19.1,58.9,25.2,1.56,low,medium,low,1,0,rule-derived from synthetic thresholds
4504,9,Indore,clay,Wheat,368,10.9,155,0.49,8.59,3.07,29.8,69.0,24.3,-0.74,medium,medium,medium,0,0,rule-derived from synthetic thresholds
4505,15,Kolkata (24 Pgs),clay,Potato,428,85.9,83,0.47,8.64,0.26,40.2,100.6,27.4,0.78,medium,high,low,1,1,rule-derived from synthetic thresholds
4506,11,Kanpur,loam,Potato,324,9.0,139,0.35,7.61,1.52,143.5,313.8,22.0,-1.58,medium,low,medium,1,0,rule-derived from synthetic thresholds
4507,3,Madurai,sandy,Chickpea,458,44.2,185,0.61,7.52,0.65,11.8,40.1,27.8,-0.32,medium,high,medium,0,1,rule-derived from synthetic thresholds
4508,10,Jaipur,sandy,Green gram,400,10.2,50,0.37,8.04,1.36,7.5,22.4,28.2,1.52,medium,medium,low,1,0,rule-derived from synthetic thresholds
4509,6,Nagpur,clay,Soybean,362,13.9,287,0.62,7.5,0.47,22.0,44.9,27.6,-0.75,medium,medium,high,0,1,rule-derived from synthetic thresholds
4510,2,Coimbatore,loam,Tomato,223,3.8,181,0.28,7.57,0.36,71.0,203.3,23.2,0.9,low,low,medium,1,0,rule-derived from synthetic thresholds
4511,11,Kanpur,loam,Potato,315,6.7,87,0.28,7.17,0.84,73.2,159.9,27.3,0.24,medium,low,low,1,0,rule-derived from synthetic thresholds
4512,5,Karnal,loam,Wheat,350,10.4,256,0.47,7.8,0.56,41.3,99.5,19.7,0.42,medium,medium,medium,0,0,rule-derived from synthetic thresholds
4513,12,Patna,loam,Rice,408,19.8,280,0.67,7.38,0.66,48.0,116.0,29.0,0.46,medium,medium,medium,0,0,rule-derived from synthetic thresholds
4514,9,Indore,clay,Green gram,399,66.6,371,0.71,7.13,0.36,254.8,915.0,26.8,1.16,medium,high,high,0,1,rule-derived from synthetic thresholds
4515,7,Pune,clay,Maize,625,19.7,287,0.99,7.77,0.89,50.3,176.6,23.8,1.23,high,medium,high,0,1,rule-derived from synthetic thresholds
4516,4,Ludhiana,sandy,Maize,364,3.5,182,0.46,5.72,0.37,49.0,111.9,27.7,-1.11,medium,low,medium,1,0,rule-derived from synthetic thresholds
4517,5,Karnal,loam,Cotton,485,13.8,229,0.65,6.7,0.89,12.5,39.8,20.6,-1.02,medium,medium,medium,0,0,rule-derived from synthetic thresholds
4518,6,Nagpur,clay,Soybean,486,29.9,267,0.51,7.04,1.15,59.8,135.7,24.7,-1.41,medium,high,medium,0,1,rule-derived from synthetic thresholds
4519,11,Kanpur,loam,Rice,399,25.9,166,0.52,6.93,2.02,302.6,979.4,20.8,-0.1,medium,high,medium,0,1,rule-derived from synthetic thresholds
4520,7,Pune,clay,Onion,493,10.0,296,0.64,8.12,0.81,140.8,408.5,26.5,-1.0,medium,medium,high,0,1,rule-derived from synthetic thresholds
4521,1,Thanjavur,clay,Rice,508,29.1,350,0.85,8.4,0.59,95.2,323.7,27.8,-0.74,medium,high,high,0,1,rule-derived from synthetic thresholds
4522,1,Thanjavur,clay,Banana,557,19.5,227,0.97,8.03,0.69,40.2,104.7,25.5,-0.7,medium,medium,medium,0,0,rule-derived from synthetic thresholds
4523,5,Karnal,loam,Rice,421,5.7,89,0.49,5.59,0.77,10.6,35.8,19.4,-0.58,medium,low,low,1,0,rule-derived from synthetic thresholds
4524,8,Guntur,clay,Chilli,462,26.8,298,0.84,8.59,1.25,98.9,284.3,26.3,0.45,medium,high,high,0,1,rule-derived from synthetic thresholds
4525,5,Karnal,loam,Sugarcane,300,13.3,84,0.53,6.86,0.2,128.4,426.1,25.3,2.51,medium,medium,low,1,0,rule-derived from synthetic thresholds
4526,15,Kolkata (24 Pgs),clay,Wheat,522,4.9,290,0.73,8.57,0.48,231.6,737.4,22.7,-0.42,medium,low,high,1,1,rule-derived from synthetic thresholds
4527,4,Ludhiana,sandy,Rice,368,19.3,148,0.27,7.93,1.99,16.1,48.8,28.2,-1.08,medium,medium,medium,0,0,rule-derived from synthetic thresholds
4528,7,Pune,clay,Pigeon pea,502,26.4,175,0.63,8.47,0.49,7.6,17.0,22.0,-0.2,medium,high,medium,0,1,rule-derived from synthetic thresholds
4529,6,Nagpur,clay,Soybean,475,23.3,367,0.69,7.88,0.25,131.6,300.7,26.2,-0.29,medium,medium,high,0,1,rule-derived from synthetic thresholds
4530,5,Karnal,loam,Soybean,256,25.9,184,0.31,6.74,1.07,26.8,54.2,25.8,-1.04,low,high,medium,1,1,rule-derived from synthetic thresholds
4531,14,Dharwad,clay,Sorghum,385,20.7,210,0.47,6.77,0.49,45.1,101.3,25.7,0.78,medium,medium,medium,0,0,rule-derived from synthetic thresholds
4532,4,Ludhiana,sandy,Maize,323,29.9,289,0.59,7.6,0.21,141.7,494.6,19.6,1.51,medium,high,high,0,1,rule-derived from synthetic thresholds
4533,1,Thanjavur,clay,Green gram,183,14.0,334,0.36,8.04,0.54,84.1,171.3,28.9,-0.31,low,medium,high,1,1,rule-derived from synthetic thresholds
4534,8,Guntur,clay,Pigeon pea,360,16.5,272,0.92,7.6,1.03,12.1,33.1,26.4,-0.84,medium,medium,medium,0,0,rule-derived from synthetic thresholds
4535,10,Jaipur,sandy,Pearl millet,251,6.4,153,0.15,5.53,0.21,10.3,35.5,29.3,-2.21,low,low,medium,1,0,rule-derived from synthetic thresholds
4536,7,Pune,clay,Potato,428,10.4,309,0.56,7.58,0.64,59.2,210.6,26.5,1.12,medium,medium,high,0,1,rule-derived from synthetic thresholds
4537,7,Pune,clay,Sugarcane,387,36.4,152,0.7,7.16,0.63,56.4,123.6,26.5,1.89,medium,high,medium,0,1,rule-derived from synthetic thresholds
4538,13,Bengaluru Rural,sandy,Maize,359,15.2,97,0.49,6.86,0.15,36.6,125.5,21.5,-0.08,medium,medium,low,1,0,rule-derived from synthetic thresholds
4539,6,Nagpur,clay,Soybean,413,13.2,217,0.77,8.53,0.23,195.6,609.1,27.9,-0.68,medium,medium,medium,0,0,rule-derived from synthetic thresholds
4540,10,Jaipur,sandy,Pearl millet,357,36.9,134,0.48,5.41,0.61,29.2,90.5,22.2,-0.01,medium,high,medium,0,1,rule-derived from synthetic thresholds
4541,13,Bengaluru Rural,sandy,Tomato,338,5.9,120,0.47,7.51,0.27,9.8,30.5,24.3,0.7,medium,low,medium,1,0,rule-derived from synthetic thresholds
4542,6,Nagpur,clay,Turmeric,375,7.4,211,0.87,7.17,0.79,6.0,14.5,26.9,1.54,medium,low,medium,1,0,rule-derived from synthetic thresholds
4543,9,Indore,clay,Wheat,448,22.6,219,0.88,7.55,0.86,36.6,93.3,22.6,0.7,medium,medium,medium,0,0,rule-derived from synthetic thresholds
4544,6,Nagpur,clay,Potato,402,9.9,240,0.48,6.17,0.25,81.4,196.9,27.1,1.62,medium,low,medium,1,0,rule-derived from synthetic thresholds
4545,10,Jaipur,sandy,Wheat,268,7.9,171,0.31,5.84,1.9,17.7,43.1,23.1,0.18,low,low,medium,1,0,rule-derived from synthetic thresholds
4546,9,Indore,clay,Chickpea,561,13.2,235,0.74,7.62,0.21,36.9,129.5,20.4,-2.44,high,medium,medium,0,1,rule-derived from synthetic thresholds
4547,13,Bengaluru Rural,sandy,Maize,268,6.0,91,0.46,7.31,0.49,43.9,153.0,26.3,-0.87,low,low,low,1,0,rule-derived from synthetic thresholds
4548,4,Ludhiana,sandy,Wheat,377,4.5,73,0.58,4.5,0.73,86.6,203.1,23.3,0.13,medium,low,low,1,0,rule-derived from synthetic thresholds
4549,3,Madurai,sandy,Rice,270,3.6,144,0.1,7.93,0.19,17.5,40.9,26.7,0.66,low,low,medium,1,0,rule-derived from synthetic thresholds
4550,7,Pune,clay,Maize,316,29.5,272,0.67,8.27,1.31,54.3,125.1,29.1,-0.06,medium,high,medium,0,1,rule-derived from synthetic thresholds
4551,10,Jaipur,sandy,Potato,187,8.7,201,0.14,6.78,0.4,43.9,94.0,24.7,-0.67,low,low,medium,1,0,rule-derived from synthetic thresholds
4552,5,Karnal,loam,Wheat,572,32.9,390,0.84,6.64,0.38,33.2,89.9,25.2,-0.33,high,high,high,0,1,rule-derived from synthetic thresholds
4553,15,Kolkata (24 Pgs),clay,Mustard,489,31.3,321,0.56,6.06,0.56,34.2,81.0,25.4,-0.86,medium,high,high,0,1,rule-derived from synthetic thresholds
4554,8,Guntur,clay,Sunflower,220,21.7,196,0.1,8.7,0.33,222.6,672.1,24.1,-0.16,low,medium,medium,1,0,rule-derived from synthetic thresholds
4555,13,Bengaluru Rural,sandy,Lentil,310,15.2,171,0.34,5.01,1.71,34.3,76.1,24.8,-0.38,medium,medium,medium,0,0,rule-derived from synthetic thresholds
4556,9,Indore,clay,Wheat,323,9.8,115,0.36,8.68,0.46,65.8,181.0,24.8,-0.67,medium,low,medium,1,0,rule-derived from synthetic thresholds
4557,6,Nagpur,clay,Green gram,379,18.9,219,0.72,8.56,0.46,48.0,163.6,24.1,1.9,medium,medium,medium,0,0,rule-derived from synthetic thresholds
4558,13,Bengaluru Rural,sandy,Potato,461,12.1,196,0.57,7.68,1.63,74.4,206.3,22.6,-2.31,medium,medium,medium,0,0,rule-derived from synthetic thresholds
4559,3,Madurai,sandy,Rice,275,6.5,180,0.31,6.42,0.48,40.5,83.9,37.1,0.24,low,low,medium,1,0,rule-derived from synthetic thresholds
4560,4,Ludhiana,sandy,Rice,260,31.3,150,0.55,7.46,0.29,34.6,72.5,18.8,0.71,low,high,medium,1,1,rule-derived from synthetic thresholds
4561,12,Patna,loam,Rice,384,7.0,234,0.7,5.81,0.69,26.4,84.3,19.8,0.73,medium,low,medium,1,0,rule-derived from synthetic thresholds
4562,14,Dharwad,clay,Sorghum,410,13.7,145,0.69,7.75,0.74,38.2,121.5,24.5,-1.01,medium,medium,medium,0,0,rule-derived from synthetic thresholds
4563,5,Karnal,loam,Sugarcane,322,4.4,231,0.61,6.81,0.59,181.7,495.5,24.3,-0.24,medium,low,medium,1,0,rule-derived from synthetic thresholds
4564,9,Indore,clay,Rice,371,13.6,220,0.61,8.04,1.47,82.0,271.9,25.0,-0.68,medium,medium,medium,0,0,rule-derived from synthetic thresholds
4565,8,Guntur,clay,Rice,245,4.1,249,0.35,8.71,0.25,38.5,108.4,22.1,-1.24,low,low,medium,1,0,rule-derived from synthetic thresholds
4566,11,Kanpur,loam,Groundnut,303,5.6,257,0.47,6.92,0.17,57.9,205.2,32.3,-0.03,medium,low,medium,1,0,rule-derived from synthetic thresholds
4567,8,Guntur,clay,Groundnut,417,7.1,225,0.53,7.7,1.46,75.7,172.5,30.6,-1.13,medium,low,medium,1,0,rule-derived from synthetic thresholds
4568,10,Jaipur,sandy,Pearl millet,187,17.3,51,0.1,7.05,0.53,17.8,38.1,30.1,0.53,low,medium,low,1,0,rule-derived from synthetic thresholds
4569,11,Kanpur,loam,Rice,298,24.0,110,0.58,8.55,1.15,24.6,83.2,25.5,-0.03,medium,medium,medium,0,0,rule-derived from synthetic thresholds
4570,13,Bengaluru Rural,sandy,Cotton,440,27.3,159,0.57,6.72,0.38,95.0,266.8,17.7,-1.22,medium,high,medium,0,1,rule-derived from synthetic thresholds
4571,3,Madurai,sandy,Sunflower,279,10.2,134,0.43,7.22,0.36,8.2,26.1,25.7,0.77,low,medium,medium,1,0,rule-derived from synthetic thresholds
4572,10,Jaipur,sandy,Wheat,226,18.2,175,0.36,5.25,0.33,58.6,160.5,17.4,-0.59,low,medium,medium,1,0,rule-derived from synthetic thresholds
4573,3,Madurai,sandy,Wheat,231,18.1,137,0.36,6.79,0.36,88.3,220.7,27.7,0.88,low,medium,medium,1,0,rule-derived from synthetic thresholds
4574,1,Thanjavur,clay,Groundnut,334,3.3,287,0.44,8.62,3.25,88.9,190.3,29.1,1.42,medium,low,high,1,1,rule-derived from synthetic thresholds
4575,11,Kanpur,loam,Sugarcane,411,23.2,125,0.48,6.07,0.55,50.6,173.2,28.9,0.9,medium,medium,medium,0,0,rule-derived from synthetic thresholds
4576,6,Nagpur,clay,Soybean,439,16.9,334,0.58,8.2,0.59,233.8,522.8,23.7,0.66,medium,medium,high,0,1,rule-derived from synthetic thresholds
4577,11,Kanpur,loam,Ragi,357,29.3,272,0.56,7.82,1.79,32.7,97.7,21.1,-0.53,medium,high,medium,0,1,rule-derived from synthetic thresholds
4578,15,Kolkata (24 Pgs),clay,Rice,359,14.7,397,0.74,6.81,0.33,113.9,335.2,29.8,-1.13,medium,medium,high,0,1,rule-derived from synthetic thresholds
4579,2,Coimbatore,loam,Cotton,555,9.3,175,0.64,6.64,1.7,29.4,80.0,22.8,-0.1,medium,low,medium,1,0,rule-derived from synthetic thresholds
4580,7,Pune,clay,Green gram,326,27.9,209,0.5,9.07,0.86,39.2,109.4,28.5,0.55,medium,high,medium,0,1,rule-derived from synthetic thresholds
4581,2,Coimbatore,loam,Rice,357,21.5,171,0.36,7.4,0.74,73.5,261.7,30.1,-1.31,medium,medium,medium,0,0,rule-derived from synthetic thresholds
4582,13,Bengaluru Rural,sandy,Chickpea,261,4.7,135,0.32,5.61,0.79,131.9,376.3,20.1,-0.82,low,low,medium,1,0,rule-derived from synthetic thresholds
4583,15,Kolkata (24 Pgs),clay,Soybean,385,21.1,107,0.64,6.98,0.68,50.4,163.6,25.3,1.33,medium,medium,low,1,0,rule-derived from synthetic thresholds
4584,14,Dharwad,clay,Wheat,418,14.3,311,0.73,7.05,0.57,62.9,128.4,25.0,-0.03,medium,medium,high,0,1,rule-derived from synthetic thresholds
4585,15,Kolkata (24 Pgs),clay,Mustard,409,24.5,314,0.63,8.92,0.61,92.0,309.1,25.1,0.23,medium,medium,high,0,1,rule-derived from synthetic thresholds
4586,5,Karnal,loam,Wheat,472,33.3,339,0.79,7.99,0.43,11.8,35.9,21.4,0.59,medium,high,high,0,1,rule-derived from synthetic thresholds
4587,5,Karnal,loam,Onion,234,14.8,163,0.45,7.98,0.59,57.9,146.2,24.0,-1.35,low,medium,medium,1,0,rule-derived from synthetic thresholds
4588,13,Bengaluru Rural,sandy,Wheat,405,15.4,48,0.44,4.5,0.27,136.9,346.1,25.2,-2.44,medium,medium,low,1,0,rule-derived from synthetic thresholds
4589,10,Jaipur,sandy,Wheat,337,37.4,175,0.26,6.9,0.05,52.2,130.8,25.1,0.81,medium,high,medium,0,1,rule-derived from synthetic thresholds
4590,6,Nagpur,clay,Soybean,444,12.3,199,0.66,7.6,0.47,26.7,54.6,30.6,-0.25,medium,medium,medium,0,0,rule-derived from synthetic thresholds
4591,4,Ludhiana,sandy,Rice,205,4.7,145,0.28,6.87,0.51,59.2,161.2,26.2,-1.36,low,low,medium,1,0,rule-derived from synthetic thresholds
4592,1,Thanjavur,clay,Green gram,436,21.2,258,0.69,9.2,1.07,12.2,27.0,29.1,1.71,medium,medium,medium,0,0,rule-derived from synthetic thresholds
4593,1,Thanjavur,clay,Groundnut,351,11.7,334,0.7,8.42,1.26,179.0,569.7,30.7,0.01,medium,medium,high,0,1,rule-derived from synthetic thresholds
4594,11,Kanpur,loam,Tomato,463,20.0,170,0.65,6.89,0.98,65.9,202.9,27.4,0.04,medium,medium,medium,0,0,rule-derived from synthetic thresholds
4595,4,Ludhiana,sandy,Maize,153,14.6,41,0.18,7.64,0.48,22.2,77.4,22.2,0.57,low,medium,low,1,0,rule-derived from synthetic thresholds
4596,13,Bengaluru Rural,sandy,Maize,205,4.8,129,0.22,6.8,1.14,33.0,94.1,21.0,0.26,low,low,medium,1,0,rule-derived from synthetic thresholds
4597,13,Bengaluru Rural,sandy,Sunflower,394,17.5,195,0.73,7.85,0.55,134.4,297.2,28.6,1.02,medium,medium,medium,0,0,rule-derived from synthetic thresholds
4598,7,Pune,clay,Pigeon pea,389,46.8,191,0.65,8.22,0.82,7.0,20.3,27.8,0.26,medium,high,medium,0,1,rule-derived from synthetic thresholds
4599,5,Karnal,loam,Rice,448,9.1,307,0.48,6.26,1.7,49.9,132.7,28.6,-1.7,medium,low,high,1,1,rule-derived from synthetic thresholds
4600,3,Madurai,sandy,Chilli,285,10.2,50,0.51,6.34,1.13,110.2,351.7,29.2,-0.86,medium,medium,low,1,0,rule-derived from synthetic thresholds
4601,4,Ludhiana,sandy,Wheat,376,4.5,96,0.3,6.62,1.19,80.4,188.3,26.0,0.13,medium,low,low,1,0,rule-derived from synthetic thresholds
4602,10,Jaipur,sandy,Pearl millet,423,14.9,100,0.44,7.53,0.44,38.6,127.0,27.5,-0.32,medium,medium,low,1,0,rule-derived from synthetic thresholds
4603,12,Patna,loam,Wheat,561,18.0,208,0.59,6.75,0.29,50.8,168.9,27.3,-0.98,high,medium,medium,0,1,rule-derived from synthetic thresholds
4604,12,Patna,loam,Rice,342,7.7,30,0.53,6.35,0.3,303.8,754.9,29.7,-0.77,medium,low,low,1,0,rule-derived from synthetic thresholds
4605,15,Kolkata (24 Pgs),clay,Groundnut,485,14.9,378,0.62,8.17,0.47,26.7,58.9,28.1,-0.39,medium,medium,high,0,1,rule-derived from synthetic thresholds
4606,10,Jaipur,sandy,Ragi,442,51.3,247,0.69,6.37,0.84,51.2,151.7,25.5,-0.84,medium,high,medium,0,1,rule-derived from synthetic thresholds
4607,8,Guntur,clay,Chickpea,374,11.5,244,0.64,8.03,0.38,147.9,531.5,28.7,1.14,medium,medium,medium,0,0,rule-derived from synthetic thresholds
4608,6,Nagpur,clay,Soybean,445,47.8,211,0.74,7.15,0.62,79.6,269.0,27.0,-1.65,medium,high,medium,0,1,rule-derived from synthetic thresholds
4609,6,Nagpur,clay,Wheat,455,31.7,382,0.64,7.1,0.45,209.0,543.6,26.8,0.57,medium,high,high,0,1,rule-derived from synthetic thresholds
4610,6,Nagpur,clay,Pigeon pea,481,29.1,231,0.79,7.84,1.29,238.4,738.4,29.4,-0.18,medium,high,medium,0,1,rule-derived from synthetic thresholds
4611,14,Dharwad,clay,Sorghum,302,31.9,246,0.33,6.14,0.43,22.4,47.3,20.5,2.06,medium,high,medium,0,1,rule-derived from synthetic thresholds
4612,9,Indore,clay,Pearl millet,351,9.2,247,0.48,8.12,0.69,33.7,87.5,26.0,-2.09,medium,low,medium,1,0,rule-derived from synthetic thresholds
4613,4,Ludhiana,sandy,Rice,330,46.5,188,0.63,6.98,0.27,153.4,550.1,20.5,0.16,medium,high,medium,0,1,rule-derived from synthetic thresholds
4614,3,Madurai,sandy,Pearl millet,339,17.4,214,0.67,5.55,0.92,25.4,52.3,26.8,-0.38,medium,medium,medium,0,0,rule-derived from synthetic thresholds
4615,1,Thanjavur,clay,Rice,559,15.8,196,0.69,8.81,0.63,28.3,65.8,26.8,0.17,medium,medium,medium,0,0,rule-derived from synthetic thresholds
4616,13,Bengaluru Rural,sandy,Rice,313,7.0,77,0.66,5.51,0.87,131.2,279.1,25.3,1.38,medium,low,low,1,0,rule-derived from synthetic thresholds
4617,4,Ludhiana,sandy,Wheat,301,6.0,92,0.37,7.63,0.38,82.3,279.8,17.1,-0.73,medium,low,low,1,0,rule-derived from synthetic thresholds
4618,2,Coimbatore,loam,Banana,241,7.0,249,0.43,9.2,0.69,136.4,338.2,24.6,-1.18,low,low,medium,1,0,rule-derived from synthetic thresholds
4619,5,Karnal,loam,Banana,380,22.1,174,0.62,8.19,0.29,77.6,238.9,21.9,0.51,medium,medium,medium,0,0,rule-derived from synthetic thresholds
4620,8,Guntur,clay,Chilli,382,8.7,173,0.81,8.93,0.57,75.2,161.2,29.3,0.1,medium,low,medium,1,0,rule-derived from synthetic thresholds
4621,15,Kolkata (24 Pgs),clay,Potato,389,9.1,297,0.72,7.07,0.76,162.7,546.0,22.1,1.79,medium,low,high,1,1,rule-derived from synthetic thresholds
4622,13,Bengaluru Rural,sandy,Maize,349,14.8,54,0.49,7.1,0.82,177.3,413.5,20.3,0.08,medium,medium,low,1,0,rule-derived from synthetic thresholds
4623,3,Madurai,sandy,Cotton,350,26.1,170,0.53,5.41,0.95,113.3,318.9,28.6,1.42,medium,high,medium,0,1,rule-derived from synthetic thresholds
4624,8,Guntur,clay,Chilli,281,14.2,316,0.6,9.0,0.2,122.9,284.7,26.0,1.83,medium,medium,high,0,1,rule-derived from synthetic thresholds
4625,13,Bengaluru Rural,sandy,Tomato,187,13.0,182,0.33,6.17,0.49,20.2,61.2,22.9,1.24,low,medium,medium,1,0,rule-derived from synthetic thresholds
4626,12,Patna,loam,Wheat,202,8.6,131,0.17,8.43,0.93,60.0,138.3,23.9,0.51,low,low,medium,1,0,rule-derived from synthetic thresholds
4627,8,Guntur,clay,Cotton,347,29.5,177,0.38,7.22,1.19,10.4,31.1,27.0,0.51,medium,high,medium,0,1,rule-derived from synthetic thresholds
4628,4,Ludhiana,sandy,Maize,475,41.9,285,0.71,5.1,1.66,22.3,72.7,26.9,-0.9,medium,high,high,0,1,rule-derived from synthetic thresholds
4629,12,Patna,loam,Maize,492,6.0,87,0.74,7.33,0.43,94.1,212.0,19.8,-1.33,medium,low,low,1,0,rule-derived from synthetic thresholds
4630,7,Pune,clay,Lentil,282,7.7,279,0.22,8.4,1.46,13.9,49.3,25.9,0.99,medium,low,medium,1,0,rule-derived from synthetic thresholds
4631,4,Ludhiana,sandy,Wheat,287,12.0,206,0.51,7.4,0.87,17.5,55.9,20.1,1.3,medium,medium,medium,0,0,rule-derived from synthetic thresholds
4632,11,Kanpur,loam,Rice,382,8.4,80,0.5,6.54,0.5,25.7,78.3,28.0,-0.46,medium,low,low,1,0,rule-derived from synthetic thresholds
4633,14,Dharwad,clay,Cotton,273,90.0,259,0.36,8.47,1.38,104.9,225.8,25.6,0.25,low,high,medium,1,1,rule-derived from synthetic thresholds
4634,14,Dharwad,clay,Sugarcane,400,15.0,271,0.56,8.36,0.76,112.6,301.5,25.1,0.02,medium,medium,medium,0,0,rule-derived from synthetic thresholds
4635,15,Kolkata (24 Pgs),clay,Banana,438,6.4,307,0.63,7.65,0.28,149.8,495.5,32.5,0.1,medium,low,high,1,1,rule-derived from synthetic thresholds
4636,10,Jaipur,sandy,Mustard,290,9.7,133,0.38,5.39,1.09,112.7,326.6,28.4,-0.93,medium,low,medium,1,0,rule-derived from synthetic thresholds
4637,12,Patna,loam,Wheat,467,9.1,394,0.66,6.32,1.38,40.5,120.0,29.4,-0.14,medium,low,high,1,1,rule-derived from synthetic thresholds
4638,4,Ludhiana,sandy,Sugarcane,391,39.2,224,0.63,7.04,0.35,32.7,89.5,26.0,0.57,medium,high,medium,0,1,rule-derived from synthetic thresholds
4639,5,Karnal,loam,Sugarcane,352,27.1,331,0.65,7.39,0.19,204.4,462.6,27.6,-0.87,medium,high,high,0,1,rule-derived from synthetic thresholds
4640,3,Madurai,sandy,Chilli,239,24.6,147,0.25,7.41,0.93,78.5,272.4,32.8,0.46,low,medium,medium,1,0,rule-derived from synthetic thresholds
4641,2,Coimbatore,loam,Banana,409,32.2,188,0.72,8.43,1.41,80.3,178.3,26.0,-1.68,medium,high,medium,0,1,rule-derived from synthetic thresholds
4642,13,Bengaluru Rural,sandy,Maize,394,15.7,107,0.62,7.61,0.21,299.3,946.9,25.7,0.65,medium,medium,low,1,0,rule-derived from synthetic thresholds
4643,7,Pune,clay,Sugarcane,637,12.5,271,0.92,8.06,0.09,44.0,92.0,29.4,-0.19,high,medium,medium,0,1,rule-derived from synthetic thresholds
4644,9,Indore,clay,Chickpea,243,6.3,224,0.48,7.72,0.38,108.8,329.7,23.0,0.91,low,low,medium,1,0,rule-derived from synthetic thresholds
4645,2,Coimbatore,loam,Green gram,305,13.2,184,0.45,8.21,0.86,49.0,169.8,20.8,1.76,medium,medium,medium,0,0,rule-derived from synthetic thresholds
4646,3,Madurai,sandy,Rice,133,4.2,61,0.1,6.93,0.13,13.5,43.2,25.1,0.57,low,low,low,1,0,rule-derived from synthetic thresholds
4647,2,Coimbatore,loam,Banana,284,7.8,276,0.33,6.18,1.45,12.2,35.0,26.0,-0.36,medium,low,medium,1,0,rule-derived from synthetic thresholds
4648,8,Guntur,clay,Rice,458,4.2,191,0.75,8.76,0.61,24.2,63.1,28.1,0.87,medium,low,medium,1,0,rule-derived from synthetic thresholds
4649,9,Indore,clay,Wheat,493,10.7,354,0.69,5.46,0.21,29.7,70.2,27.9,-0.12,medium,medium,high,0,1,rule-derived from synthetic thresholds
4650,2,Coimbatore,loam,Turmeric,374,24.4,297,0.85,5.62,0.27,29.1,70.3,28.0,-1.31,medium,medium,high,0,1,rule-derived from synthetic thresholds
4651,11,Kanpur,loam,Wheat,251,4.4,181,0.49,8.11,0.65,35.6,88.7,27.0,-1.06,low,low,medium,1,0,rule-derived from synthetic thresholds
4652,2,Coimbatore,loam,Banana,238,38.4,136,0.34,6.74,0.99,47.8,132.1,27.8,-0.16,low,high,medium,1,1,rule-derived from synthetic thresholds
4653,13,Bengaluru Rural,sandy,Ragi,341,22.9,30,0.37,5.83,1.07,25.4,72.3,24.9,0.33,medium,medium,low,1,0,rule-derived from synthetic thresholds
4654,14,Dharwad,clay,Sorghum,341,60.0,148,0.54,7.19,0.25,20.1,63.0,24.7,-1.09,medium,high,medium,0,1,rule-derived from synthetic thresholds
4655,10,Jaipur,sandy,Tomato,350,6.7,90,0.43,8.02,0.69,107.1,331.4,26.9,-0.21,medium,low,low,1,0,rule-derived from synthetic thresholds
4656,9,Indore,clay,Wheat,334,35.2,318,0.53,7.42,0.41,100.1,288.6,27.4,0.01,medium,high,high,0,1,rule-derived from synthetic thresholds
4657,11,Kanpur,loam,Wheat,305,27.0,229,0.27,5.9,0.72,73.0,250.3,27.8,0.46,medium,high,medium,0,1,rule-derived from synthetic thresholds
4658,4,Ludhiana,sandy,Rice,364,38.7,128,0.33,6.2,0.45,85.6,234.3,25.2,0.61,medium,high,medium,0,1,rule-derived from synthetic thresholds
4659,14,Dharwad,clay,Cotton,503,7.5,202,0.74,7.47,0.61,42.5,134.6,22.6,-0.69,medium,low,medium,1,0,rule-derived from synthetic thresholds
4660,14,Dharwad,clay,Chilli,427,7.8,220,0.66,5.74,0.62,6.9,20.5,25.2,0.27,medium,low,medium,1,0,rule-derived from synthetic thresholds
4661,11,Kanpur,loam,Potato,378,8.1,215,0.58,7.8,0.87,23.4,83.5,20.8,1.68,medium,low,medium,1,0,rule-derived from synthetic thresholds
4662,15,Kolkata (24 Pgs),clay,Rice,489,13.5,365,0.76,7.67,0.13,241.4,829.1,30.3,0.87,medium,medium,high,0,1,rule-derived from synthetic thresholds
4663,5,Karnal,loam,Sugarcane,386,23.2,187,0.54,8.43,0.69,43.8,138.9,23.8,-2.88,medium,medium,medium,0,0,rule-derived from synthetic thresholds
4664,14,Dharwad,clay,Chilli,449,5.4,220,0.87,8.25,0.5,130.0,439.6,25.5,-0.21,medium,low,medium,1,0,rule-derived from synthetic thresholds
4665,1,Thanjavur,clay,Wheat,464,7.1,277,0.83,7.77,0.81,54.3,142.3,24.9,1.28,medium,low,medium,1,0,rule-derived from synthetic thresholds
4666,12,Patna,loam,Sugarcane,359,16.7,303,0.61,8.23,1.74,63.0,170.2,31.5,-1.23,medium,medium,high,0,1,rule-derived from synthetic thresholds
4667,5,Karnal,loam,Maize,412,23.5,36,0.5,6.35,0.53,86.9,259.2,23.5,-0.86,medium,medium,low,1,0,rule-derived from synthetic thresholds
4668,15,Kolkata (24 Pgs),clay,Potato,434,5.7,365,0.77,7.17,0.41,276.6,569.4,24.6,0.65,medium,low,high,1,1,rule-derived from synthetic thresholds
4669,9,Indore,clay,Soybean,333,19.2,346,0.73,6.97,0.34,34.2,105.0,23.2,-0.23,medium,medium,high,0,1,rule-derived from synthetic thresholds
4670,3,Madurai,sandy,Pigeon pea,255,16.9,109,0.43,7.75,0.44,182.1,462.7,29.6,0.17,low,medium,low,1,0,rule-derived from synthetic thresholds
4671,5,Karnal,loam,Wheat,415,20.4,281,0.61,7.28,0.54,64.3,186.7,26.5,-0.91,medium,medium,high,0,1,rule-derived from synthetic thresholds
4672,14,Dharwad,clay,Mustard,463,7.0,326,0.59,8.9,0.34,60.4,121.7,24.0,-0.26,medium,low,high,1,1,rule-derived from synthetic thresholds
4673,13,Bengaluru Rural,sandy,Tomato,273,6.7,216,0.32,5.55,0.2,39.1,140.3,28.4,0.96,low,low,medium,1,0,rule-derived from synthetic thresholds
4674,6,Nagpur,clay,Pigeon pea,442,6.3,303,0.84,7.45,0.54,199.8,436.7,21.2,0.14,medium,low,high,1,1,rule-derived from synthetic thresholds
4675,4,Ludhiana,sandy,Wheat,186,11.1,119,0.11,8.41,0.36,16.9,37.2,21.1,0.52,low,medium,medium,1,0,rule-derived from synthetic thresholds
4676,1,Thanjavur,clay,Rice,430,2.6,317,0.7,8.9,0.35,11.9,42.0,28.1,-1.49,medium,low,high,1,1,rule-derived from synthetic thresholds
4677,2,Coimbatore,loam,Cotton,326,8.5,154,0.59,6.52,0.32,101.4,268.3,28.3,1.48,medium,low,medium,1,0,rule-derived from synthetic thresholds
4678,1,Thanjavur,clay,Green gram,435,8.9,156,0.69,9.2,0.76,25.0,89.9,28.6,0.33,medium,low,medium,1,0,rule-derived from synthetic thresholds
4679,5,Karnal,loam,Sugarcane,380,30.0,222,0.56,5.96,0.17,27.3,85.8,29.7,0.23,medium,high,medium,0,1,rule-derived from synthetic thresholds
4680,3,Madurai,sandy,Soybean,401,10.3,114,0.55,7.12,1.12,12.3,40.1,28.4,-0.26,medium,medium,medium,0,0,rule-derived from synthetic thresholds
4681,1,Thanjavur,clay,Green gram,491,33.6,131,0.5,8.05,0.27,16.0,50.8,27.1,0.16,medium,high,medium,0,1,rule-derived from synthetic thresholds
4682,12,Patna,loam,Wheat,324,4.6,329,0.45,7.29,1.41,29.6,75.2,26.2,0.93,medium,low,high,1,1,rule-derived from synthetic thresholds
4683,14,Dharwad,clay,Sorghum,218,10.7,268,0.54,7.78,0.48,33.3,68.6,27.4,-1.42,low,medium,medium,1,0,rule-derived from synthetic thresholds
4684,14,Dharwad,clay,Rice,522,9.4,351,0.73,8.12,1.96,42.9,104.9,27.5,1.35,medium,low,high,1,1,rule-derived from synthetic thresholds
4685,13,Bengaluru Rural,sandy,Soybean,512,7.0,141,0.32,7.15,1.17,239.5,695.3,21.6,-0.6,medium,low,medium,1,0,rule-derived from synthetic thresholds
4686,2,Coimbatore,loam,Sorghum,447,16.6,246,0.5,7.29,1.69,60.2,209.2,21.9,-0.17,medium,medium,medium,0,0,rule-derived from synthetic thresholds
4687,3,Madurai,sandy,Cotton,438,23.9,123,0.51,6.92,0.25,168.8,468.9,26.6,1.8,medium,medium,medium,0,0,rule-derived from synthetic thresholds
4688,13,Bengaluru Rural,sandy,Ragi,176,9.6,218,0.1,7.26,0.42,46.8,116.1,25.4,1.43,low,low,medium,1,0,rule-derived from synthetic thresholds
4689,1,Thanjavur,clay,Rice,406,7.5,292,0.76,8.27,0.57,17.6,56.0,31.6,1.57,medium,low,high,1,1,rule-derived from synthetic thresholds
4690,12,Patna,loam,Rice,463,25.8,68,0.65,6.94,0.4,35.6,77.3,23.0,-0.55,medium,high,low,1,1,rule-derived from synthetic thresholds
4691,2,Coimbatore,loam,Maize,500,5.4,121,0.78,6.26,0.83,34.6,86.0,25.8,-0.34,medium,low,medium,1,0,rule-derived from synthetic thresholds
4692,1,Thanjavur,clay,Rice,420,7.0,336,0.79,6.02,0.24,87.8,259.6,30.9,-0.79,medium,low,high,1,1,rule-derived from synthetic thresholds
4693,12,Patna,loam,Rice,347,42.3,168,0.34,7.99,0.15,43.1,140.7,22.3,-0.96,medium,high,medium,0,1,rule-derived from synthetic thresholds
4694,11,Kanpur,loam,Wheat,412,8.2,290,0.39,7.82,0.62,53.4,148.9,24.9,0.16,medium,low,high,1,1,rule-derived from synthetic thresholds
4695,2,Coimbatore,loam,Cotton,60,14.4,92,0.17,6.99,0.24,235.0,752.8,25.1,-0.93,low,medium,low,1,0,rule-derived from synthetic thresholds
4696,1,Thanjavur,clay,Pearl millet,475,14.8,270,0.58,6.43,0.39,12.2,37.0,29.1,0.35,medium,medium,medium,0,0,rule-derived from synthetic thresholds
4697,14,Dharwad,clay,Chilli,402,4.6,194,0.53,6.54,0.7,41.1,138.5,28.5,0.84,medium,low,medium,1,0,rule-derived from synthetic thresholds
4698,4,Ludhiana,sandy,Maize,202,15.8,135,0.17,5.71,0.43,19.5,46.7,22.0,0.85,low,medium,medium,1,0,rule-derived from synthetic thresholds
4699,15,Kolkata (24 Pgs),clay,Potato,371,54.0,175,0.4,7.03,1.75,98.7,239.1,27.1,0.34,medium,high,medium,0,1,rule-derived from synthetic thresholds
4700,8,Guntur,clay,Chilli,580,36.6,386,0.73,7.27,0.75,53.7,113.4,29.9,-0.02,high,high,high,0,1,rule-derived from synthetic thresholds
4701,15,Kolkata (24 Pgs),clay,Mustard,327,43.0,246,0.59,7.87,1.3,116.7,290.7,27.9,0.32,medium,high,medium,0,1,rule-derived from synthetic thresholds
4702,14,Dharwad,clay,Sorghum,164,6.1,242,0.28,7.55,0.19,51.0,109.5,25.0,-0.03,low,low,medium,1,0,rule-derived from synthetic thresholds
4703,10,Jaipur,sandy,Wheat,472,18.9,61,0.68,5.53,0.44,166.7,393.9,31.0,1.25,medium,medium,low,1,0,rule-derived from synthetic thresholds
4704,2,Coimbatore,loam,Maize,316,5.2,400,0.7,6.84,0.27,37.6,87.6,28.1,0.52,medium,low,high,1,1,rule-derived from synthetic thresholds
4705,14,Dharwad,clay,Chilli,407,13.2,288,0.45,7.28,0.95,7.9,20.0,23.0,0.94,medium,medium,high,0,1,rule-derived from synthetic thresholds
4706,6,Nagpur,clay,Soybean,411,5.2,375,0.67,8.96,0.84,105.3,214.9,25.8,-0.2,medium,low,high,1,1,rule-derived from synthetic thresholds
4707,4,Ludhiana,sandy,Maize,394,10.3,30,0.44,6.73,0.27,68.5,189.9,24.9,-0.22,medium,medium,low,1,0,rule-derived from synthetic thresholds
4708,9,Indore,clay,Chickpea,398,3.4,447,0.71,8.68,0.96,12.4,31.9,29.2,-0.26,medium,low,high,1,1,rule-derived from synthetic thresholds
4709,6,Nagpur,clay,Pigeon pea,380,27.9,367,0.61,8.85,0.23,15.5,33.9,33.2,0.51,medium,high,high,0,1,rule-derived from synthetic thresholds
4710,12,Patna,loam,Wheat,364,39.6,133,0.52,7.01,0.62,106.0,292.7,24.0,-0.73,medium,high,medium,0,1,rule-derived from synthetic thresholds
4711,4,Ludhiana,sandy,Maize,285,8.6,30,0.25,5.05,0.93,117.1,261.3,23.9,0.15,medium,low,low,1,0,rule-derived from synthetic thresholds
4712,14,Dharwad,clay,Chilli,467,23.9,233,0.52,7.61,0.65,4.0,11.6,24.4,-1.22,medium,medium,medium,0,0,rule-derived from synthetic thresholds
4713,2,Coimbatore,loam,Banana,289,14.2,275,0.47,5.69,0.21,20.7,45.7,25.9,-0.38,medium,medium,medium,0,0,rule-derived from synthetic thresholds
4714,8,Guntur,clay,Chilli,349,10.3,277,0.64,6.82,0.74,62.5,210.2,31.7,1.14,medium,medium,medium,0,0,rule-derived from synthetic thresholds
4715,15,Kolkata (24 Pgs),clay,Rice,419,37.6,169,0.51,7.86,0.21,327.5,656.9,25.5,2.49,medium,high,medium,0,1,rule-derived from synthetic thresholds
4716,13,Bengaluru Rural,sandy,Ragi,302,13.2,331,0.24,8.19,0.92,141.4,318.9,21.5,-0.82,medium,medium,high,0,1,rule-derived from synthetic thresholds
4717,13,Bengaluru Rural,sandy,Wheat,455,6.1,38,0.64,5.56,1.04,18.9,61.8,27.1,-0.35,medium,low,low,1,0,rule-derived from synthetic thresholds
4718,10,Jaipur,sandy,Sugarcane,206,36.5,155,0.39,6.45,0.35,12.5,36.3,23.8,1.32,low,high,medium,1,1,rule-derived from synthetic thresholds
4719,9,Indore,clay,Green gram,243,38.5,313,0.36,7.66,0.59,103.3,289.8,22.7,-2.02,low,high,high,1,1,rule-derived from synthetic thresholds
4720,4,Ludhiana,sandy,Rice,241,22.7,152,0.36,6.23,0.74,161.3,523.5,27.7,-1.07,low,medium,medium,1,0,rule-derived from synthetic thresholds
4721,5,Karnal,loam,Rice,153,11.8,205,0.23,6.99,0.85,3.6,7.3,26.6,0.63,low,medium,medium,1,0,rule-derived from synthetic thresholds
4722,9,Indore,clay,Wheat,269,13.1,248,0.49,8.8,0.86,6.9,16.2,23.0,0.18,low,medium,medium,1,0,rule-derived from synthetic thresholds
4723,5,Karnal,loam,Wheat,461,9.2,139,0.69,8.24,0.46,56.9,185.2,19.8,0.63,medium,low,medium,1,0,rule-derived from synthetic thresholds
4724,5,Karnal,loam,Ragi,202,17.5,391,0.45,6.74,0.58,108.8,241.9,15.1,-1.79,low,medium,high,1,1,rule-derived from synthetic thresholds
4725,11,Kanpur,loam,Chilli,458,21.6,172,0.79,6.73,0.57,100.6,333.1,23.0,-0.68,medium,medium,medium,0,0,rule-derived from synthetic thresholds
4726,11,Kanpur,loam,Green gram,255,19.2,258,0.61,7.67,0.89,67.8,169.4,31.2,1.27,low,medium,medium,1,0,rule-derived from synthetic thresholds
4727,8,Guntur,clay,Green gram,237,27.5,141,0.54,7.51,0.46,67.3,206.4,27.9,0.62,low,high,medium,1,1,rule-derived from synthetic thresholds
4728,5,Karnal,loam,Wheat,377,77.8,137,0.6,8.18,0.45,82.0,279.2,23.4,1.39,medium,high,medium,0,1,rule-derived from synthetic thresholds
4729,3,Madurai,sandy,Rice,404,5.8,153,0.28,6.87,0.26,14.8,30.3,29.7,-0.29,medium,low,medium,1,0,rule-derived from synthetic thresholds
4730,4,Ludhiana,sandy,Maize,297,15.3,179,0.28,6.77,0.33,30.3,99.6,25.8,0.94,medium,medium,medium,0,0,rule-derived from synthetic thresholds
4731,5,Karnal,loam,Wheat,459,8.2,117,0.75,7.82,0.41,176.8,491.2,21.5,1.2,medium,low,medium,1,0,rule-derived from synthetic thresholds
4732,15,Kolkata (24 Pgs),clay,Potato,215,7.7,271,0.34,8.7,0.79,236.6,540.2,26.7,0.01,low,low,medium,1,0,rule-derived from synthetic thresholds
4733,5,Karnal,loam,Wheat,292,21.5,232,0.48,7.83,1.02,34.5,84.5,25.2,-0.2,medium,medium,medium,0,0,rule-derived from synthetic thresholds
4734,14,Dharwad,clay,Chilli,389,40.1,138,0.84,7.59,0.12,88.9,315.0,23.5,2.36,medium,high,medium,0,1,rule-derived from synthetic thresholds
4735,9,Indore,clay,Wheat,457,10.0,389,0.93,6.69,1.6,48.1,150.3,21.1,-0.04,medium,medium,high,0,1,rule-derived from synthetic thresholds
4736,7,Pune,clay,Maize,587,12.4,357,0.92,6.54,0.92,66.1,217.2,23.0,-1.08,high,medium,high,0,1,rule-derived from synthetic thresholds
4737,5,Karnal,loam,Sugarcane,295,30.4,185,0.51,6.06,0.44,7.3,25.6,23.7,-0.19,medium,high,medium,0,1,rule-derived from synthetic thresholds
4738,12,Patna,loam,Rice,258,22.9,198,0.44,5.83,0.8,6.5,16.1,33.6,2.37,low,medium,medium,1,0,rule-derived from synthetic thresholds
4739,13,Bengaluru Rural,sandy,Ragi,177,5.9,180,0.25,7.99,0.5,29.0,71.6,20.3,0.18,low,low,medium,1,0,rule-derived from synthetic thresholds
4740,15,Kolkata (24 Pgs),clay,Potato,375,3.3,137,0.56,7.9,0.27,66.6,238.0,24.5,1.6,medium,low,medium,1,0,rule-derived from synthetic thresholds
4741,13,Bengaluru Rural,sandy,Ragi,232,8.3,78,0.4,6.08,1.5,18.6,51.5,20.0,1.09,low,low,low,1,0,rule-derived from synthetic thresholds
4742,2,Coimbatore,loam,Cotton,356,27.1,118,0.4,6.86,0.49,40.5,137.1,20.7,-0.78,medium,high,medium,0,1,rule-derived from synthetic thresholds
4743,14,Dharwad,clay,Cotton,283,38.9,290,0.33,6.79,0.67,206.2,418.5,26.5,-0.01,medium,high,high,0,1,rule-derived from synthetic thresholds
4744,10,Jaipur,sandy,Pearl millet,311,17.4,182,0.52,5.55,0.49,127.0,332.8,24.5,-0.73,medium,medium,medium,0,0,rule-derived from synthetic thresholds
4745,8,Guntur,clay,Pearl millet,270,26.6,226,0.53,6.96,0.59,48.6,141.0,29.6,0.06,low,high,medium,1,1,rule-derived from synthetic thresholds
4746,4,Ludhiana,sandy,Rice,224,8.0,67,0.4,6.99,0.16,41.7,142.1,25.4,0.03,low,low,low,1,0,rule-derived from synthetic thresholds
4747,8,Guntur,clay,Sugarcane,504,22.8,376,1.05,7.59,0.54,684.2,2043.5,26.2,-1.46,medium,medium,high,0,1,rule-derived from synthetic thresholds
4748,13,Bengaluru Rural,sandy,Ragi,334,8.6,91,0.42,6.68,0.34,32.1,75.0,23.5,0.51,medium,low,low,1,0,rule-derived from synthetic thresholds
4749,9,Indore,clay,Wheat,487,22.1,250,0.79,8.15,0.91,5.1,16.8,26.4,1.01,medium,medium,medium,0,0,rule-derived from synthetic thresholds
4750,2,Coimbatore,loam,Maize,388,3.3,374,0.61,5.36,0.96,12.8,31.7,27.1,-1.24,medium,low,high,1,1,rule-derived from synthetic thresholds
4751,12,Patna,loam,Wheat,521,17.1,237,0.59,7.2,1.06,42.0,138.4,22.7,-0.16,medium,medium,medium,0,0,rule-derived from synthetic thresholds
4752,12,Patna,loam,Maize,300,13.5,108,0.52,6.78,0.17,169.5,453.2,26.5,0.49,medium,medium,low,1,0,rule-derived from synthetic thresholds
4753,11,Kanpur,loam,Potato,333,24.3,183,0.76,6.82,0.15,57.8,158.6,28.2,1.5,medium,medium,medium,0,0,rule-derived from synthetic thresholds
4754,4,Ludhiana,sandy,Wheat,251,74.6,274,0.52,5.94,1.84,39.1,106.8,25.8,1.14,low,high,medium,1,1,rule-derived from synthetic thresholds
4755,5,Karnal,loam,Wheat,329,17.2,149,0.37,7.07,0.64,6.6,23.6,26.7,-0.99,medium,medium,medium,0,0,rule-derived from synthetic thresholds
4756,7,Pune,clay,Onion,451,5.5,360,0.36,7.18,0.74,39.6,108.1,20.2,-0.17,medium,low,high,1,1,rule-derived from synthetic thresholds
4757,14,Dharwad,clay,Onion,542,14.1,192,0.48,9.2,0.18,72.4,259.1,27.6,2.07,medium,medium,medium,0,0,rule-derived from synthetic thresholds
4758,13,Bengaluru Rural,sandy,Ragi,240,6.7,41,0.32,6.92,0.17,7.8,21.0,26.4,-2.7,low,low,low,1,0,rule-derived from synthetic thresholds
4759,2,Coimbatore,loam,Banana,380,19.1,90,0.47,7.33,1.0,62.4,126.2,24.6,-1.37,medium,medium,low,1,0,rule-derived from synthetic thresholds
4760,2,Coimbatore,loam,Cotton,401,21.2,168,0.48,6.54,0.39,17.1,46.8,27.9,-0.25,medium,medium,medium,0,0,rule-derived from synthetic thresholds
4761,1,Thanjavur,clay,Groundnut,426,5.1,230,0.68,7.17,0.54,77.0,222.2,29.2,-1.09,medium,low,medium,1,0,rule-derived from synthetic thresholds
4762,14,Dharwad,clay,Cotton,323,7.7,181,0.46,9.03,1.63,349.2,1009.1,25.0,1.17,medium,low,medium,1,0,rule-derived from synthetic thresholds
4763,13,Bengaluru Rural,sandy,Ragi,285,5.8,210,0.39,6.73,0.57,52.7,176.7,22.1,-0.0,medium,low,medium,1,0,rule-derived from synthetic thresholds
4764,4,Ludhiana,sandy,Groundnut,409,90.0,30,0.45,6.11,0.79,28.9,78.2,25.6,-0.03,medium,high,low,1,1,rule-derived from synthetic thresholds
4765,14,Dharwad,clay,Pearl millet,450,8.3,277,0.58,7.26,0.19,24.4,64.7,30.7,1.62,medium,low,medium,1,0,rule-derived from synthetic thresholds
4766,8,Guntur,clay,Rice,461,64.6,298,0.43,7.91,0.57,13.8,48.4,30.5,0.03,medium,high,high,0,1,rule-derived from synthetic thresholds
4767,5,Karnal,loam,Wheat,221,13.8,188,0.32,6.17,0.41,77.7,224.6,24.4,0.7,low,medium,medium,1,0,rule-derived from synthetic thresholds
4768,12,Patna,loam,Maize,411,6.1,351,0.56,7.26,0.56,52.4,183.8,26.3,-1.08,medium,low,high,1,1,rule-derived from synthetic thresholds
4769,2,Coimbatore,loam,Mustard,352,5.6,106,0.73,6.69,0.31,75.1,194.8,21.3,-0.65,medium,low,low,1,0,rule-derived from synthetic thresholds
4770,2,Coimbatore,loam,Sorghum,255,6.3,89,0.24,7.91,1.34,20.5,54.9,31.8,-0.61,low,low,low,1,0,rule-derived from synthetic thresholds
4771,4,Ludhiana,sandy,Wheat,82,13.9,65,0.1,6.96,0.9,5.1,15.5,24.8,0.29,low,medium,low,1,0,rule-derived from synthetic thresholds
4772,10,Jaipur,sandy,Groundnut,311,19.8,202,0.35,6.54,0.56,19.7,53.1,20.2,0.47,medium,medium,medium,0,0,rule-derived from synthetic thresholds
4773,13,Bengaluru Rural,sandy,Green gram,326,49.7,196,0.46,8.11,0.36,25.3,90.0,26.2,0.16,medium,high,medium,0,1,rule-derived from synthetic thresholds
4774,8,Guntur,clay,Rice,251,52.7,259,0.55,8.56,0.48,132.3,389.3,32.6,0.53,low,high,medium,1,1,rule-derived from synthetic thresholds
4775,7,Pune,clay,Maize,424,12.8,180,0.75,7.92,0.89,65.4,201.6,25.1,0.26,medium,medium,medium,0,0,rule-derived from synthetic thresholds
4776,9,Indore,clay,Chickpea,498,27.8,221,0.74,6.47,0.81,98.8,313.7,24.3,1.88,medium,high,medium,0,1,rule-derived from synthetic thresholds
4777,1,Thanjavur,clay,Green gram,341,22.9,288,0.63,7.4,0.99,9.4,21.6,23.9,1.96,medium,medium,high,0,1,rule-derived from synthetic thresholds
4778,10,Jaipur,sandy,Pearl millet,190,7.5,35,0.1,6.85,0.67,15.4,37.7,23.0,0.07,low,low,low,1,0,rule-derived from synthetic thresholds
4779,13,Bengaluru Rural,sandy,Ragi,350,11.8,97,0.45,6.74,0.64,10.4,37.3,26.5,-0.21,medium,medium,low,1,0,rule-derived from synthetic thresholds
4780,7,Pune,clay,Mustard,375,15.3,277,0.45,7.65,0.45,43.0,153.8,22.9,0.15,medium,medium,medium,0,0,rule-derived from synthetic thresholds
4781,10,Jaipur,sandy,Mustard,303,15.2,134,0.31,6.18,0.35,49.4,147.2,29.1,0.49,medium,medium,medium,0,0,rule-derived from synthetic thresholds
4782,5,Karnal,loam,Cotton,394,6.4,277,0.67,7.19,1.13,17.4,45.1,24.0,0.35,medium,low,medium,1,0,rule-derived from synthetic thresholds
4783,15,Kolkata (24 Pgs),clay,Mustard,269,4.7,368,0.28,8.49,1.49,266.9,898.0,33.4,-1.25,low,low,high,1,1,rule-derived from synthetic thresholds
4784,3,Madurai,sandy,Rice,214,20.7,91,0.1,6.83,0.78,28.7,99.3,27.8,0.03,low,medium,low,1,0,rule-derived from synthetic thresholds
4785,3,Madurai,sandy,Rice,248,6.4,143,0.29,5.88,0.75,279.2,942.8,30.7,0.13,low,low,medium,1,0,rule-derived from synthetic thresholds
4786,15,Kolkata (24 Pgs),clay,Sugarcane,351,11.4,157,0.49,8.59,0.74,208.1,497.2,24.8,0.98,medium,medium,medium,0,0,rule-derived from synthetic thresholds
4787,8,Guntur,clay,Cotton,384,12.6,283,0.54,7.62,0.43,138.6,471.8,28.3,0.11,medium,medium,high,0,1,rule-derived from synthetic thresholds
4788,7,Pune,clay,Sorghum,297,8.6,308,0.43,8.46,0.16,88.8,226.4,25.6,-0.19,medium,low,high,1,1,rule-derived from synthetic thresholds
4789,13,Bengaluru Rural,sandy,Maize,119,13.6,192,0.17,6.28,2.84,23.5,73.7,22.1,-0.53,low,medium,medium,1,0,rule-derived from synthetic thresholds
4790,5,Karnal,loam,Sugarcane,260,9.8,135,0.33,6.71,2.13,41.7,103.5,30.0,1.73,low,low,medium,1,0,rule-derived from synthetic thresholds
4791,5,Karnal,loam,Wheat,321,22.6,240,0.35,8.14,0.95,56.2,121.0,24.7,-0.43,medium,medium,medium,0,0,rule-derived from synthetic thresholds
4792,1,Thanjavur,clay,Mustard,412,61.7,243,0.82,8.66,1.94,39.4,84.3,29.5,-0.7,medium,high,medium,0,1,rule-derived from synthetic thresholds
4793,8,Guntur,clay,Lentil,409,33.9,307,0.47,7.75,0.92,44.0,106.1,28.6,1.24,medium,high,high,0,1,rule-derived from synthetic thresholds
4794,12,Patna,loam,Mustard,324,15.0,223,0.31,7.0,0.62,90.0,231.9,22.8,0.61,medium,medium,medium,0,0,rule-derived from synthetic thresholds
4795,15,Kolkata (24 Pgs),clay,Banana,514,16.4,262,0.75,7.28,0.93,201.0,491.8,30.3,0.48,medium,medium,medium,0,0,rule-derived from synthetic thresholds
4796,8,Guntur,clay,Chilli,344,37.0,323,0.45,9.2,4.09,141.7,507.5,29.8,0.26,medium,high,high,0,1,rule-derived from synthetic thresholds
4797,2,Coimbatore,loam,Cotton,355,12.7,112,0.57,6.55,0.41,60.7,135.6,26.6,-0.48,medium,medium,medium,0,0,rule-derived from synthetic thresholds
4798,3,Madurai,sandy,Rice,268,6.8,220,0.52,5.67,1.71,34.8,104.0,33.0,1.2,low,low,medium,1,0,rule-derived from synthetic thresholds
4799,5,Karnal,loam,Wheat,503,12.6,152,0.33,7.6,0.32,32.8,88.9,21.8,1.95,medium,medium,medium,0,0,rule-derived from synthetic thresholds
4800,14,Dharwad,clay,Chilli,257,18.0,259,0.22,8.43,0.49,44.6,100.6,27.1,0.36,low,medium,medium,1,0,rule-derived from synthetic thresholds
4801,9,Indore,clay,Chilli,297,3.6,240,0.51,7.4,0.63,138.6,313.5,25.3,0.37,medium,low,medium,1,0,rule-derived from synthetic thresholds
4802,15,Kolkata (24 Pgs),clay,Rice,476,15.2,194,0.74,7.31,0.13,65.4,227.5,32.7,0.11,medium,medium,medium,0,0,rule-derived from synthetic thresholds
4803,13,Bengaluru Rural,sandy,Tomato,254,6.5,198,0.25,7.34,0.56,80.8,212.2,25.8,-1.39,low,low,medium,1,0,rule-derived from synthetic thresholds
4804,14,Dharwad,clay,Chilli,471,14.5,369,0.66,7.51,0.31,20.0,40.0,24.1,0.13,medium,medium,high,0,1,rule-derived from synthetic thresholds
4805,5,Karnal,loam,Cotton,383,14.5,30,0.51,6.24,0.13,70.3,154.6,23.7,1.31,medium,medium,low,1,0,rule-derived from synthetic thresholds
4806,9,Indore,clay,Wheat,411,5.0,177,0.66,8.42,2.27,45.7,117.4,25.2,1.92,medium,low,medium,1,0,rule-derived from synthetic thresholds
4807,1,Thanjavur,clay,Groundnut,367,14.4,55,0.6,6.98,0.44,15.4,47.6,30.9,0.28,medium,medium,low,1,0,rule-derived from synthetic thresholds
4808,6,Nagpur,clay,Cotton,495,9.2,193,0.79,8.86,2.31,158.3,480.3,26.1,-0.34,medium,low,medium,1,0,rule-derived from synthetic thresholds
4809,5,Karnal,loam,Sugarcane,330,8.3,215,0.61,7.17,0.39,14.9,42.3,23.2,0.47,medium,low,medium,1,0,rule-derived from synthetic thresholds
4810,3,Madurai,sandy,Chilli,276,18.5,135,0.4,6.85,1.06,108.5,248.2,31.5,0.44,low,medium,medium,1,0,rule-derived from synthetic thresholds
4811,1,Thanjavur,clay,Green gram,375,5.9,198,0.6,7.68,0.2,243.0,783.6,31.9,-1.1,medium,low,medium,1,0,rule-derived from synthetic thresholds
4812,6,Nagpur,clay,Pigeon pea,409,3.8,349,0.71,7.34,0.37,112.7,391.7,25.6,-0.3,medium,low,high,1,1,rule-derived from synthetic thresholds
4813,2,Coimbatore,loam,Maize,349,5.9,174,0.55,6.01,0.38,17.3,38.9,24.2,-0.27,medium,low,medium,1,0,rule-derived from synthetic thresholds
4814,10,Jaipur,sandy,Wheat,440,73.9,246,0.48,6.59,0.31,48.8,148.1,27.4,-0.2,medium,high,medium,0,1,rule-derived from synthetic thresholds
4815,5,Karnal,loam,Sugarcane,105,18.2,193,0.19,7.31,0.73,41.3,108.1,25.2,-0.52,low,medium,medium,1,0,rule-derived from synthetic thresholds
4816,4,Ludhiana,sandy,Rice,514,16.6,111,0.79,7.1,0.42,78.2,199.4,23.2,-1.78,medium,medium,medium,0,0,rule-derived from synthetic thresholds
4817,2,Coimbatore,loam,Cotton,346,10.0,307,0.7,7.44,1.71,278.5,742.2,26.5,0.43,medium,medium,high,0,1,rule-derived from synthetic thresholds
4818,7,Pune,clay,Maize,399,6.8,86,0.7,7.56,0.14,194.0,496.8,23.5,-0.81,medium,low,low,1,0,rule-derived from synthetic thresholds
4819,3,Madurai,sandy,Potato,393,12.3,60,0.1,6.61,0.51,81.4,166.5,31.5,-0.54,medium,medium,low,1,0,rule-derived from synthetic thresholds
4820,9,Indore,clay,Chickpea,550,6.8,185,0.82,7.82,0.17,146.0,393.0,27.0,-1.62,medium,low,medium,1,0,rule-derived from synthetic thresholds
4821,15,Kolkata (24 Pgs),clay,Sorghum,240,13.6,242,0.45,8.09,0.5,79.1,160.1,21.1,-1.14,low,medium,medium,1,0,rule-derived from synthetic thresholds
4822,11,Kanpur,loam,Rice,319,2.6,69,0.23,6.55,0.79,51.6,114.3,26.0,0.91,medium,low,low,1,0,rule-derived from synthetic thresholds
4823,2,Coimbatore,loam,Sorghum,330,17.0,310,0.52,7.26,0.4,29.7,84.7,22.0,-1.4,medium,medium,high,0,1,rule-derived from synthetic thresholds
4824,2,Coimbatore,loam,Banana,426,8.7,158,0.5,7.34,0.31,59.3,158.5,25.5,-0.3,medium,low,medium,1,0,rule-derived from synthetic thresholds
4825,14,Dharwad,clay,Chilli,652,51.1,345,0.91,6.98,0.7,53.6,155.8,27.5,2.62,high,high,high,0,1,rule-derived from synthetic thresholds
4826,14,Dharwad,clay,Sorghum,540,16.1,422,0.92,7.17,0.19,47.0,167.8,22.6,-0.61,medium,medium,high,0,1,rule-derived from synthetic thresholds
4827,6,Nagpur,clay,Cotton,433,7.2,174,0.65,7.11,0.62,61.2,181.5,28.2,-1.09,medium,low,medium,1,0,rule-derived from synthetic thresholds
4828,7,Pune,clay,Onion,470,18.9,192,0.55,7.9,0.23,56.7,137.1,25.2,-2.39,medium,medium,medium,0,0,rule-derived from synthetic thresholds
4829,6,Nagpur,clay,Cotton,473,9.1,359,0.86,7.73,0.59,5.3,14.8,28.8,-0.03,medium,low,high,1,1,rule-derived from synthetic thresholds
4830,9,Indore,clay,Soybean,233,70.2,317,0.34,8.88,0.5,127.0,342.0,22.4,-0.76,low,high,high,1,1,rule-derived from synthetic thresholds
4831,4,Ludhiana,sandy,Maize,385,39.5,30,0.47,5.71,0.65,26.6,80.9,28.6,1.2,medium,high,low,1,1,rule-derived from synthetic thresholds
4832,15,Kolkata (24 Pgs),clay,Potato,466,53.1,279,0.7,8.27,0.43,59.2,209.1,29.6,1.37,medium,high,medium,0,1,rule-derived from synthetic thresholds
4833,7,Pune,clay,Onion,385,9.7,262,0.7,7.76,1.11,52.6,155.1,29.4,0.87,medium,low,medium,1,0,rule-derived from synthetic thresholds
4834,3,Madurai,sandy,Chilli,246,23.1,80,0.22,5.29,0.83,20.8,69.6,33.0,0.68,low,medium,low,1,0,rule-derived from synthetic thresholds
4835,5,Karnal,loam,Rice,400,9.5,140,0.76,7.46,0.37,52.1,166.5,27.1,-0.11,medium,low,medium,1,0,rule-derived from synthetic thresholds
4836,14,Dharwad,clay,Chilli,570,14.6,401,1.01,7.31,1.04,26.9,72.4,22.7,0.69,high,medium,high,0,1,rule-derived from synthetic thresholds
4837,5,Karnal,loam,Sugarcane,373,18.1,131,0.43,7.15,0.38,24.3,64.9,26.6,-1.54,medium,medium,medium,0,0,rule-derived from synthetic thresholds
4838,13,Bengaluru Rural,sandy,Maize,579,65.9,53,0.87,6.33,0.34,61.2,163.5,22.6,-0.85,high,high,low,1,1,rule-derived from synthetic thresholds
4839,12,Patna,loam,Rice,514,18.5,266,0.69,6.09,1.26,376.4,899.0,28.9,-0.31,medium,medium,medium,0,0,rule-derived from synthetic thresholds
4840,15,Kolkata (24 Pgs),clay,Rice,357,13.1,230,0.59,8.22,1.01,114.0,356.4,30.2,0.66,medium,medium,medium,0,0,rule-derived from synthetic thresholds
4841,3,Madurai,sandy,Banana,355,16.4,30,0.3,5.28,0.17,13.6,30.3,27.5,-0.2,medium,medium,low,1,0,rule-derived from synthetic thresholds
4842,6,Nagpur,clay,Pigeon pea,364,3.0,285,0.5,8.89,1.09,52.3,171.3,27.4,0.71,medium,low,high,1,1,rule-derived from synthetic thresholds
4843,13,Bengaluru Rural,sandy,Tomato,343,7.5,94,0.28,6.97,0.1,23.9,48.4,30.5,-0.92,medium,low,low,1,0,rule-derived from synthetic thresholds
4844,2,Coimbatore,loam,Onion,404,15.3,159,0.77,7.69,0.76,43.0,86.2,24.6,1.46,medium,medium,medium,0,0,rule-derived from synthetic thresholds
4845,1,Thanjavur,clay,Green gram,218,21.2,247,0.33,7.53,1.0,32.5,115.9,31.4,2.85,low,medium,medium,1,0,rule-derived from synthetic thresholds
4846,1,Thanjavur,clay,Green gram,378,16.5,282,0.58,8.02,0.23,33.8,98.6,26.8,0.17,medium,medium,high,0,1,rule-derived from synthetic thresholds
4847,2,Coimbatore,loam,Sorghum,186,42.1,299,0.39,6.84,1.02,13.4,42.1,21.8,0.15,low,high,high,1,1,rule-derived from synthetic thresholds
4848,12,Patna,loam,Maize,363,8.5,182,0.58,5.98,0.21,91.0,242.6,24.5,0.39,medium,low,medium,1,0,rule-derived from synthetic thresholds
4849,6,Nagpur,clay,Pigeon pea,283,58.2,268,0.62,7.92,0.55,20.7,47.1,28.2,-0.72,medium,high,medium,0,1,rule-derived from synthetic thresholds
4850,3,Madurai,sandy,Cotton,310,18.0,194,0.2,6.17,0.57,22.3,67.8,32.7,0.94,medium,medium,medium,0,0,rule-derived from synthetic thresholds
4851,11,Kanpur,loam,Lentil,88,7.0,307,0.13,7.18,0.82,56.4,136.6,25.3,0.51,low,low,high,1,1,rule-derived from synthetic thresholds
4852,5,Karnal,loam,Sugarcane,400,4.0,111,0.58,6.67,0.42,53.8,160.5,26.4,0.95,medium,low,medium,1,0,rule-derived from synthetic thresholds
4853,3,Madurai,sandy,Onion,142,2.3,30,0.23,6.07,0.69,52.7,165.2,32.9,-0.84,low,low,low,1,0,rule-derived from synthetic thresholds
4854,15,Kolkata (24 Pgs),clay,Groundnut,503,39.3,179,0.69,5.95,0.52,39.8,132.0,28.6,-1.3,medium,high,medium,0,1,rule-derived from synthetic thresholds
4855,9,Indore,clay,Chickpea,432,33.8,206,0.71,8.14,0.38,41.5,109.5,23.6,-0.03,medium,high,medium,0,1,rule-derived from synthetic thresholds
4856,7,Pune,clay,Maize,465,19.3,334,0.49,7.43,0.98,24.2,61.7,25.3,0.56,medium,medium,high,0,1,rule-derived from synthetic thresholds
4857,14,Dharwad,clay,Chilli,392,8.4,353,0.53,7.99,0.53,46.7,113.3,25.6,0.92,medium,low,high,1,1,rule-derived from synthetic thresholds
4858,4,Ludhiana,sandy,Banana,276,7.6,189,0.3,6.63,0.27,80.7,178.6,31.8,-0.19,low,low,medium,1,0,rule-derived from synthetic thresholds
4859,9,Indore,clay,Wheat,522,38.1,232,0.71,7.33,1.0,54.7,189.8,29.9,0.03,medium,high,medium,0,1,rule-derived from synthetic thresholds
4860,12,Patna,loam,Banana,458,14.5,227,0.92,7.89,0.84,53.2,136.0,25.1,1.55,medium,medium,medium,0,0,rule-derived from synthetic thresholds
4861,1,Thanjavur,clay,Green gram,490,8.7,182,0.68,8.09,0.68,128.3,398.6,20.1,0.19,medium,low,medium,1,0,rule-derived from synthetic thresholds
4862,5,Karnal,loam,Green gram,462,11.1,144,0.91,7.27,1.54,85.3,175.5,21.2,-1.03,medium,medium,medium,0,0,rule-derived from synthetic thresholds
4863,2,Coimbatore,loam,Wheat,382,22.2,178,0.47,7.72,0.63,61.9,193.8,20.9,0.06,medium,medium,medium,0,0,rule-derived from synthetic thresholds
4864,8,Guntur,clay,Banana,323,8.3,281,0.43,9.2,0.6,215.9,457.3,23.5,1.09,medium,low,high,1,1,rule-derived from synthetic thresholds
4865,11,Kanpur,loam,Rice,444,4.4,114,0.63,7.37,0.2,18.1,37.0,28.4,-0.53,medium,low,medium,1,0,rule-derived from synthetic thresholds
4866,3,Madurai,sandy,Cotton,389,16.5,74,0.61,5.71,0.24,45.4,157.6,27.3,-0.2,medium,medium,low,1,0,rule-derived from synthetic thresholds
4867,3,Madurai,sandy,Cotton,269,42.5,104,0.33,7.07,0.15,221.8,543.9,26.4,0.23,low,high,low,1,1,rule-derived from synthetic thresholds
4868,7,Pune,clay,Onion,491,16.0,344,0.71,8.69,0.26,154.6,456.0,26.0,1.59,medium,medium,high,0,1,rule-derived from synthetic thresholds
4869,6,Nagpur,clay,Soybean,346,4.0,310,0.58,7.14,0.5,15.4,40.0,27.1,0.66,medium,low,high,1,1,rule-derived from synthetic thresholds
4870,2,Coimbatore,loam,Cotton,426,13.1,142,0.42,7.81,0.27,32.9,89.7,25.8,1.17,medium,medium,medium,0,0,rule-derived from synthetic thresholds
4871,11,Kanpur,loam,Potato,518,8.8,187,0.94,7.81,0.2,72.0,168.6,26.3,1.54,medium,low,medium,1,0,rule-derived from synthetic thresholds
4872,12,Patna,loam,Rice,193,38.9,236,0.58,8.65,0.39,206.9,567.3,28.4,-0.31,low,high,medium,1,1,rule-derived from synthetic thresholds
4873,7,Pune,clay,Cotton,373,21.5,121,0.65,6.25,0.44,52.1,157.0,27.3,0.52,medium,medium,medium,0,0,rule-derived from synthetic thresholds
4874,6,Nagpur,clay,Pigeon pea,407,12.0,171,0.53,6.82,0.51,17.9,58.9,23.4,-0.49,medium,medium,medium,0,0,rule-derived from synthetic thresholds
4875,3,Madurai,sandy,Cotton,257,17.7,82,0.3,7.31,1.43,44.7,157.1,21.0,-0.64,low,medium,low,1,0,rule-derived from synthetic thresholds
4876,5,Karnal,loam,Rice,420,28.7,181,0.69,7.02,0.77,50.8,148.6,25.5,1.38,medium,high,medium,0,1,rule-derived from synthetic thresholds
4877,8,Guntur,clay,Cotton,434,4.6,268,0.65,7.69,0.36,25.4,55.5,23.3,-1.22,medium,low,medium,1,0,rule-derived from synthetic thresholds
4878,15,Kolkata (24 Pgs),clay,Potato,384,21.2,284,0.71,7.07,0.3,71.5,149.6,26.2,-1.55,medium,medium,high,0,1,rule-derived from synthetic thresholds
4879,3,Madurai,sandy,Chilli,316,20.6,57,0.52,7.65,0.33,60.0,212.4,29.8,-1.18,medium,medium,low,1,0,rule-derived from synthetic thresholds
4880,13,Bengaluru Rural,sandy,Tomato,193,7.5,30,0.26,6.66,0.67,20.4,73.2,25.7,-0.77,low,low,low,1,0,rule-derived from synthetic thresholds
4881,8,Guntur,clay,Chilli,476,25.3,226,0.42,6.34,0.28,37.3,108.1,32.5,0.37,medium,high,medium,0,1,rule-derived from synthetic thresholds
4882,9,Indore,clay,Turmeric,282,20.4,295,0.34,6.94,0.57,58.1,159.9,26.9,-0.63,medium,medium,high,0,1,rule-derived from synthetic thresholds
4883,5,Karnal,loam,Sunflower,409,9.9,66,0.36,6.49,0.6,108.2,255.5,24.2,-1.18,medium,low,low,1,0,rule-derived from synthetic thresholds
4884,15,Kolkata (24 Pgs),clay,Onion,326,16.9,227,0.46,7.74,0.94,376.6,792.1,28.1,0.42,medium,medium,medium,0,0,rule-derived from synthetic thresholds
4885,1,Thanjavur,clay,Groundnut,420,24.9,340,0.68,7.78,0.46,122.5,411.1,28.0,0.03,medium,medium,high,0,1,rule-derived from synthetic thresholds
4886,4,Ludhiana,sandy,Rice,242,28.0,30,0.39,5.34,0.49,29.3,84.4,23.2,-1.44,low,high,low,1,1,rule-derived from synthetic thresholds
4887,5,Karnal,loam,Pearl millet,295,40.6,30,0.36,5.81,0.3,6.5,18.6,27.5,-1.03,medium,high,low,1,1,rule-derived from synthetic thresholds
4888,9,Indore,clay,Wheat,463,90.0,404,0.75,8.65,0.92,220.9,507.1,28.9,0.21,medium,high,high,0,1,rule-derived from synthetic thresholds
4889,7,Pune,clay,Pearl millet,343,14.8,299,0.56,7.44,0.21,63.9,137.9,25.8,0.63,medium,medium,high,0,1,rule-derived from synthetic thresholds
4890,14,Dharwad,clay,Sorghum,327,20.3,190,0.55,7.12,0.67,105.1,353.8,23.9,0.05,medium,medium,medium,0,0,rule-derived from synthetic thresholds
4891,3,Madurai,sandy,Chilli,373,34.0,30,0.43,6.61,0.19,26.4,57.7,34.9,-0.29,medium,high,low,1,1,rule-derived from synthetic thresholds
4892,9,Indore,clay,Wheat,496,13.7,184,0.64,6.44,1.45,131.8,456.7,21.1,-1.25,medium,medium,medium,0,0,rule-derived from synthetic thresholds
4893,8,Guntur,clay,Cotton,554,53.3,173,1.05,7.25,0.29,144.0,333.8,30.6,-0.06,medium,high,medium,0,1,rule-derived from synthetic thresholds
4894,5,Karnal,loam,Sugarcane,369,60.6,121,0.55,7.59,1.04,25.9,64.0,24.5,-0.38,medium,high,medium,0,1,rule-derived from synthetic thresholds
4895,1,Thanjavur,clay,Green gram,381,11.9,254,0.84,8.92,0.27,31.4,105.5,29.3,-0.73,medium,medium,medium,0,0,rule-derived from synthetic thresholds
4896,13,Bengaluru Rural,sandy,Maize,140,10.4,30,0.11,6.36,0.48,8.6,21.7,24.0,-0.18,low,medium,low,1,0,rule-derived from synthetic thresholds
4897,4,Ludhiana,sandy,Wheat,251,8.5,172,0.15,7.32,0.62,138.6,350.0,20.6,0.37,low,low,medium,1,0,rule-derived from synthetic thresholds
4898,3,Madurai,sandy,Rice,256,5.8,136,0.2,6.81,0.33,18.2,53.3,29.0,1.05,low,low,medium,1,0,rule-derived from synthetic thresholds
4899,9,Indore,clay,Wheat,433,46.7,266,0.55,8.23,0.77,34.7,79.4,28.8,-1.07,medium,high,medium,0,1,rule-derived from synthetic thresholds
4900,3,Madurai,sandy,Maize,306,23.9,172,0.28,6.17,1.66,41.6,97.7,30.9,-0.31,medium,medium,medium,0,0,rule-derived from synthetic thresholds
4901,10,Jaipur,sandy,Rice,293,13.7,246,0.32,6.3,0.94,71.5,176.5,19.9,0.16,medium,medium,medium,0,0,rule-derived from synthetic thresholds
4902,11,Kanpur,loam,Wheat,422,40.5,138,0.51,7.02,0.18,28.2,83.0,26.8,0.48,medium,high,medium,0,1,rule-derived from synthetic thresholds
4903,4,Ludhiana,sandy,Maize,212,8.2,176,0.38,7.1,0.58,71.9,144.4,20.1,-0.76,low,low,medium,1,0,rule-derived from synthetic thresholds
4904,2,Coimbatore,loam,Maize,205,16.9,191,0.33,7.69,1.93,40.1,122.9,25.7,1.1,low,medium,medium,1,0,rule-derived from synthetic thresholds
4905,2,Coimbatore,loam,Green gram,256,55.2,201,0.43,7.06,0.39,138.4,364.6,25.4,-0.32,low,high,medium,1,1,rule-derived from synthetic thresholds
4906,1,Thanjavur,clay,Groundnut,418,23.0,341,0.64,7.49,0.73,17.3,50.6,22.9,-0.07,medium,medium,high,0,1,rule-derived from synthetic thresholds
4907,8,Guntur,clay,Chilli,579,17.2,162,0.81,7.59,0.31,54.4,179.6,25.9,-0.77,high,medium,medium,0,1,rule-derived from synthetic thresholds
4908,6,Nagpur,clay,Cotton,410,6.7,303,0.86,8.22,0.39,16.3,56.0,22.0,-0.4,medium,low,high,1,1,rule-derived from synthetic thresholds
4909,12,Patna,loam,Rice,381,14.2,281,0.36,6.08,0.71,44.5,90.4,19.3,1.64,medium,medium,high,0,1,rule-derived from synthetic thresholds
4910,6,Nagpur,clay,Groundnut,374,19.5,154,0.54,6.6,1.68,69.2,160.1,29.5,-0.56,medium,medium,medium,0,0,rule-derived from synthetic thresholds
4911,10,Jaipur,sandy,Pearl millet,433,10.8,274,0.55,8.0,2.1,33.1,108.0,25.5,-0.03,medium,medium,medium,0,0,rule-derived from synthetic thresholds
4912,8,Guntur,clay,Pearl millet,508,19.1,263,0.87,9.2,0.78,194.6,504.9,32.2,-1.72,medium,medium,medium,0,0,rule-derived from synthetic thresholds
4913,7,Pune,clay,Onion,441,22.3,93,0.83,8.52,1.08,28.3,98.3,27.6,-1.76,medium,medium,low,1,0,rule-derived from synthetic thresholds
4914,12,Patna,loam,Maize,387,8.9,200,0.74,6.59,1.64,99.9,341.7,27.6,-0.9,medium,low,medium,1,0,rule-derived from synthetic thresholds
4915,8,Guntur,clay,Wheat,388,5.7,268,0.77,8.13,0.15,32.3,81.4,23.7,-1.01,medium,low,medium,1,0,rule-derived from synthetic thresholds
4916,9,Indore,clay,Soybean,263,25.7,252,0.43,7.45,0.54,210.4,535.1,24.3,-0.08,low,high,medium,1,1,rule-derived from synthetic thresholds
4917,7,Pune,clay,Sugarcane,426,47.1,170,0.69,7.68,0.14,46.6,147.7,23.9,-0.31,medium,high,medium,0,1,rule-derived from synthetic thresholds
4918,11,Kanpur,loam,Wheat,443,25.1,159,0.52,6.94,0.49,112.5,313.9,26.0,0.7,medium,high,medium,0,1,rule-derived from synthetic thresholds
4919,5,Karnal,loam,Sugarcane,409,19.7,255,0.52,7.09,0.47,91.0,302.3,24.0,-0.54,medium,medium,medium,0,0,rule-derived from synthetic thresholds
4920,1,Thanjavur,clay,Turmeric,341,9.1,163,0.4,7.91,0.11,67.2,156.6,30.0,-1.27,medium,low,medium,1,0,rule-derived from synthetic thresholds
4921,7,Pune,clay,Sugarcane,364,44.2,293,0.57,6.82,0.66,99.5,272.9,22.2,-0.33,medium,high,high,0,1,rule-derived from synthetic thresholds
4922,5,Karnal,loam,Sugarcane,280,14.8,176,0.43,7.01,0.37,50.8,112.1,23.6,-1.43,medium,medium,medium,0,0,rule-derived from synthetic thresholds
4923,14,Dharwad,clay,Cotton,416,71.4,231,0.67,8.44,1.08,31.2,84.6,26.5,0.73,medium,high,medium,0,1,rule-derived from synthetic thresholds
4924,15,Kolkata (24 Pgs),clay,Rice,405,17.3,168,0.4,8.77,0.53,429.5,1199.9,24.7,-2.01,medium,medium,medium,0,0,rule-derived from synthetic thresholds
4925,4,Ludhiana,sandy,Wheat,196,41.4,114,0.27,6.78,0.28,73.8,247.9,27.9,0.31,low,high,medium,1,1,rule-derived from synthetic thresholds
4926,7,Pune,clay,Onion,342,16.6,269,0.57,9.07,0.14,14.0,38.4,24.8,0.41,medium,medium,medium,0,0,rule-derived from synthetic thresholds
4927,7,Pune,clay,Onion,357,2.1,364,0.52,9.16,0.5,36.1,124.5,26.5,-0.85,medium,low,high,1,1,rule-derived from synthetic thresholds
4928,4,Ludhiana,sandy,Maize,179,11.5,111,0.45,6.1,0.39,5.8,18.5,27.7,-0.64,low,medium,medium,1,0,rule-derived from synthetic thresholds
4929,1,Thanjavur,clay,Green gram,506,4.0,245,0.82,9.2,1.08,37.4,106.4,24.0,-1.76,medium,low,medium,1,0,rule-derived from synthetic thresholds
4930,15,Kolkata (24 Pgs),clay,Mustard,465,17.8,195,0.6,7.77,0.45,57.1,196.5,24.4,0.94,medium,medium,medium,0,0,rule-derived from synthetic thresholds
4931,10,Jaipur,sandy,Wheat,307,21.4,149,0.33,5.29,0.44,89.8,260.9,29.7,0.53,medium,medium,medium,0,0,rule-derived from synthetic thresholds
4932,7,Pune,clay,Sugarcane,553,16.8,378,1.01,7.93,0.81,64.2,211.0,25.7,-2.24,medium,medium,high,0,1,rule-derived from synthetic thresholds
4933,3,Madurai,sandy,Rice,167,4.9,172,0.1,6.2,1.32,27.1,92.4,27.8,0.7,low,low,medium,1,0,rule-derived from synthetic thresholds
4934,8,Guntur,clay,Rice,473,7.4,309,0.86,7.74,0.5,49.1,175.3,29.6,0.26,medium,low,high,1,1,rule-derived from synthetic thresholds
4935,5,Karnal,loam,Rice,375,44.2,315,0.64,7.38,1.15,93.4,283.5,22.1,0.91,medium,high,high,0,1,rule-derived from synthetic thresholds
4936,4,Ludhiana,sandy,Rice,272,3.0,201,0.33,7.7,1.04,40.5,103.8,22.8,-2.31,low,low,medium,1,0,rule-derived from synthetic thresholds
4937,15,Kolkata (24 Pgs),clay,Potato,465,19.5,221,0.94,8.74,0.7,21.0,43.0,31.1,-0.55,medium,medium,medium,0,0,rule-derived from synthetic thresholds
4938,10,Jaipur,sandy,Wheat,226,15.0,107,0.1,7.62,0.61,19.8,46.6,23.5,-0.13,low,medium,low,1,0,rule-derived from synthetic thresholds
4939,5,Karnal,loam,Sugarcane,425,7.0,323,0.75,6.98,0.81,41.2,147.5,22.3,-0.57,medium,low,high,1,1,rule-derived from synthetic thresholds
4940,4,Ludhiana,sandy,Wheat,469,13.6,173,0.66,7.17,0.75,58.5,140.3,24.9,-1.36,medium,medium,medium,0,0,rule-derived from synthetic thresholds
4941,12,Patna,loam,Potato,469,15.9,384,0.57,7.13,0.34,4.9,15.5,21.2,-0.36,medium,medium,high,0,1,rule-derived from synthetic thresholds
4942,10,Jaipur,sandy,Mustard,369,16.4,200,0.28,8.44,0.34,15.0,46.1,16.3,-1.33,medium,medium,medium,0,0,rule-derived from synthetic thresholds
4943,13,Bengaluru Rural,sandy,Tomato,348,20.8,335,0.38,6.54,0.31,100.5,270.2,17.1,0.23,medium,medium,high,0,1,rule-derived from synthetic thresholds
4944,12,Patna,loam,Pigeon pea,470,3.1,302,0.57,7.36,0.41,77.3,196.3,30.8,0.3,medium,low,high,1,1,rule-derived from synthetic thresholds
4945,7,Pune,clay,Maize,465,17.7,258,0.46,7.53,0.54,76.0,192.9,26.4,1.4,medium,medium,medium,0,0,rule-derived from synthetic thresholds
4946,10,Jaipur,sandy,Pearl millet,262,4.2,179,0.28,7.18,0.6,18.5,54.7,25.0,-0.51,low,low,medium,1,0,rule-derived from synthetic thresholds
4947,6,Nagpur,clay,Onion,360,20.4,37,0.86,7.69,1.35,88.4,178.8,24.5,1.45,medium,medium,low,1,0,rule-derived from synthetic thresholds
4948,2,Coimbatore,loam,Sorghum,396,5.7,132,0.37,7.62,0.69,44.1,121.9,25.9,-0.32,medium,low,medium,1,0,rule-derived from synthetic thresholds
4949,1,Thanjavur,clay,Green gram,338,8.5,292,0.52,8.34,0.79,24.3,85.7,25.8,1.74,medium,low,high,1,1,rule-derived from synthetic thresholds
4950,2,Coimbatore,loam,Cotton,337,20.5,135,0.33,7.57,0.42,31.4,85.8,27.5,0.49,medium,medium,medium,0,0,rule-derived from synthetic thresholds
4951,14,Dharwad,clay,Sorghum,283,31.3,402,0.46,7.79,0.74,32.4,94.9,18.6,-0.6,medium,high,high,0,1,rule-derived from synthetic thresholds
4952,13,Bengaluru Rural,sandy,Potato,255,5.6,80,0.11,6.44,0.31,81.9,257.1,22.0,0.47,low,low,low,1,0,rule-derived from synthetic thresholds
4953,6,Nagpur,clay,Lentil,537,10.1,333,0.82,8.03,0.65,122.2,393.1,31.3,-0.62,medium,medium,high,0,1,rule-derived from synthetic thresholds
4954,14,Dharwad,clay,Lentil,415,25.8,143,0.82,8.13,0.19,96.5,261.9,25.6,0.61,medium,high,medium,0,1,rule-derived from synthetic thresholds
4955,12,Patna,loam,Maize,346,16.1,66,0.58,8.39,0.39,19.2,68.8,27.9,0.85,medium,medium,low,1,0,rule-derived from synthetic thresholds
4956,3,Madurai,sandy,Chilli,418,7.3,322,0.61,5.93,1.08,203.8,705.1,26.9,0.58,medium,low,high,1,1,rule-derived from synthetic thresholds
4957,4,Ludhiana,sandy,Chickpea,545,3.3,87,0.82,7.39,0.27,99.2,215.6,19.8,1.69,medium,low,low,1,0,rule-derived from synthetic thresholds
4958,6,Nagpur,clay,Pigeon pea,410,11.9,222,0.57,8.55,0.78,50.7,161.0,24.8,-1.37,medium,medium,medium,0,0,rule-derived from synthetic thresholds
4959,13,Bengaluru Rural,sandy,Maize,199,13.8,30,0.15,7.49,0.24,81.2,179.6,20.3,-1.27,low,medium,low,1,0,rule-derived from synthetic thresholds
4960,10,Jaipur,sandy,Pearl millet,120,21.7,303,0.1,6.52,0.29,111.3,287.5,29.4,0.33,low,medium,high,1,1,rule-derived from synthetic thresholds
4961,6,Nagpur,clay,Wheat,275,21.6,242,0.43,6.58,0.76,53.0,146.7,30.5,0.55,low,medium,medium,1,0,rule-derived from synthetic thresholds
4962,13,Bengaluru Rural,sandy,Maize,386,18.4,140,0.61,8.18,0.81,242.3,645.0,18.0,-0.43,medium,medium,medium,0,0,rule-derived from synthetic thresholds
4963,5,Karnal,loam,Sugarcane,312,18.5,59,0.55,8.24,1.64,10.7,38.1,24.3,0.39,medium,medium,low,1,0,rule-derived from synthetic thresholds
4964,14,Dharwad,clay,Chilli,286,8.2,279,0.37,7.25,0.61,38.9,81.7,24.3,0.5,medium,low,medium,1,0,rule-derived from synthetic thresholds
4965,11,Kanpur,loam,Wheat,394,6.9,322,0.74,7.9,0.53,60.0,135.1,19.9,-0.36,medium,low,high,1,1,rule-derived from synthetic thresholds
4966,11,Kanpur,loam,Rice,262,3.3,174,0.35,7.4,0.22,1.6,4.5,25.9,0.23,low,low,medium,1,0,rule-derived from synthetic thresholds
4967,2,Coimbatore,loam,Cotton,384,11.8,85,0.67,7.89,0.25,79.9,246.1,25.4,0.99,medium,medium,low,1,0,rule-derived from synthetic thresholds
4968,3,Madurai,sandy,Cotton,294,14.2,111,0.1,6.64,0.34,122.4,392.2,21.5,-0.33,medium,medium,medium,0,0,rule-derived from synthetic thresholds
4969,15,Kolkata (24 Pgs),clay,Sugarcane,516,10.1,295,0.57,7.42,0.83,421.5,1375.0,25.8,-0.75,medium,medium,high,0,1,rule-derived from synthetic thresholds
4970,12,Patna,loam,Rice,330,23.2,377,0.54,7.01,0.12,22.4,64.9,23.9,-0.73,medium,medium,high,0,1,rule-derived from synthetic thresholds
4971,4,Ludhiana,sandy,Green gram,222,11.2,181,0.41,5.86,1.32,19.2,44.5,26.4,0.37,low,medium,medium,1,0,rule-derived from synthetic thresholds
4972,13,Bengaluru Rural,sandy,Turmeric,294,13.4,30,0.43,7.26,0.23,85.3,198.9,25.3,0.72,medium,medium,low,1,0,rule-derived from synthetic thresholds
4973,5,Karnal,loam,Rice,416,14.0,312,0.53,7.91,0.49,229.0,540.8,21.3,-0.96,medium,medium,high,0,1,rule-derived from synthetic thresholds
4974,6,Nagpur,clay,Sugarcane,649,18.1,263,0.83,8.2,0.89,53.7,167.4,27.8,-1.56,high,medium,medium,0,1,rule-derived from synthetic thresholds
4975,5,Karnal,loam,Wheat,341,30.4,326,0.74,6.32,1.06,40.3,124.3,22.5,-0.11,medium,high,high,0,1,rule-derived from synthetic thresholds
4976,8,Guntur,clay,Chilli,397,16.0,196,0.41,7.75,1.3,33.1,98.0,31.2,-0.98,medium,medium,medium,0,0,rule-derived from synthetic thresholds
4977,12,Patna,loam,Rice,336,5.3,142,0.56,6.79,1.07,144.3,410.1,29.2,-1.27,medium,low,medium,1,0,rule-derived from synthetic thresholds
4978,3,Madurai,sandy,Cotton,372,3.7,188,0.42,5.9,0.63,48.8,159.4,29.9,0.27,medium,low,medium,1,0,rule-derived from synthetic thresholds
4979,15,Kolkata (24 Pgs),clay,Pigeon pea,385,23.5,424,0.64,7.78,0.24,250.6,731.9,27.8,-0.2,medium,medium,high,0,1,rule-derived from synthetic thresholds
4980,5,Karnal,loam,Rice,453,10.5,265,0.6,7.29,0.3,48.9,111.3,22.7,-1.17,medium,medium,medium,0,0,rule-derived from synthetic thresholds
4981,15,Kolkata (24 Pgs),clay,Rice,357,4.9,309,0.6,7.66,3.18,306.0,626.8,24.0,-1.33,medium,low,high,1,1,rule-derived from synthetic thresholds
4982,14,Dharwad,clay,Cotton,331,8.4,331,0.52,6.93,0.36,39.9,100.0,24.0,-0.4,medium,low,high,1,1,rule-derived from synthetic thresholds
4983,9,Indore,clay,Wheat,519,16.8,405,0.87,7.63,0.48,41.6,133.6,18.9,0.22,medium,medium,high,0,1,rule-derived from synthetic thresholds
4984,2,Coimbatore,loam,Sorghum,350,5.1,289,0.63,6.9,0.43,58.6,135.7,27.0,-0.39,medium,low,high,1,1,rule-derived from synthetic thresholds
4985,9,Indore,clay,Tomato,390,20.4,308,0.72,8.32,0.44,56.0,186.8,24.7,0.58,medium,medium,high,0,1,rule-derived from synthetic thresholds
4986,12,Patna,loam,Maize,513,10.1,257,0.85,6.49,0.67,65.7,197.0,26.0,1.22,medium,medium,medium,0,0,rule-derived from synthetic thresholds
4987,15,Kolkata (24 Pgs),clay,Rice,432,6.5,211,0.61,6.98,1.56,102.6,272.6,29.8,-0.18,medium,low,medium,1,0,rule-derived from synthetic thresholds
4988,2,Coimbatore,loam,Banana,425,25.8,379,0.65,8.18,0.2,66.0,212.6,21.4,0.15,medium,high,high,0,1,rule-derived from synthetic thresholds
4989,12,Patna,loam,Rice,300,14.9,102,0.49,6.47,0.8,81.3,244.4,24.5,0.66,medium,medium,low,1,0,rule-derived from synthetic thresholds
4990,5,Karnal,loam,Wheat,310,6.1,332,0.1,6.75,0.16,41.0,126.6,27.5,-1.27,medium,low,high,1,1,rule-derived from synthetic thresholds
4991,12,Patna,loam,Maize,514,18.3,89,0.86,7.7,0.39,35.1,107.0,26.5,-1.25,medium,medium,low,1,0,rule-derived from synthetic thresholds
4992,9,Indore,clay,Wheat,454,12.9,190,0.61,7.64,0.88,110.6,352.8,25.6,0.06,medium,medium,medium,0,0,rule-derived from synthetic thresholds
4993,13,Bengaluru Rural,sandy,Maize,426,12.2,199,0.51,6.85,2.44,43.7,142.2,23.9,0.77,medium,medium,medium,0,0,rule-derived from synthetic thresholds
4994,1,Thanjavur,clay,Green gram,394,19.0,256,0.45,7.1,1.37,11.4,23.7,27.0,0.56,medium,medium,medium,0,0,rule-derived from synthetic thresholds
4995,8,Guntur,clay,Maize,327,14.0,163,0.44,6.97,0.44,22.5,57.6,29.0,0.41,medium,medium,medium,0,0,rule-derived from synthetic thresholds
4996,11,Kanpur,loam,Ragi,416,14.8,132,0.64,7.92,0.19,8.2,21.0,23.8,-1.12,medium,medium,medium,0,0,rule-derived from synthetic thresholds
4997,6,Nagpur,clay,Soybean,346,17.8,281,0.52,7.67,0.37,105.8,357.4,28.1,-1.21,medium,medium,high,0,1,rule-derived from synthetic thresholds
4998,5,Karnal,loam,Soybean,349,8.9,290,0.51,7.64,0.43,40.3,113.1,22.7,0.37,medium,low,high,1,1,rule-derived from synthetic thresholds
4999,5,Karnal,loam,Sugarcane,439,9.7,313,0.38,6.1,2.07,42.2,140.1,21.5,-1.15,medium,low,high,1,1,rule-derived from synthetic thresholds
5000,12,Patna,loam,Maize,339,15.6,30,0.46,6.92,2.46,120.1,400.2,27.6,-0.2,medium,medium,low,1,0,rule-derived from synthetic thresholds
5001,4,Ludhiana,sandy,Wheat,295,14.9,204,0.62,6.1,0.51,84.0,180.2,23.5,-0.63,medium,medium,medium,0,0,rule-derived from synthetic thresholds
5002,15,Kolkata (24 Pgs),clay,Mustard,418,13.4,220,0.51,7.54,1.4,156.0,320.0,27.3,-0.45,medium,medium,medium,0,0,rule-derived from synthetic thresholds
5003,4,Ludhiana,sandy,Maize,191,90.0,30,0.2,7.29,0.83,130.5,417.9,26.8,-0.16,low,high,low,1,1,rule-derived from synthetic thresholds
5004,7,Pune,clay,Sugarcane,289,14.1,224,0.31,8.97,0.58,25.1,80.6,24.1,0.44,medium,medium,medium,0,0,rule-derived from synthetic thresholds
5005,15,Kolkata (24 Pgs),clay,Rice,309,15.7,275,0.57,8.55,0.23,82.0,191.4,25.9,-2.21,medium,medium,medium,0,0,rule-derived from synthetic thresholds
5006,1,Thanjavur,clay,Groundnut,391,17.9,269,0.73,6.62,1.24,76.4,156.4,28.8,0.09,medium,medium,medium,0,0,rule-derived from synthetic thresholds
5007,6,Nagpur,clay,Pigeon pea,362,21.3,303,0.51,8.23,0.63,149.3,363.4,32.0,-0.31,medium,medium,high,0,1,rule-derived from synthetic thresholds
5008,13,Bengaluru Rural,sandy,Ragi,313,11.3,63,0.35,6.51,1.32,26.9,95.8,19.5,0.0,medium,medium,low,1,0,rule-derived from synthetic thresholds
5009,5,Karnal,loam,Mustard,395,3.1,64,0.52,6.87,0.59,35.8,127.6,22.6,-1.5,medium,low,low,1,0,rule-derived from synthetic thresholds
5010,5,Karnal,loam,Sugarcane,433,6.7,204,0.55,6.65,0.71,20.9,67.3,23.5,1.41,medium,low,medium,1,0,rule-derived from synthetic thresholds
5011,1,Thanjavur,clay,Onion,448,12.8,249,0.8,8.05,3.25,224.1,504.1,30.2,-1.87,medium,medium,medium,0,0,rule-derived from synthetic thresholds
5012,3,Madurai,sandy,Chilli,469,17.0,187,0.62,8.36,0.5,146.2,406.6,26.5,0.06,medium,medium,medium,0,0,rule-derived from synthetic thresholds
5013,3,Madurai,sandy,Chilli,279,13.4,30,0.33,7.6,0.59,122.4,299.6,26.1,-0.65,low,medium,low,1,0,rule-derived from synthetic thresholds
5014,14,Dharwad,clay,Sorghum,259,38.0,146,0.54,8.48,0.52,23.9,54.5,25.1,0.22,low,high,medium,1,1,rule-derived from synthetic thresholds
5015,9,Indore,clay,Wheat,465,18.2,348,0.53,7.26,2.44,210.9,744.6,25.1,0.82,medium,medium,high,0,1,rule-derived from synthetic thresholds
5016,4,Ludhiana,sandy,Rice,362,18.3,208,0.3,5.72,0.36,73.2,158.2,22.0,0.45,medium,medium,medium,0,0,rule-derived from synthetic thresholds
5017,13,Bengaluru Rural,sandy,Banana,211,13.0,78,0.46,7.08,0.99,46.9,163.7,22.7,-0.52,low,medium,low,1,0,rule-derived from synthetic thresholds
5018,10,Jaipur,sandy,Wheat,458,36.1,178,0.77,7.25,0.69,38.7,128.2,25.5,0.11,medium,high,medium,0,1,rule-derived from synthetic thresholds
5019,5,Karnal,loam,Sugarcane,463,4.5,214,0.66,9.2,1.33,42.6,95.6,27.5,1.15,medium,low,medium,1,0,rule-derived from synthetic thresholds
5020,4,Ludhiana,sandy,Maize,310,12.9,259,0.51,5.86,1.07,54.4,191.0,19.8,-1.29,medium,medium,medium,0,0,rule-derived from synthetic thresholds
5021,4,Ludhiana,sandy,Maize,258,35.7,169,0.23,6.85,0.36,135.7,449.2,22.9,-0.34,low,high,medium,1,1,rule-derived from synthetic thresholds
5022,11,Kanpur,loam,Potato,251,12.5,148,0.31,7.58,0.34,93.6,269.1,27.6,1.73,low,medium,medium,1,0,rule-derived from synthetic thresholds
5023,11,Kanpur,loam,Pearl millet,224,28.9,250,0.25,7.04,2.68,133.8,396.8,24.3,1.74,low,high,medium,1,1,rule-derived from synthetic thresholds
5024,10,Jaipur,sandy,Wheat,373,81.7,148,0.59,6.6,0.76,68.5,175.1,24.7,-0.63,medium,high,medium,0,1,rule-derived from synthetic thresholds
5025,7,Pune,clay,Onion,474,5.0,275,1.01,8.4,0.3,11.7,28.6,23.3,1.96,medium,low,medium,1,0,rule-derived from synthetic thresholds
5026,8,Guntur,clay,Ragi,262,6.2,132,0.38,8.0,0.26,70.0,177.8,29.8,-0.07,low,low,medium,1,0,rule-derived from synthetic thresholds
5027,14,Dharwad,clay,Chickpea,326,15.7,262,0.72,8.45,0.81,186.8,406.2,25.6,1.07,medium,medium,medium,0,0,rule-derived from synthetic thresholds
5028,9,Indore,clay,Wheat,308,16.2,308,0.72,8.28,0.18,37.0,117.2,23.3,0.08,medium,medium,high,0,1,rule-derived from synthetic thresholds
5029,10,Jaipur,sandy,Pearl millet,291,4.2,49,0.33,7.27,0.39,30.5,87.7,23.7,0.42,medium,low,low,1,0,rule-derived from synthetic thresholds
5030,4,Ludhiana,sandy,Rice,209,4.2,124,0.1,7.26,0.39,52.0,186.4,23.1,0.61,low,low,medium,1,0,rule-derived from synthetic thresholds
5031,7,Pune,clay,Green gram,530,35.1,105,0.82,7.6,0.43,90.1,189.4,29.8,-2.04,medium,high,low,1,1,rule-derived from synthetic thresholds
5032,1,Thanjavur,clay,Rice,327,18.5,363,0.41,7.54,0.66,155.0,466.5,28.9,-0.69,medium,medium,high,0,1,rule-derived from synthetic thresholds
5033,7,Pune,clay,Onion,361,37.2,221,0.49,7.89,0.52,62.5,163.3,27.7,-0.06,medium,high,medium,0,1,rule-derived from synthetic thresholds
5034,13,Bengaluru Rural,sandy,Maize,457,23.1,180,0.63,6.21,0.71,137.3,433.8,23.1,-1.16,medium,medium,medium,0,0,rule-derived from synthetic thresholds
5035,11,Kanpur,loam,Lentil,291,4.8,216,0.28,8.47,0.79,79.4,205.9,27.3,0.68,medium,low,medium,1,0,rule-derived from synthetic thresholds
5036,14,Dharwad,clay,Chilli,378,18.4,331,0.7,7.41,0.34,18.8,41.7,29.2,-0.6,medium,medium,high,0,1,rule-derived from synthetic thresholds
5037,6,Nagpur,clay,Pearl millet,459,23.2,306,0.55,6.68,0.39,101.6,261.5,26.1,0.31,medium,medium,high,0,1,rule-derived from synthetic thresholds
5038,12,Patna,loam,Wheat,447,12.4,174,0.53,9.16,0.19,165.9,587.1,26.4,-1.1,medium,medium,medium,0,0,rule-derived from synthetic thresholds
5039,11,Kanpur,loam,Wheat,496,12.1,163,0.76,7.52,0.73,143.1,407.3,23.1,-1.39,medium,medium,medium,0,0,rule-derived from synthetic thresholds
5040,11,Kanpur,loam,Potato,277,23.5,107,0.33,7.62,1.05,253.0,569.2,22.8,-0.83,low,medium,low,1,0,rule-derived from synthetic thresholds
5041,12,Patna,loam,Rice,396,6.7,53,0.72,7.34,0.17,75.4,247.1,24.5,0.46,medium,low,low,1,0,rule-derived from synthetic thresholds
5042,8,Guntur,clay,Rice,265,53.7,206,0.52,7.06,1.35,127.2,434.7,29.9,-0.06,low,high,medium,1,1,rule-derived from synthetic thresholds
5043,6,Nagpur,clay,Pigeon pea,316,8.2,160,0.26,8.3,0.59,5.3,18.1,29.3,0.18,medium,low,medium,1,0,rule-derived from synthetic thresholds
5044,9,Indore,clay,Chickpea,562,17.0,148,0.96,8.26,2.65,63.2,162.6,22.1,0.26,high,medium,medium,0,1,rule-derived from synthetic thresholds
5045,6,Nagpur,clay,Cotton,474,10.0,330,0.72,8.39,1.03,219.7,444.9,25.9,0.35,medium,medium,high,0,1,rule-derived from synthetic thresholds
5046,11,Kanpur,loam,Wheat,291,9.6,296,0.32,8.46,0.27,162.2,487.5,27.3,0.92,medium,low,high,1,1,rule-derived from synthetic thresholds
5047,13,Bengaluru Rural,sandy,Lentil,341,13.5,116,0.22,6.39,1.01,130.0,433.2,26.2,-1.0,medium,medium,medium,0,0,rule-derived from synthetic thresholds
5048,1,Thanjavur,clay,Groundnut,354,15.5,223,0.77,7.47,0.78,119.5,336.1,31.0,-0.33,medium,medium,medium,0,0,rule-derived from synthetic thresholds
5049,10,Jaipur,sandy,Mustard,319,10.5,46,0.6,7.23,0.29,51.2,156.4,25.5,-1.92,medium,medium,low,1,0,rule-derived from synthetic thresholds
5050,7,Pune,clay,Maize,432,2.4,263,0.71,7.25,0.38,53.4,111.8,24.6,1.62,medium,low,medium,1,0,rule-derived from synthetic thresholds
5051,2,Coimbatore,loam,Sunflower,196,3.1,162,0.22,7.26,0.18,59.8,133.1,20.7,2.08,low,low,medium,1,0,rule-derived from synthetic thresholds
5052,4,Ludhiana,sandy,Cotton,229,15.1,97,0.23,5.34,0.63,28.9,99.6,23.0,0.14,low,medium,low,1,0,rule-derived from synthetic thresholds
5053,13,Bengaluru Rural,sandy,Turmeric,193,10.6,33,0.1,5.57,1.29,24.3,75.4,26.0,1.35,low,medium,low,1,0,rule-derived from synthetic thresholds
5054,6,Nagpur,clay,Pigeon pea,434,32.4,395,0.77,7.95,0.24,76.3,202.1,27.3,0.6,medium,high,high,0,1,rule-derived from synthetic thresholds
5055,2,Coimbatore,loam,Cotton,232,12.7,82,0.59,8.31,0.39,42.9,102.4,29.8,-0.06,low,medium,low,1,0,rule-derived from synthetic thresholds
5056,12,Patna,loam,Maize,229,8.7,169,0.41,8.59,0.28,96.5,216.8,25.8,1.61,low,low,medium,1,0,rule-derived from synthetic thresholds
5057,4,Ludhiana,sandy,Wheat,529,17.7,30,0.65,7.23,1.08,26.4,82.7,25.3,1.11,medium,medium,low,1,0,rule-derived from synthetic thresholds
5058,6,Nagpur,clay,Soybean,365,41.7,404,0.74,7.79,0.17,332.8,876.0,26.0,-0.28,medium,high,high,0,1,rule-derived from synthetic thresholds
5059,3,Madurai,sandy,Rice,233,17.3,79,0.21,6.95,0.65,41.0,131.1,31.6,0.04,low,medium,low,1,0,rule-derived from synthetic thresholds
5060,12,Patna,loam,Maize,550,5.3,181,0.92,5.9,0.45,69.0,244.9,26.5,0.32,medium,low,medium,1,0,rule-derived from synthetic thresholds
5061,14,Dharwad,clay,Cotton,343,24.1,186,0.5,7.35,0.5,22.5,55.0,26.1,-0.98,medium,medium,medium,0,0,rule-derived from synthetic thresholds
5062,15,Kolkata (24 Pgs),clay,Potato,415,4.4,215,0.54,9.01,1.31,396.4,1080.4,20.7,-0.56,medium,low,medium,1,0,rule-derived from synthetic thresholds
5063,2,Coimbatore,loam,Banana,318,1.9,230,0.59,8.0,0.64,54.6,187.3,22.4,1.02,medium,low,medium,1,0,rule-derived from synthetic thresholds
5064,14,Dharwad,clay,Chickpea,511,19.3,168,0.6,8.13,1.05,75.0,174.1,26.0,-0.33,medium,medium,medium,0,0,rule-derived from synthetic thresholds
5065,10,Jaipur,sandy,Wheat,414,27.6,30,0.65,7.35,0.27,14.6,46.4,25.3,0.42,medium,high,low,1,1,rule-derived from synthetic thresholds
5066,13,Bengaluru Rural,sandy,Wheat,321,17.5,85,0.41,6.99,0.78,89.7,267.5,28.3,0.98,medium,medium,low,1,0,rule-derived from synthetic thresholds
5067,2,Coimbatore,loam,Banana,301,68.4,253,0.49,6.57,0.46,60.0,203.2,24.0,-0.46,medium,high,medium,0,1,rule-derived from synthetic thresholds
5068,13,Bengaluru Rural,sandy,Ragi,386,41.3,176,0.49,7.66,0.22,16.3,42.2,20.2,-0.04,medium,high,medium,0,1,rule-derived from synthetic thresholds
5069,5,Karnal,loam,Rice,364,13.1,283,0.45,8.12,0.29,33.5,113.1,21.7,1.38,medium,medium,high,0,1,rule-derived from synthetic thresholds
5070,6,Nagpur,clay,Cotton,303,10.2,81,0.57,7.8,0.18,149.9,382.3,30.2,1.05,medium,medium,low,1,0,rule-derived from synthetic thresholds
5071,14,Dharwad,clay,Chilli,406,14.1,351,0.75,7.91,0.22,50.7,121.4,25.5,2.1,medium,medium,high,0,1,rule-derived from synthetic thresholds
5072,11,Kanpur,loam,Turmeric,297,13.1,176,0.43,6.41,1.16,126.0,426.0,26.5,0.99,medium,medium,medium,0,0,rule-derived from synthetic thresholds
5073,8,Guntur,clay,Cotton,272,10.9,236,0.46,8.0,1.84,19.5,56.4,24.0,-0.33,low,medium,medium,1,0,rule-derived from synthetic thresholds
5074,11,Kanpur,loam,Wheat,329,14.2,62,0.54,7.77,0.6,70.2,205.9,30.1,0.61,medium,medium,low,1,0,rule-derived from synthetic thresholds
5075,6,Nagpur,clay,Lentil,571,24.7,379,0.84,7.86,1.16,100.8,256.9,30.8,-0.89,high,medium,high,0,1,rule-derived from synthetic thresholds
5076,15,Kolkata (24 Pgs),clay,Potato,472,6.1,213,0.77,8.56,0.61,158.9,478.8,26.7,0.91,medium,low,medium,1,0,rule-derived from synthetic thresholds
5077,2,Coimbatore,loam,Cotton,385,25.1,216,0.63,8.21,1.06,65.7,211.8,26.5,0.44,medium,high,medium,0,1,rule-derived from synthetic thresholds
5078,9,Indore,clay,Wheat,379,5.3,250,0.68,8.04,0.3,114.3,284.7,22.5,2.27,medium,low,medium,1,0,rule-derived from synthetic thresholds
5079,1,Thanjavur,clay,Green gram,194,7.6,362,0.24,9.16,0.71,2.1,5.4,26.5,-0.32,low,low,high,1,1,rule-derived from synthetic thresholds
5080,7,Pune,clay,Onion,364,9.9,249,0.62,8.67,0.97,33.6,82.2,27.0,0.99,medium,low,medium,1,0,rule-derived from synthetic thresholds
5081,8,Guntur,clay,Cotton,332,16.4,202,0.31,8.23,0.66,27.0,68.3,30.5,0.39,medium,medium,medium,0,0,rule-derived from synthetic thresholds
5082,13,Bengaluru Rural,sandy,Ragi,233,14.7,125,0.25,5.75,0.28,18.4,45.5,28.7,-0.45,low,medium,medium,1,0,rule-derived from synthetic thresholds
5083,15,Kolkata (24 Pgs),clay,Chilli,618,10.6,160,0.9,6.42,0.68,104.2,276.7,29.7,-2.09,high,medium,medium,0,1,rule-derived from synthetic thresholds
5084,12,Patna,loam,Maize,412,9.6,188,0.56,6.78,0.86,20.7,70.1,25.2,0.89,medium,low,medium,1,0,rule-derived from synthetic thresholds
5085,15,Kolkata (24 Pgs),clay,Mustard,206,8.5,229,0.68,7.62,0.7,435.8,1488.5,25.0,1.25,low,low,medium,1,0,rule-derived from synthetic thresholds
5086,2,Coimbatore,loam,Maize,389,14.2,268,0.44,6.63,0.49,2.7,6.1,25.2,1.07,medium,medium,medium,0,0,rule-derived from synthetic thresholds
5087,8,Guntur,clay,Chilli,274,11.1,223,0.6,7.29,0.32,47.8,163.0,31.0,1.73,low,medium,medium,1,0,rule-derived from synthetic thresholds
5088,9,Indore,clay,Lentil,413,32.0,237,0.55,8.61,0.61,317.9,1070.5,24.1,0.92,medium,high,medium,0,1,rule-derived from synthetic thresholds
5089,2,Coimbatore,loam,Banana,448,32.7,178,0.73,7.3,0.43,27.0,62.4,22.6,0.48,medium,high,medium,0,1,rule-derived from synthetic thresholds
5090,9,Indore,clay,Wheat,436,19.9,234,0.65,7.71,0.43,23.7,80.7,27.5,1.76,medium,medium,medium,0,0,rule-derived from synthetic thresholds
5091,1,Thanjavur,clay,Green gram,272,12.2,223,0.39,6.64,1.63,176.0,625.3,25.5,-0.36,low,medium,medium,1,0,rule-derived from synthetic thresholds
5092,10,Jaipur,sandy,Mustard,308,16.7,59,0.32,8.12,0.27,55.6,176.8,24.9,-0.18,medium,medium,low,1,0,rule-derived from synthetic thresholds
5093,4,Ludhiana,sandy,Rice,238,24.9,183,0.1,6.63,1.38,49.4,115.2,28.9,-0.61,low,medium,medium,1,0,rule-derived from synthetic thresholds
5094,15,Kolkata (24 Pgs),clay,Mustard,253,14.3,209,0.47,8.27,0.4,219.5,601.7,25.5,1.75,low,medium,medium,1,0,rule-derived from synthetic thresholds
5095,5,Karnal,loam,Chickpea,292,19.1,258,0.26,5.78,0.18,29.2,76.0,19.4,-1.51,medium,medium,medium,0,0,rule-derived from synthetic thresholds
5096,10,Jaipur,sandy,Wheat,429,41.7,162,0.61,7.83,3.29,94.4,235.1,22.3,0.62,medium,high,medium,0,1,rule-derived from synthetic thresholds
5097,10,Jaipur,sandy,Mustard,221,23.8,159,0.19,5.05,0.54,5.5,11.6,30.2,0.62,low,medium,medium,1,0,rule-derived from synthetic thresholds
5098,14,Dharwad,clay,Sorghum,414,26.6,262,0.66,8.29,0.63,34.7,98.1,24.3,0.77,medium,high,medium,0,1,rule-derived from synthetic thresholds
5099,6,Nagpur,clay,Pigeon pea,391,21.3,204,0.57,7.35,0.39,60.2,151.1,25.3,-1.73,medium,medium,medium,0,0,rule-derived from synthetic thresholds
5100,6,Nagpur,clay,Pearl millet,401,13.2,276,0.36,8.62,0.5,118.5,275.3,26.8,1.49,medium,medium,medium,0,0,rule-derived from synthetic thresholds
5101,11,Kanpur,loam,Chickpea,313,63.1,318,0.66,6.91,2.71,101.7,278.5,26.5,-0.81,medium,high,high,0,1,rule-derived from synthetic thresholds
5102,1,Thanjavur,clay,Groundnut,429,13.9,448,0.67,6.51,0.17,65.0,136.4,34.2,0.54,medium,medium,high,0,1,rule-derived from synthetic thresholds
5103,9,Indore,clay,Pearl millet,355,18.3,156,0.6,7.17,1.09,114.7,386.3,26.4,-0.27,medium,medium,medium,0,0,rule-derived from synthetic thresholds
5104,6,Nagpur,clay,Pearl millet,397,2.6,349,0.66,8.06,0.22,19.1,48.1,31.2,-0.46,medium,low,high,1,1,rule-derived from synthetic thresholds
5105,15,Kolkata (24 Pgs),clay,Tomato,297,52.9,247,0.25,7.65,0.57,30.9,76.3,28.8,2.26,medium,high,medium,0,1,rule-derived from synthetic thresholds
5106,8,Guntur,clay,Cotton,278,53.7,324,0.5,7.72,0.41,140.4,425.4,25.9,-1.28,low,high,high,1,1,rule-derived from synthetic thresholds
5107,12,Patna,loam,Rice,677,4.9,203,0.88,6.89,0.53,126.0,292.9,29.5,-0.51,high,low,medium,1,1,rule-derived from synthetic thresholds
5108,13,Bengaluru Rural,sandy,Maize,395,17.5,56,0.42,6.58,0.44,38.6,107.4,25.1,0.25,medium,medium,low,1,0,rule-derived from synthetic thresholds
5109,3,Madurai,sandy,Chilli,308,9.6,130,0.57,6.39,0.31,35.8,104.9,27.3,-2.22,medium,low,medium,1,0,rule-derived from synthetic thresholds
5110,10,Jaipur,sandy,Pearl millet,173,18.8,165,0.26,6.97,0.31,38.2,95.3,23.3,0.11,low,medium,medium,1,0,rule-derived from synthetic thresholds
5111,11,Kanpur,loam,Potato,427,25.9,207,0.84,7.96,0.7,44.9,118.5,24.4,-1.95,medium,high,medium,0,1,rule-derived from synthetic thresholds
5112,7,Pune,clay,Ragi,427,14.0,323,0.63,8.16,0.55,194.9,620.7,27.9,0.61,medium,medium,high,0,1,rule-derived from synthetic thresholds
5113,3,Madurai,sandy,Rice,335,25.7,179,0.35,6.42,1.47,38.2,101.3,27.5,0.14,medium,high,medium,0,1,rule-derived from synthetic thresholds
5114,7,Pune,clay,Onion,346,14.8,332,0.61,8.11,1.26,24.5,62.1,21.6,-0.73,medium,medium,high,0,1,rule-derived from synthetic thresholds
5115,1,Thanjavur,clay,Maize,398,4.8,443,0.34,8.47,4.1,48.2,149.6,31.0,-0.06,medium,low,high,1,1,rule-derived from synthetic thresholds
5116,15,Kolkata (24 Pgs),clay,Wheat,462,8.3,159,0.9,6.65,0.42,37.3,113.9,25.4,-0.41,medium,low,medium,1,0,rule-derived from synthetic thresholds
5117,2,Coimbatore,loam,Maize,319,26.6,181,0.52,5.68,0.15,25.0,64.6,26.2,-0.96,medium,high,medium,0,1,rule-derived from synthetic thresholds
5118,3,Madurai,sandy,Chilli,335,13.3,91,0.27,5.58,0.34,66.7,148.3,27.3,-0.71,medium,medium,low,1,0,rule-derived from synthetic thresholds
5119,3,Madurai,sandy,Wheat,366,10.3,80,0.39,7.77,0.28,138.8,462.8,26.1,0.63,medium,medium,low,1,0,rule-derived from synthetic thresholds
5120,4,Ludhiana,sandy,Maize,360,25.0,30,0.43,7.74,0.76,29.8,74.2,25.1,-0.96,medium,medium,low,1,0,rule-derived from synthetic thresholds
5121,3,Madurai,sandy,Ragi,374,12.8,108,0.3,7.14,0.33,19.4,43.3,29.2,1.02,medium,medium,low,1,0,rule-derived from synthetic thresholds
5122,10,Jaipur,sandy,Wheat,418,9.1,170,0.42,7.33,2.26,8.7,19.2,23.5,0.02,medium,low,medium,1,0,rule-derived from synthetic thresholds
5123,2,Coimbatore,loam,Maize,114,7.3,105,0.11,6.55,0.29,25.8,55.4,29.0,1.34,low,low,low,1,0,rule-derived from synthetic thresholds
5124,11,Kanpur,loam,Green gram,427,24.7,108,0.57,7.0,1.19,33.3,91.6,29.0,-1.27,medium,medium,low,1,0,rule-derived from synthetic thresholds
5125,7,Pune,clay,Maize,421,46.7,345,0.52,9.2,0.27,33.4,70.6,22.7,-0.14,medium,high,high,0,1,rule-derived from synthetic thresholds
5126,6,Nagpur,clay,Soybean,461,9.2,336,0.8,9.2,0.83,7.8,16.7,28.5,1.67,medium,low,high,1,1,rule-derived from synthetic thresholds
5127,8,Guntur,clay,Chilli,401,4.1,355,0.78,6.67,0.56,30.3,89.0,29.5,-0.87,medium,low,high,1,1,rule-derived from synthetic thresholds
5128,1,Thanjavur,clay,Ragi,361,24.7,245,0.5,7.53,0.34,170.4,567.3,27.7,1.9,medium,medium,medium,0,0,rule-derived from synthetic thresholds
5129,8,Guntur,clay,Wheat,346,20.9,465,0.5,7.88,1.09,19.0,59.5,25.1,0.08,medium,medium,high,0,1,rule-derived from synthetic thresholds
5130,8,Guntur,clay,Rice,303,11.0,240,0.69,7.95,1.09,28.7,62.9,28.8,0.48,medium,medium,medium,0,0,rule-derived from synthetic thresholds
5131,12,Patna,loam,Maize,448,7.3,30,0.31,6.18,4.68,31.5,68.5,21.6,1.22,medium,low,low,1,0,rule-derived from synthetic thresholds
5132,3,Madurai,sandy,Cotton,431,27.0,114,0.53,5.94,0.87,72.4,234.7,28.6,0.67,medium,high,medium,0,1,rule-derived from synthetic thresholds
5133,1,Thanjavur,clay,Rice,472,15.7,308,0.61,8.27,0.46,213.0,689.5,31.3,0.62,medium,medium,high,0,1,rule-derived from synthetic thresholds
5134,1,Thanjavur,clay,Green gram,423,35.7,211,0.59,7.03,0.56,102.7,358.0,36.3,1.28,medium,high,medium,0,1,rule-derived from synthetic thresholds
5135,15,Kolkata (24 Pgs),clay,Pearl millet,450,17.6,119,0.64,7.23,0.67,66.7,232.5,24.1,-0.0,medium,medium,medium,0,0,rule-derived from synthetic thresholds
5136,6,Nagpur,clay,Onion,388,8.9,343,0.86,6.89,0.91,104.6,374.0,24.8,-0.6,medium,low,high,1,1,rule-derived from synthetic thresholds
5137,4,Ludhiana,sandy,Maize,310,9.5,80,0.4,7.07,0.31,48.5,139.4,21.5,-0.29,medium,low,low,1,0,rule-derived from synthetic thresholds
5138,3,Madurai,sandy,Cotton,155,40.0,124,0.38,5.16,0.4,36.2,126.2,31.3,-1.32,low,high,medium,1,1,rule-derived from synthetic thresholds
5139,4,Ludhiana,sandy,Pearl millet,168,23.1,47,0.15,6.79,0.22,44.6,124.8,30.3,1.89,low,medium,low,1,0,rule-derived from synthetic thresholds
5140,7,Pune,clay,Maize,495,19.3,292,0.87,8.52,0.39,17.3,48.3,24.9,-0.52,medium,medium,high,0,1,rule-derived from synthetic thresholds
5141,15,Kolkata (24 Pgs),clay,Mustard,393,13.4,215,0.46,6.99,1.59,221.5,715.9,23.1,-0.77,medium,medium,medium,0,0,rule-derived from synthetic thresholds
5142,12,Patna,loam,Sorghum,512,23.0,221,0.75,8.36,0.7,222.6,507.4,25.9,1.76,medium,medium,medium,0,0,rule-derived from synthetic thresholds
5143,13,Bengaluru Rural,sandy,Tomato,275,19.1,30,0.43,7.33,1.8,45.8,134.4,29.1,1.33,low,medium,low,1,0,rule-derived from synthetic thresholds
5144,1,Thanjavur,clay,Wheat,293,12.3,335,0.72,8.54,0.53,197.5,590.3,31.6,0.18,medium,medium,high,0,1,rule-derived from synthetic thresholds
5145,9,Indore,clay,Sunflower,288,28.9,326,0.64,7.04,0.51,25.2,85.8,27.8,-0.99,medium,high,high,0,1,rule-derived from synthetic thresholds
5146,8,Guntur,clay,Chilli,524,6.7,180,0.72,7.27,1.67,86.7,180.2,29.3,-0.1,medium,low,medium,1,0,rule-derived from synthetic thresholds
5147,3,Madurai,sandy,Rice,409,15.9,177,0.31,6.92,1.98,57.8,181.2,25.9,0.24,medium,medium,medium,0,0,rule-derived from synthetic thresholds
5148,8,Guntur,clay,Cotton,414,13.9,231,0.71,7.43,0.23,73.0,158.3,21.5,-1.29,medium,medium,medium,0,0,rule-derived from synthetic thresholds
5149,9,Indore,clay,Soybean,379,10.4,244,0.75,7.14,0.27,10.3,26.3,23.7,-1.45,medium,medium,medium,0,0,rule-derived from synthetic thresholds
5150,1,Thanjavur,clay,Green gram,361,16.8,428,0.58,7.97,0.42,9.2,28.1,29.4,0.55,medium,medium,high,0,1,rule-derived from synthetic thresholds
5151,15,Kolkata (24 Pgs),clay,Potato,470,12.5,195,0.61,8.04,0.44,110.6,369.1,31.7,0.39,medium,medium,medium,0,0,rule-derived from synthetic thresholds
5152,12,Patna,loam,Maize,484,22.0,236,0.73,7.77,0.5,83.6,225.6,20.8,-1.23,medium,medium,medium,0,0,rule-derived from synthetic thresholds
5153,14,Dharwad,clay,Sorghum,441,11.1,229,0.58,7.66,0.1,131.4,271.1,29.4,0.24,medium,medium,medium,0,0,rule-derived from synthetic thresholds
5154,2,Coimbatore,loam,Cotton,452,9.8,228,0.49,7.22,0.25,20.9,64.6,28.4,1.62,medium,low,medium,1,0,rule-derived from synthetic thresholds
5155,1,Thanjavur,clay,Rice,212,23.0,177,0.56,8.35,0.88,67.2,171.9,29.4,0.48,low,medium,medium,1,0,rule-derived from synthetic thresholds
5156,14,Dharwad,clay,Sorghum,522,66.5,378,0.93,9.2,1.02,38.6,130.5,30.5,-0.14,medium,high,high,0,1,rule-derived from synthetic thresholds
5157,14,Dharwad,clay,Cotton,450,56.0,169,0.64,9.06,1.03,160.5,417.0,24.1,2.8,medium,high,medium,0,1,rule-derived from synthetic thresholds
5158,10,Jaipur,sandy,Mustard,419,9.1,102,0.62,8.68,1.15,18.0,43.8,23.0,-0.16,medium,low,low,1,0,rule-derived from synthetic thresholds
5159,4,Ludhiana,sandy,Wheat,497,11.8,198,0.73,6.39,0.55,11.3,40.2,21.2,1.74,medium,medium,medium,0,0,rule-derived from synthetic thresholds
5160,5,Karnal,loam,Rice,258,22.0,146,0.17,9.13,0.32,19.6,59.1,22.1,-0.34,low,medium,medium,1,0,rule-derived from synthetic thresholds
5161,12,Patna,loam,Rice,499,9.4,195,0.49,7.28,2.04,39.4,137.1,26.4,-1.18,medium,low,medium,1,0,rule-derived from synthetic thresholds
5162,14,Dharwad,clay,Cotton,480,10.6,193,0.59,7.02,0.85,79.5,256.5,24.5,-2.16,medium,medium,medium,0,0,rule-derived from synthetic thresholds
5163,11,Kanpur,loam,Potato,533,4.6,130,0.84,7.95,0.27,26.9,73.4,27.0,-0.43,medium,low,medium,1,0,rule-derived from synthetic thresholds
5164,7,Pune,clay,Onion,544,20.0,244,0.57,7.25,0.53,62.5,148.2,27.2,1.0,medium,medium,medium,0,0,rule-derived from synthetic thresholds
5165,13,Bengaluru Rural,sandy,Rice,270,14.2,119,0.18,8.5,0.91,27.2,68.0,26.9,-1.13,low,medium,medium,1,0,rule-derived from synthetic thresholds
5166,4,Ludhiana,sandy,Wheat,272,15.2,70,0.35,6.92,0.76,106.5,300.7,21.5,0.7,low,medium,low,1,0,rule-derived from synthetic thresholds
5167,2,Coimbatore,loam,Cotton,327,11.7,67,0.5,7.54,0.34,32.1,96.9,24.7,0.14,medium,medium,low,1,0,rule-derived from synthetic thresholds
5168,6,Nagpur,clay,Pigeon pea,501,33.1,224,0.71,9.1,0.45,109.3,283.9,29.6,1.28,medium,high,medium,0,1,rule-derived from synthetic thresholds
5169,8,Guntur,clay,Chilli,398,15.1,266,0.75,8.07,1.89,63.1,142.9,29.2,1.33,medium,medium,medium,0,0,rule-derived from synthetic thresholds
5170,10,Jaipur,sandy,Chickpea,413,6.0,30,0.41,5.45,0.66,59.3,150.8,27.1,0.09,medium,low,low,1,0,rule-derived from synthetic thresholds
5171,11,Kanpur,loam,Potato,448,5.3,189,0.64,5.48,0.59,6.7,24.0,26.5,0.77,medium,low,medium,1,0,rule-derived from synthetic thresholds
5172,11,Kanpur,loam,Mustard,274,28.2,223,0.28,6.1,0.53,64.3,148.0,21.8,-0.82,low,high,medium,1,1,rule-derived from synthetic thresholds
5173,4,Ludhiana,sandy,Maize,378,8.2,248,0.39,7.73,1.12,44.7,94.5,24.6,-0.39,medium,low,medium,1,0,rule-derived from synthetic thresholds
5174,10,Jaipur,sandy,Pearl millet,362,5.6,35,0.55,7.4,0.22,148.5,375.8,28.0,0.6,medium,low,low,1,0,rule-derived from synthetic thresholds
5175,1,Thanjavur,clay,Green gram,415,11.6,174,0.85,7.98,0.97,31.5,91.5,27.7,0.97,medium,medium,medium,0,0,rule-derived from synthetic thresholds
5176,14,Dharwad,clay,Lentil,569,17.6,263,0.61,7.6,0.46,15.1,49.5,27.1,1.02,high,medium,medium,0,1,rule-derived from synthetic thresholds
5177,7,Pune,clay,Onion,575,11.8,169,0.62,8.42,1.01,72.3,184.3,26.7,-0.65,high,medium,medium,0,1,rule-derived from synthetic thresholds
5178,15,Kolkata (24 Pgs),clay,Cotton,435,20.7,114,0.53,6.23,0.1,103.9,208.6,25.7,-0.55,medium,medium,medium,0,0,rule-derived from synthetic thresholds
5179,14,Dharwad,clay,Cotton,575,30.5,180,0.82,8.27,0.17,82.4,186.7,29.9,-0.06,high,high,medium,0,1,rule-derived from synthetic thresholds
5180,3,Madurai,sandy,Cotton,275,10.1,121,0.35,6.88,0.5,38.3,87.0,30.8,-1.17,low,medium,medium,1,0,rule-derived from synthetic thresholds
5181,2,Coimbatore,loam,Maize,510,8.3,196,0.88,6.78,0.53,57.2,190.9,28.0,-0.79,medium,low,medium,1,0,rule-derived from synthetic thresholds
5182,14,Dharwad,clay,Chilli,376,32.4,235,0.62,7.52,0.84,75.7,176.8,22.4,-0.97,medium,high,medium,0,1,rule-derived from synthetic thresholds
5183,8,Guntur,clay,Chilli,566,6.5,151,0.96,7.82,0.78,18.8,44.4,28.0,1.89,high,low,medium,1,1,rule-derived from synthetic thresholds
5184,2,Coimbatore,loam,Maize,326,27.1,204,0.68,7.43,0.55,36.5,104.4,26.2,0.31,medium,high,medium,0,1,rule-derived from synthetic thresholds
5185,10,Jaipur,sandy,Pearl millet,330,66.3,63,0.32,6.56,0.47,12.3,33.2,30.5,0.33,medium,high,low,1,1,rule-derived from synthetic thresholds
5186,15,Kolkata (24 Pgs),clay,Potato,439,6.4,257,0.72,7.98,2.72,202.6,456.5,24.0,1.46,medium,low,medium,1,0,rule-derived from synthetic thresholds
5187,10,Jaipur,sandy,Wheat,223,14.2,280,0.29,7.41,3.37,65.3,144.8,25.3,-1.02,low,medium,medium,1,0,rule-derived from synthetic thresholds
5188,4,Ludhiana,sandy,Chilli,428,30.5,30,0.82,6.65,0.29,164.1,390.5,25.0,0.2,medium,high,low,1,1,rule-derived from synthetic thresholds
5189,6,Nagpur,clay,Soybean,396,8.3,239,0.52,7.53,1.95,117.9,408.8,23.9,-0.11,medium,low,medium,1,0,rule-derived from synthetic thresholds
5190,4,Ludhiana,sandy,Maize,399,6.0,111,0.54,7.53,0.58,93.9,242.4,21.1,3.12,medium,low,medium,1,0,rule-derived from synthetic thresholds
5191,9,Indore,clay,Groundnut,486,41.7,192,0.7,7.53,0.35,81.6,184.7,23.5,-0.65,medium,high,medium,0,1,rule-derived from synthetic thresholds
5192,7,Pune,clay,Lentil,219,14.8,225,0.56,6.95,0.6,19.4,68.1,22.1,0.29,low,medium,medium,1,0,rule-derived from synthetic thresholds
5193,6,Nagpur,clay,Soybean,398,50.8,242,0.78,7.22,0.67,25.3,68.5,31.0,-0.98,medium,high,medium,0,1,rule-derived from synthetic thresholds
5194,3,Madurai,sandy,Chilli,384,3.9,141,0.41,7.92,0.71,94.9,234.7,26.4,-1.33,medium,low,medium,1,0,rule-derived from synthetic thresholds
5195,1,Thanjavur,clay,Green gram,427,26.7,181,0.99,7.97,0.95,50.7,122.3,24.8,-0.92,medium,high,medium,0,1,rule-derived from synthetic thresholds
5196,13,Bengaluru Rural,sandy,Tomato,316,6.6,208,0.41,6.85,0.73,10.9,28.5,22.5,-0.59,medium,low,medium,1,0,rule-derived from synthetic thresholds
5197,13,Bengaluru Rural,sandy,Maize,315,11.1,119,0.52,5.15,0.35,55.0,142.0,22.3,0.21,medium,medium,medium,0,0,rule-derived from synthetic thresholds
5198,2,Coimbatore,loam,Cotton,472,21.1,30,0.69,7.22,2.23,153.5,354.9,21.0,0.18,medium,medium,low,1,0,rule-derived from synthetic thresholds
5199,4,Ludhiana,sandy,Rice,374,17.9,46,0.78,7.59,2.0,46.7,142.2,20.7,-0.77,medium,medium,low,1,0,rule-derived from synthetic thresholds
5200,7,Pune,clay,Mustard,406,11.1,386,0.51,7.26,0.19,59.0,118.2,27.0,-1.2,medium,medium,high,0,1,rule-derived from synthetic thresholds
5201,9,Indore,clay,Soybean,356,10.1,217,0.68,6.55,0.42,20.7,47.9,23.4,-1.91,medium,medium,medium,0,0,rule-derived from synthetic thresholds
5202,14,Dharwad,clay,Sorghum,412,25.3,307,0.82,9.11,0.71,115.5,355.9,30.4,-1.2,medium,high,high,0,1,rule-derived from synthetic thresholds
5203,11,Kanpur,loam,Rice,339,7.9,149,0.48,9.2,0.65,59.3,122.4,30.9,1.46,medium,low,medium,1,0,rule-derived from synthetic thresholds
5204,10,Jaipur,sandy,Wheat,263,7.5,154,0.19,7.38,0.39,81.1,285.4,25.3,-2.96,low,low,medium,1,0,rule-derived from synthetic thresholds
5205,12,Patna,loam,Wheat,422,17.2,246,0.63,6.48,0.38,254.9,577.0,25.1,0.1,medium,medium,medium,0,0,rule-derived from synthetic thresholds
5206,10,Jaipur,sandy,Wheat,321,17.3,116,0.65,7.3,0.21,6.3,18.1,26.6,1.97,medium,medium,medium,0,0,rule-derived from synthetic thresholds
5207,14,Dharwad,clay,Sorghum,628,22.6,201,0.87,7.28,0.77,61.5,205.3,27.1,-1.39,high,medium,medium,0,1,rule-derived from synthetic thresholds
5208,15,Kolkata (24 Pgs),clay,Potato,463,17.8,274,0.84,7.13,2.01,31.8,112.5,27.2,0.42,medium,medium,medium,0,0,rule-derived from synthetic thresholds
5209,7,Pune,clay,Maize,378,13.6,322,0.62,8.98,0.69,86.5,278.8,28.2,-0.68,medium,medium,high,0,1,rule-derived from synthetic thresholds
5210,1,Thanjavur,clay,Groundnut,499,46.9,303,0.68,8.06,0.31,23.5,47.5,28.9,1.31,medium,high,high,0,1,rule-derived from synthetic thresholds
5211,15,Kolkata (24 Pgs),clay,Sugarcane,366,16.7,247,0.7,7.26,3.22,78.1,201.1,29.3,-1.54,medium,medium,medium,0,0,rule-derived from synthetic thresholds
5212,5,Karnal,loam,Wheat,409,10.0,206,0.73,8.16,0.31,60.9,142.0,18.0,0.28,medium,medium,medium,0,0,rule-derived from synthetic thresholds
5213,5,Karnal,loam,Rice,530,15.2,186,0.96,7.17,0.46,73.2,188.7,26.0,0.77,medium,medium,medium,0,0,rule-derived from synthetic thresholds
5214,2,Coimbatore,loam,Banana,260,9.3,191,0.28,7.08,0.92,3.3,8.6,27.4,-1.18,low,low,medium,1,0,rule-derived from synthetic thresholds
5215,12,Patna,loam,Sugarcane,243,4.1,146,0.25,7.28,0.23,34.3,78.9,27.8,0.18,low,low,medium,1,0,rule-derived from synthetic thresholds
5216,3,Madurai,sandy,Cotton,209,6.0,30,0.1,7.08,0.32,17.5,50.3,31.8,1.17,low,low,low,1,0,rule-derived from synthetic thresholds
5217,15,Kolkata (24 Pgs),clay,Potato,209,10.2,119,0.2,7.38,1.15,38.1,135.5,24.6,-0.4,low,medium,medium,1,0,rule-derived from synthetic thresholds
5218,4,Ludhiana,sandy,Chickpea,413,10.8,30,0.54,6.8,0.21,17.1,46.5,24.8,1.07,medium,medium,low,1,0,rule-derived from synthetic thresholds
5219,2,Coimbatore,loam,Sorghum,287,19.8,43,0.35,7.07,0.84,28.2,77.0,26.9,0.05,medium,medium,low,1,0,rule-derived from synthetic thresholds
5220,10,Jaipur,sandy,Mustard,366,13.7,177,0.39,7.77,0.99,17.8,49.9,25.8,-0.7,medium,medium,medium,0,0,rule-derived from synthetic thresholds
5221,4,Ludhiana,sandy,Green gram,381,13.6,76,0.53,7.07,0.38,99.4,342.2,22.4,-0.25,medium,medium,low,1,0,rule-derived from synthetic thresholds
5222,5,Karnal,loam,Sugarcane,463,19.6,238,0.74,8.01,1.87,34.5,88.0,20.7,1.66,medium,medium,medium,0,0,rule-derived from synthetic thresholds
5223,2,Coimbatore,loam,Sorghum,317,28.5,96,0.5,8.96,1.14,73.3,195.9,21.6,-1.06,medium,high,low,1,1,rule-derived from synthetic thresholds
5224,10,Jaipur,sandy,Mustard,294,12.2,147,0.41,7.6,0.21,32.2,97.6,26.7,1.16,medium,medium,medium,0,0,rule-derived from synthetic thresholds
5225,4,Ludhiana,sandy,Rice,283,20.0,275,0.15,5.46,0.83,109.4,315.2,23.1,0.25,medium,medium,medium,0,0,rule-derived from synthetic thresholds
5226,12,Patna,loam,Chilli,267,40.2,97,0.32,7.56,0.09,27.9,61.2,22.7,-0.88,low,high,low,1,1,rule-derived from synthetic thresholds
5227,4,Ludhiana,sandy,Mustard,302,6.5,165,0.29,5.99,0.14,91.0,237.9,22.5,-0.59,medium,low,medium,1,0,rule-derived from synthetic thresholds
5228,7,Pune,clay,Onion,367,7.0,316,0.76,6.94,0.32,43.3,114.9,24.3,0.2,medium,low,high,1,1,rule-derived from synthetic thresholds
5229,8,Guntur,clay,Chilli,441,44.1,189,0.76,9.2,3.59,85.4,268.3,25.7,0.8,medium,high,medium,0,1,rule-derived from synthetic thresholds
5230,9,Indore,clay,Wheat,379,14.9,153,0.5,8.92,0.69,53.1,176.6,31.8,-0.95,medium,medium,medium,0,0,rule-derived from synthetic thresholds
5231,13,Bengaluru Rural,sandy,Maize,256,76.1,93,0.29,8.17,1.43,150.4,494.0,27.7,-0.46,low,high,low,1,1,rule-derived from synthetic thresholds
5232,2,Coimbatore,loam,Sorghum,342,9.3,85,0.31,7.72,0.51,87.1,192.5,27.1,1.01,medium,low,low,1,0,rule-derived from synthetic thresholds
5233,4,Ludhiana,sandy,Lentil,203,8.2,181,0.4,6.92,1.0,117.9,247.9,26.3,2.17,low,low,medium,1,0,rule-derived from synthetic thresholds
5234,12,Patna,loam,Soybean,401,16.0,234,0.69,6.75,0.99,202.5,688.7,29.0,0.8,medium,medium,medium,0,0,rule-derived from synthetic thresholds
5235,13,Bengaluru Rural,sandy,Ragi,340,4.5,56,0.33,6.16,0.9,133.2,308.5,21.7,-0.24,medium,low,low,1,0,rule-derived from synthetic thresholds
5236,7,Pune,clay,Rice,328,59.1,293,0.59,7.11,0.59,38.5,97.0,26.0,-0.51,medium,high,high,0,1,rule-derived from synthetic thresholds
5237,1,Thanjavur,clay,Groundnut,428,6.2,386,0.69,8.25,0.18,76.2,218.1,28.9,-1.05,medium,low,high,1,1,rule-derived from synthetic thresholds
5238,13,Bengaluru Rural,sandy,Maize,361,8.7,246,0.55,7.53,0.3,74.6,223.1,23.7,-0.92,medium,low,medium,1,0,rule-derived from synthetic thresholds
5239,10,Jaipur,sandy,Mustard,399,50.0,239,0.51,7.18,0.48,95.2,315.7,26.1,-0.13,medium,high,medium,0,1,rule-derived from synthetic thresholds
5240,8,Guntur,clay,Chilli,377,6.2,412,0.68,7.66,0.93,8.2,21.1,25.5,-0.92,medium,low,high,1,1,rule-derived from synthetic thresholds
5241,6,Nagpur,clay,Cotton,281,10.1,382,0.26,7.75,1.46,49.6,155.4,30.4,-0.38,medium,medium,high,0,1,rule-derived from synthetic thresholds
5242,11,Kanpur,loam,Rice,390,6.0,233,0.64,6.8,0.99,98.6,254.6,28.6,-0.75,medium,low,medium,1,0,rule-derived from synthetic thresholds
5243,5,Karnal,loam,Rice,392,8.8,191,0.43,7.63,0.62,170.8,350.7,29.4,-0.86,medium,low,medium,1,0,rule-derived from synthetic thresholds
5244,6,Nagpur,clay,Pigeon pea,398,56.3,232,0.77,7.07,0.41,10.0,20.4,19.3,-0.48,medium,high,medium,0,1,rule-derived from synthetic thresholds
5245,12,Patna,loam,Rice,297,23.2,263,0.51,7.31,0.27,244.2,664.3,27.4,-0.98,medium,medium,medium,0,0,rule-derived from synthetic thresholds
5246,6,Nagpur,clay,Green gram,364,10.8,165,0.41,7.44,0.79,56.2,196.6,23.9,-0.89,medium,medium,medium,0,0,rule-derived from synthetic thresholds
5247,15,Kolkata (24 Pgs),clay,Mustard,329,4.6,318,0.38,8.0,0.21,178.8,362.3,22.0,-0.45,medium,low,high,1,1,rule-derived from synthetic thresholds
5248,7,Pune,clay,Sugarcane,410,28.5,298,0.55,6.98,0.77,7.5,18.3,22.6,-0.13,medium,high,high,0,1,rule-derived from synthetic thresholds
5249,9,Indore,clay,Chickpea,394,22.2,272,0.74,6.55,0.23,46.8,147.2,28.3,-1.3,medium,medium,medium,0,0,rule-derived from synthetic thresholds
5250,10,Jaipur,sandy,Mustard,457,11.2,91,0.62,7.81,1.57,32.7,103.2,26.3,-0.43,medium,medium,low,1,0,rule-derived from synthetic thresholds
5251,11,Kanpur,loam,Rice,439,15.6,30,0.48,7.75,1.44,67.3,224.1,28.1,-0.17,medium,medium,low,1,0,rule-derived from synthetic thresholds
5252,8,Guntur,clay,Rice,800,24.6,284,0.97,7.36,0.58,63.1,161.2,27.9,-0.32,high,medium,high,0,1,rule-derived from synthetic thresholds
5253,6,Nagpur,clay,Pigeon pea,482,24.6,376,0.76,9.2,0.76,34.0,85.6,27.4,-0.67,medium,medium,high,0,1,rule-derived from synthetic thresholds
5254,13,Bengaluru Rural,sandy,Pearl millet,550,26.7,234,0.98,5.81,1.09,7.8,17.0,19.4,-1.25,medium,high,medium,0,1,rule-derived from synthetic thresholds
5255,11,Kanpur,loam,Rice,319,13.0,190,0.34,6.83,0.36,4.1,10.9,26.7,0.67,medium,medium,medium,0,0,rule-derived from synthetic thresholds
5256,1,Thanjavur,clay,Rice,331,4.7,291,0.52,9.2,0.41,108.3,317.8,28.4,0.98,medium,low,high,1,1,rule-derived from synthetic thresholds
5257,10,Jaipur,sandy,Mustard,215,15.2,130,0.23,7.39,0.76,42.0,113.6,23.5,2.77,low,medium,medium,1,0,rule-derived from synthetic thresholds
5258,14,Dharwad,clay,Onion,324,27.0,377,0.5,7.53,0.33,62.2,153.9,26.2,0.35,medium,high,high,0,1,rule-derived from synthetic thresholds
5259,9,Indore,clay,Wheat,451,10.8,311,0.65,7.68,0.91,61.0,176.0,26.6,-0.03,medium,medium,high,0,1,rule-derived from synthetic thresholds
5260,14,Dharwad,clay,Sorghum,413,30.0,317,0.8,6.7,1.05,14.5,30.3,26.0,1.93,medium,high,high,0,1,rule-derived from synthetic thresholds
5261,6,Nagpur,clay,Cotton,398,20.5,225,0.65,5.47,0.64,41.1,145.0,24.4,-0.13,medium,medium,medium,0,0,rule-derived from synthetic thresholds
5262,4,Ludhiana,sandy,Banana,251,13.4,311,0.15,7.17,1.06,39.1,124.0,27.4,-0.11,low,medium,high,1,1,rule-derived from synthetic thresholds
5263,8,Guntur,clay,Cotton,392,10.6,397,0.54,9.18,0.72,102.7,248.9,30.3,-0.05,medium,medium,high,0,1,rule-derived from synthetic thresholds
5264,2,Coimbatore,loam,Maize,283,6.9,295,0.49,7.51,1.14,109.0,229.7,24.6,1.47,medium,low,high,1,1,rule-derived from synthetic thresholds
5265,1,Thanjavur,clay,Groundnut,457,10.8,248,0.5,8.19,4.29,95.4,193.3,28.8,2.16,medium,medium,medium,0,0,rule-derived from synthetic thresholds
5266,9,Indore,clay,Wheat,511,27.1,271,1.05,7.77,0.63,109.5,255.0,22.3,0.08,medium,high,medium,0,1,rule-derived from synthetic thresholds
5267,1,Thanjavur,clay,Rice,465,33.1,154,0.75,8.28,0.86,12.4,29.5,24.6,-0.6,medium,high,medium,0,1,rule-derived from synthetic thresholds
5268,1,Thanjavur,clay,Groundnut,509,19.3,241,0.84,9.04,0.82,73.3,181.1,23.5,-0.51,medium,medium,medium,0,0,rule-derived from synthetic thresholds
5269,7,Pune,clay,Soybean,339,3.2,237,0.67,7.97,0.42,31.9,99.6,30.7,0.47,medium,low,medium,1,0,rule-derived from synthetic thresholds
5270,4,Ludhiana,sandy,Maize,273,5.9,51,0.27,6.83,0.49,64.3,156.5,24.9,-0.47,low,low,low,1,0,rule-derived from synthetic thresholds
5271,3,Madurai,sandy,Rice,442,12.5,133,0.75,6.04,1.35,54.3,132.4,32.3,0.44,medium,medium,medium,0,0,rule-derived from synthetic thresholds
5272,8,Guntur,clay,Cotton,449,18.3,324,0.73,8.07,0.52,18.8,58.1,27.1,-1.64,medium,medium,high,0,1,rule-derived from synthetic thresholds
5273,5,Karnal,loam,Rice,631,9.5,153,0.92,6.89,0.7,61.0,124.8,18.8,-1.92,high,low,medium,1,1,rule-derived from synthetic thresholds
5274,10,Jaipur,sandy,Turmeric,129,27.7,112,0.18,5.92,0.25,28.1,77.6,31.1,1.03,low,high,medium,1,1,rule-derived from synthetic thresholds
5275,7,Pune,clay,Turmeric,361,6.3,205,0.57,8.19,1.63,49.0,161.6,26.0,-0.77,medium,low,medium,1,0,rule-derived from synthetic thresholds
5276,3,Madurai,sandy,Cotton,434,11.1,277,0.64,6.62,1.73,46.3,164.4,35.9,-0.75,medium,medium,medium,0,0,rule-derived from synthetic thresholds
5277,11,Kanpur,loam,Rice,195,5.7,184,0.35,7.75,0.49,11.2,25.2,24.6,-1.02,low,low,medium,1,0,rule-derived from synthetic thresholds
5278,14,Dharwad,clay,Cotton,412,24.7,269,0.8,9.2,0.67,7.8,24.4,27.7,-1.29,medium,medium,medium,0,0,rule-derived from synthetic thresholds
5279,11,Kanpur,loam,Soybean,414,12.6,159,0.84,7.38,0.46,9.3,23.3,29.5,-0.26,medium,medium,medium,0,0,rule-derived from synthetic thresholds
5280,3,Madurai,sandy,Cotton,387,14.1,82,0.55,6.44,0.3,30.7,84.6,28.2,0.23,medium,medium,low,1,0,rule-derived from synthetic thresholds
5281,9,Indore,clay,Soybean,423,21.0,263,0.53,7.38,0.52,48.9,126.0,24.5,0.56,medium,medium,medium,0,0,rule-derived from synthetic thresholds
5282,3,Madurai,sandy,Chilli,339,54.5,113,0.34,8.5,0.41,75.3,174.0,30.4,0.18,medium,high,medium,0,1,rule-derived from synthetic thresholds
5283,1,Thanjavur,clay,Rice,316,10.5,242,0.4,6.83,0.49,33.9,75.3,27.5,0.58,medium,medium,medium,0,0,rule-derived from synthetic thresholds
5284,3,Madurai,sandy,Cotton,281,8.6,180,0.38,6.12,0.26,65.0,220.3,29.5,0.01,medium,low,medium,1,0,rule-derived from synthetic thresholds
5285,13,Bengaluru Rural,sandy,Maize,324,13.1,38,0.17,6.92,0.42,154.4,481.0,23.5,-0.8,medium,medium,low,1,0,rule-derived from synthetic thresholds
5286,14,Dharwad,clay,Chilli,536,17.8,245,0.77,7.42,0.52,201.1,677.6,29.8,-0.6,medium,medium,medium,0,0,rule-derived from synthetic thresholds
5287,9,Indore,clay,Chickpea,601,8.0,201,0.71,7.7,0.65,17.3,46.3,29.3,-1.34,high,low,medium,1,1,rule-derived from synthetic thresholds
5288,14,Dharwad,clay,Rice,279,11.0,288,0.23,6.71,1.05,10.7,35.5,24.8,0.31,low,medium,high,1,1,rule-derived from synthetic thresholds
5289,7,Pune,clay,Maize,547,5.4,88,0.53,7.16,0.48,36.9,121.5,26.5,1.09,medium,low,low,1,0,rule-derived from synthetic thresholds
5290,1,Thanjavur,clay,Mustard,377,14.5,274,0.8,7.89,0.7,0.7,1.7,26.6,0.78,medium,medium,medium,0,0,rule-derived from synthetic thresholds
5291,14,Dharwad,clay,Sorghum,374,5.5,353,0.72,6.91,0.26,175.0,461.4,22.6,0.34,medium,low,high,1,1,rule-derived from synthetic thresholds
5292,11,Kanpur,loam,Maize,221,7.9,149,0.29,7.94,1.45,66.5,237.6,27.5,1.09,low,low,medium,1,0,rule-derived from synthetic thresholds
5293,10,Jaipur,sandy,Mustard,117,4.1,208,0.1,6.06,0.64,8.7,26.3,21.0,0.78,low,low,medium,1,0,rule-derived from synthetic thresholds
5294,2,Coimbatore,loam,Maize,459,14.6,226,0.67,8.14,1.26,22.7,61.8,31.0,-0.61,medium,medium,medium,0,0,rule-derived from synthetic thresholds
5295,15,Kolkata (24 Pgs),clay,Pearl millet,479,8.8,417,0.78,7.58,1.15,112.2,382.2,28.0,-0.98,medium,low,high,1,1,rule-derived from synthetic thresholds
5296,2,Coimbatore,loam,Green gram,363,15.1,292,0.49,7.42,0.29,46.5,95.4,28.1,0.19,medium,medium,high,0,1,rule-derived from synthetic thresholds
5297,1,Thanjavur,clay,Groundnut,529,9.6,310,1.06,7.46,1.05,45.2,106.4,29.7,-1.95,medium,low,high,1,1,rule-derived from synthetic thresholds
5298,2,Coimbatore,loam,Sorghum,389,13.5,134,0.77,7.77,1.07,71.5,229.8,22.6,-0.9,medium,medium,medium,0,0,rule-derived from synthetic thresholds
5299,15,Kolkata (24 Pgs),clay,Mustard,377,7.7,165,0.5,8.91,1.34,51.0,152.7,28.5,-1.59,medium,low,medium,1,0,rule-derived from synthetic thresholds
5300,13,Bengaluru Rural,sandy,Groundnut,330,33.8,46,0.34,6.48,0.89,58.7,211.1,28.9,-1.89,medium,high,low,1,1,rule-derived from synthetic thresholds
5301,2,Coimbatore,loam,Lentil,312,25.6,221,0.54,4.52,0.9,118.8,262.6,23.7,0.9,medium,high,medium,0,1,rule-derived from synthetic thresholds
5302,7,Pune,clay,Maize,424,27.1,191,0.71,7.88,0.44,45.3,157.0,29.1,0.64,medium,high,medium,0,1,rule-derived from synthetic thresholds
5303,8,Guntur,clay,Chilli,403,13.0,261,0.6,7.51,0.54,10.8,26.1,33.2,0.52,medium,medium,medium,0,0,rule-derived from synthetic thresholds
5304,9,Indore,clay,Wheat,263,3.9,292,0.41,7.16,1.31,27.9,92.3,21.5,-0.61,low,low,high,1,1,rule-derived from synthetic thresholds
5305,4,Ludhiana,sandy,Maize,295,23.6,82,0.1,5.08,0.31,36.8,97.2,19.2,-0.15,medium,medium,low,1,0,rule-derived from synthetic thresholds
5306,1,Thanjavur,clay,Rice,391,11.1,254,0.7,6.32,0.58,60.9,185.2,29.2,0.34,medium,medium,medium,0,0,rule-derived from synthetic thresholds
5307,1,Thanjavur,clay,Green gram,264,19.6,289,0.4,7.78,3.75,140.8,330.5,28.8,0.06,low,medium,high,1,1,rule-derived from synthetic thresholds
5308,14,Dharwad,clay,Chilli,475,30.3,245,0.62,6.65,0.38,23.9,72.2,21.8,-0.94,medium,high,medium,0,1,rule-derived from synthetic thresholds
5309,10,Jaipur,sandy,Mustard,304,16.2,170,0.63,6.04,0.34,7.2,23.6,32.7,1.13,medium,medium,medium,0,0,rule-derived from synthetic thresholds
5310,15,Kolkata (24 Pgs),clay,Mustard,281,14.7,120,0.43,8.08,0.72,141.1,305.2,34.8,-0.91,medium,medium,medium,0,0,rule-derived from synthetic thresholds
5311,13,Bengaluru Rural,sandy,Ragi,337,10.8,46,0.53,7.02,1.99,8.0,28.0,32.3,-0.12,medium,medium,low,1,0,rule-derived from synthetic thresholds
5312,4,Ludhiana,sandy,Rice,297,8.5,203,0.51,5.51,0.3,17.4,49.3,23.3,0.76,medium,low,medium,1,0,rule-derived from synthetic thresholds
5313,2,Coimbatore,loam,Cotton,272,53.8,221,0.34,8.57,0.14,11.6,35.5,28.8,0.74,low,high,medium,1,1,rule-derived from synthetic thresholds
5314,10,Jaipur,sandy,Mustard,266,7.3,255,0.36,7.22,0.46,125.5,406.2,24.9,1.27,low,low,medium,1,0,rule-derived from synthetic thresholds
5315,4,Ludhiana,sandy,Maize,181,5.9,208,0.22,7.12,1.53,32.5,80.9,25.9,-0.8,low,low,medium,1,0,rule-derived from synthetic thresholds
5316,11,Kanpur,loam,Rice,384,24.4,254,0.58,6.59,0.28,33.2,108.2,25.9,0.26,medium,medium,medium,0,0,rule-derived from synthetic thresholds
5317,15,Kolkata (24 Pgs),clay,Rice,347,42.2,356,0.53,6.89,1.53,262.0,832.2,25.2,0.07,medium,high,high,0,1,rule-derived from synthetic thresholds
5318,15,Kolkata (24 Pgs),clay,Banana,307,18.6,232,0.45,6.45,0.27,99.5,209.3,27.1,0.65,medium,medium,medium,0,0,rule-derived from synthetic thresholds
5319,4,Ludhiana,sandy,Rice,300,5.7,132,0.41,5.96,0.42,9.9,19.8,20.4,-0.64,medium,low,medium,1,0,rule-derived from synthetic thresholds
5320,8,Guntur,clay,Rice,337,24.2,121,0.6,6.63,0.23,22.3,48.9,29.7,-0.41,medium,medium,medium,0,0,rule-derived from synthetic thresholds
5321,11,Kanpur,loam,Potato,288,32.0,94,0.51,7.07,3.19,7.1,18.7,24.6,0.8,medium,high,low,1,1,rule-derived from synthetic thresholds
5322,4,Ludhiana,sandy,Maize,241,9.8,175,0.27,7.31,0.94,140.7,402.5,23.5,-1.06,low,low,medium,1,0,rule-derived from synthetic thresholds
5323,9,Indore,clay,Wheat,449,16.5,405,0.78,7.65,0.19,202.4,606.3,24.0,-0.93,medium,medium,high,0,1,rule-derived from synthetic thresholds
5324,6,Nagpur,clay,Cotton,382,34.1,428,0.6,6.8,0.65,306.5,797.0,29.8,-0.84,medium,high,high,0,1,rule-derived from synthetic thresholds
5325,9,Indore,clay,Sunflower,420,46.2,278,0.57,7.53,0.95,56.6,176.7,26.3,-0.88,medium,high,medium,0,1,rule-derived from synthetic thresholds
5326,10,Jaipur,sandy,Wheat,285,4.5,239,0.36,7.04,0.46,49.0,120.2,22.7,-0.56,medium,low,medium,1,0,rule-derived from synthetic thresholds
5327,14,Dharwad,clay,Cotton,544,29.7,189,0.97,7.93,0.4,40.2,112.3,25.9,-0.41,medium,high,medium,0,1,rule-derived from synthetic thresholds
5328,8,Guntur,clay,Groundnut,322,13.3,187,0.52,7.1,1.75,129.7,289.0,29.6,0.12,medium,medium,medium,0,0,rule-derived from synthetic thresholds
5329,5,Karnal,loam,Sorghum,261,26.5,206,0.57,7.07,0.72,41.2,111.2,26.6,-1.28,low,high,medium,1,1,rule-derived from synthetic thresholds
5330,2,Coimbatore,loam,Onion,398,14.1,127,0.8,5.96,0.92,59.2,195.9,22.4,0.18,medium,medium,medium,0,0,rule-derived from synthetic thresholds
5331,11,Kanpur,loam,Potato,489,5.9,53,0.3,8.61,0.34,133.3,270.2,28.2,1.81,medium,low,low,1,0,rule-derived from synthetic thresholds
5332,13,Bengaluru Rural,sandy,Ragi,311,6.0,204,0.45,7.56,0.94,49.6,161.8,31.5,-1.61,medium,low,medium,1,0,rule-derived from synthetic thresholds
5333,7,Pune,clay,Onion,542,28.6,237,0.74,8.32,0.55,87.4,232.2,22.1,-0.88,medium,high,medium,0,1,rule-derived from synthetic thresholds
5334,13,Bengaluru Rural,sandy,Maize,305,83.6,145,0.1,7.89,0.38,67.5,169.6,29.9,1.16,medium,high,medium,0,1,rule-derived from synthetic thresholds
5335,8,Guntur,clay,Rice,305,39.6,316,0.45,6.37,0.49,98.6,238.0,27.3,-1.17,medium,high,high,0,1,rule-derived from synthetic thresholds
5336,8,Guntur,clay,Groundnut,340,22.1,231,0.63,7.63,0.29,135.5,379.4,30.9,0.3,medium,medium,medium,0,0,rule-derived from synthetic thresholds
5337,1,Thanjavur,clay,Groundnut,461,18.3,203,0.67,8.57,0.62,21.7,65.8,24.5,-0.41,medium,medium,medium,0,0,rule-derived from synthetic thresholds
5338,8,Guntur,clay,Cotton,414,5.3,395,0.61,7.77,0.9,96.5,308.1,24.7,0.45,medium,low,high,1,1,rule-derived from synthetic thresholds
5339,9,Indore,clay,Turmeric,292,6.6,448,0.52,9.08,0.3,79.9,272.5,27.5,0.08,medium,low,high,1,1,rule-derived from synthetic thresholds
5340,8,Guntur,clay,Chilli,354,16.1,375,0.58,7.51,0.35,87.8,246.4,28.9,-0.25,medium,medium,high,0,1,rule-derived from synthetic thresholds
5341,9,Indore,clay,Mustard,259,9.9,346,0.39,7.85,0.3,95.1,328.7,26.0,-2.23,low,low,high,1,1,rule-derived from synthetic thresholds
5342,8,Guntur,clay,Cotton,306,11.2,114,0.53,7.61,0.72,76.9,222.2,30.3,-0.62,medium,medium,medium,0,0,rule-derived from synthetic thresholds
5343,11,Kanpur,loam,Rice,423,7.0,294,0.43,6.3,0.98,46.9,151.1,27.6,-0.85,medium,low,high,1,1,rule-derived from synthetic thresholds
5344,2,Coimbatore,loam,Pigeon pea,444,90.0,212,0.77,7.82,1.26,37.0,131.4,30.0,-0.03,medium,high,medium,0,1,rule-derived from synthetic thresholds
5345,8,Guntur,clay,Rice,460,45.8,168,0.94,7.84,0.21,72.4,189.7,34.1,-1.21,medium,high,medium,0,1,rule-derived from synthetic thresholds
5346,7,Pune,clay,Sugarcane,332,8.9,227,0.52,7.68,0.25,105.2,234.7,24.2,0.95,medium,low,medium,1,0,rule-derived from synthetic thresholds
5347,6,Nagpur,clay,Pigeon pea,352,12.8,272,0.58,6.65,0.31,45.1,95.3,31.6,-0.82,medium,medium,medium,0,0,rule-derived from synthetic thresholds
5348,7,Pune,clay,Onion,464,11.3,331,0.83,8.79,0.4,106.1,226.3,23.2,-1.02,medium,medium,high,0,1,rule-derived from synthetic thresholds
5349,11,Kanpur,loam,Rice,293,3.8,326,0.31,7.24,1.72,64.1,182.2,24.6,-0.07,medium,low,high,1,1,rule-derived from synthetic thresholds
5350,15,Kolkata (24 Pgs),clay,Mustard,323,18.6,218,0.51,8.96,0.84,67.5,211.1,31.6,-1.02,medium,medium,medium,0,0,rule-derived from synthetic thresholds
5351,4,Ludhiana,sandy,Mustard,376,25.7,145,0.4,5.84,0.64,48.3,114.4,22.6,0.88,medium,high,medium,0,1,rule-derived from synthetic thresholds
5352,1,Thanjavur,clay,Green gram,421,9.1,299,0.74,7.17,0.18,19.9,44.4,30.5,0.9,medium,low,high,1,1,rule-derived from synthetic thresholds
5353,6,Nagpur,clay,Soybean,427,9.1,308,0.81,6.44,0.25,199.0,671.1,27.1,-0.45,medium,low,high,1,1,rule-derived from synthetic thresholds
5354,5,Karnal,loam,Wheat,445,6.4,257,0.62,8.06,1.06,82.2,246.3,24.1,1.1,medium,low,medium,1,0,rule-derived from synthetic thresholds
5355,2,Coimbatore,loam,Groundnut,372,8.0,155,0.45,8.13,0.62,42.3,88.6,26.3,-0.39,medium,low,medium,1,0,rule-derived from synthetic thresholds
5356,8,Guntur,clay,Groundnut,521,4.6,350,0.84,7.44,0.82,142.2,440.0,31.1,-0.13,medium,low,high,1,1,rule-derived from synthetic thresholds
5357,8,Guntur,clay,Chilli,438,7.3,279,0.98,7.01,2.12,60.6,168.8,26.1,0.12,medium,low,medium,1,0,rule-derived from synthetic thresholds
5358,13,Bengaluru Rural,sandy,Tomato,332,15.1,185,0.48,5.9,0.6,8.3,29.7,20.4,0.68,medium,medium,medium,0,0,rule-derived from synthetic thresholds
5359,11,Kanpur,loam,Pigeon pea,386,26.5,72,0.29,7.23,0.22,38.7,136.5,25.3,-0.24,medium,high,low,1,1,rule-derived from synthetic thresholds
5360,7,Pune,clay,Maize,389,23.2,460,0.56,8.69,0.31,34.7,102.4,19.8,0.99,medium,medium,high,0,1,rule-derived from synthetic thresholds
5361,10,Jaipur,sandy,Groundnut,323,10.0,284,0.58,7.89,0.83,7.5,22.8,26.3,-1.04,medium,medium,high,0,1,rule-derived from synthetic thresholds
5362,5,Karnal,loam,Wheat,426,7.4,207,0.74,7.58,0.47,39.6,128.3,27.5,-0.39,medium,low,medium,1,0,rule-derived from synthetic thresholds
5363,3,Madurai,sandy,Chilli,388,6.4,126,0.48,4.83,0.62,104.0,317.0,25.3,-1.36,medium,low,medium,1,0,rule-derived from synthetic thresholds
5364,9,Indore,clay,Chickpea,446,2.9,405,0.7,8.04,0.42,18.1,41.9,25.2,1.01,medium,low,high,1,1,rule-derived from synthetic thresholds
5365,8,Guntur,clay,Wheat,566,31.8,304,0.85,8.21,0.33,78.2,159.8,24.3,0.74,high,high,high,0,1,rule-derived from synthetic thresholds
5366,5,Karnal,loam,Rice,259,6.5,174,0.36,7.19,0.84,74.8,203.0,25.7,-0.23,low,low,medium,1,0,rule-derived from synthetic thresholds
5367,14,Dharwad,clay,Chilli,578,77.2,265,0.93,7.22,0.45,17.5,51.4,20.7,0.87,high,high,medium,0,1,rule-derived from synthetic thresholds
5368,9,Indore,clay,Wheat,578,30.5,254,0.93,6.75,1.51,187.2,492.9,25.7,-0.64,high,high,medium,0,1,rule-derived from synthetic thresholds
5369,9,Indore,clay,Lentil,447,18.1,221,0.51,8.76,1.13,22.7,65.5,25.1,1.21,medium,medium,medium,0,0,rule-derived from synthetic thresholds
5370,11,Kanpur,loam,Soybean,448,9.6,168,0.5,7.32,0.96,61.1,182.7,26.8,0.14,medium,low,medium,1,0,rule-derived from synthetic thresholds
5371,5,Karnal,loam,Sugarcane,315,13.3,125,0.32,6.84,1.43,56.3,175.0,27.1,0.76,medium,medium,medium,0,0,rule-derived from synthetic thresholds
5372,8,Guntur,clay,Cotton,454,8.6,291,0.84,7.92,0.52,151.5,315.3,24.3,1.21,medium,low,high,1,1,rule-derived from synthetic thresholds
5373,14,Dharwad,clay,Cotton,312,4.8,198,0.61,9.2,1.77,108.3,331.2,19.3,1.29,medium,low,medium,1,0,rule-derived from synthetic thresholds
5374,10,Jaipur,sandy,Pearl millet,333,12.1,195,0.44,6.73,0.71,264.7,777.4,30.3,0.16,medium,medium,medium,0,0,rule-derived from synthetic thresholds
5375,13,Bengaluru Rural,sandy,Chickpea,326,14.1,147,0.43,5.58,0.96,53.1,134.0,23.5,-1.12,medium,medium,medium,0,0,rule-derived from synthetic thresholds
5376,1,Thanjavur,clay,Rice,400,12.3,320,0.84,8.12,0.92,108.9,241.2,26.7,0.85,medium,medium,high,0,1,rule-derived from synthetic thresholds
5377,11,Kanpur,loam,Potato,416,22.4,312,0.57,7.94,0.48,133.4,460.5,30.8,0.29,medium,medium,high,0,1,rule-derived from synthetic thresholds
5378,10,Jaipur,sandy,Pearl millet,282,11.4,131,0.44,7.08,0.49,78.9,232.3,26.7,-1.33,medium,medium,medium,0,0,rule-derived from synthetic thresholds
5379,14,Dharwad,clay,Onion,417,36.4,267,0.67,7.6,0.65,93.3,261.1,19.9,-0.13,medium,high,medium,0,1,rule-derived from synthetic thresholds
5380,15,Kolkata (24 Pgs),clay,Potato,589,20.4,60,0.67,7.73,0.26,87.4,293.9,27.6,1.07,high,medium,low,1,1,rule-derived from synthetic thresholds
5381,3,Madurai,sandy,Onion,285,88.3,231,0.54,6.8,0.41,5.0,12.8,24.6,-0.54,medium,high,medium,0,1,rule-derived from synthetic thresholds
5382,8,Guntur,clay,Cotton,520,9.5,260,0.86,7.95,0.27,20.5,54.0,26.2,0.18,medium,low,medium,1,0,rule-derived from synthetic thresholds
5383,14,Dharwad,clay,Groundnut,294,10.4,301,0.7,8.8,1.39,110.8,330.5,27.6,0.34,medium,medium,high,0,1,rule-derived from synthetic thresholds
5384,13,Bengaluru Rural,sandy,Maize,185,2.3,125,0.1,5.92,0.2,39.1,96.6,20.1,0.73,low,low,medium,1,0,rule-derived from synthetic thresholds
5385,2,Coimbatore,loam,Cotton,399,14.2,215,0.41,6.88,0.22,74.2,248.8,24.8,0.55,medium,medium,medium,0,0,rule-derived from synthetic thresholds
5386,9,Indore,clay,Soybean,537,6.7,294,0.82,7.96,0.47,57.6,130.6,24.9,-0.87,medium,low,high,1,1,rule-derived from synthetic thresholds
5387,6,Nagpur,clay,Soybean,362,7.2,168,0.76,9.2,0.72,169.0,389.0,24.0,-1.16,medium,low,medium,1,0,rule-derived from synthetic thresholds
5388,11,Kanpur,loam,Rice,306,15.1,68,0.46,6.22,1.31,237.0,526.8,29.3,-1.58,medium,medium,low,1,0,rule-derived from synthetic thresholds
5389,8,Guntur,clay,Onion,467,15.0,162,0.6,7.48,0.32,130.4,434.5,31.2,2.32,medium,medium,medium,0,0,rule-derived from synthetic thresholds
5390,5,Karnal,loam,Lentil,375,17.1,227,0.55,8.44,1.76,148.6,413.0,30.3,-3.09,medium,medium,medium,0,0,rule-derived from synthetic thresholds
5391,7,Pune,clay,Sugarcane,457,11.0,407,0.64,8.65,0.81,43.6,105.6,24.7,0.38,medium,medium,high,0,1,rule-derived from synthetic thresholds
5392,15,Kolkata (24 Pgs),clay,Rice,368,8.0,242,0.61,8.05,0.19,71.6,238.0,30.6,1.84,medium,low,medium,1,0,rule-derived from synthetic thresholds
5393,6,Nagpur,clay,Soybean,506,26.0,145,0.73,7.23,0.39,91.9,203.8,29.6,0.32,medium,high,medium,0,1,rule-derived from synthetic thresholds
5394,4,Ludhiana,sandy,Maize,160,24.5,114,0.1,5.82,0.23,47.6,113.8,25.4,-0.23,low,medium,medium,1,0,rule-derived from synthetic thresholds
5395,2,Coimbatore,loam,Maize,291,50.4,228,0.29,7.36,0.7,134.4,460.5,21.9,1.05,medium,high,medium,0,1,rule-derived from synthetic thresholds
5396,3,Madurai,sandy,Cotton,383,12.8,226,0.37,7.69,1.38,36.0,128.1,33.0,0.14,medium,medium,medium,0,0,rule-derived from synthetic thresholds
5397,1,Thanjavur,clay,Banana,520,30.1,357,0.92,7.94,0.52,105.8,296.5,29.4,-0.41,medium,high,high,0,1,rule-derived from synthetic thresholds
5398,1,Thanjavur,clay,Green gram,547,24.4,238,1.05,8.93,0.8,14.8,51.4,22.1,-0.84,medium,medium,medium,0,0,rule-derived from synthetic thresholds
5399,8,Guntur,clay,Chilli,338,17.6,349,0.7,7.58,0.59,33.5,99.9,27.1,1.34,medium,medium,high,0,1,rule-derived from synthetic thresholds
5400,9,Indore,clay,Chilli,225,26.3,155,0.67,7.35,0.62,63.7,214.0,26.2,1.02,low,high,medium,1,1,rule-derived from synthetic thresholds
5401,12,Patna,loam,Maize,440,19.1,136,0.81,7.15,0.29,81.8,280.6,28.3,-1.12,medium,medium,medium,0,0,rule-derived from synthetic thresholds
5402,10,Jaipur,sandy,Mustard,312,10.1,30,0.57,5.28,0.79,67.0,168.3,25.8,-1.43,medium,medium,low,1,0,rule-derived from synthetic thresholds
5403,3,Madurai,sandy,Sugarcane,317,33.0,218,0.41,5.69,0.22,40.4,119.8,26.1,-0.01,medium,high,medium,0,1,rule-derived from synthetic thresholds
5404,10,Jaipur,sandy,Pearl millet,344,7.6,141,0.48,7.97,0.57,42.2,129.8,27.0,1.13,medium,low,medium,1,0,rule-derived from synthetic thresholds
5405,7,Pune,clay,Turmeric,480,6.2,145,1.16,9.2,0.39,36.9,105.3,23.2,1.44,medium,low,medium,1,0,rule-derived from synthetic thresholds
5406,3,Madurai,sandy,Rice,332,22.2,161,0.38,6.35,0.37,20.6,57.1,30.2,0.95,medium,medium,medium,0,0,rule-derived from synthetic thresholds
5407,10,Jaipur,sandy,Mustard,117,24.5,45,0.28,6.05,0.21,37.9,101.4,24.9,0.25,low,medium,low,1,0,rule-derived from synthetic thresholds
5408,10,Jaipur,sandy,Mustard,458,5.9,238,0.51,5.63,0.49,57.1,164.7,24.3,0.61,medium,low,medium,1,0,rule-derived from synthetic thresholds
5409,7,Pune,clay,Sugarcane,552,9.9,207,0.61,9.05,0.29,28.9,61.0,25.9,0.07,medium,low,medium,1,0,rule-derived from synthetic thresholds
5410,3,Madurai,sandy,Rice,262,30.0,30,0.52,5.72,1.01,21.9,53.5,23.9,-0.64,low,high,low,1,1,rule-derived from synthetic thresholds
5411,1,Thanjavur,clay,Green gram,455,5.5,295,0.7,8.25,1.53,14.6,47.3,28.4,-0.18,medium,low,high,1,1,rule-derived from synthetic thresholds
5412,12,Patna,loam,Maize,448,11.5,387,0.66,6.13,0.41,62.6,128.0,26.1,2.81,medium,medium,high,0,1,rule-derived from synthetic thresholds
5413,3,Madurai,sandy,Chilli,163,23.2,242,0.51,6.33,0.37,42.2,90.9,26.3,0.91,low,medium,medium,1,0,rule-derived from synthetic thresholds
5414,5,Karnal,loam,Sugarcane,462,37.6,143,1.01,6.19,0.59,25.8,80.5,22.0,0.98,medium,high,medium,0,1,rule-derived from synthetic thresholds
5415,11,Kanpur,loam,Rice,442,13.5,125,0.71,7.73,1.02,364.1,817.8,24.6,-2.01,medium,medium,medium,0,0,rule-derived from synthetic thresholds
5416,7,Pune,clay,Green gram,342,8.0,352,0.54,8.06,1.15,27.2,94.2,21.8,1.18,medium,low,high,1,1,rule-derived from synthetic thresholds
5417,13,Bengaluru Rural,sandy,Turmeric,414,11.5,101,0.39,7.66,0.46,7.3,24.3,25.2,-1.09,medium,medium,low,1,0,rule-derived from synthetic thresholds
5418,6,Nagpur,clay,Cotton,373,19.4,211,0.48,6.95,0.19,36.7,77.6,25.9,-1.16,medium,medium,medium,0,0,rule-derived from synthetic thresholds
5419,14,Dharwad,clay,Cotton,402,15.0,162,0.79,7.9,1.03,72.6,223.0,22.5,-0.72,medium,medium,medium,0,0,rule-derived from synthetic thresholds
5420,6,Nagpur,clay,Sunflower,361,24.7,284,0.52,9.2,0.96,9.7,24.1,24.6,-0.93,medium,medium,high,0,1,rule-derived from synthetic thresholds
5421,2,Coimbatore,loam,Banana,353,65.7,205,0.46,8.59,0.48,6.7,18.7,23.9,0.12,medium,high,medium,0,1,rule-derived from synthetic thresholds
5422,11,Kanpur,loam,Potato,332,23.4,83,0.4,7.59,1.27,76.3,189.4,25.5,1.24,medium,medium,low,1,0,rule-derived from synthetic thresholds
5423,10,Jaipur,sandy,Pearl millet,335,3.4,161,0.46,6.49,1.07,77.8,241.8,25.3,1.17,medium,low,medium,1,0,rule-derived from synthetic thresholds
5424,15,Kolkata (24 Pgs),clay,Chilli,427,7.9,383,0.62,8.55,0.65,254.5,805.3,29.0,1.97,medium,low,high,1,1,rule-derived from synthetic thresholds
5425,2,Coimbatore,loam,Sorghum,367,40.4,236,0.49,5.77,0.3,79.8,222.9,31.1,0.87,medium,high,medium,0,1,rule-derived from synthetic thresholds
5426,8,Guntur,clay,Turmeric,336,9.6,186,0.5,7.16,0.64,38.5,90.9,23.7,-0.49,medium,low,medium,1,0,rule-derived from synthetic thresholds
5427,11,Kanpur,loam,Rice,347,40.4,118,0.55,7.28,0.5,54.0,131.5,22.6,1.22,medium,high,medium,0,1,rule-derived from synthetic thresholds
5428,7,Pune,clay,Maize,439,9.0,275,0.59,6.91,1.03,71.8,185.3,27.4,-0.77,medium,low,medium,1,0,rule-derived from synthetic thresholds
5429,4,Ludhiana,sandy,Pearl millet,397,22.6,47,0.17,6.81,1.22,48.8,127.2,19.2,-0.26,medium,medium,low,1,0,rule-derived from synthetic thresholds
5430,5,Karnal,loam,Sunflower,355,15.9,200,0.61,7.36,0.43,58.2,141.5,26.6,0.73,medium,medium,medium,0,0,rule-derived from synthetic thresholds
5431,1,Thanjavur,clay,Green gram,318,21.5,344,0.73,8.14,0.29,58.2,184.4,22.3,-0.42,medium,medium,high,0,1,rule-derived from synthetic thresholds
5432,10,Jaipur,sandy,Mustard,272,13.6,139,0.44,6.51,0.73,15.6,41.2,24.0,0.08,low,medium,medium,1,0,rule-derived from synthetic thresholds
5433,12,Patna,loam,Wheat,330,11.3,42,0.48,8.21,0.49,14.1,29.2,21.2,1.54,medium,medium,low,1,0,rule-derived from synthetic thresholds
5434,7,Pune,clay,Wheat,491,18.8,228,0.72,6.39,0.28,198.7,648.4,25.2,0.47,medium,medium,medium,0,0,rule-derived from synthetic thresholds
5435,1,Thanjavur,clay,Sunflower,528,75.2,227,1.1,7.86,1.05,10.7,31.9,21.4,0.43,medium,high,medium,0,1,rule-derived from synthetic thresholds
5436,12,Patna,loam,Wheat,445,23.1,306,0.71,7.77,1.26,252.4,620.9,29.1,1.07,medium,medium,high,0,1,rule-derived from synthetic thresholds
5437,14,Dharwad,clay,Chilli,459,17.7,314,0.9,6.12,0.47,101.3,293.5,28.6,1.47,medium,medium,high,0,1,rule-derived from synthetic thresholds
5438,10,Jaipur,sandy,Mustard,361,20.3,128,0.41,5.74,0.19,31.8,80.9,22.9,-0.9,medium,medium,medium,0,0,rule-derived from synthetic thresholds
5439,2,Coimbatore,loam,Sorghum,321,11.9,109,0.43,7.76,1.31,266.7,694.2,22.1,-0.48,medium,medium,low,1,0,rule-derived from synthetic thresholds
5440,7,Pune,clay,Onion,576,17.9,264,0.77,7.13,0.23,63.3,156.6,26.6,1.01,high,medium,medium,0,1,rule-derived from synthetic thresholds
5441,9,Indore,clay,Soybean,430,12.8,144,0.69,7.86,1.04,133.0,340.2,23.6,-0.86,medium,medium,medium,0,0,rule-derived from synthetic thresholds
5442,15,Kolkata (24 Pgs),clay,Cotton,219,19.0,344,0.45,7.55,0.15,87.7,217.5,27.7,-0.88,low,medium,high,1,1,rule-derived from synthetic thresholds
5443,8,Guntur,clay,Maize,351,15.7,151,0.61,7.89,0.41,33.8,94.9,27.4,-0.32,medium,medium,medium,0,0,rule-derived from synthetic thresholds
5444,1,Thanjavur,clay,Groundnut,450,11.5,318,0.76,9.2,0.37,24.6,82.2,24.3,0.33,medium,medium,high,0,1,rule-derived from synthetic thresholds
5445,11,Kanpur,loam,Potato,409,6.6,102,0.53,6.6,0.67,242.9,520.6,22.0,0.5,medium,low,low,1,0,rule-derived from synthetic thresholds
5446,11,Kanpur,loam,Wheat,431,52.5,104,0.65,7.15,0.5,36.9,105.4,26.5,-0.08,medium,high,low,1,1,rule-derived from synthetic thresholds
5447,4,Ludhiana,sandy,Rice,394,43.3,110,0.55,8.39,0.43,16.6,35.0,32.0,0.19,medium,high,medium,0,1,rule-derived from synthetic thresholds
5448,7,Pune,clay,Chickpea,208,17.6,174,0.48,8.38,0.09,81.2,212.1,25.5,-1.13,low,medium,medium,1,0,rule-derived from synthetic thresholds
5449,1,Thanjavur,clay,Green gram,367,23.2,202,0.94,7.63,0.52,14.3,48.6,28.0,-1.04,medium,medium,medium,0,0,rule-derived from synthetic thresholds
5450,2,Coimbatore,loam,Maize,429,6.8,275,0.71,6.53,0.32,18.5,64.1,33.3,0.25,medium,low,medium,1,0,rule-derived from synthetic thresholds
5451,5,Karnal,loam,Rice,460,9.3,267,0.75,6.51,0.43,51.9,120.2,26.1,-1.82,medium,low,medium,1,0,rule-derived from synthetic thresholds
5452,2,Coimbatore,loam,Banana,411,21.9,238,0.52,6.69,0.36,22.5,59.1,25.6,-0.42,medium,medium,medium,0,0,rule-derived from synthetic thresholds
5453,5,Karnal,loam,Maize,227,20.8,233,0.37,6.93,0.41,25.6,62.4,17.2,1.98,low,medium,medium,1,0,rule-derived from synthetic thresholds
5454,10,Jaipur,sandy,Mustard,404,18.2,263,0.58,6.96,0.58,1.4,2.9,25.3,-0.24,medium,medium,medium,0,0,rule-derived from synthetic thresholds
5455,6,Nagpur,clay,Pigeon pea,352,23.0,250,0.48,8.19,0.99,171.8,346.4,20.6,-0.72,medium,medium,medium,0,0,rule-derived from synthetic thresholds
5456,3,Madurai,sandy,Cotton,338,27.8,245,0.55,8.36,0.93,103.2,223.6,32.4,-0.51,medium,high,medium,0,1,rule-derived from synthetic thresholds
5457,10,Jaipur,sandy,Wheat,257,13.4,90,0.59,7.23,0.45,14.4,45.3,26.7,0.54,low,medium,low,1,0,rule-derived from synthetic thresholds
5458,13,Bengaluru Rural,sandy,Maize,249,22.3,224,0.3,6.82,0.49,34.3,98.6,21.0,-1.01,low,medium,medium,1,0,rule-derived from synthetic thresholds
5459,9,Indore,clay,Soybean,412,3.0,195,0.54,7.66,0.68,113.1,280.1,25.9,0.54,medium,low,medium,1,0,rule-derived from synthetic thresholds
5460,5,Karnal,loam,Wheat,445,12.2,240,0.77,6.67,1.76,15.5,46.4,30.5,-0.54,medium,medium,medium,0,0,rule-derived from synthetic thresholds
5461,13,Bengaluru Rural,sandy,Tomato,424,19.2,338,0.48,7.5,1.41,158.4,494.4,19.5,-0.74,medium,medium,high,0,1,rule-derived from synthetic thresholds
5462,6,Nagpur,clay,Lentil,380,90.0,223,0.62,7.87,0.96,135.5,382.6,26.3,1.01,medium,high,medium,0,1,rule-derived from synthetic thresholds
5463,1,Thanjavur,clay,Green gram,342,22.4,395,0.57,8.47,0.49,7.5,23.4,32.1,0.17,medium,medium,high,0,1,rule-derived from synthetic thresholds
5464,10,Jaipur,sandy,Chilli,421,14.8,85,0.6,6.71,0.58,159.5,482.2,20.3,-0.37,medium,medium,low,1,0,rule-derived from synthetic thresholds
5465,11,Kanpur,loam,Potato,298,15.6,284,0.38,8.24,0.58,22.7,51.9,28.0,2.36,medium,medium,high,0,1,rule-derived from synthetic thresholds
5466,4,Ludhiana,sandy,Pearl millet,439,19.0,101,0.47,6.78,0.29,38.5,104.6,20.8,-0.27,medium,medium,low,1,0,rule-derived from synthetic thresholds
5467,6,Nagpur,clay,Banana,317,12.1,128,0.53,7.09,1.43,42.4,106.1,26.2,0.39,medium,medium,medium,0,0,rule-derived from synthetic thresholds
5468,1,Thanjavur,clay,Rice,432,25.7,294,0.75,8.51,0.6,191.5,542.1,29.9,1.16,medium,high,high,0,1,rule-derived from synthetic thresholds
5469,8,Guntur,clay,Wheat,298,37.9,345,0.23,7.01,0.38,316.5,816.8,27.9,1.26,medium,high,high,0,1,rule-derived from synthetic thresholds
5470,7,Pune,clay,Onion,353,22.0,212,0.74,7.05,1.72,19.4,49.2,23.1,-0.68,medium,medium,medium,0,0,rule-derived from synthetic thresholds
5471,4,Ludhiana,sandy,Maize,191,49.6,200,0.23,7.34,0.59,54.9,186.4,21.7,1.41,low,high,medium,1,1,rule-derived from synthetic thresholds
5472,8,Guntur,clay,Cotton,508,6.5,360,0.65,7.43,0.96,128.1,420.7,29.0,-0.99,medium,low,high,1,1,rule-derived from synthetic thresholds
5473,11,Kanpur,loam,Wheat,406,14.1,222,0.46,7.75,1.38,121.7,294.2,22.9,0.53,medium,medium,medium,0,0,rule-derived from synthetic thresholds
5474,7,Pune,clay,Onion,450,8.8,312,0.62,7.85,1.05,80.1,272.4,23.5,0.37,medium,low,high,1,1,rule-derived from synthetic thresholds
5475,12,Patna,loam,Maize,252,9.0,128,0.18,7.24,0.79,35.5,93.0,28.2,-0.71,low,low,medium,1,0,rule-derived from synthetic thresholds
5476,7,Pune,clay,Onion,538,18.0,241,1.02,7.21,0.41,21.0,47.8,26.4,-0.31,medium,medium,medium,0,0,rule-derived from synthetic thresholds
5477,7,Pune,clay,Sugarcane,512,37.3,166,0.69,7.89,1.05,20.6,42.5,23.3,-0.52,medium,high,medium,0,1,rule-derived from synthetic thresholds
5478,10,Jaipur,sandy,Wheat,324,19.5,82,0.47,7.57,0.84,106.9,266.7,25.3,-0.5,medium,medium,low,1,0,rule-derived from synthetic thresholds
5479,3,Madurai,sandy,Banana,175,15.9,118,0.1,5.07,1.43,164.8,399.6,24.9,0.09,low,medium,medium,1,0,rule-derived from synthetic thresholds
5480,13,Bengaluru Rural,sandy,Ragi,470,18.7,116,0.59,7.44,1.44,201.8,553.0,28.4,-2.62,medium,medium,medium,0,0,rule-derived from synthetic thresholds
5481,10,Jaipur,sandy,Mustard,266,6.2,277,0.55,7.12,0.75,14.8,51.4,27.6,0.32,low,low,medium,1,0,rule-derived from synthetic thresholds
5482,6,Nagpur,clay,Pigeon pea,269,2.0,322,0.82,9.18,0.09,259.7,927.0,26.0,0.98,low,low,high,1,1,rule-derived from synthetic thresholds
5483,4,Ludhiana,sandy,Rice,197,9.9,30,0.25,7.2,0.16,25.1,82.7,29.1,0.53,low,low,low,1,0,rule-derived from synthetic thresholds
5484,12,Patna,loam,Maize,389,24.0,205,0.46,7.39,0.74,196.2,468.6,23.9,-0.66,medium,medium,medium,0,0,rule-derived from synthetic thresholds
5485,1,Thanjavur,clay,Green gram,429,9.2,109,0.69,7.3,0.76,52.8,180.6,25.2,0.82,medium,low,low,1,0,rule-derived from synthetic thresholds
5486,1,Thanjavur,clay,Ragi,488,12.5,265,1.12,7.14,1.35,49.1,103.5,29.3,-0.88,medium,medium,medium,0,0,rule-derived from synthetic thresholds
5487,10,Jaipur,sandy,Pigeon pea,358,9.5,161,0.51,5.87,1.27,56.8,143.0,25.3,0.67,medium,low,medium,1,0,rule-derived from synthetic thresholds
5488,8,Guntur,clay,Maize,327,11.4,237,0.52,7.16,1.35,25.7,65.3,26.8,-0.23,medium,medium,medium,0,0,rule-derived from synthetic thresholds
5489,3,Madurai,sandy,Chilli,172,26.8,30,0.1,6.47,0.47,17.7,37.9,27.5,0.46,low,high,low,1,1,rule-derived from synthetic thresholds
5490,6,Nagpur,clay,Soybean,542,9.4,351,0.78,7.18,0.2,122.6,397.1,24.1,-0.02,medium,low,high,1,1,rule-derived from synthetic thresholds
5491,12,Patna,loam,Rice,586,12.6,206,0.74,6.96,0.4,6.6,19.0,26.2,2.46,high,medium,medium,0,1,rule-derived from synthetic thresholds
5492,7,Pune,clay,Onion,395,21.5,261,0.7,7.13,0.82,43.5,131.5,29.8,0.98,medium,medium,medium,0,0,rule-derived from synthetic thresholds
5493,8,Guntur,clay,Maize,524,11.0,153,0.69,8.0,0.48,26.3,76.8,25.5,0.37,medium,medium,medium,0,0,rule-derived from synthetic thresholds
5494,2,Coimbatore,loam,Sorghum,616,11.4,93,0.73,6.82,0.35,89.9,254.4,25.0,0.95,high,medium,low,1,1,rule-derived from synthetic thresholds
5495,11,Kanpur,loam,Chilli,456,7.5,280,0.74,7.21,0.73,5.4,16.6,27.0,0.44,medium,low,medium,1,0,rule-derived from synthetic thresholds
5496,3,Madurai,sandy,Cotton,517,12.0,101,0.56,6.58,0.89,64.4,157.7,26.9,0.52,medium,medium,low,1,0,rule-derived from synthetic thresholds
5497,4,Ludhiana,sandy,Potato,267,8.0,123,0.22,7.71,0.35,24.0,86.4,23.7,-1.54,low,low,medium,1,0,rule-derived from synthetic thresholds
5498,5,Karnal,loam,Wheat,556,17.2,77,1.02,6.92,0.64,149.0,438.1,18.8,0.6,medium,medium,low,1,0,rule-derived from synthetic thresholds
5499,7,Pune,clay,Maize,446,6.4,174,0.8,7.7,0.66,15.0,40.2,25.1,-1.29,medium,low,medium,1,0,rule-derived from synthetic thresholds
5500,5,Karnal,loam,Tomato,420,33.2,246,0.57,7.79,1.19,66.5,219.1,25.2,0.52,medium,high,medium,0,1,rule-derived from synthetic thresholds
5501,13,Bengaluru Rural,sandy,Tomato,483,16.3,193,0.66,6.19,0.37,35.3,125.6,18.7,-1.26,medium,medium,medium,0,0,rule-derived from synthetic thresholds
5502,6,Nagpur,clay,Cotton,353,22.5,177,0.88,7.49,0.69,198.8,593.8,29.7,-0.68,medium,medium,medium,0,0,rule-derived from synthetic thresholds
5503,1,Thanjavur,clay,Rice,673,12.5,242,1.23,6.88,1.36,80.2,192.3,25.6,-2.8,high,medium,medium,0,1,rule-derived from synthetic thresholds
5504,7,Pune,clay,Pigeon pea,358,12.0,410,0.53,7.36,0.44,32.6,66.9,25.8,-1.65,medium,medium,high,0,1,rule-derived from synthetic thresholds
5505,2,Coimbatore,loam,Sorghum,283,16.4,183,0.32,6.96,0.67,168.7,469.1,28.2,-2.06,medium,medium,medium,0,0,rule-derived from synthetic thresholds
5506,4,Ludhiana,sandy,Maize,495,24.1,235,0.46,6.4,1.84,35.2,106.4,28.7,-0.18,medium,medium,medium,0,0,rule-derived from synthetic thresholds
5507,9,Indore,clay,Chickpea,456,5.6,362,0.72,6.53,0.28,246.9,832.2,23.6,-1.13,medium,low,high,1,1,rule-derived from synthetic thresholds
5508,10,Jaipur,sandy,Wheat,196,11.1,138,0.23,7.2,0.57,49.3,101.0,27.0,0.47,low,medium,medium,1,0,rule-derived from synthetic thresholds
5509,10,Jaipur,sandy,Mustard,392,8.5,30,0.54,4.59,1.51,115.6,345.6,19.8,-0.64,medium,low,low,1,0,rule-derived from synthetic thresholds
5510,6,Nagpur,clay,Rice,459,7.2,286,0.71,5.66,1.65,127.6,443.1,28.5,1.3,medium,low,high,1,1,rule-derived from synthetic thresholds
5511,13,Bengaluru Rural,sandy,Ragi,359,12.6,120,0.29,6.42,0.76,55.1,145.0,24.8,1.01,medium,medium,medium,0,0,rule-derived from synthetic thresholds
5512,1,Thanjavur,clay,Groundnut,349,42.5,137,0.56,6.72,0.35,55.6,120.3,24.1,0.69,medium,high,medium,0,1,rule-derived from synthetic thresholds
5513,6,Nagpur,clay,Pigeon pea,471,87.7,263,0.69,7.83,2.67,83.6,208.8,23.3,0.12,medium,high,medium,0,1,rule-derived from synthetic thresholds
5514,4,Ludhiana,sandy,Sorghum,307,5.6,182,0.39,8.28,0.8,37.0,128.2,24.9,0.12,medium,low,medium,1,0,rule-derived from synthetic thresholds
5515,1,Thanjavur,clay,Groundnut,435,14.7,331,0.66,6.71,2.17,260.9,598.0,34.3,-0.14,medium,medium,high,0,1,rule-derived from synthetic thresholds
5516,9,Indore,clay,Banana,474,10.1,234,0.81,7.97,0.4,65.9,189.1,19.6,-0.28,medium,medium,medium,0,0,rule-derived from synthetic thresholds
5517,1,Thanjavur,clay,Green gram,504,13.9,206,0.92,8.41,0.25,24.4,54.2,25.1,-0.95,medium,medium,medium,0,0,rule-derived from synthetic thresholds
5518,10,Jaipur,sandy,Pearl millet,239,9.1,186,0.36,7.07,0.55,10.9,31.3,27.4,-0.78,low,low,medium,1,0,rule-derived from synthetic thresholds
5519,13,Bengaluru Rural,sandy,Maize,365,7.4,82,0.32,5.65,1.15,9.8,23.8,27.7,-0.63,medium,low,low,1,0,rule-derived from synthetic thresholds
5520,12,Patna,loam,Wheat,528,7.0,343,0.62,7.82,0.32,28.4,99.1,24.1,1.82,medium,low,high,1,1,rule-derived from synthetic thresholds
5521,11,Kanpur,loam,Wheat,475,26.2,257,0.7,8.92,0.71,226.4,711.7,24.5,-0.49,medium,high,medium,0,1,rule-derived from synthetic thresholds
5522,4,Ludhiana,sandy,Maize,188,25.7,294,0.26,5.46,2.61,2.9,8.1,22.7,-0.09,low,high,high,1,1,rule-derived from synthetic thresholds
5523,10,Jaipur,sandy,Wheat,324,30.8,184,0.52,6.31,0.41,121.7,327.5,22.7,0.01,medium,high,medium,0,1,rule-derived from synthetic thresholds
5524,9,Indore,clay,Green gram,434,10.9,248,0.46,6.61,0.3,77.6,254.9,27.1,1.43,medium,medium,medium,0,0,rule-derived from synthetic thresholds
5525,8,Guntur,clay,Soybean,253,15.5,340,0.41,8.56,2.56,49.9,129.2,28.4,-0.37,low,medium,high,1,1,rule-derived from synthetic thresholds
5526,8,Guntur,clay,Rice,436,9.9,135,0.88,7.92,2.34,43.9,111.8,26.5,0.66,medium,low,medium,1,0,rule-derived from synthetic thresholds
5527,3,Madurai,sandy,Pigeon pea,445,7.6,155,0.48,5.02,0.28,34.1,111.8,25.6,0.61,medium,low,medium,1,0,rule-derived from synthetic thresholds
5528,13,Bengaluru Rural,sandy,Maize,400,4.6,100,0.34,7.66,1.15,34.8,117.7,24.5,0.28,medium,low,low,1,0,rule-derived from synthetic thresholds
5529,13,Bengaluru Rural,sandy,Tomato,216,13.3,30,0.4,6.07,0.42,118.6,354.9,23.6,0.26,low,medium,low,1,0,rule-derived from synthetic thresholds
5530,11,Kanpur,loam,Maize,490,26.6,177,0.75,7.81,0.43,61.2,152.3,33.2,1.08,medium,high,medium,0,1,rule-derived from synthetic thresholds
5531,9,Indore,clay,Soybean,271,8.2,226,0.36,8.42,1.29,76.3,174.4,26.2,-1.81,low,low,medium,1,0,rule-derived from synthetic thresholds
5532,2,Coimbatore,loam,Maize,158,15.6,148,0.36,6.7,0.63,25.5,57.9,30.0,0.21,low,medium,medium,1,0,rule-derived from synthetic thresholds
5533,10,Jaipur,sandy,Pearl millet,294,8.5,121,0.56,6.59,0.25,17.3,52.5,19.3,2.29,medium,low,medium,1,0,rule-derived from synthetic thresholds
5534,15,Kolkata (24 Pgs),clay,Potato,209,12.6,183,0.36,7.64,0.45,156.7,344.2,25.8,-1.06,low,medium,medium,1,0,rule-derived from synthetic thresholds
5535,2,Coimbatore,loam,Wheat,377,9.4,307,0.53,7.94,0.71,11.0,33.3,28.9,-1.43,medium,low,high,1,1,rule-derived from synthetic thresholds
5536,6,Nagpur,clay,Cotton,261,4.9,281,0.61,9.2,1.47,42.1,99.8,27.3,-0.64,low,low,high,1,1,rule-derived from synthetic thresholds
5537,14,Dharwad,clay,Sorghum,423,14.1,267,0.69,8.86,1.12,4.8,12.9,25.6,1.18,medium,medium,medium,0,0,rule-derived from synthetic thresholds
5538,15,Kolkata (24 Pgs),clay,Rice,384,28.2,277,0.69,7.55,0.5,184.0,425.1,29.9,-0.17,medium,high,medium,0,1,rule-derived from synthetic thresholds
5539,7,Pune,clay,Sugarcane,460,6.8,314,0.81,9.2,0.63,131.6,304.5,25.7,0.19,medium,low,high,1,1,rule-derived from synthetic thresholds
5540,5,Karnal,loam,Rice,415,18.7,187,0.68,7.04,0.51,70.9,159.5,26.9,1.27,medium,medium,medium,0,0,rule-derived from synthetic thresholds
5541,5,Karnal,loam,Pearl millet,423,4.2,198,0.66,7.36,1.49,63.8,212.2,23.1,0.96,medium,low,medium,1,0,rule-derived from synthetic thresholds
5542,8,Guntur,clay,Chilli,371,9.7,142,0.73,7.82,0.38,253.4,627.0,26.4,-0.8,medium,low,medium,1,0,rule-derived from synthetic thresholds
5543,5,Karnal,loam,Groundnut,259,33.9,156,0.43,6.75,1.9,107.1,334.8,27.7,-0.52,low,high,medium,1,1,rule-derived from synthetic thresholds
5544,9,Indore,clay,Sunflower,303,8.0,372,0.57,8.97,0.37,35.7,84.1,23.5,1.1,medium,low,high,1,1,rule-derived from synthetic thresholds
5545,2,Coimbatore,loam,Cotton,397,11.3,332,0.66,7.21,0.8,42.7,97.8,23.9,0.29,medium,medium,high,0,1,rule-derived from synthetic thresholds
5546,1,Thanjavur,clay,Potato,265,19.3,197,0.6,9.2,0.35,27.2,69.6,28.8,0.52,low,medium,medium,1,0,rule-derived from synthetic thresholds
5547,1,Thanjavur,clay,Green gram,333,9.3,384,0.6,8.2,1.1,63.3,131.0,36.3,-0.89,medium,low,high,1,1,rule-derived from synthetic thresholds
5548,11,Kanpur,loam,Wheat,293,24.1,148,0.41,5.65,0.41,99.1,201.2,25.9,0.06,medium,medium,medium,0,0,rule-derived from synthetic thresholds
5549,14,Dharwad,clay,Sugarcane,406,11.5,293,0.63,7.06,0.84,31.6,74.3,21.1,-0.64,medium,medium,high,0,1,rule-derived from synthetic thresholds
5550,2,Coimbatore,loam,Cotton,307,25.6,114,0.49,5.9,0.31,205.3,625.6,23.1,0.03,medium,high,medium,0,1,rule-derived from synthetic thresholds
5551,14,Dharwad,clay,Sorghum,201,33.0,240,0.32,7.36,0.85,23.5,48.2,27.6,-0.01,low,high,medium,1,1,rule-derived from synthetic thresholds
5552,3,Madurai,sandy,Chilli,343,12.8,76,0.4,5.55,1.31,78.5,197.6,27.1,-1.76,medium,medium,low,1,0,rule-derived from synthetic thresholds
5553,1,Thanjavur,clay,Wheat,446,15.6,316,0.61,8.66,0.31,69.5,143.1,30.4,1.0,medium,medium,high,0,1,rule-derived from synthetic thresholds
5554,5,Karnal,loam,Groundnut,316,18.7,330,0.6,8.4,0.24,91.9,310.5,26.8,0.5,medium,medium,high,0,1,rule-derived from synthetic thresholds
5555,5,Karnal,loam,Wheat,404,5.0,319,0.65,6.28,0.21,93.7,312.8,25.5,1.89,medium,low,high,1,1,rule-derived from synthetic thresholds
5556,15,Kolkata (24 Pgs),clay,Mustard,487,12.0,239,0.82,7.55,0.68,124.3,307.4,26.7,0.24,medium,medium,medium,0,0,rule-derived from synthetic thresholds
5557,2,Coimbatore,loam,Wheat,530,35.2,240,0.77,5.92,0.87,15.7,49.3,25.4,0.29,medium,high,medium,0,1,rule-derived from synthetic thresholds
5558,15,Kolkata (24 Pgs),clay,Rice,416,23.1,303,0.57,8.27,1.03,182.7,398.0,30.4,0.29,medium,medium,high,0,1,rule-derived from synthetic thresholds
5559,13,Bengaluru Rural,sandy,Tomato,214,18.2,99,0.19,7.78,0.4,24.5,63.7,26.6,-0.11,low,medium,low,1,0,rule-derived from synthetic thresholds
5560,8,Guntur,clay,Rice,347,16.9,199,0.64,7.97,0.79,58.7,127.4,29.9,1.71,medium,medium,medium,0,0,rule-derived from synthetic thresholds
5561,11,Kanpur,loam,Mustard,320,6.3,144,0.42,6.02,0.96,48.9,154.4,27.7,-0.72,medium,low,medium,1,0,rule-derived from synthetic thresholds
5562,8,Guntur,clay,Mustard,536,15.2,126,0.78,8.69,0.19,34.0,117.0,32.4,0.25,medium,medium,medium,0,0,rule-derived from synthetic thresholds
5563,14,Dharwad,clay,Sorghum,481,6.9,208,0.89,8.9,0.71,24.4,72.3,25.4,-0.49,medium,low,medium,1,0,rule-derived from synthetic thresholds
5564,4,Ludhiana,sandy,Rice,195,9.2,30,0.34,6.07,0.26,30.7,78.1,27.7,-0.38,low,low,low,1,0,rule-derived from synthetic thresholds
5565,15,Kolkata (24 Pgs),clay,Mustard,491,7.3,416,0.62,6.21,0.67,225.7,631.1,29.8,0.07,medium,low,high,1,1,rule-derived from synthetic thresholds
5566,7,Pune,clay,Sugarcane,414,10.2,336,0.51,7.4,1.17,172.7,440.9,26.0,0.9,medium,medium,high,0,1,rule-derived from synthetic thresholds
5567,14,Dharwad,clay,Sorghum,496,4.7,291,0.88,8.88,0.63,52.1,114.0,24.4,-1.38,medium,low,high,1,1,rule-derived from synthetic thresholds
5568,15,Kolkata (24 Pgs),clay,Rice,458,4.7,438,0.64,8.52,0.7,149.8,442.5,27.3,0.59,medium,low,high,1,1,rule-derived from synthetic thresholds
5569,13,Bengaluru Rural,sandy,Pigeon pea,353,3.9,267,0.19,5.97,0.18,68.9,213.3,29.2,0.65,medium,low,medium,1,0,rule-derived from synthetic thresholds
5570,12,Patna,loam,Wheat,533,11.3,192,0.5,6.88,1.37,10.8,32.8,24.1,0.56,medium,medium,medium,0,0,rule-derived from synthetic thresholds
5571,7,Pune,clay,Sugarcane,493,15.1,352,0.86,6.39,0.54,45.6,130.3,22.6,-1.67,medium,medium,high,0,1,rule-derived from synthetic thresholds
5572,11,Kanpur,loam,Groundnut,376,7.1,227,0.6,6.54,0.42,112.6,308.2,22.7,0.91,medium,low,medium,1,0,rule-derived from synthetic thresholds
5573,4,Ludhiana,sandy,Rice,350,21.3,220,0.47,6.63,1.14,16.0,35.6,25.3,-0.45,medium,medium,medium,0,0,rule-derived from synthetic thresholds
5574,5,Karnal,loam,Ragi,499,33.8,35,0.77,8.03,1.17,48.7,120.8,23.2,0.72,medium,high,low,1,1,rule-derived from synthetic thresholds
5575,12,Patna,loam,Rice,317,14.4,301,0.4,7.3,0.08,73.3,190.4,28.6,-0.32,medium,medium,high,0,1,rule-derived from synthetic thresholds
5576,12,Patna,loam,Banana,361,14.5,206,0.6,5.67,0.4,126.7,275.2,24.1,-0.27,medium,medium,medium,0,0,rule-derived from synthetic thresholds
5577,4,Ludhiana,sandy,Rice,559,6.6,204,0.53,6.87,0.48,127.6,404.0,24.9,0.08,medium,low,medium,1,0,rule-derived from synthetic thresholds
5578,15,Kolkata (24 Pgs),clay,Potato,400,30.5,297,0.49,7.58,0.71,76.6,268.7,23.7,0.38,medium,high,high,0,1,rule-derived from synthetic thresholds
5579,11,Kanpur,loam,Potato,484,10.4,117,0.89,6.57,0.45,92.4,328.2,27.3,0.49,medium,medium,medium,0,0,rule-derived from synthetic thresholds
5580,15,Kolkata (24 Pgs),clay,Mustard,531,16.6,164,0.81,8.81,0.41,196.2,562.2,25.5,-0.52,medium,medium,medium,0,0,rule-derived from synthetic thresholds
5581,8,Guntur,clay,Chilli,483,14.9,192,0.67,8.26,0.42,70.2,161.6,25.2,0.49,medium,medium,medium,0,0,rule-derived from synthetic thresholds
5582,9,Indore,clay,Soybean,574,7.5,183,1.0,8.03,0.97,157.4,531.4,21.9,1.21,high,low,medium,1,1,rule-derived from synthetic thresholds
5583,10,Jaipur,sandy,Wheat,354,9.7,150,0.51,6.8,0.98,56.1,120.6,19.4,0.27,medium,low,medium,1,0,rule-derived from synthetic thresholds
5584,3,Madurai,sandy,Chilli,344,10.9,112,0.36,7.26,0.25,68.4,211.1,30.4,0.45,medium,medium,medium,0,0,rule-derived from synthetic thresholds
5585,5,Karnal,loam,Rice,522,9.8,307,0.85,6.19,0.26,11.1,32.7,20.8,-0.53,medium,low,high,1,1,rule-derived from synthetic thresholds
5586,15,Kolkata (24 Pgs),clay,Cotton,348,5.6,258,0.73,8.0,1.08,84.7,291.9,27.5,1.03,medium,low,medium,1,0,rule-derived from synthetic thresholds
5587,11,Kanpur,loam,Cotton,426,29.5,204,0.69,7.32,0.19,73.3,170.9,31.2,-0.17,medium,high,medium,0,1,rule-derived from synthetic thresholds
5588,9,Indore,clay,Wheat,394,14.4,280,0.71,7.12,0.81,17.1,41.1,26.1,-0.61,medium,medium,medium,0,0,rule-derived from synthetic thresholds
5589,1,Thanjavur,clay,Green gram,600,10.0,197,1.28,8.52,0.33,189.6,553.1,29.6,-0.3,high,medium,medium,0,1,rule-derived from synthetic thresholds
5590,1,Thanjavur,clay,Onion,521,17.5,151,0.93,7.23,0.38,152.4,527.9,28.3,0.63,medium,medium,medium,0,0,rule-derived from synthetic thresholds
5591,9,Indore,clay,Soybean,500,27.9,350,0.84,7.17,0.73,6.0,19.7,27.8,-0.22,medium,high,high,0,1,rule-derived from synthetic thresholds
5592,2,Coimbatore,loam,Groundnut,330,6.7,235,0.66,6.18,0.35,41.6,114.5,29.6,0.66,medium,low,medium,1,0,rule-derived from synthetic thresholds
5593,3,Madurai,sandy,Cotton,314,19.5,61,0.57,6.95,1.27,51.2,177.9,27.1,-1.29,medium,medium,low,1,0,rule-derived from synthetic thresholds
5594,9,Indore,clay,Wheat,390,20.3,430,0.65,6.14,2.27,116.3,346.2,26.9,-0.35,medium,medium,high,0,1,rule-derived from synthetic thresholds
5595,15,Kolkata (24 Pgs),clay,Potato,282,15.3,316,0.32,7.98,0.62,146.2,296.1,24.8,0.88,medium,medium,high,0,1,rule-derived from synthetic thresholds
5596,13,Bengaluru Rural,sandy,Groundnut,396,28.1,294,0.29,7.69,0.61,71.2,207.0,25.3,-0.53,medium,high,high,0,1,rule-derived from synthetic thresholds
5597,7,Pune,clay,Tomato,434,11.0,275,0.73,8.47,0.88,57.8,173.8,19.2,-0.3,medium,medium,medium,0,0,rule-derived from synthetic thresholds
5598,15,Kolkata (24 Pgs),clay,Rice,314,27.4,205,0.45,6.69,1.82,304.2,836.8,29.7,0.87,medium,high,medium,0,1,rule-derived from synthetic thresholds
5599,10,Jaipur,sandy,Mustard,303,24.3,271,0.38,8.99,0.7,53.4,160.3,25.6,0.34,medium,medium,medium,0,0,rule-derived from synthetic thresholds
5600,15,Kolkata (24 Pgs),clay,Potato,334,8.5,181,0.72,8.36,0.16,265.0,786.3,27.0,-1.46,medium,low,medium,1,0,rule-derived from synthetic thresholds
5601,4,Ludhiana,sandy,Chickpea,455,43.6,253,0.77,6.83,1.11,10.9,22.0,26.5,0.29,medium,high,medium,0,1,rule-derived from synthetic thresholds
5602,9,Indore,clay,Chickpea,433,5.6,205,0.68,8.35,0.61,41.1,112.5,23.8,1.99,medium,low,medium,1,0,rule-derived from synthetic thresholds
5603,14,Dharwad,clay,Sorghum,402,28.2,368,0.52,8.5,0.82,66.2,179.2,25.9,-0.11,medium,high,high,0,1,rule-derived from synthetic thresholds
5604,15,Kolkata (24 Pgs),clay,Rice,423,5.2,421,0.71,7.13,0.17,41.0,99.2,29.9,0.15,medium,low,high,1,1,rule-derived from synthetic thresholds
5605,13,Bengaluru Rural,sandy,Tomato,280,5.0,146,0.19,6.49,0.52,22.9,61.8,27.9,0.3,medium,low,medium,1,0,rule-derived from synthetic thresholds
5606,3,Madurai,sandy,Cotton,309,6.8,177,0.32,7.33,0.36,29.7,101.1,32.3,-0.22,medium,low,medium,1,0,rule-derived from synthetic thresholds
5607,10,Jaipur,sandy,Mustard,369,20.8,98,0.82,4.75,0.81,101.1,304.3,27.9,-0.18,medium,medium,low,1,0,rule-derived from synthetic thresholds
5608,2,Coimbatore,loam,Cotton,495,9.6,183,0.58,6.4,0.66,16.3,41.2,24.5,-0.64,medium,low,medium,1,0,rule-derived from synthetic thresholds
5609,6,Nagpur,clay,Pigeon pea,495,10.4,268,0.68,7.74,0.81,125.9,375.8,25.4,-0.01,medium,medium,medium,0,0,rule-derived from synthetic thresholds
5610,1,Thanjavur,clay,Onion,650,15.9,313,0.89,7.66,1.03,212.9,603.7,27.5,0.21,high,medium,high,0,1,rule-derived from synthetic thresholds
5611,12,Patna,loam,Maize,402,9.5,254,0.34,5.41,0.34,162.9,489.0,25.1,1.01,medium,low,medium,1,0,rule-derived from synthetic thresholds
5612,12,Patna,loam,Wheat,490,46.7,317,0.53,6.88,0.06,63.9,223.0,28.4,-1.21,medium,high,high,0,1,rule-derived from synthetic thresholds
5613,2,Coimbatore,loam,Banana,504,10.4,313,0.54,7.2,0.88,336.8,1026.9,28.4,-1.26,medium,medium,high,0,1,rule-derived from synthetic thresholds
5614,14,Dharwad,clay,Cotton,155,8.6,318,0.34,7.34,0.51,93.9,190.9,29.6,-0.24,low,low,high,1,1,rule-derived from synthetic thresholds
5615,13,Bengaluru Rural,sandy,Ragi,286,14.3,114,0.2,6.83,0.69,10.0,24.2,25.2,0.24,medium,medium,medium,0,0,rule-derived from synthetic thresholds
5616,13,Bengaluru Rural,sandy,Tomato,80,17.9,203,0.34,7.62,0.27,194.6,672.9,25.0,0.58,low,medium,medium,1,0,rule-derived from synthetic thresholds
5617,7,Pune,clay,Cotton,454,47.2,234,0.83,6.45,0.56,121.7,434.7,27.3,0.62,medium,high,medium,0,1,rule-derived from synthetic thresholds
5618,15,Kolkata (24 Pgs),clay,Rice,405,15.5,230,0.62,7.26,0.26,80.6,240.5,26.7,1.42,medium,medium,medium,0,0,rule-derived from synthetic thresholds
5619,15,Kolkata (24 Pgs),clay,Potato,400,14.2,253,0.71,8.79,0.44,63.2,153.7,27.7,0.81,medium,medium,medium,0,0,rule-derived from synthetic thresholds
5620,9,Indore,clay,Soybean,187,35.2,312,0.5,7.03,0.51,25.0,79.7,24.5,-1.1,low,high,high,1,1,rule-derived from synthetic thresholds
5621,6,Nagpur,clay,Soybean,382,9.3,307,0.7,6.21,0.73,63.7,188.3,27.6,1.0,medium,low,high,1,1,rule-derived from synthetic thresholds
5622,12,Patna,loam,Wheat,337,14.0,229,0.43,7.13,0.56,86.4,229.0,28.7,-0.92,medium,medium,medium,0,0,rule-derived from synthetic thresholds
5623,1,Thanjavur,clay,Groundnut,685,8.8,269,0.74,7.48,0.62,39.8,116.2,27.2,0.82,high,low,medium,1,1,rule-derived from synthetic thresholds
5624,6,Nagpur,clay,Turmeric,420,29.5,432,0.71,8.64,0.61,52.6,133.6,26.9,-0.22,medium,high,high,0,1,rule-derived from synthetic thresholds
5625,1,Thanjavur,clay,Green gram,454,20.6,492,0.74,8.25,1.26,83.3,207.1,25.0,1.1,medium,medium,high,0,1,rule-derived from synthetic thresholds
5626,12,Patna,loam,Wheat,389,5.3,350,0.47,6.99,0.72,77.8,271.2,26.0,0.38,medium,low,high,1,1,rule-derived from synthetic thresholds
5627,1,Thanjavur,clay,Pigeon pea,595,22.6,204,1.08,8.67,0.89,29.4,59.0,30.7,0.95,high,medium,medium,0,1,rule-derived from synthetic thresholds
5628,12,Patna,loam,Maize,501,13.7,228,0.94,6.4,0.61,176.5,604.6,25.1,0.41,medium,medium,medium,0,0,rule-derived from synthetic thresholds
5629,9,Indore,clay,Soybean,466,18.6,379,0.66,6.22,0.39,85.4,225.0,25.2,-0.31,medium,medium,high,0,1,rule-derived from synthetic thresholds
5630,7,Pune,clay,Onion,422,17.8,159,0.72,7.36,0.41,56.0,186.9,25.7,-0.21,medium,medium,medium,0,0,rule-derived from synthetic thresholds
5631,10,Jaipur,sandy,Wheat,214,12.1,133,0.37,5.6,0.43,7.9,19.0,20.5,0.62,low,medium,medium,1,0,rule-derived from synthetic thresholds
5632,1,Thanjavur,clay,Onion,317,47.4,258,0.41,7.3,0.98,113.9,407.6,23.4,0.03,medium,high,medium,0,1,rule-derived from synthetic thresholds
5633,13,Bengaluru Rural,sandy,Maize,301,10.0,242,0.44,4.79,1.02,27.9,84.8,26.0,-0.63,medium,medium,medium,0,0,rule-derived from synthetic thresholds
5634,4,Ludhiana,sandy,Wheat,282,16.3,30,0.1,7.49,0.77,36.3,126.9,32.4,-0.38,medium,medium,low,1,0,rule-derived from synthetic thresholds
5635,13,Bengaluru Rural,sandy,Tomato,466,5.9,99,0.72,5.99,0.82,167.1,365.7,27.6,-1.45,medium,low,low,1,0,rule-derived from synthetic thresholds
5636,14,Dharwad,clay,Chilli,487,16.9,216,0.96,6.75,0.76,55.5,156.4,24.3,-0.01,medium,medium,medium,0,0,rule-derived from synthetic thresholds
5637,9,Indore,clay,Soybean,290,24.5,263,0.51,8.4,0.47,54.7,113.7,20.0,-0.31,medium,medium,medium,0,0,rule-derived from synthetic thresholds
5638,9,Indore,clay,Wheat,419,4.1,292,0.6,7.93,0.81,31.1,67.3,20.3,1.45,medium,low,high,1,1,rule-derived from synthetic thresholds
5639,14,Dharwad,clay,Chilli,395,28.9,323,0.61,8.1,0.3,73.9,156.8,24.7,0.39,medium,high,high,0,1,rule-derived from synthetic thresholds
5640,7,Pune,clay,Maize,438,15.0,275,0.62,7.64,0.17,20.4,57.3,26.4,-0.2,medium,medium,medium,0,0,rule-derived from synthetic thresholds
5641,6,Nagpur,clay,Soybean,544,19.6,322,0.89,8.15,0.27,29.1,95.3,20.8,-0.44,medium,medium,high,0,1,rule-derived from synthetic thresholds
5642,15,Kolkata (24 Pgs),clay,Mustard,550,90.0,268,0.9,7.73,0.55,163.9,396.2,25.3,0.05,medium,high,medium,0,1,rule-derived from synthetic thresholds
5643,7,Pune,clay,Onion,617,36.2,243,1.21,8.28,0.53,48.7,140.6,23.8,2.14,high,high,medium,0,1,rule-derived from synthetic thresholds
5644,6,Nagpur,clay,Cotton,564,17.4,288,1.04,8.07,1.01,75.0,197.4,25.8,-1.49,high,medium,high,0,1,rule-derived from synthetic thresholds
5645,1,Thanjavur,clay,Groundnut,497,9.8,145,0.61,6.83,0.58,249.1,644.3,27.1,-1.16,medium,low,medium,1,0,rule-derived from synthetic thresholds
5646,5,Karnal,loam,Sugarcane,276,12.0,332,0.35,6.42,2.55,214.0,610.3,23.6,-0.12,low,medium,high,1,1,rule-derived from synthetic thresholds
5647,4,Ludhiana,sandy,Rice,169,12.0,113,0.34,6.42,0.64,183.1,472.0,20.7,-0.33,low,medium,medium,1,0,rule-derived from synthetic thresholds
5648,12,Patna,loam,Sunflower,322,22.1,249,0.61,8.08,0.43,164.8,546.4,26.2,0.64,medium,medium,medium,0,0,rule-derived from synthetic thresholds
5649,8,Guntur,clay,Turmeric,452,11.7,264,0.54,7.64,0.79,64.7,231.3,26.0,-0.01,medium,medium,medium,0,0,rule-derived from synthetic thresholds
5650,6,Nagpur,clay,Pigeon pea,442,17.9,153,0.58,7.77,1.77,80.3,260.8,26.5,0.61,medium,medium,medium,0,0,rule-derived from synthetic thresholds
5651,15,Kolkata (24 Pgs),clay,Rice,366,4.9,271,0.47,8.67,0.76,590.4,1247.2,27.3,0.17,medium,low,medium,1,0,rule-derived from synthetic thresholds
5652,7,Pune,clay,Onion,363,37.1,207,0.52,7.64,1.15,188.4,425.5,26.0,1.31,medium,high,medium,0,1,rule-derived from synthetic thresholds
5653,7,Pune,clay,Sugarcane,355,16.5,261,0.57,7.35,0.54,90.6,311.0,26.1,-0.57,medium,medium,medium,0,0,rule-derived from synthetic thresholds
5654,11,Kanpur,loam,Rice,352,64.1,216,0.11,6.71,0.85,85.6,264.6,22.4,-2.39,medium,high,medium,0,1,rule-derived from synthetic thresholds
5655,4,Ludhiana,sandy,Wheat,292,9.7,30,0.33,6.64,0.61,139.3,476.8,26.5,-0.47,medium,low,low,1,0,rule-derived from synthetic thresholds
5656,7,Pune,clay,Maize,334,30.1,256,0.72,7.55,0.3,17.3,35.7,25.0,0.47,medium,high,medium,0,1,rule-derived from synthetic thresholds
5657,11,Kanpur,loam,Sugarcane,310,10.7,220,0.47,6.92,0.48,90.9,214.3,30.9,0.3,medium,medium,medium,0,0,rule-derived from synthetic thresholds
5658,5,Karnal,loam,Sugarcane,532,7.7,42,0.68,7.37,0.2,158.9,347.3,26.6,0.75,medium,low,low,1,0,rule-derived from synthetic thresholds
5659,7,Pune,clay,Chickpea,433,10.3,369,0.59,7.43,0.48,119.7,393.6,22.6,0.12,medium,medium,high,0,1,rule-derived from synthetic thresholds
5660,1,Thanjavur,clay,Green gram,423,17.2,209,0.69,7.94,0.54,72.8,184.7,31.3,-0.45,medium,medium,medium,0,0,rule-derived from synthetic thresholds
5661,12,Patna,loam,Soybean,512,19.6,180,0.52,6.25,0.46,152.3,329.6,25.3,-1.43,medium,medium,medium,0,0,rule-derived from synthetic thresholds
5662,13,Bengaluru Rural,sandy,Sorghum,240,13.5,161,0.33,6.18,0.94,163.9,401.6,27.7,-0.57,low,medium,medium,1,0,rule-derived from synthetic thresholds
5663,11,Kanpur,loam,Rice,427,23.1,228,0.72,5.79,0.16,258.7,873.4,21.8,0.61,medium,medium,medium,0,0,rule-derived from synthetic thresholds
5664,8,Guntur,clay,Tomato,192,38.6,186,0.41,8.76,0.36,32.3,88.2,32.9,1.4,low,high,medium,1,1,rule-derived from synthetic thresholds
5665,14,Dharwad,clay,Tomato,284,11.6,382,0.33,8.88,0.65,190.2,579.0,22.8,0.74,medium,medium,high,0,1,rule-derived from synthetic thresholds
5666,13,Bengaluru Rural,sandy,Tomato,300,13.3,242,0.1,7.6,0.75,31.1,103.8,26.2,1.5,medium,medium,medium,0,0,rule-derived from synthetic thresholds
5667,8,Guntur,clay,Chilli,429,32.4,137,0.77,9.01,1.82,15.3,49.6,30.4,-1.93,medium,high,medium,0,1,rule-derived from synthetic thresholds
5668,10,Jaipur,sandy,Pigeon pea,216,9.6,134,0.11,5.74,1.56,117.3,416.4,24.2,0.06,low,low,medium,1,0,rule-derived from synthetic thresholds
5669,15,Kolkata (24 Pgs),clay,Wheat,301,9.0,275,0.39,7.48,0.75,17.2,36.2,30.1,0.57,medium,low,medium,1,0,rule-derived from synthetic thresholds
5670,4,Ludhiana,sandy,Lentil,221,12.8,126,0.62,6.25,0.6,5.2,15.0,24.8,0.04,low,medium,medium,1,0,rule-derived from synthetic thresholds
5671,12,Patna,loam,Wheat,340,22.4,228,0.23,7.97,2.04,550.5,1723.0,27.9,-0.5,medium,medium,medium,0,0,rule-derived from synthetic thresholds
5672,6,Nagpur,clay,Pigeon pea,459,47.4,371,0.75,7.4,0.75,11.6,37.5,26.9,1.9,medium,high,high,0,1,rule-derived from synthetic thresholds
5673,2,Coimbatore,loam,Maize,411,6.5,190,0.42,7.54,0.73,9.0,21.4,28.9,-0.25,medium,low,medium,1,0,rule-derived from synthetic thresholds
5674,7,Pune,clay,Lentil,373,6.3,375,0.6,8.04,0.29,3.3,8.2,20.4,-0.98,medium,low,high,1,1,rule-derived from synthetic thresholds
5675,8,Guntur,clay,Rice,307,83.2,339,0.54,6.77,0.92,25.0,66.4,32.5,0.13,medium,high,high,0,1,rule-derived from synthetic thresholds
5676,12,Patna,loam,Wheat,432,26.6,178,0.56,6.05,1.34,72.8,238.4,28.0,-0.15,medium,high,medium,0,1,rule-derived from synthetic thresholds
5677,3,Madurai,sandy,Banana,229,4.7,266,0.1,7.44,1.9,41.7,118.7,25.8,-0.29,low,low,medium,1,0,rule-derived from synthetic thresholds
5678,9,Indore,clay,Wheat,399,34.3,194,0.74,7.59,0.78,50.5,103.6,28.8,-0.09,medium,high,medium,0,1,rule-derived from synthetic thresholds
5679,10,Jaipur,sandy,Mustard,345,4.7,215,0.1,6.28,0.59,113.3,287.6,29.6,1.38,medium,low,medium,1,0,rule-derived from synthetic thresholds
5680,10,Jaipur,sandy,Lentil,213,10.4,209,0.19,7.89,0.9,12.4,43.0,21.4,-0.17,low,medium,medium,1,0,rule-derived from synthetic thresholds
5681,13,Bengaluru Rural,sandy,Maize,388,14.5,30,0.41,7.53,0.83,90.2,277.6,20.4,0.59,medium,medium,low,1,0,rule-derived from synthetic thresholds
5682,12,Patna,loam,Maize,313,41.5,355,0.37,6.97,1.23,150.2,442.2,24.5,-0.52,medium,high,high,0,1,rule-derived from synthetic thresholds
5683,7,Pune,clay,Maize,467,22.8,264,0.65,8.58,0.84,15.2,36.9,20.6,-1.31,medium,medium,medium,0,0,rule-derived from synthetic thresholds
5684,5,Karnal,loam,Sugarcane,363,5.5,121,0.54,8.14,0.9,17.1,37.5,20.8,-1.48,medium,low,medium,1,0,rule-derived from synthetic thresholds
5685,14,Dharwad,clay,Chilli,479,3.7,344,0.34,8.02,1.02,167.8,374.5,26.0,0.56,medium,low,high,1,1,rule-derived from synthetic thresholds
5686,14,Dharwad,clay,Sorghum,389,22.3,222,0.85,7.85,2.91,8.6,17.5,27.0,1.2,medium,medium,medium,0,0,rule-derived from synthetic thresholds
5687,2,Coimbatore,loam,Onion,338,15.2,263,0.57,7.6,0.42,4.9,12.1,27.0,-1.06,medium,medium,medium,0,0,rule-derived from synthetic thresholds
5688,7,Pune,clay,Soybean,406,28.2,136,0.68,8.95,0.26,53.7,167.2,23.8,0.89,medium,high,medium,0,1,rule-derived from synthetic thresholds
5689,12,Patna,loam,Maize,346,12.2,203,0.55,7.86,0.67,71.2,184.2,27.6,1.39,medium,medium,medium,0,0,rule-derived from synthetic thresholds
5690,10,Jaipur,sandy,Mustard,359,9.3,186,0.52,6.14,0.4,149.0,396.5,23.8,-0.39,medium,low,medium,1,0,rule-derived from synthetic thresholds
5691,14,Dharwad,clay,Cotton,402,28.0,268,0.76,6.14,0.92,51.4,181.2,28.8,-0.38,medium,high,medium,0,1,rule-derived from synthetic thresholds
5692,4,Ludhiana,sandy,Chilli,173,16.0,160,0.19,6.54,0.67,23.6,50.3,27.5,1.02,low,medium,medium,1,0,rule-derived from synthetic thresholds
5693,15,Kolkata (24 Pgs),clay,Rice,565,39.6,247,0.74,7.14,0.28,222.2,755.7,24.6,0.28,high,high,medium,0,1,rule-derived from synthetic thresholds
5694,4,Ludhiana,sandy,Wheat,177,6.0,61,0.19,6.6,1.58,18.6,46.9,20.4,-0.83,low,low,low,1,0,rule-derived from synthetic thresholds
5695,2,Coimbatore,loam,Wheat,368,10.8,244,0.51,6.94,0.2,27.7,63.8,27.1,-0.56,medium,medium,medium,0,0,rule-derived from synthetic thresholds
5696,12,Patna,loam,Wheat,347,1.8,196,0.74,7.04,1.08,210.6,624.7,30.4,-1.67,medium,low,medium,1,0,rule-derived from synthetic thresholds
5697,14,Dharwad,clay,Sorghum,441,10.4,252,0.67,7.93,0.59,107.6,242.9,21.0,1.74,medium,medium,medium,0,0,rule-derived from synthetic thresholds
5698,6,Nagpur,clay,Pigeon pea,503,7.9,284,0.6,6.41,0.36,42.1,119.2,28.6,-0.01,medium,low,high,1,1,rule-derived from synthetic thresholds
5699,3,Madurai,sandy,Cotton,408,9.0,30,0.52,6.63,1.15,18.7,59.4,23.0,0.73,medium,low,low,1,0,rule-derived from synthetic thresholds
5700,14,Dharwad,clay,Sorghum,442,5.1,202,0.72,7.53,0.85,41.8,125.2,25.4,0.39,medium,low,medium,1,0,rule-derived from synthetic thresholds
5701,2,Coimbatore,loam,Sorghum,388,11.1,228,0.61,6.82,1.48,80.7,201.3,22.6,0.39,medium,medium,medium,0,0,rule-derived from synthetic thresholds
5702,10,Jaipur,sandy,Turmeric,274,12.8,126,0.27,7.47,1.19,36.5,84.2,23.6,0.12,low,medium,medium,1,0,rule-derived from synthetic thresholds
5703,2,Coimbatore,loam,Groundnut,413,13.3,186,0.52,7.76,0.82,19.0,57.5,24.7,-0.53,medium,medium,medium,0,0,rule-derived from synthetic thresholds
5704,10,Jaipur,sandy,Tomato,283,7.8,30,0.41,6.62,1.0,13.7,47.7,22.9,-1.06,medium,low,low,1,0,rule-derived from synthetic thresholds
5705,2,Coimbatore,loam,Sorghum,491,9.4,42,0.43,8.0,0.65,63.8,226.0,26.2,0.95,medium,low,low,1,0,rule-derived from synthetic thresholds
5706,6,Nagpur,clay,Pigeon pea,397,31.6,299,0.58,8.61,3.26,87.0,201.7,24.8,0.34,medium,high,high,0,1,rule-derived from synthetic thresholds
5707,7,Pune,clay,Onion,355,11.4,142,0.61,8.89,0.5,43.0,91.7,20.7,0.1,medium,medium,medium,0,0,rule-derived from synthetic thresholds
5708,14,Dharwad,clay,Cotton,209,12.7,244,0.51,7.69,0.38,163.2,545.7,22.8,2.1,low,medium,medium,1,0,rule-derived from synthetic thresholds
5709,11,Kanpur,loam,Rice,337,8.3,254,0.71,6.94,0.96,159.4,342.9,21.1,-0.28,medium,low,medium,1,0,rule-derived from synthetic thresholds
5710,15,Kolkata (24 Pgs),clay,Maize,401,11.0,196,0.55,8.01,1.04,276.1,755.4,27.8,-1.77,medium,medium,medium,0,0,rule-derived from synthetic thresholds
5711,9,Indore,clay,Mustard,329,10.4,257,0.89,7.87,0.96,297.6,662.6,25.4,0.73,medium,medium,medium,0,0,rule-derived from synthetic thresholds
5712,4,Ludhiana,sandy,Rice,423,22.3,215,0.37,6.84,1.2,284.7,612.2,18.8,-0.02,medium,medium,medium,0,0,rule-derived from synthetic thresholds
5713,7,Pune,clay,Onion,507,17.3,167,0.66,8.52,0.4,82.4,187.5,22.8,-1.08,medium,medium,medium,0,0,rule-derived from synthetic thresholds
5714,8,Guntur,clay,Tomato,402,20.3,272,0.7,7.38,0.29,49.6,169.4,28.5,-0.53,medium,medium,medium,0,0,rule-derived from synthetic thresholds
5715,9,Indore,clay,Soybean,368,9.9,303,0.71,6.72,1.47,77.0,181.3,26.6,-1.7,medium,low,high,1,1,rule-derived from synthetic thresholds
5716,14,Dharwad,clay,Sorghum,407,7.1,264,0.49,7.87,0.62,27.3,93.9,23.1,1.81,medium,low,medium,1,0,rule-derived from synthetic thresholds
5717,14,Dharwad,clay,Turmeric,270,25.6,312,0.47,7.14,0.14,42.7,115.6,24.3,-0.11,low,high,high,1,1,rule-derived from synthetic thresholds
5718,2,Coimbatore,loam,Sunflower,297,12.4,224,0.44,7.91,0.74,56.2,138.5,23.6,1.18,medium,medium,medium,0,0,rule-derived from synthetic thresholds
5719,12,Patna,loam,Rice,295,4.8,208,0.48,6.4,0.3,191.0,571.2,22.4,2.12,medium,low,medium,1,0,rule-derived from synthetic thresholds
5720,5,Karnal,loam,Wheat,381,8.6,119,0.42,7.38,0.64,16.0,45.2,24.0,1.04,medium,low,medium,1,0,rule-derived from synthetic thresholds
5721,9,Indore,clay,Chickpea,418,3.0,356,0.54,8.51,0.67,28.0,87.4,24.9,1.6,medium,low,high,1,1,rule-derived from synthetic thresholds
5722,15,Kolkata (24 Pgs),clay,Rice,448,10.8,172,0.6,8.09,0.74,35.2,96.2,30.1,0.16,medium,medium,medium,0,0,rule-derived from synthetic thresholds
5723,14,Dharwad,clay,Cotton,410,9.8,306,0.79,7.23,0.6,80.9,180.7,27.8,0.27,medium,low,high,1,1,rule-derived from synthetic thresholds
5724,8,Guntur,clay,Groundnut,394,68.5,203,0.61,7.35,0.48,41.6,142.3,26.0,-0.96,medium,high,medium,0,1,rule-derived from synthetic thresholds
5725,1,Thanjavur,clay,Rice,426,3.5,231,0.62,7.29,0.71,7.6,18.0,27.1,-1.31,medium,low,medium,1,0,rule-derived from synthetic thresholds
5726,15,Kolkata (24 Pgs),clay,Chilli,432,9.6,318,0.68,7.62,0.25,153.5,535.6,29.3,2.29,medium,low,high,1,1,rule-derived from synthetic thresholds
5727,14,Dharwad,clay,Lentil,325,5.1,162,0.47,8.85,1.08,48.4,97.8,28.0,-0.17,medium,low,medium,1,0,rule-derived from synthetic thresholds
5728,6,Nagpur,clay,Sunflower,489,6.3,406,0.95,8.21,0.32,219.3,779.0,23.5,0.73,medium,low,high,1,1,rule-derived from synthetic thresholds
5729,3,Madurai,sandy,Soybean,222,7.8,30,0.1,6.47,0.78,133.7,462.8,27.3,-1.3,low,low,low,1,0,rule-derived from synthetic thresholds
5730,8,Guntur,clay,Cotton,497,20.2,229,0.83,8.08,0.68,156.3,359.1,32.3,0.59,medium,medium,medium,0,0,rule-derived from synthetic thresholds
5731,13,Bengaluru Rural,sandy,Tomato,319,7.5,52,0.33,5.85,0.46,72.9,174.9,22.3,-0.1,medium,low,low,1,0,rule-derived from synthetic thresholds
5732,7,Pune,clay,Sugarcane,493,17.0,172,0.69,8.61,0.56,44.9,97.0,24.6,0.98,medium,medium,medium,0,0,rule-derived from synthetic thresholds
5733,1,Thanjavur,clay,Groundnut,283,21.3,317,0.59,5.59,0.58,99.5,218.3,33.0,0.18,medium,medium,high,0,1,rule-derived from synthetic thresholds
5734,7,Pune,clay,Maize,339,11.1,220,0.35,8.85,0.63,47.8,103.0,26.6,-0.65,medium,medium,medium,0,0,rule-derived from synthetic thresholds
5735,8,Guntur,clay,Rice,400,7.9,305,0.81,7.35,0.47,4.3,11.9,34.3,1.86,medium,low,high,1,1,rule-derived from synthetic thresholds
5736,14,Dharwad,clay,Cotton,286,11.9,328,0.51,8.45,0.53,30.2,61.4,24.9,-1.02,medium,medium,high,0,1,rule-derived from synthetic thresholds
5737,13,Bengaluru Rural,sandy,Cotton,439,8.2,151,0.53,5.45,0.55,59.0,194.4,27.3,0.51,medium,low,medium,1,0,rule-derived from synthetic thresholds
5738,11,Kanpur,loam,Wheat,454,5.8,317,1.01,7.93,1.34,63.2,205.4,28.1,-1.32,medium,low,high,1,1,rule-derived from synthetic thresholds
5739,7,Pune,clay,Onion,370,14.6,297,0.44,6.81,0.85,31.2,69.9,28.7,-0.86,medium,medium,high,0,1,rule-derived from synthetic thresholds
5740,15,Kolkata (24 Pgs),clay,Mustard,446,4.4,234,0.91,8.73,1.45,146.0,458.7,29.2,1.43,medium,low,medium,1,0,rule-derived from synthetic thresholds
5741,4,Ludhiana,sandy,Groundnut,353,22.7,30,0.45,6.13,0.77,60.6,209.8,24.5,-1.5,medium,medium,low,1,0,rule-derived from synthetic thresholds
5742,5,Karnal,loam,Sugarcane,296,10.7,161,0.26,9.02,0.9,42.6,111.1,27.4,0.96,medium,medium,medium,0,0,rule-derived from synthetic thresholds
5743,13,Bengaluru Rural,sandy,Tomato,363,15.4,30,0.25,8.59,0.78,10.0,23.7,29.9,-2.23,medium,medium,low,1,0,rule-derived from synthetic thresholds
5744,15,Kolkata (24 Pgs),clay,Potato,522,15.4,285,0.93,6.4,0.41,321.0,1079.4,29.4,0.72,medium,medium,high,0,1,rule-derived from synthetic thresholds
5745,13,Bengaluru Rural,sandy,Ragi,380,31.2,287,0.57,7.63,0.43,81.7,290.5,19.4,0.14,medium,high,high,0,1,rule-derived from synthetic thresholds
5746,11,Kanpur,loam,Potato,524,34.5,64,0.72,5.82,0.85,83.0,225.0,23.9,-0.91,medium,high,low,1,1,rule-derived from synthetic thresholds
5747,15,Kolkata (24 Pgs),clay,Mustard,536,11.6,219,0.76,7.34,2.09,77.1,226.0,25.8,0.09,medium,medium,medium,0,0,rule-derived from synthetic thresholds
5748,2,Coimbatore,loam,Maize,225,11.6,185,0.37,8.36,1.11,4.2,12.9,32.8,-0.23,low,medium,medium,1,0,rule-derived from synthetic thresholds
5749,11,Kanpur,loam,Pearl millet,469,13.4,139,0.76,6.47,0.82,85.0,287.2,24.8,-0.11,medium,medium,medium,0,0,rule-derived from synthetic thresholds
5750,7,Pune,clay,Maize,536,15.0,264,0.86,6.91,0.5,94.5,310.0,25.5,-1.9,medium,medium,medium,0,0,rule-derived from synthetic thresholds
5751,9,Indore,clay,Chickpea,297,21.8,183,0.46,6.73,1.01,196.4,549.9,30.3,-0.68,medium,medium,medium,0,0,rule-derived from synthetic thresholds
5752,4,Ludhiana,sandy,Wheat,284,11.1,157,0.25,6.35,1.39,49.4,124.8,27.1,-1.38,medium,medium,medium,0,0,rule-derived from synthetic thresholds
5753,8,Guntur,clay,Cotton,382,9.1,261,0.56,8.48,0.74,70.7,218.8,25.6,-0.28,medium,low,medium,1,0,rule-derived from synthetic thresholds
5754,4,Ludhiana,sandy,Rice,365,17.0,90,0.68,5.78,0.8,74.2,208.7,24.8,-0.01,medium,medium,low,1,0,rule-derived from synthetic thresholds
5755,10,Jaipur,sandy,Chilli,438,5.8,30,0.49,6.93,0.89,69.4,203.7,23.6,1.16,medium,low,low,1,0,rule-derived from synthetic thresholds
5756,14,Dharwad,clay,Sorghum,400,9.3,154,0.67,5.35,1.33,48.1,165.3,28.3,-0.64,medium,low,medium,1,0,rule-derived from synthetic thresholds
5757,1,Thanjavur,clay,Green gram,485,25.8,332,0.67,9.2,1.1,212.8,641.9,35.2,-0.39,medium,high,high,0,1,rule-derived from synthetic thresholds
5758,15,Kolkata (24 Pgs),clay,Potato,312,9.8,396,0.55,8.13,0.5,159.8,469.1,28.5,1.08,medium,low,high,1,1,rule-derived from synthetic thresholds
5759,10,Jaipur,sandy,Sunflower,250,5.1,187,0.45,4.71,0.67,165.0,506.0,23.1,0.5,low,low,medium,1,0,rule-derived from synthetic thresholds
5760,1,Thanjavur,clay,Mustard,480,15.0,310,1.05,8.23,0.51,36.3,88.3,29.4,-0.52,medium,medium,high,0,1,rule-derived from synthetic thresholds
5761,9,Indore,clay,Pigeon pea,615,5.9,174,1.13,8.17,0.15,49.2,149.9,25.5,1.59,high,low,medium,1,1,rule-derived from synthetic thresholds
5762,3,Madurai,sandy,Rice,394,13.0,172,0.28,6.69,4.27,62.3,131.2,32.3,0.9,medium,medium,medium,0,0,rule-derived from synthetic thresholds
5763,13,Bengaluru Rural,sandy,Tomato,337,56.5,79,0.28,7.93,0.66,59.2,134.0,22.3,-0.48,medium,high,low,1,1,rule-derived from synthetic thresholds
5764,5,Karnal,loam,Sugarcane,422,14.2,30,0.74,6.4,0.3,60.6,216.1,23.3,-0.31,medium,medium,low,1,0,rule-derived from synthetic thresholds
5765,1,Thanjavur,clay,Chilli,436,6.9,375,0.63,7.12,0.79,16.1,34.3,32.1,1.06,medium,low,high,1,1,rule-derived from synthetic thresholds
5766,13,Bengaluru Rural,sandy,Ragi,367,6.7,72,0.5,5.76,0.85,67.9,234.9,19.7,2.3,medium,low,low,1,0,rule-derived from synthetic thresholds
5767,9,Indore,clay,Wheat,382,16.6,243,0.38,8.15,0.12,44.4,146.8,24.1,-0.35,medium,medium,medium,0,0,rule-derived from synthetic thresholds
5768,10,Jaipur,sandy,Mustard,94,9.3,121,0.34,6.54,2.09,13.0,42.9,28.3,-2.28,low,low,medium,1,0,rule-derived from synthetic thresholds
5769,13,Bengaluru Rural,sandy,Maize,373,6.6,280,0.28,6.27,0.8,46.4,123.8,24.4,1.36,medium,low,medium,1,0,rule-derived from synthetic thresholds
5770,9,Indore,clay,Chilli,439,4.6,333,0.8,9.2,1.42,39.0,99.0,26.3,0.86,medium,low,high,1,1,rule-derived from synthetic thresholds
5771,12,Patna,loam,Wheat,219,10.8,162,0.26,7.13,0.3,18.7,52.3,24.1,1.41,low,medium,medium,1,0,rule-derived from synthetic thresholds
5772,9,Indore,clay,Wheat,507,8.4,336,0.63,7.39,2.62,12.9,35.6,27.2,-0.32,medium,low,high,1,1,rule-derived from synthetic thresholds
5773,1,Thanjavur,clay,Rice,565,11.2,226,0.96,8.05,0.3,133.0,400.6,25.3,0.46,high,medium,medium,0,1,rule-derived from synthetic thresholds
5774,15,Kolkata (24 Pgs),clay,Potato,512,5.3,190,0.79,7.66,0.39,263.1,944.3,29.0,1.78,medium,low,medium,1,0,rule-derived from synthetic thresholds
5775,15,Kolkata (24 Pgs),clay,Potato,166,22.2,264,0.24,7.79,0.54,41.5,137.2,27.7,-0.17,low,medium,medium,1,0,rule-derived from synthetic thresholds
5776,5,Karnal,loam,Ragi,430,11.7,332,0.42,6.94,0.57,51.7,155.3,22.6,-0.07,medium,medium,high,0,1,rule-derived from synthetic thresholds
5777,10,Jaipur,sandy,Onion,360,12.3,86,0.33,4.91,0.45,121.1,400.3,27.3,-0.15,medium,medium,low,1,0,rule-derived from synthetic thresholds
5778,2,Coimbatore,loam,Banana,439,4.9,270,0.71,7.48,1.63,195.5,635.2,30.2,-0.91,medium,low,medium,1,0,rule-derived from synthetic thresholds
5779,5,Karnal,loam,Sugarcane,497,16.0,271,0.82,6.39,0.47,30.7,110.0,22.3,-0.25,medium,medium,medium,0,0,rule-derived from synthetic thresholds
5780,10,Jaipur,sandy,Sorghum,276,4.6,30,0.2,6.06,1.7,11.7,35.6,30.1,-0.88,low,low,low,1,0,rule-derived from synthetic thresholds
5781,6,Nagpur,clay,Cotton,440,12.1,144,0.82,8.47,0.79,47.6,165.1,25.2,0.83,medium,medium,medium,0,0,rule-derived from synthetic thresholds
5782,15,Kolkata (24 Pgs),clay,Potato,382,3.8,243,0.57,7.66,0.74,177.4,604.2,23.9,1.2,medium,low,medium,1,0,rule-derived from synthetic thresholds
5783,2,Coimbatore,loam,Cotton,286,11.2,75,0.53,6.76,0.21,65.2,169.3,24.3,-0.32,medium,medium,low,1,0,rule-derived from synthetic thresholds
5784,11,Kanpur,loam,Rice,350,10.0,159,0.29,6.18,0.47,57.1,180.1,25.8,0.23,medium,medium,medium,0,0,rule-derived from synthetic thresholds
5785,10,Jaipur,sandy,Pigeon pea,259,12.1,30,0.4,7.95,0.83,11.3,23.4,20.0,-1.19,low,medium,low,1,0,rule-derived from synthetic thresholds
5786,14,Dharwad,clay,Cotton,621,22.0,381,1.08,7.32,0.9,24.9,68.0,18.9,-0.99,high,medium,high,0,1,rule-derived from synthetic thresholds
5787,13,Bengaluru Rural,sandy,Ragi,362,17.4,318,0.42,6.81,0.82,54.5,188.0,25.9,0.29,medium,medium,high,0,1,rule-derived from synthetic thresholds
5788,14,Dharwad,clay,Chilli,596,6.3,329,0.9,8.27,1.17,54.5,182.7,25.3,1.71,high,low,high,1,1,rule-derived from synthetic thresholds
5789,12,Patna,loam,Chilli,260,23.3,291,0.57,6.61,0.61,76.2,177.1,28.4,0.51,low,medium,high,1,1,rule-derived from synthetic thresholds
5790,4,Ludhiana,sandy,Rice,407,14.5,101,0.45,8.16,0.8,80.0,191.5,21.0,0.01,medium,medium,low,1,0,rule-derived from synthetic thresholds
5791,7,Pune,clay,Sugarcane,391,8.6,229,0.59,8.29,1.37,16.2,47.7,21.3,-1.46,medium,low,medium,1,0,rule-derived from synthetic thresholds
5792,11,Kanpur,loam,Maize,382,30.8,30,0.44,8.71,0.9,95.1,300.2,25.6,-2.86,medium,high,low,1,1,rule-derived from synthetic thresholds
5793,15,Kolkata (24 Pgs),clay,Green gram,326,32.5,262,0.69,8.71,1.32,132.9,465.0,29.4,-0.04,medium,high,medium,0,1,rule-derived from synthetic thresholds
5794,13,Bengaluru Rural,sandy,Tomato,317,10.1,220,0.36,6.86,0.21,42.7,111.5,25.2,0.56,medium,medium,medium,0,0,rule-derived from synthetic thresholds
5795,10,Jaipur,sandy,Pearl millet,455,21.2,30,0.44,5.72,0.58,102.5,359.1,26.4,-0.36,medium,medium,low,1,0,rule-derived from synthetic thresholds
5796,2,Coimbatore,loam,Maize,340,18.3,333,0.51,6.98,0.46,55.9,115.5,27.8,-0.61,medium,medium,high,0,1,rule-derived from synthetic thresholds
5797,7,Pune,clay,Sugarcane,334,14.4,352,0.7,8.31,0.55,39.9,123.7,26.5,-0.78,medium,medium,high,0,1,rule-derived from synthetic thresholds
5798,10,Jaipur,sandy,Mustard,366,39.6,119,0.63,6.05,1.7,6.7,19.2,22.8,-0.29,medium,high,medium,0,1,rule-derived from synthetic thresholds
5799,12,Patna,loam,Wheat,456,19.7,172,0.66,6.47,0.26,48.5,157.1,27.7,1.65,medium,medium,medium,0,0,rule-derived from synthetic thresholds
5800,5,Karnal,loam,Rice,409,4.3,115,0.52,7.28,1.03,26.3,60.6,24.9,0.33,medium,low,medium,1,0,rule-derived from synthetic thresholds
5801,8,Guntur,clay,Onion,431,17.7,111,0.65,8.27,0.69,41.8,143.9,21.7,-0.04,medium,medium,medium,0,0,rule-derived from synthetic thresholds
5802,13,Bengaluru Rural,sandy,Maize,326,11.6,126,0.48,5.18,0.37,4.5,11.6,21.9,0.54,medium,medium,medium,0,0,rule-derived from synthetic thresholds
5803,13,Bengaluru Rural,sandy,Banana,179,3.4,136,0.1,7.42,0.49,23.4,52.4,21.8,-0.97,low,low,medium,1,0,rule-derived from synthetic thresholds
5804,4,Ludhiana,sandy,Cotton,205,4.4,116,0.2,6.77,0.33,9.9,23.4,26.3,0.27,low,low,medium,1,0,rule-derived from synthetic thresholds
5805,4,Ludhiana,sandy,Onion,404,16.0,30,0.43,6.62,0.96,11.2,38.1,18.5,1.55,medium,medium,low,1,0,rule-derived from synthetic thresholds
5806,6,Nagpur,clay,Soybean,382,30.2,278,0.79,7.27,0.32,21.0,49.4,32.9,-0.45,medium,high,medium,0,1,rule-derived from synthetic thresholds
5807,10,Jaipur,sandy,Mustard,445,9.4,60,0.6,5.64,0.33,35.0,88.6,29.2,-0.53,medium,low,low,1,0,rule-derived from synthetic thresholds
5808,11,Kanpur,loam,Potato,397,9.4,301,0.6,7.56,0.52,27.3,73.6,31.5,0.24,medium,low,high,1,1,rule-derived from synthetic thresholds
5809,12,Patna,loam,Wheat,472,38.0,30,0.65,5.84,0.88,16.1,39.8,23.3,-1.02,medium,high,low,1,1,rule-derived from synthetic thresholds
5810,9,Indore,clay,Wheat,239,46.9,381,0.5,8.67,0.54,6.5,20.3,30.7,0.04,low,high,high,1,1,rule-derived from synthetic thresholds
5811,14,Dharwad,clay,Sorghum,367,13.8,196,0.97,8.49,0.59,112.4,257.9,26.9,1.02,medium,medium,medium,0,0,rule-derived from synthetic thresholds
5812,2,Coimbatore,loam,Groundnut,473,13.1,356,0.85,7.0,0.96,5.4,11.7,28.1,1.39,medium,medium,high,0,1,rule-derived from synthetic thresholds
5813,8,Guntur,clay,Chilli,374,30.8,288,0.48,8.34,0.38,44.8,149.3,30.1,-0.52,medium,high,high,0,1,rule-derived from synthetic thresholds
5814,4,Ludhiana,sandy,Rice,387,13.8,170,0.63,7.08,0.59,17.9,62.0,27.0,1.17,medium,medium,medium,0,0,rule-derived from synthetic thresholds
5815,9,Indore,clay,Soybean,360,32.0,365,0.46,8.23,1.35,37.3,110.7,27.2,-0.43,medium,high,high,0,1,rule-derived from synthetic thresholds
5816,14,Dharwad,clay,Tomato,573,22.0,213,0.66,6.36,0.34,56.3,176.1,22.2,1.81,high,medium,medium,0,1,rule-derived from synthetic thresholds
5817,14,Dharwad,clay,Cotton,511,10.2,265,0.98,6.72,0.7,49.7,131.1,26.0,0.36,medium,medium,medium,0,0,rule-derived from synthetic thresholds
5818,15,Kolkata (24 Pgs),clay,Sorghum,284,7.8,236,0.61,8.34,0.8,196.9,545.4,24.9,-0.13,medium,low,medium,1,0,rule-derived from synthetic thresholds
5819,8,Guntur,clay,Cotton,492,3.5,199,0.75,7.02,0.64,62.5,167.0,33.9,0.76,medium,low,medium,1,0,rule-derived from synthetic thresholds
5820,11,Kanpur,loam,Potato,558,19.8,60,0.92,7.99,0.43,54.5,187.1,21.2,-1.14,medium,medium,low,1,0,rule-derived from synthetic thresholds
5821,8,Guntur,clay,Cotton,501,17.7,138,0.95,7.22,0.47,139.8,449.1,28.8,-0.21,medium,medium,medium,0,0,rule-derived from synthetic thresholds
5822,1,Thanjavur,clay,Groundnut,416,20.4,192,0.65,7.78,0.41,54.6,136.1,29.4,1.3,medium,medium,medium,0,0,rule-derived from synthetic thresholds
5823,5,Karnal,loam,Sugarcane,367,24.4,344,0.37,7.51,0.14,64.0,211.9,26.5,2.54,medium,medium,high,0,1,rule-derived from synthetic thresholds
5824,12,Patna,loam,Rice,463,7.7,91,0.75,7.37,0.69,130.1,261.7,26.0,-0.69,medium,low,low,1,0,rule-derived from synthetic thresholds
5825,1,Thanjavur,clay,Green gram,458,15.5,324,1.03,8.7,2.5,116.5,399.6,26.0,0.05,medium,medium,high,0,1,rule-derived from synthetic thresholds
5826,10,Jaipur,sandy,Wheat,176,6.0,156,0.18,6.31,0.66,60.8,130.8,31.5,0.43,low,low,medium,1,0,rule-derived from synthetic thresholds
5827,7,Pune,clay,Onion,402,15.0,233,0.71,8.03,0.83,29.6,95.2,27.3,-0.2,medium,medium,medium,0,0,rule-derived from synthetic thresholds
5828,7,Pune,clay,Banana,540,25.0,356,0.82,7.06,0.29,21.4,62.0,24.4,-0.5,medium,medium,high,0,1,rule-derived from synthetic thresholds
5829,12,Patna,loam,Maize,495,19.2,321,0.58,8.12,1.09,124.2,359.6,24.2,0.31,medium,medium,high,0,1,rule-derived from synthetic thresholds
5830,4,Ludhiana,sandy,Maize,424,5.8,240,0.11,7.47,0.94,10.5,32.7,26.1,0.15,medium,low,medium,1,0,rule-derived from synthetic thresholds
5831,4,Ludhiana,sandy,Onion,369,13.9,30,0.38,8.51,0.95,82.3,244.6,26.7,1.41,medium,medium,low,1,0,rule-derived from synthetic thresholds
5832,3,Madurai,sandy,Mustard,317,41.1,239,0.29,5.77,1.73,50.3,160.9,24.6,-0.32,medium,high,medium,0,1,rule-derived from synthetic thresholds
5833,2,Coimbatore,loam,Potato,466,5.8,167,0.58,9.2,0.34,54.8,148.4,23.5,1.11,medium,low,medium,1,0,rule-derived from synthetic thresholds
5834,2,Coimbatore,loam,Sorghum,419,21.9,238,0.8,7.33,1.2,124.2,445.9,24.5,-1.04,medium,medium,medium,0,0,rule-derived from synthetic thresholds
5835,2,Coimbatore,loam,Maize,540,9.9,221,0.86,7.98,1.06,15.4,32.7,28.6,0.9,medium,low,medium,1,0,rule-derived from synthetic thresholds
5836,10,Jaipur,sandy,Wheat,362,16.2,75,0.45,6.1,1.06,37.7,125.7,26.1,0.03,medium,medium,low,1,0,rule-derived from synthetic thresholds
5837,5,Karnal,loam,Rice,233,14.2,268,0.31,8.43,0.44,97.4,317.9,28.0,1.53,low,medium,medium,1,0,rule-derived from synthetic thresholds
5838,6,Nagpur,clay,Soybean,457,15.9,270,0.8,7.58,0.28,28.4,96.6,28.4,0.11,medium,medium,medium,0,0,rule-derived from synthetic thresholds
5839,12,Patna,loam,Wheat,481,9.1,301,0.73,6.99,0.57,194.4,600.2,29.1,1.71,medium,low,high,1,1,rule-derived from synthetic thresholds
5840,8,Guntur,clay,Chilli,451,17.1,165,0.53,6.95,0.24,110.1,252.6,25.3,0.35,medium,medium,medium,0,0,rule-derived from synthetic thresholds
5841,2,Coimbatore,loam,Tomato,284,22.2,139,0.39,7.66,0.49,85.7,177.8,21.8,-1.92,medium,medium,medium,0,0,rule-derived from synthetic thresholds
5842,8,Guntur,clay,Cotton,518,18.7,303,0.64,7.38,0.37,49.4,105.0,27.7,-0.85,medium,medium,high,0,1,rule-derived from synthetic thresholds
5843,10,Jaipur,sandy,Mustard,388,57.2,140,0.32,7.95,0.55,8.5,25.4,26.5,-0.72,medium,high,medium,0,1,rule-derived from synthetic thresholds
5844,10,Jaipur,sandy,Mustard,279,6.0,95,0.48,6.67,0.5,46.0,107.4,26.8,-0.42,low,low,low,1,0,rule-derived from synthetic thresholds
5845,14,Dharwad,clay,Sorghum,357,6.2,421,0.15,7.79,1.5,184.5,634.0,25.7,-1.3,medium,low,high,1,1,rule-derived from synthetic thresholds
5846,9,Indore,clay,Chickpea,259,5.1,309,0.31,6.05,0.5,136.2,404.6,25.5,-0.47,low,low,high,1,1,rule-derived from synthetic thresholds
5847,13,Bengaluru Rural,sandy,Ragi,228,4.1,86,0.12,6.3,0.35,46.5,97.0,28.7,1.0,low,low,low,1,0,rule-derived from synthetic thresholds
5848,8,Guntur,clay,Cotton,471,11.2,404,0.84,7.83,0.28,267.2,919.0,32.0,-1.05,medium,medium,high,0,1,rule-derived from synthetic thresholds
5849,10,Jaipur,sandy,Pearl millet,223,16.1,130,0.28,7.42,0.3,83.4,265.8,20.9,2.07,low,medium,medium,1,0,rule-derived from synthetic thresholds
5850,3,Madurai,sandy,Rice,417,11.1,192,0.58,6.48,0.79,79.8,185.5,26.1,0.92,medium,medium,medium,0,0,rule-derived from synthetic thresholds
5851,15,Kolkata (24 Pgs),clay,Maize,353,21.9,353,0.49,7.95,2.59,8.3,26.2,23.2,-0.57,medium,medium,high,0,1,rule-derived from synthetic thresholds
5852,1,Thanjavur,clay,Groundnut,295,14.0,322,0.57,7.41,0.49,56.0,201.5,27.5,0.61,medium,medium,high,0,1,rule-derived from synthetic thresholds
5853,15,Kolkata (24 Pgs),clay,Potato,326,9.8,197,0.43,8.0,1.15,173.8,369.5,25.6,1.38,medium,low,medium,1,0,rule-derived from synthetic thresholds
5854,9,Indore,clay,Soybean,497,8.5,427,1.01,8.9,0.4,3.9,13.6,25.2,-1.2,medium,low,high,1,1,rule-derived from synthetic thresholds
5855,6,Nagpur,clay,Pigeon pea,422,39.7,325,0.72,7.88,0.52,18.9,57.6,29.4,1.14,medium,high,high,0,1,rule-derived from synthetic thresholds
5856,7,Pune,clay,Maize,377,10.7,313,0.66,7.22,0.69,41.5,137.7,26.6,0.34,medium,medium,high,0,1,rule-derived from synthetic thresholds
5857,2,Coimbatore,loam,Banana,516,10.0,207,0.74,7.02,0.97,6.0,19.7,25.1,0.97,medium,medium,medium,0,0,rule-derived from synthetic thresholds
5858,7,Pune,clay,Maize,499,6.6,277,0.65,8.15,0.42,107.7,355.8,33.5,-0.18,medium,low,medium,1,0,rule-derived from synthetic thresholds
5859,2,Coimbatore,loam,Cotton,268,16.5,317,0.54,8.52,0.61,38.1,76.6,23.4,-0.32,low,medium,high,1,1,rule-derived from synthetic thresholds
5860,7,Pune,clay,Mustard,486,14.5,199,0.72,7.31,1.15,330.5,978.8,22.2,1.24,medium,medium,medium,0,0,rule-derived from synthetic thresholds
5861,3,Madurai,sandy,Cotton,255,17.4,109,0.73,8.6,0.43,107.3,317.3,27.6,-0.6,low,medium,low,1,0,rule-derived from synthetic thresholds
5862,2,Coimbatore,loam,Rice,402,18.0,396,0.6,8.44,0.58,146.2,358.9,28.1,-0.98,medium,medium,high,0,1,rule-derived from synthetic thresholds
5863,11,Kanpur,loam,Maize,417,26.8,33,0.53,8.49,1.18,52.4,127.8,22.2,-0.86,medium,high,low,1,1,rule-derived from synthetic thresholds
5864,3,Madurai,sandy,Rice,252,19.5,153,0.21,6.33,0.4,118.8,375.4,28.1,0.27,low,medium,medium,1,0,rule-derived from synthetic thresholds
5865,6,Nagpur,clay,Cotton,318,11.9,481,0.31,7.76,0.35,138.4,354.8,23.3,-0.4,medium,medium,high,0,1,rule-derived from synthetic thresholds
5866,10,Jaipur,sandy,Mustard,389,5.6,116,0.42,5.94,0.94,17.2,49.8,22.3,0.63,medium,low,medium,1,0,rule-derived from synthetic thresholds
5867,8,Guntur,clay,Rice,342,15.7,175,0.76,8.1,0.63,92.6,202.6,28.8,-0.69,medium,medium,medium,0,0,rule-derived from synthetic thresholds
5868,8,Guntur,clay,Chilli,295,5.6,223,0.24,8.9,0.21,22.1,67.9,36.4,0.15,medium,low,medium,1,0,rule-derived from synthetic thresholds
5869,7,Pune,clay,Rice,534,35.5,119,0.99,7.87,0.44,154.6,444.9,28.6,-0.3,medium,high,medium,0,1,rule-derived from synthetic thresholds
5870,10,Jaipur,sandy,Mustard,434,8.9,208,0.41,5.62,0.25,41.0,84.3,26.4,-0.17,medium,low,medium,1,0,rule-derived from synthetic thresholds
5871,10,Jaipur,sandy,Mustard,293,20.0,30,0.51,7.87,0.29,176.9,554.7,25.7,-1.62,medium,medium,low,1,0,rule-derived from synthetic thresholds
5872,2,Coimbatore,loam,Turmeric,258,25.8,247,0.13,6.61,0.69,77.7,255.0,23.7,-1.02,low,high,medium,1,1,rule-derived from synthetic thresholds
5873,15,Kolkata (24 Pgs),clay,Mustard,471,5.2,204,0.87,7.64,0.39,73.0,208.4,26.0,-0.58,medium,low,medium,1,0,rule-derived from synthetic thresholds
5874,13,Bengaluru Rural,sandy,Tomato,391,19.7,182,0.63,5.78,0.27,22.3,66.2,25.7,-0.91,medium,medium,medium,0,0,rule-derived from synthetic thresholds
5875,7,Pune,clay,Onion,480,7.9,227,0.73,7.31,0.52,93.1,271.9,20.7,-1.11,medium,low,medium,1,0,rule-derived from synthetic thresholds
5876,6,Nagpur,clay,Soybean,303,6.3,244,0.49,6.72,1.29,20.7,71.5,28.2,0.13,medium,low,medium,1,0,rule-derived from synthetic thresholds
5877,11,Kanpur,loam,Green gram,266,38.6,202,0.35,7.42,1.9,346.9,754.6,25.4,0.45,low,high,medium,1,1,rule-derived from synthetic thresholds
5878,10,Jaipur,sandy,Tomato,405,7.4,117,0.49,7.39,0.54,133.1,348.5,25.6,-1.79,medium,low,medium,1,0,rule-derived from synthetic thresholds
5879,13,Bengaluru Rural,sandy,Tomato,395,88.6,285,0.57,6.41,0.68,33.4,92.0,21.3,1.48,medium,high,high,0,1,rule-derived from synthetic thresholds
5880,7,Pune,clay,Maize,248,23.8,205,0.29,8.05,0.11,24.2,60.1,19.3,-0.08,low,medium,medium,1,0,rule-derived from synthetic thresholds
5881,7,Pune,clay,Maize,413,23.0,285,0.64,7.76,0.47,103.0,223.9,25.6,-1.35,medium,medium,high,0,1,rule-derived from synthetic thresholds
5882,8,Guntur,clay,Cotton,569,19.8,250,1.08,8.5,0.72,52.0,136.9,26.6,-1.6,high,medium,medium,0,1,rule-derived from synthetic thresholds
5883,5,Karnal,loam,Wheat,209,28.2,207,0.56,7.0,0.58,93.0,234.4,30.2,0.2,low,high,medium,1,1,rule-derived from synthetic thresholds
5884,12,Patna,loam,Maize,217,5.7,217,0.56,6.76,0.89,120.9,270.4,24.3,-1.34,low,low,medium,1,0,rule-derived from synthetic thresholds
5885,12,Patna,loam,Wheat,532,6.3,274,0.65,7.36,0.2,130.2,306.2,24.8,-0.97,medium,low,medium,1,0,rule-derived from synthetic thresholds
5886,2,Coimbatore,loam,Maize,436,12.4,222,0.84,8.08,0.2,36.2,116.8,28.2,0.3,medium,medium,medium,0,0,rule-derived from synthetic thresholds
5887,2,Coimbatore,loam,Maize,398,18.8,123,0.67,7.85,0.19,211.0,563.4,24.9,-0.17,medium,medium,medium,0,0,rule-derived from synthetic thresholds
5888,2,Coimbatore,loam,Cotton,330,24.7,178,0.52,7.24,0.52,48.6,105.2,24.7,0.72,medium,medium,medium,0,0,rule-derived from synthetic thresholds
5889,5,Karnal,loam,Wheat,192,19.2,300,0.37,7.26,1.89,23.3,83.6,17.7,0.37,low,medium,high,1,1,rule-derived from synthetic thresholds
5890,2,Coimbatore,loam,Cotton,410,9.1,204,0.7,6.91,1.02,17.9,59.5,24.9,0.21,medium,low,medium,1,0,rule-derived from synthetic thresholds
5891,9,Indore,clay,Chickpea,279,16.0,188,0.48,7.05,1.21,115.2,248.3,22.0,0.2,low,medium,medium,1,0,rule-derived from synthetic thresholds
5892,15,Kolkata (24 Pgs),clay,Rice,315,21.3,207,0.52,7.54,0.43,213.2,630.4,31.9,1.27,medium,medium,medium,0,0,rule-derived from synthetic thresholds
5893,11,Kanpur,loam,Green gram,414,53.8,250,0.65,7.68,0.75,237.4,669.4,28.7,-0.67,medium,high,medium,0,1,rule-derived from synthetic thresholds
5894,14,Dharwad,clay,Chilli,456,6.3,404,0.83,7.81,0.47,50.3,113.5,20.9,-0.18,medium,low,high,1,1,rule-derived from synthetic thresholds
5895,3,Madurai,sandy,Maize,297,10.3,66,0.31,5.86,0.54,83.5,258.5,30.6,0.02,medium,medium,low,1,0,rule-derived from synthetic thresholds
5896,11,Kanpur,loam,Tomato,551,24.0,161,0.91,7.32,0.43,105.6,330.0,28.2,0.68,medium,medium,medium,0,0,rule-derived from synthetic thresholds
5897,11,Kanpur,loam,Wheat,299,13.0,252,0.23,6.15,0.36,46.0,109.8,25.0,-0.6,medium,medium,medium,0,0,rule-derived from synthetic thresholds
5898,7,Pune,clay,Onion,418,7.1,200,0.54,9.09,1.1,166.1,390.8,23.7,0.43,medium,low,medium,1,0,rule-derived from synthetic thresholds
5899,12,Patna,loam,Maize,525,7.5,324,0.86,6.62,0.55,42.2,146.4,27.9,-0.69,medium,low,high,1,1,rule-derived from synthetic thresholds
5900,2,Coimbatore,loam,Maize,349,7.9,248,0.33,7.13,1.1,28.4,97.3,20.6,0.8,medium,low,medium,1,0,rule-derived from synthetic thresholds
5901,10,Jaipur,sandy,Wheat,326,22.8,162,0.58,7.08,0.82,39.8,95.4,23.9,0.19,medium,medium,medium,0,0,rule-derived from synthetic thresholds
5902,13,Bengaluru Rural,sandy,Ragi,448,22.7,154,0.64,7.87,0.45,21.5,59.1,22.0,0.72,medium,medium,medium,0,0,rule-derived from synthetic thresholds
5903,6,Nagpur,clay,Cotton,475,9.8,170,0.96,7.65,0.15,62.1,171.8,27.8,0.5,medium,low,medium,1,0,rule-derived from synthetic thresholds
5904,3,Madurai,sandy,Chilli,336,26.8,157,0.33,6.56,1.29,19.2,41.3,29.4,-1.83,medium,high,medium,0,1,rule-derived from synthetic thresholds
5905,1,Thanjavur,clay,Cotton,250,41.0,238,0.62,7.45,0.79,67.6,210.9,26.3,-0.42,low,high,medium,1,1,rule-derived from synthetic thresholds
5906,5,Karnal,loam,Rice,249,32.5,206,0.29,6.35,0.46,14.9,45.9,18.4,-0.96,low,high,medium,1,1,rule-derived from synthetic thresholds
5907,13,Bengaluru Rural,sandy,Sorghum,307,12.4,207,0.48,5.76,0.58,69.9,171.2,22.1,0.68,medium,medium,medium,0,0,rule-derived from synthetic thresholds
5908,13,Bengaluru Rural,sandy,Tomato,228,4.3,221,0.55,6.8,0.66,19.2,67.5,23.7,2.25,low,low,medium,1,0,rule-derived from synthetic thresholds
5909,10,Jaipur,sandy,Onion,271,3.8,173,0.29,7.97,0.83,18.0,54.2,25.3,0.31,low,low,medium,1,0,rule-derived from synthetic thresholds
5910,4,Ludhiana,sandy,Mustard,242,5.8,212,0.58,6.28,0.61,21.8,70.0,32.4,0.1,low,low,medium,1,0,rule-derived from synthetic thresholds
5911,4,Ludhiana,sandy,Rice,354,6.2,30,0.64,6.07,0.43,160.8,406.6,23.0,1.58,medium,low,low,1,0,rule-derived from synthetic thresholds
5912,13,Bengaluru Rural,sandy,Rice,384,6.7,125,0.37,7.29,0.66,32.4,68.6,22.0,-0.73,medium,low,medium,1,0,rule-derived from synthetic thresholds
5913,9,Indore,clay,Pigeon pea,463,20.6,381,0.82,8.56,0.51,234.4,479.5,31.7,1.37,medium,medium,high,0,1,rule-derived from synthetic thresholds
5914,12,Patna,loam,Potato,294,33.3,137,0.49,5.96,0.94,16.7,45.3,25.9,0.7,medium,high,medium,0,1,rule-derived from synthetic thresholds
5915,6,Nagpur,clay,Cotton,486,9.2,223,0.92,8.19,0.27,143.5,489.2,29.1,-0.87,medium,low,medium,1,0,rule-derived from synthetic thresholds
5916,13,Bengaluru Rural,sandy,Tomato,272,16.3,42,0.52,7.33,0.36,164.5,373.8,21.5,-1.06,low,medium,low,1,0,rule-derived from synthetic thresholds
5917,8,Guntur,clay,Rice,341,78.2,227,0.43,7.13,0.41,155.1,329.4,29.5,-0.01,medium,high,medium,0,1,rule-derived from synthetic thresholds
5918,11,Kanpur,loam,Rice,552,5.0,316,0.73,7.75,1.46,32.3,88.2,30.6,-0.89,medium,low,high,1,1,rule-derived from synthetic thresholds
5919,13,Bengaluru Rural,sandy,Ragi,219,15.6,199,0.28,5.55,1.44,65.9,178.3,21.1,0.08,low,medium,medium,1,0,rule-derived from synthetic thresholds
5920,6,Nagpur,clay,Soybean,487,25.3,315,0.77,8.47,0.72,241.8,692.0,29.2,-0.12,medium,high,high,0,1,rule-derived from synthetic thresholds
5921,12,Patna,loam,Maize,277,3.2,199,0.1,7.96,0.89,41.4,148.6,23.2,-0.94,low,low,medium,1,0,rule-derived from synthetic thresholds
5922,10,Jaipur,sandy,Pearl millet,515,9.8,30,0.88,6.06,0.27,9.3,22.2,29.0,1.26,medium,low,low,1,0,rule-derived from synthetic thresholds
5923,8,Guntur,clay,Chilli,480,6.9,150,0.71,9.08,0.35,32.8,67.5,28.1,-1.19,medium,low,medium,1,0,rule-derived from synthetic thresholds
5924,13,Bengaluru Rural,sandy,Maize,291,5.4,130,0.45,6.53,1.22,42.2,133.2,26.9,0.25,medium,low,medium,1,0,rule-derived from synthetic thresholds
5925,7,Pune,clay,Onion,331,27.7,189,0.81,7.51,1.5,24.5,54.6,27.8,0.52,medium,high,medium,0,1,rule-derived from synthetic thresholds
5926,12,Patna,loam,Maize,320,12.7,136,0.37,7.19,1.67,103.3,313.9,26.5,-0.05,medium,medium,medium,0,0,rule-derived from synthetic thresholds
5927,2,Coimbatore,loam,Banana,404,29.7,377,0.74,9.02,1.42,22.7,73.6,27.9,-0.05,medium,high,high,0,1,rule-derived from synthetic thresholds
5928,13,Bengaluru Rural,sandy,Maize,369,9.5,172,0.57,6.87,0.44,134.9,454.2,20.5,-1.22,medium,low,medium,1,0,rule-derived from synthetic thresholds
5929,15,Kolkata (24 Pgs),clay,Rice,430,15.5,257,0.59,7.95,1.01,261.2,545.9,20.9,0.61,medium,medium,medium,0,0,rule-derived from synthetic thresholds
5930,15,Kolkata (24 Pgs),clay,Potato,326,8.4,231,0.52,8.38,0.42,72.9,198.5,26.4,0.24,medium,low,medium,1,0,rule-derived from synthetic thresholds
5931,13,Bengaluru Rural,sandy,Chilli,315,10.7,234,0.41,6.2,0.81,45.3,143.4,30.7,0.21,medium,medium,medium,0,0,rule-derived from synthetic thresholds
5932,11,Kanpur,loam,Potato,400,16.2,54,0.62,6.35,0.77,14.6,43.0,27.8,-0.52,medium,medium,low,1,0,rule-derived from synthetic thresholds
5933,12,Patna,loam,Wheat,663,16.1,189,0.92,7.46,1.84,37.4,113.6,26.5,0.41,high,medium,medium,0,1,rule-derived from synthetic thresholds
5934,14,Dharwad,clay,Soybean,227,11.1,225,0.52,7.37,1.13,29.8,63.6,24.3,-0.61,low,medium,medium,1,0,rule-derived from synthetic thresholds
5935,11,Kanpur,loam,Potato,419,21.0,242,0.41,6.57,2.81,31.9,78.3,25.7,0.23,medium,medium,medium,0,0,rule-derived from synthetic thresholds
5936,5,Karnal,loam,Pigeon pea,220,14.8,30,0.36,8.68,0.5,71.6,206.1,30.4,0.02,low,medium,low,1,0,rule-derived from synthetic thresholds
5937,3,Madurai,sandy,Pearl millet,296,30.8,39,0.44,5.78,0.31,27.7,97.5,30.9,0.0,medium,high,low,1,1,rule-derived from synthetic thresholds
5938,15,Kolkata (24 Pgs),clay,Mustard,378,17.6,205,0.7,7.3,0.23,50.5,170.9,25.3,-1.26,medium,medium,medium,0,0,rule-derived from synthetic thresholds
5939,3,Madurai,sandy,Chilli,200,11.0,257,0.23,6.03,0.89,201.0,590.7,28.3,-0.91,low,medium,medium,1,0,rule-derived from synthetic thresholds
5940,14,Dharwad,clay,Sorghum,405,12.0,301,0.77,6.36,0.45,43.6,95.3,25.1,-1.47,medium,medium,high,0,1,rule-derived from synthetic thresholds
5941,15,Kolkata (24 Pgs),clay,Rice,257,21.3,258,0.48,8.25,0.49,247.4,715.3,22.3,2.7,low,medium,medium,1,0,rule-derived from synthetic thresholds
5942,1,Thanjavur,clay,Green gram,565,17.9,294,1.09,6.75,0.8,66.2,146.3,33.2,-0.44,high,medium,high,0,1,rule-derived from synthetic thresholds
5943,13,Bengaluru Rural,sandy,Sorghum,371,13.1,41,0.47,5.62,0.73,100.6,298.9,23.4,0.67,medium,medium,low,1,0,rule-derived from synthetic thresholds
5944,9,Indore,clay,Soybean,497,29.6,226,0.75,8.5,1.71,56.7,138.2,24.7,-0.53,medium,high,medium,0,1,rule-derived from synthetic thresholds
5945,6,Nagpur,clay,Sunflower,479,20.3,177,0.47,6.85,0.12,31.8,94.2,28.2,-1.36,medium,medium,medium,0,0,rule-derived from synthetic thresholds
5946,8,Guntur,clay,Sugarcane,376,7.2,334,0.41,7.21,0.36,25.7,88.1,26.0,0.11,medium,low,high,1,1,rule-derived from synthetic thresholds
5947,7,Pune,clay,Maize,425,6.5,322,0.64,8.39,0.73,39.1,102.8,30.0,-2.93,medium,low,high,1,1,rule-derived from synthetic thresholds
5948,13,Bengaluru Rural,sandy,Maize,202,6.2,140,0.26,7.57,0.46,186.9,381.0,20.4,0.2,low,low,medium,1,0,rule-derived from synthetic thresholds
5949,7,Pune,clay,Sugarcane,673,30.0,265,0.94,7.3,0.33,14.4,29.3,26.0,-0.67,high,high,medium,0,1,rule-derived from synthetic thresholds
5950,2,Coimbatore,loam,Pearl millet,389,7.6,96,0.31,7.5,0.93,79.0,158.7,23.6,-1.07,medium,low,low,1,0,rule-derived from synthetic thresholds
5951,6,Nagpur,clay,Sorghum,415,30.1,410,0.81,7.76,0.21,21.0,42.5,28.2,0.33,medium,high,high,0,1,rule-derived from synthetic thresholds
5952,8,Guntur,clay,Rice,332,64.2,374,0.3,7.78,0.33,120.2,243.5,28.3,1.17,medium,high,high,0,1,rule-derived from synthetic thresholds
5953,7,Pune,clay,Onion,307,18.5,216,0.42,7.33,1.78,22.4,47.1,24.1,1.72,medium,medium,medium,0,0,rule-derived from synthetic thresholds
5954,8,Guntur,clay,Chilli,591,18.6,337,0.69,7.37,0.5,47.5,125.6,27.4,-1.63,high,medium,high,0,1,rule-derived from synthetic thresholds
5955,15,Kolkata (24 Pgs),clay,Chilli,486,20.5,187,0.68,7.22,1.22,372.4,1244.3,27.0,2.73,medium,medium,medium,0,0,rule-derived from synthetic thresholds
5956,6,Nagpur,clay,Pigeon pea,532,7.6,264,0.72,7.1,0.66,231.6,814.0,28.6,0.49,medium,low,medium,1,0,rule-derived from synthetic thresholds
5957,13,Bengaluru Rural,sandy,Maize,291,29.0,169,0.5,6.23,1.66,19.4,57.0,25.0,-0.57,medium,high,medium,0,1,rule-derived from synthetic thresholds
5958,15,Kolkata (24 Pgs),clay,Chickpea,599,4.9,70,0.85,7.58,0.26,97.3,197.4,25.2,0.23,high,low,low,1,1,rule-derived from synthetic thresholds
5959,13,Bengaluru Rural,sandy,Maize,230,20.9,177,0.22,5.75,0.47,74.4,231.8,23.2,-2.3,low,medium,medium,1,0,rule-derived from synthetic thresholds
5960,9,Indore,clay,Chickpea,464,9.3,254,0.72,8.19,1.17,57.6,202.6,26.3,-1.78,medium,low,medium,1,0,rule-derived from synthetic thresholds
5961,15,Kolkata (24 Pgs),clay,Mustard,354,23.3,336,0.45,8.02,0.44,86.7,279.0,21.7,0.13,medium,medium,high,0,1,rule-derived from synthetic thresholds
5962,7,Pune,clay,Onion,499,6.4,287,0.44,7.73,0.4,43.6,118.4,30.5,0.63,medium,low,high,1,1,rule-derived from synthetic thresholds
5963,5,Karnal,loam,Sugarcane,410,5.4,68,0.57,8.19,0.56,20.6,52.4,20.7,-1.66,medium,low,low,1,0,rule-derived from synthetic thresholds
5964,13,Bengaluru Rural,sandy,Chickpea,421,19.1,375,0.91,5.24,0.65,61.1,151.0,21.3,-1.28,medium,medium,high,0,1,rule-derived from synthetic thresholds
5965,14,Dharwad,clay,Tomato,498,54.5,217,0.9,7.9,2.12,97.3,328.6,24.3,2.32,medium,high,medium,0,1,rule-derived from synthetic thresholds
5966,3,Madurai,sandy,Cotton,339,25.0,212,0.59,6.17,0.38,58.4,188.0,25.6,-0.1,medium,medium,medium,0,0,rule-derived from synthetic thresholds
5967,5,Karnal,loam,Green gram,249,12.4,309,0.36,6.23,0.37,116.6,413.4,22.1,0.35,low,medium,high,1,1,rule-derived from synthetic thresholds
5968,5,Karnal,loam,Rice,489,22.3,233,0.74,7.27,0.34,29.2,68.7,20.8,-0.49,medium,medium,medium,0,0,rule-derived from synthetic thresholds
5969,13,Bengaluru Rural,sandy,Maize,241,27.5,392,0.32,8.3,0.63,13.1,34.2,25.0,0.3,low,high,high,1,1,rule-derived from synthetic thresholds
5970,5,Karnal,loam,Rice,409,43.4,333,0.55,7.78,0.43,146.6,320.0,22.9,1.18,medium,high,high,0,1,rule-derived from synthetic thresholds
5971,10,Jaipur,sandy,Wheat,460,9.4,45,0.63,6.35,0.92,2.3,6.4,26.1,0.38,medium,low,low,1,0,rule-derived from synthetic thresholds
5972,15,Kolkata (24 Pgs),clay,Mustard,506,4.2,348,0.62,7.83,0.34,91.1,304.2,29.6,-0.42,medium,low,high,1,1,rule-derived from synthetic thresholds
5973,14,Dharwad,clay,Sorghum,275,5.0,401,0.43,7.81,0.53,95.9,241.8,24.6,-1.2,low,low,high,1,1,rule-derived from synthetic thresholds
5974,14,Dharwad,clay,Chilli,278,1.7,139,0.61,7.27,0.6,13.2,33.1,26.2,0.82,low,low,medium,1,0,rule-derived from synthetic thresholds
5975,8,Guntur,clay,Chilli,332,11.6,246,0.4,7.72,1.83,83.7,281.2,30.4,-0.26,medium,medium,medium,0,0,rule-derived from synthetic thresholds
5976,10,Jaipur,sandy,Wheat,371,9.9,200,0.16,6.86,1.43,123.2,429.2,27.9,-0.96,medium,low,medium,1,0,rule-derived from synthetic thresholds
5977,11,Kanpur,loam,Potato,383,13.8,117,0.65,7.92,0.5,17.8,48.1,25.3,-0.18,medium,medium,medium,0,0,rule-derived from synthetic thresholds
5978,5,Karnal,loam,Sugarcane,517,55.6,161,0.83,7.74,0.76,23.5,81.7,21.2,0.51,medium,high,medium,0,1,rule-derived from synthetic thresholds
5979,8,Guntur,clay,Cotton,331,11.1,258,0.66,8.66,1.55,52.4,157.1,29.4,-1.6,medium,medium,medium,0,0,rule-derived from synthetic thresholds
5980,8,Guntur,clay,Pearl millet,483,22.5,374,0.91,6.27,1.49,16.9,57.7,30.5,-1.04,medium,medium,high,0,1,rule-derived from synthetic thresholds
5981,13,Bengaluru Rural,sandy,Tomato,229,19.7,81,0.25,6.33,0.47,36.7,88.2,26.6,-0.92,low,medium,low,1,0,rule-derived from synthetic thresholds
5982,9,Indore,clay,Wheat,377,4.5,175,0.58,8.54,0.31,106.1,342.8,19.6,-1.39,medium,low,medium,1,0,rule-derived from synthetic thresholds
5983,7,Pune,clay,Sugarcane,286,49.3,259,0.36,7.22,0.22,146.4,525.1,26.4,-0.11,medium,high,medium,0,1,rule-derived from synthetic thresholds
5984,9,Indore,clay,Ragi,268,25.6,275,0.61,7.71,0.22,68.6,233.6,28.5,-2.27,low,high,medium,1,1,rule-derived from synthetic thresholds
5985,3,Madurai,sandy,Rice,331,36.5,35,0.44,5.61,0.6,58.3,160.8,27.4,0.64,medium,high,low,1,1,rule-derived from synthetic thresholds
5986,4,Ludhiana,sandy,Rice,324,10.1,122,0.51,7.41,0.19,33.5,81.7,26.0,1.09,medium,medium,medium,0,0,rule-derived from synthetic thresholds
5987,13,Bengaluru Rural,sandy,Cotton,283,4.3,138,0.4,5.49,1.45,27.7,88.3,20.8,-0.09,medium,low,medium,1,0,rule-derived from synthetic thresholds
5988,2,Coimbatore,loam,Sorghum,194,13.0,189,0.41,6.87,0.6,34.1,83.2,26.6,-0.41,low,medium,medium,1,0,rule-derived from synthetic thresholds
5989,11,Kanpur,loam,Ragi,227,21.9,143,0.42,7.63,0.2,91.5,208.6,28.2,-0.22,low,medium,medium,1,0,rule-derived from synthetic thresholds
5990,14,Dharwad,clay,Tomato,361,24.9,293,0.59,7.36,1.57,35.5,101.8,24.3,0.25,medium,medium,high,0,1,rule-derived from synthetic thresholds
5991,11,Kanpur,loam,Rice,195,5.8,91,0.6,8.19,0.27,244.5,496.2,26.9,0.67,low,low,low,1,0,rule-derived from synthetic thresholds
5992,10,Jaipur,sandy,Ragi,336,6.6,116,0.16,8.0,1.86,17.4,61.7,27.5,0.66,medium,low,medium,1,0,rule-derived from synthetic thresholds
5993,11,Kanpur,loam,Wheat,368,40.9,204,0.67,7.12,0.39,197.7,477.8,23.7,-0.31,medium,high,medium,0,1,rule-derived from synthetic thresholds
5994,3,Madurai,sandy,Groundnut,372,12.2,127,0.58,6.12,1.06,59.9,131.4,26.8,-0.39,medium,medium,medium,0,0,rule-derived from synthetic thresholds
5995,3,Madurai,sandy,Cotton,293,9.4,243,0.37,7.26,0.92,48.9,156.7,23.1,0.74,medium,low,medium,1,0,rule-derived from synthetic thresholds
5996,15,Kolkata (24 Pgs),clay,Lentil,369,13.5,461,0.67,5.81,1.14,18.0,45.0,25.8,-0.62,medium,medium,high,0,1,rule-derived from synthetic thresholds
5997,7,Pune,clay,Maize,512,30.5,301,0.79,8.5,0.6,20.1,68.8,22.8,-0.5,medium,high,high,0,1,rule-derived from synthetic thresholds
5998,7,Pune,clay,Onion,362,21.8,274,0.7,6.59,0.66,34.0,118.0,22.9,0.32,medium,medium,medium,0,0,rule-derived from synthetic thresholds
5999,3,Madurai,sandy,Rice,308,12.7,213,0.26,6.8,0.27,49.4,159.6,35.9,-0.54,medium,medium,medium,0,0,rule-derived from synthetic thresholds
6000,11,Kanpur,loam,Rice,507,6.6,297,0.46,6.61,0.74,29.9,92.8,30.0,0.34,medium,low,high,1,1,rule-derived from synthetic thresholds
