report_id,crop,dose_N_kg_ha,dose_P2O5_kg_ha,dose_K2O_kg_ha,yield_t_ha,district_id,soil_texture,N_kg_ha,P_kg_ha,K_kg_ha,OC_pct,pH,rain_90d_mm,temp_30d_c,rain_anomaly_z,label_source
1,Rice,41.7,68.7,34.5,4.26,12,loam,325,31.3,81,0.62,6.53,41.2,27.6,0.58,synthetic response curve (Mitscherlich-style) + noise; NOT measured yield
2,Pigeon pea,22.8,17.2,37.2,0.86,6,clay,419,7.4,174,0.66,8.24,871.7,26.0,0.04,synthetic response curve (Mitscherlich-style) + noise; NOT measured yield
3,Rice,151.2,27.5,52.8,3.5,15,clay,568,24.2,257,1.02,8.61,471.7,29.9,0.14,synthetic response curve (Mitscherlich-style) + noise; NOT measured yield
4,Maize,136.4,20.9,7.9,3.63,4,sandy,361,11.0,126,0.3,6.83,41.7,25.1,-0.18,synthetic response curve (Mitscherlich-style) + noise; NOT measured yield
5,Banana,203.1,9.6,225.8,23.79,12,loam,364,11.6,225,0.5,8.18,127.8,26.0,1.17,synthetic response curve (Mitscherlich-style) + noise; NOT measured yield
6,Chilli,43.3,60.5,19.7,1.63,4,sandy,401,15.5,45,0.66,7.05,180.8,30.5,-1.05,synthetic response curve (Mitscherlich-style) + noise; NOT measured yield
7,Wheat,155.2,54.7,39.1,3.32,11,loam,412,8.3,248,0.74,6.18,185.5,27.1,-2.0,synthetic response curve (Mitscherlich-style) + noise; NOT measured yield
8,Cotton,172.2,0.6,42.2,0.92,2,loam,279,16.8,204,0.37,6.43,59.9,29.7,-1.66,synthetic response curve (Mitscherlich-style) + noise; NOT measured yield
9,Potato,98.1,6.8,135.6,15.34,11,loam,140,12.0,144,0.31,7.39,47.5,26.7,0.77,synthetic response curve (Mitscherlich-style) + noise; NOT measured yield
10,Onion,131.0,52.0,45.6,24.33,7,clay,392,25.3,64,0.6,7.72,66.5,23.6,-0.66,synthetic response curve (Mitscherlich-style) + noise; NOT measured yield
11,Wheat,48.4,66.6,0.4,3.37,9,clay,623,9.4,342,0.97,7.9,727.5,20.3,-0.52,synthetic response curve (Mitscherlich-style) + noise; NOT measured yield
12,Green gram,2.5,38.8,0.3,0.82,1,clay,506,20.1,296,0.73,7.38,360.6,30.1,0.88,synthetic response curve (Mitscherlich-style) + noise; NOT measured yield
13,Cotton,141.9,39.7,58.4,1.57,6,clay,496,35.9,364,0.79,9.2,48.9,28.6,0.99,synthetic response curve (Mitscherlich-style) + noise; NOT measured yield
14,Chilli,114.4,69.8,12.0,2.35,3,sandy,260,17.8,297,0.21,5.84,62.3,27.9,0.49,synthetic response curve (Mitscherlich-style) + noise; NOT measured yield
15,Wheat,84.2,24.0,38.1,3.3,10,sandy,335,5.2,177,0.35,7.54,5.3,23.4,-0.07,synthetic response curve (Mitscherlich-style) + noise; NOT measured yield
16,Rice,169.0,16.3,60.3,3.6,1,clay,502,26.1,285,0.97,7.96,217.0,32.2,0.83,synthetic response curve (Mitscherlich-style) + noise; NOT measured yield
17,Sorghum,34.0,49.8,40.2,2.45,14,clay,457,14.5,207,0.65,7.39,425.4,34.6,1.94,synthetic response curve (Mitscherlich-style) + noise; NOT measured yield
18,Cotton,58.4,43.3,67.0,1.63,3,sandy,445,13.3,153,0.55,6.39,523.6,28.6,2.05,synthetic response curve (Mitscherlich-style) + noise; NOT measured yield
19,Chilli,124.9,54.1,5.1,2.0,8,clay,581,20.1,231,1.02,7.12,165.5,27.2,1.24,synthetic response curve (Mitscherlich-style) + noise; NOT measured yield
20,Rice,128.4,60.6,50.1,4.77,15,clay,485,25.1,239,0.68,8.21,179.1,27.1,1.59,synthetic response curve (Mitscherlich-style) + noise; NOT measured yield
21,Maize,190.2,41.6,30.4,4.74,7,clay,518,22.4,185,0.98,7.44,60.4,19.7,0.91,synthetic response curve (Mitscherlich-style) + noise; NOT measured yield
22,Chickpea,25.5,33.3,33.2,1.31,9,clay,482,7.5,378,0.73,7.5,484.6,26.4,0.97,synthetic response curve (Mitscherlich-style) + noise; NOT measured yield
23,Maize,148.8,67.8,30.6,4.9,15,clay,512,11.1,343,0.91,8.47,92.1,28.4,-1.83,synthetic response curve (Mitscherlich-style) + noise; NOT measured yield
24,Cotton,137.6,49.2,76.0,1.76,2,loam,603,18.1,145,0.68,7.31,149.4,29.4,-1.62,synthetic response curve (Mitscherlich-style) + noise; NOT measured yield
25,Soybean,1.9,59.7,16.3,2.23,9,clay,416,17.8,344,0.6,8.3,36.3,27.1,0.41,synthetic response curve (Mitscherlich-style) + noise; NOT measured yield
26,Soybean,18.5,39.7,27.0,1.73,9,clay,385,15.4,110,0.71,7.47,84.5,23.5,0.69,synthetic response curve (Mitscherlich-style) + noise; NOT measured yield
27,Wheat,74.6,35.7,65.1,3.84,11,loam,204,33.0,306,0.4,6.77,46.5,32.2,-0.35,synthetic response curve (Mitscherlich-style) + noise; NOT measured yield
28,Tomato,117.2,37.9,60.4,33.35,10,sandy,225,13.8,118,0.46,7.77,130.6,25.8,1.1,synthetic response curve (Mitscherlich-style) + noise; NOT measured yield
29,Rice,71.5,77.2,70.3,4.25,8,clay,331,23.7,331,0.52,7.93,104.4,27.1,0.51,synthetic response curve (Mitscherlich-style) + noise; NOT measured yield
30,Potato,202.0,62.4,157.4,23.33,9,clay,242,13.2,104,0.43,9.2,335.5,23.8,0.05,synthetic response curve (Mitscherlich-style) + noise; NOT measured yield
31,Rice,165.3,76.5,22.2,4.18,5,loam,237,34.0,155,0.64,7.13,31.3,21.8,0.54,synthetic response curve (Mitscherlich-style) + noise; NOT measured yield
32,Soybean,35.9,43.7,33.6,1.99,6,clay,293,13.6,289,0.58,7.75,289.8,35.2,0.29,synthetic response curve (Mitscherlich-style) + noise; NOT measured yield
33,Green gram,13.5,5.3,29.1,0.44,15,clay,386,17.4,209,0.51,9.2,136.1,26.4,-0.88,synthetic response curve (Mitscherlich-style) + noise; NOT measured yield
34,Mustard,10.6,28.6,12.3,1.28,10,sandy,342,19.7,182,0.29,7.32,298.4,25.8,1.18,synthetic response curve (Mitscherlich-style) + noise; NOT measured yield
35,Sunflower,71.7,14.0,23.6,1.17,11,loam,331,14.5,141,0.45,6.41,81.9,26.5,1.79,synthetic response curve (Mitscherlich-style) + noise; NOT measured yield
36,Cotton,154.3,74.7,61.3,1.87,3,sandy,392,20.4,112,0.53,6.68,59.8,30.7,0.15,synthetic response curve (Mitscherlich-style) + noise; NOT measured yield
37,Soybean,11.4,74.3,15.0,1.77,6,clay,400,32.2,98,0.69,7.89,165.2,19.6,0.51,synthetic response curve (Mitscherlich-style) + noise; NOT measured yield
38,Maize,191.9,27.6,54.6,5.19,4,sandy,274,26.5,306,0.32,5.18,88.9,26.5,0.66,synthetic response curve (Mitscherlich-style) + noise; NOT measured yield
39,Rice,54.2,59.0,73.5,4.3,15,clay,436,3.7,144,0.89,7.34,515.9,19.4,-1.18,synthetic response curve (Mitscherlich-style) + noise; NOT measured yield
40,Turmeric,35.1,68.6,72.3,16.67,15,clay,477,8.1,275,0.96,6.67,62.4,23.6,0.26,synthetic response curve (Mitscherlich-style) + noise; NOT measured yield
41,Pearl millet,95.4,3.2,13.3,1.23,6,clay,462,25.6,293,0.79,7.66,76.6,22.8,-1.03,synthetic response curve (Mitscherlich-style) + noise; NOT measured yield
42,Maize,6.6,45.8,11.9,4.42,7,clay,350,9.5,394,0.24,8.78,572.1,28.4,-1.09,synthetic response curve (Mitscherlich-style) + noise; NOT measured yield
43,Sorghum,115.4,4.0,26.9,1.47,11,loam,314,10.5,187,0.35,6.8,261.6,30.6,0.96,synthetic response curve (Mitscherlich-style) + noise; NOT measured yield
44,Sorghum,89.8,46.3,45.4,2.39,3,sandy,222,8.3,77,0.31,5.43,149.5,34.3,-0.07,synthetic response curve (Mitscherlich-style) + noise; NOT measured yield
45,Chickpea,3.9,36.8,27.5,1.24,9,clay,299,14.9,347,0.56,6.78,139.7,31.2,-0.87,synthetic response curve (Mitscherlich-style) + noise; NOT measured yield
46,Lentil,14.3,53.7,12.9,0.81,4,sandy,437,5.0,157,0.44,6.44,136.6,26.4,1.39,synthetic response curve (Mitscherlich-style) + noise; NOT measured yield
47,Chilli,42.0,17.0,45.0,1.69,8,clay,454,13.6,164,0.62,8.56,21.1,31.5,-1.97,synthetic response curve (Mitscherlich-style) + noise; NOT measured yield
48,Rice,65.4,9.9,42.4,3.0,11,loam,309,10.5,82,0.35,6.36,249.5,24.4,0.13,synthetic response curve (Mitscherlich-style) + noise; NOT measured yield
49,Turmeric,51.0,60.7,72.7,15.19,12,loam,425,3.2,154,0.56,6.08,391.0,26.7,-1.68,synthetic response curve (Mitscherlich-style) + noise; NOT measured yield
50,Sorghum,31.6,12.3,7.0,2.24,2,loam,290,33.3,242,0.59,6.48,72.0,25.3,0.73,synthetic response curve (Mitscherlich-style) + noise; NOT measured yield
51,Rice,112.2,59.6,9.7,3.71,5,loam,395,8.1,222,0.49,7.3,263.5,22.1,-0.82,synthetic response curve (Mitscherlich-style) + noise; NOT measured yield
52,Pigeon pea,19.2,54.6,35.9,1.16,6,clay,442,33.9,299,0.69,6.82,210.6,30.2,0.18,synthetic response curve (Mitscherlich-style) + noise; NOT measured yield
53,Rice,38.1,75.6,30.2,4.63,11,loam,369,12.5,271,0.88,5.79,568.9,27.7,0.31,synthetic response curve (Mitscherlich-style) + noise; NOT measured yield
54,Sugarcane,296.1,23.3,139.1,47.81,5,loam,432,3.9,217,0.26,6.68,61.3,19.8,0.19,synthetic response curve (Mitscherlich-style) + noise; NOT measured yield
55,Onion,6.4,53.3,90.1,27.86,7,clay,526,27.0,368,0.61,6.01,18.8,21.0,-0.8,synthetic response curve (Mitscherlich-style) + noise; NOT measured yield
56,Sorghum,63.3,42.2,9.1,1.82,4,sandy,307,10.2,212,0.5,5.19,238.2,28.6,-0.86,synthetic response curve (Mitscherlich-style) + noise; NOT measured yield
57,Soybean,27.5,73.5,46.2,2.06,6,clay,434,11.6,354,0.52,8.16,83.8,27.7,-0.67,synthetic response curve (Mitscherlich-style) + noise; NOT measured yield
58,Cotton,69.0,79.6,81.8,1.68,8,clay,355,14.3,226,0.65,7.23,266.5,28.9,-0.67,synthetic response curve (Mitscherlich-style) + noise; NOT measured yield
59,Wheat,87.4,26.8,45.3,3.19,4,sandy,477,6.9,232,0.58,6.56,661.7,20.4,-1.23,synthetic response curve (Mitscherlich-style) + noise; NOT measured yield
60,Lentil,25.3,17.9,32.8,0.94,2,loam,299,10.4,312,0.56,8.49,461.2,29.1,0.7,synthetic response curve (Mitscherlich-style) + noise; NOT measured yield
61,Ragi,94.9,38.8,28.1,1.94,3,sandy,204,28.1,245,0.33,6.59,61.0,30.3,0.01,synthetic response curve (Mitscherlich-style) + noise; NOT measured yield
62,Maize,110.9,94.2,42.8,4.84,7,clay,504,5.5,247,0.56,9.1,226.0,22.3,0.45,synthetic response curve (Mitscherlich-style) + noise; NOT measured yield
63,Cotton,17.1,80.6,82.3,1.5,3,sandy,274,28.9,110,0.57,7.26,154.2,25.7,0.81,synthetic response curve (Mitscherlich-style) + noise; NOT measured yield
64,Pearl millet,26.7,22.4,36.5,1.66,1,clay,442,4.1,379,0.79,5.1,22.5,27.8,1.34,synthetic response curve (Mitscherlich-style) + noise; NOT measured yield
65,Tomato,80.0,81.4,119.9,33.06,13,sandy,434,18.6,59,0.37,6.21,271.7,25.8,-0.39,synthetic response curve (Mitscherlich-style) + noise; NOT measured yield
66,Rice,155.0,29.4,16.1,3.42,15,clay,493,7.4,167,0.61,8.55,1067.7,22.5,-1.84,synthetic response curve (Mitscherlich-style) + noise; NOT measured yield
67,Chilli,1.2,10.5,26.5,1.49,8,clay,441,14.8,221,0.52,6.75,65.6,32.1,0.93,synthetic response curve (Mitscherlich-style) + noise; NOT measured yield
68,Lentil,2.5,15.5,20.6,0.85,10,sandy,216,11.4,212,0.29,6.63,5.2,27.8,-0.79,synthetic response curve (Mitscherlich-style) + noise; NOT measured yield
69,Sunflower,36.0,16.5,11.4,1.55,3,sandy,196,28.6,166,0.1,6.8,17.8,34.4,1.02,synthetic response curve (Mitscherlich-style) + noise; NOT measured yield
70,Maize,201.6,88.9,43.0,4.79,2,loam,328,34.1,74,0.36,7.3,33.2,29.5,-0.54,synthetic response curve (Mitscherlich-style) + noise; NOT measured yield
71,Sorghum,2.6,16.0,37.1,2.3,2,loam,432,27.0,252,0.62,7.52,244.3,21.1,0.33,synthetic response curve (Mitscherlich-style) + noise; NOT measured yield
72,Rice,137.6,39.5,50.9,4.51,3,sandy,334,19.9,158,0.56,6.79,85.2,27.7,0.08,synthetic response curve (Mitscherlich-style) + noise; NOT measured yield
73,Cotton,104.0,20.0,69.7,1.27,2,loam,395,14.8,128,0.57,5.96,231.2,18.7,-0.25,synthetic response curve (Mitscherlich-style) + noise; NOT measured yield
74,Lentil,14.3,41.7,32.8,1.01,12,loam,475,9.1,155,0.58,6.4,66.4,29.6,-0.11,synthetic response curve (Mitscherlich-style) + noise; NOT measured yield
75,Rice,19.7,57.4,25.7,3.85,12,loam,406,28.2,106,0.45,7.49,286.8,27.3,0.25,synthetic response curve (Mitscherlich-style) + noise; NOT measured yield
76,Potato,130.2,26.7,133.2,19.51,11,loam,277,4.7,248,0.5,7.29,133.4,28.6,-0.74,synthetic response curve (Mitscherlich-style) + noise; NOT measured yield
77,Wheat,106.2,64.7,31.8,4.57,5,loam,336,10.8,283,0.1,6.67,101.2,23.0,0.04,synthetic response curve (Mitscherlich-style) + noise; NOT measured yield
78,Cotton,69.6,62.5,10.7,1.41,6,clay,408,7.9,226,0.91,9.2,526.1,29.1,0.06,synthetic response curve (Mitscherlich-style) + noise; NOT measured yield
79,Pigeon pea,25.4,34.1,3.5,1.05,6,clay,467,5.9,220,0.91,7.43,72.0,32.1,-0.81,synthetic response curve (Mitscherlich-style) + noise; NOT measured yield
80,Chilli,15.1,31.4,37.6,1.65,3,sandy,421,11.3,96,0.37,6.58,96.8,29.8,-0.63,synthetic response curve (Mitscherlich-style) + noise; NOT measured yield
81,Pearl millet,9.1,32.2,19.2,2.11,8,clay,308,23.0,246,0.77,6.65,110.5,28.4,-0.16,synthetic response curve (Mitscherlich-style) + noise; NOT measured yield
82,Chickpea,23.6,24.5,22.7,1.7,9,clay,509,57.8,300,0.81,7.1,176.2,29.9,0.8,synthetic response curve (Mitscherlich-style) + noise; NOT measured yield
83,Chickpea,23.1,26.2,27.1,1.27,4,sandy,172,22.5,119,0.1,7.61,234.0,24.3,-0.07,synthetic response curve (Mitscherlich-style) + noise; NOT measured yield
84,Turmeric,67.2,14.1,32.1,11.23,5,loam,272,6.7,30,0.43,8.39,7.9,26.0,-1.42,synthetic response curve (Mitscherlich-style) + noise; NOT measured yield
85,Rice,131.3,15.9,28.8,4.05,8,clay,272,45.7,213,0.47,7.0,182.5,26.5,0.23,synthetic response curve (Mitscherlich-style) + noise; NOT measured yield
86,Maize,17.2,86.0,21.6,5.88,2,loam,500,9.9,308,0.5,6.72,239.6,23.4,0.39,synthetic response curve (Mitscherlich-style) + noise; NOT measured yield
87,Sugarcane,233.0,34.3,21.6,73.96,9,clay,349,22.1,299,0.42,7.82,215.9,26.6,-0.08,synthetic response curve (Mitscherlich-style) + noise; NOT measured yield
88,Sorghum,84.3,9.5,6.1,2.16,6,clay,318,20.7,468,0.53,7.91,371.9,31.2,0.54,synthetic response curve (Mitscherlich-style) + noise; NOT measured yield
89,Wheat,7.7,9.7,13.1,2.29,11,loam,354,11.8,30,0.49,8.22,338.2,26.2,-1.36,synthetic response curve (Mitscherlich-style) + noise; NOT measured yield
90,Rice,76.9,51.7,37.0,3.99,12,loam,230,25.7,231,0.39,8.4,493.8,27.6,-0.13,synthetic response curve (Mitscherlich-style) + noise; NOT measured yield
91,Cotton,99.8,67.3,54.4,2.2,6,clay,441,21.6,299,0.82,8.67,55.9,24.5,0.32,synthetic response curve (Mitscherlich-style) + noise; NOT measured yield
92,Chilli,143.7,28.3,34.2,1.58,6,clay,287,10.5,146,0.57,8.87,231.0,32.5,-1.49,synthetic response curve (Mitscherlich-style) + noise; NOT measured yield
93,Rice,77.5,18.7,27.5,3.66,8,clay,359,16.4,227,0.88,8.33,131.9,31.1,0.63,synthetic response curve (Mitscherlich-style) + noise; NOT measured yield
94,Soybean,7.2,52.1,55.9,2.0,1,clay,393,17.7,165,0.47,7.63,98.1,28.9,-0.45,synthetic response curve (Mitscherlich-style) + noise; NOT measured yield
95,Chilli,123.1,24.7,42.6,1.68,3,sandy,446,12.0,212,0.75,5.49,802.3,27.5,-0.11,synthetic response curve (Mitscherlich-style) + noise; NOT measured yield
96,Onion,46.4,0.3,77.2,14.92,2,loam,302,11.2,108,0.37,6.36,29.1,29.9,-0.1,synthetic response curve (Mitscherlich-style) + noise; NOT measured yield
97,Groundnut,20.7,14.6,8.0,1.3,5,loam,435,12.7,157,0.61,7.08,382.5,23.8,0.06,synthetic response curve (Mitscherlich-style) + noise; NOT measured yield
98,Chickpea,20.1,22.8,46.7,1.38,9,clay,363,10.3,168,0.71,6.29,359.2,23.1,-0.94,synthetic response curve (Mitscherlich-style) + noise; NOT measured yield
99,Wheat,128.7,14.4,24.8,2.8,4,sandy,353,5.8,62,0.54,6.34,94.3,21.2,-0.69,synthetic response curve (Mitscherlich-style) + noise; NOT measured yield
100,Turmeric,54.1,34.6,92.3,15.46,8,clay,425,1.1,298,0.76,8.58,260.4,27.9,0.2,synthetic response curve (Mitscherlich-style) + noise; NOT measured yield
101,Groundnut,12.2,47.2,29.6,1.4,11,loam,310,45.8,267,0.58,7.61,243.0,22.7,-1.58,synthetic response curve (Mitscherlich-style) + noise; NOT measured yield
102,Rice,144.8,45.4,81.2,4.17,11,loam,440,28.0,203,0.51,7.14,179.7,24.3,-0.83,synthetic response curve (Mitscherlich-style) + noise; NOT measured yield
103,Chilli,78.4,44.4,58.0,1.97,8,clay,477,11.3,286,0.6,7.35,103.4,30.2,-0.3,synthetic response curve (Mitscherlich-style) + noise; NOT measured yield
104,Banana,113.7,36.4,144.1,40.0,9,clay,491,67.8,261,0.76,7.95,567.7,28.0,-0.07,synthetic response curve (Mitscherlich-style) + noise; NOT measured yield
105,Sugarcane,286.8,8.2,114.0,66.63,7,clay,397,79.0,250,0.6,7.84,234.4,23.8,-0.84,synthetic response curve (Mitscherlich-style) + noise; NOT measured yield
106,Chilli,134.3,30.9,35.8,2.45,8,clay,381,38.8,353,0.68,7.62,123.7,25.4,0.03,synthetic response curve (Mitscherlich-style) + noise; NOT measured yield
107,Maize,89.8,19.9,16.3,4.79,12,loam,374,14.7,168,0.57,7.49,144.4,20.9,0.5,synthetic response curve (Mitscherlich-style) + noise; NOT measured yield
108,Cotton,49.7,60.0,27.6,1.69,8,clay,409,4.2,275,0.75,6.51,13.9,27.4,-0.13,synthetic response curve (Mitscherlich-style) + noise; NOT measured yield
109,Sugarcane,40.6,50.3,27.3,62.72,6,clay,388,17.5,150,0.52,7.99,387.3,28.1,-1.43,synthetic response curve (Mitscherlich-style) + noise; NOT measured yield
110,Rice,134.1,57.6,5.2,4.72,15,clay,384,12.7,322,0.7,7.54,696.8,25.2,0.13,synthetic response curve (Mitscherlich-style) + noise; NOT measured yield
111,Sorghum,81.4,52.2,42.9,2.78,14,clay,513,20.9,250,0.77,8.22,245.5,22.0,0.87,synthetic response curve (Mitscherlich-style) + noise; NOT measured yield
112,Tomato,127.0,68.3,100.5,35.57,13,sandy,201,16.5,125,0.28,5.6,223.1,21.2,-0.49,synthetic response curve (Mitscherlich-style) + noise; NOT measured yield
113,Ragi,66.5,42.0,13.7,2.04,13,sandy,323,2.5,202,0.4,6.96,682.6,27.5,0.05,synthetic response curve (Mitscherlich-style) + noise; NOT measured yield
114,Cotton,73.6,55.4,54.8,1.65,6,clay,166,5.8,195,0.41,7.29,247.8,27.1,-0.54,synthetic response curve (Mitscherlich-style) + noise; NOT measured yield
115,Potato,24.6,110.0,28.4,22.62,15,clay,509,49.8,293,0.95,8.35,211.2,27.9,0.13,synthetic response curve (Mitscherlich-style) + noise; NOT measured yield
116,Pearl millet,66.5,32.8,8.3,1.7,10,sandy,248,60.5,197,0.47,6.16,50.4,23.6,-0.74,synthetic response curve (Mitscherlich-style) + noise; NOT measured yield
117,Green gram,23.8,32.3,33.2,0.93,14,clay,448,23.3,193,0.69,8.47,74.3,26.8,0.68,synthetic response curve (Mitscherlich-style) + noise; NOT measured yield
118,Sugarcane,121.3,83.8,82.7,74.15,1,clay,422,11.3,206,0.8,9.09,163.1,26.6,0.14,synthetic response curve (Mitscherlich-style) + noise; NOT measured yield
119,Banana,77.6,30.8,0.7,25.4,2,loam,420,10.6,379,0.51,5.45,128.4,26.7,0.41,synthetic response curve (Mitscherlich-style) + noise; NOT measured yield
120,Rice,8.4,75.7,34.9,3.43,1,clay,363,84.0,120,0.15,7.84,555.8,32.4,0.64,synthetic response curve (Mitscherlich-style) + noise; NOT measured yield
121,Mustard,56.4,5.5,34.2,1.02,15,clay,332,35.6,389,0.43,7.22,322.0,28.4,-0.87,synthetic response curve (Mitscherlich-style) + noise; NOT measured yield
122,Green gram,18.5,57.5,30.5,0.76,5,loam,311,11.3,242,0.48,8.71,172.2,27.7,0.08,synthetic response curve (Mitscherlich-style) + noise; NOT measured yield
123,Turmeric,53.5,61.2,73.8,15.72,1,clay,272,13.8,271,0.54,7.91,283.4,25.7,-0.89,synthetic response curve (Mitscherlich-style) + noise; NOT measured yield
124,Chilli,1.3,63.3,12.4,1.86,12,loam,267,10.2,299,0.47,6.96,421.0,29.5,0.53,synthetic response curve (Mitscherlich-style) + noise; NOT measured yield
125,Rice,124.2,61.0,56.8,4.65,12,loam,462,10.7,203,0.89,7.24,210.4,24.0,1.45,synthetic response curve (Mitscherlich-style) + noise; NOT measured yield
126,Sorghum,53.5,51.2,28.7,2.35,14,clay,411,22.1,189,0.94,7.29,428.6,26.6,-0.24,synthetic response curve (Mitscherlich-style) + noise; NOT measured yield
127,Onion,19.0,27.5,51.7,23.13,9,clay,447,14.8,343,0.72,6.36,66.6,24.8,0.34,synthetic response curve (Mitscherlich-style) + noise; NOT measured yield
128,Sorghum,48.1,1.9,7.2,1.58,11,loam,458,10.8,44,0.48,6.92,225.4,23.1,0.76,synthetic response curve (Mitscherlich-style) + noise; NOT measured yield
129,Mustard,16.6,18.9,17.2,1.32,10,sandy,244,17.4,175,0.16,6.15,248.5,29.4,1.81,synthetic response curve (Mitscherlich-style) + noise; NOT measured yield
130,Potato,37.8,7.6,176.7,13.63,11,loam,469,9.3,323,0.62,6.1,320.1,19.8,-0.95,synthetic response curve (Mitscherlich-style) + noise; NOT measured yield
131,Banana,66.1,45.5,296.8,31.68,8,clay,401,5.0,402,0.62,7.5,58.1,27.7,0.93,synthetic response curve (Mitscherlich-style) + noise; NOT measured yield
132,Groundnut,33.3,48.1,18.0,1.52,1,clay,385,71.3,207,0.66,8.4,334.5,26.1,-0.57,synthetic response curve (Mitscherlich-style) + noise; NOT measured yield
133,Lentil,22.5,8.3,5.1,0.71,3,sandy,237,17.9,227,0.4,7.66,159.6,27.8,-1.26,synthetic response curve (Mitscherlich-style) + noise; NOT measured yield
134,Cotton,110.8,38.4,58.5,1.78,14,clay,319,29.4,303,0.5,7.94,304.9,23.6,-0.51,synthetic response curve (Mitscherlich-style) + noise; NOT measured yield
135,Groundnut,4.7,21.2,22.8,1.35,1,clay,357,14.9,149,0.75,6.96,120.1,28.5,-1.9,synthetic response curve (Mitscherlich-style) + noise; NOT measured yield
136,Green gram,29.7,34.6,9.7,0.83,2,loam,461,7.1,237,0.36,6.61,91.2,29.1,-0.62,synthetic response curve (Mitscherlich-style) + noise; NOT measured yield
137,Maize,55.1,93.8,74.0,5.07,13,sandy,390,21.6,153,0.58,7.21,365.4,28.5,-0.12,synthetic response curve (Mitscherlich-style) + noise; NOT measured yield
138,Wheat,144.0,60.1,68.7,4.72,15,clay,261,14.8,121,0.36,6.58,516.9,26.3,-0.01,synthetic response curve (Mitscherlich-style) + noise; NOT measured yield
139,Sugarcane,31.9,77.4,107.2,65.29,7,clay,452,13.1,106,0.61,6.84,51.4,18.6,1.44,synthetic response curve (Mitscherlich-style) + noise; NOT measured yield
140,Rice,123.2,70.9,51.9,4.07,3,sandy,365,26.5,124,0.47,5.41,161.2,26.8,0.34,synthetic response curve (Mitscherlich-style) + noise; NOT measured yield
141,Chickpea,19.4,49.5,37.1,1.43,9,clay,441,13.1,200,0.73,9.2,284.8,17.6,-1.22,synthetic response curve (Mitscherlich-style) + noise; NOT measured yield
142,Banana,97.3,22.7,120.9,26.53,1,clay,495,4.6,311,0.86,7.58,259.4,26.5,-1.0,synthetic response curve (Mitscherlich-style) + noise; NOT measured yield
143,Turmeric,104.9,10.4,135.2,16.25,6,clay,351,60.3,192,0.44,7.5,48.8,28.1,-0.14,synthetic response curve (Mitscherlich-style) + noise; NOT measured yield
144,Soybean,9.3,81.1,9.5,1.6,9,clay,300,44.9,84,0.56,7.68,33.4,29.7,-0.42,synthetic response curve (Mitscherlich-style) + noise; NOT measured yield
145,Cotton,40.3,62.3,44.5,1.55,14,clay,218,27.0,340,0.47,5.55,220.7,24.3,0.03,synthetic response curve (Mitscherlich-style) + noise; NOT measured yield
146,Sorghum,84.4,23.4,18.4,1.79,2,loam,325,8.2,51,0.55,7.06,83.6,31.2,2.26,synthetic response curve (Mitscherlich-style) + noise; NOT measured yield
147,Lentil,21.1,53.9,32.6,0.85,10,sandy,327,38.4,46,0.31,6.8,90.5,26.9,-0.43,synthetic response curve (Mitscherlich-style) + noise; NOT measured yield
148,Rice,161.8,45.3,42.2,4.01,1,clay,334,15.4,67,0.62,7.63,197.5,26.9,0.52,synthetic response curve (Mitscherlich-style) + noise; NOT measured yield
149,Maize,194.5,86.5,40.1,6.18,7,clay,529,32.3,277,0.69,7.07,269.5,23.2,0.92,synthetic response curve (Mitscherlich-style) + noise; NOT measured yield
150,Potato,191.3,66.6,173.5,24.02,11,loam,522,3.4,195,0.65,6.48,88.7,22.2,0.33,synthetic response curve (Mitscherlich-style) + noise; NOT measured yield
151,Groundnut,36.0,23.6,13.2,1.15,1,clay,285,8.3,236,0.41,8.9,176.6,28.6,-0.61,synthetic response curve (Mitscherlich-style) + noise; NOT measured yield
152,Maize,52.6,77.0,64.4,5.45,12,loam,377,27.7,376,0.7,7.68,64.3,32.5,-0.72,synthetic response curve (Mitscherlich-style) + noise; NOT measured yield
153,Potato,91.0,37.8,179.0,21.67,15,clay,318,5.1,356,0.61,6.82,247.3,24.6,1.35,synthetic response curve (Mitscherlich-style) + noise; NOT measured yield
154,Sugarcane,249.8,45.2,81.4,70.21,5,loam,276,8.8,193,0.41,6.53,63.6,22.6,0.94,synthetic response curve (Mitscherlich-style) + noise; NOT measured yield
155,Rice,83.1,83.3,72.8,3.79,12,loam,382,49.2,198,0.42,5.92,205.3,26.3,-1.53,synthetic response curve (Mitscherlich-style) + noise; NOT measured yield
156,Soybean,0.1,36.1,4.8,1.87,9,clay,382,6.7,341,0.67,6.73,407.2,23.1,-0.46,synthetic response curve (Mitscherlich-style) + noise; NOT measured yield
157,Sorghum,10.1,32.4,39.0,2.59,14,clay,497,14.8,344,0.78,6.3,306.0,21.9,0.52,synthetic response curve (Mitscherlich-style) + noise; NOT measured yield
158,Soybean,5.5,9.9,25.0,1.63,9,clay,482,17.1,270,0.48,7.63,736.3,23.3,0.55,synthetic response curve (Mitscherlich-style) + noise; NOT measured yield
159,Ragi,16.2,33.3,24.0,2.01,13,sandy,371,7.8,225,0.33,7.7,105.1,27.4,0.51,synthetic response curve (Mitscherlich-style) + noise; NOT measured yield
160,Rice,3.9,56.4,35.3,3.52,3,sandy,237,6.5,129,0.17,7.49,114.0,31.2,-1.21,synthetic response curve (Mitscherlich-style) + noise; NOT measured yield
161,Maize,142.3,81.4,30.0,5.27,4,sandy,324,24.2,251,0.54,4.78,83.8,25.1,0.9,synthetic response curve (Mitscherlich-style) + noise; NOT measured yield
162,Sugarcane,228.7,32.7,28.7,52.17,7,clay,374,29.3,30,0.77,9.02,568.9,25.4,0.24,synthetic response curve (Mitscherlich-style) + noise; NOT measured yield
163,Chilli,32.4,6.2,13.2,1.37,14,clay,381,13.3,155,0.71,7.48,130.0,23.1,0.34,synthetic response curve (Mitscherlich-style) + noise; NOT measured yield
164,Mustard,105.0,51.6,17.4,0.9,10,sandy,136,5.1,30,0.15,5.76,26.0,24.9,-0.78,synthetic response curve (Mitscherlich-style) + noise; NOT measured yield
165,Sugarcane,315.8,56.9,104.5,70.25,4,sandy,115,19.4,81,0.15,7.84,243.9,22.9,1.03,synthetic response curve (Mitscherlich-style) + noise; NOT measured yield
166,Sorghum,55.8,7.0,42.0,1.5,14,clay,394,18.7,240,0.68,8.01,330.8,17.7,-0.67,synthetic response curve (Mitscherlich-style) + noise; NOT measured yield
167,Chickpea,1.6,38.0,10.0,1.35,10,sandy,389,21.5,179,0.38,5.62,16.9,25.8,1.44,synthetic response curve (Mitscherlich-style) + noise; NOT measured yield
168,Onion,110.2,23.8,53.4,22.36,7,clay,490,23.9,263,0.72,7.52,95.1,28.7,-0.94,synthetic response curve (Mitscherlich-style) + noise; NOT measured yield
169,Turmeric,92.9,39.4,16.4,10.44,6,clay,574,10.0,30,0.84,8.72,652.0,25.9,0.49,synthetic response curve (Mitscherlich-style) + noise; NOT measured yield
170,Potato,191.8,37.3,118.3,23.59,11,loam,504,12.7,271,0.84,6.42,209.2,25.2,-0.09,synthetic response curve (Mitscherlich-style) + noise; NOT measured yield
171,Sorghum,19.2,27.5,31.5,1.91,14,clay,401,11.6,48,0.55,7.47,326.3,23.5,-0.7,synthetic response curve (Mitscherlich-style) + noise; NOT measured yield
172,Rice,166.3,19.4,81.4,2.59,8,clay,458,4.2,352,0.71,6.85,141.6,27.9,-1.15,synthetic response curve (Mitscherlich-style) + noise; NOT measured yield
173,Tomato,111.7,25.5,91.1,30.03,13,sandy,555,31.9,30,0.89,5.03,581.0,26.1,-0.2,synthetic response curve (Mitscherlich-style) + noise; NOT measured yield
174,Rice,11.3,14.6,29.8,3.65,11,loam,603,34.9,350,0.66,5.72,777.5,23.8,-0.48,synthetic response curve (Mitscherlich-style) + noise; NOT measured yield
175,Sorghum,11.7,21.7,31.8,2.31,2,loam,497,43.2,132,0.62,7.58,349.9,25.6,-0.35,synthetic response curve (Mitscherlich-style) + noise; NOT measured yield
176,Rice,81.0,17.0,68.4,3.46,12,loam,276,19.5,312,0.53,7.24,49.5,26.0,-0.77,synthetic response curve (Mitscherlich-style) + noise; NOT measured yield
177,Cotton,139.7,60.9,10.8,1.17,9,clay,571,8.2,123,1.11,8.69,652.1,24.1,-1.76,synthetic response curve (Mitscherlich-style) + noise; NOT measured yield
178,Rice,160.4,67.1,1.2,3.25,8,clay,517,18.0,275,0.79,7.24,50.4,28.5,-0.52,synthetic response curve (Mitscherlich-style) + noise; NOT measured yield
179,Chilli,95.3,40.9,31.0,2.04,10,sandy,341,11.1,130,0.37,6.77,499.7,23.7,-0.55,synthetic response curve (Mitscherlich-style) + noise; NOT measured yield
180,Groundnut,22.1,64.1,57.5,1.24,1,clay,394,2.6,393,0.81,8.77,263.9,27.5,-1.08,synthetic response curve (Mitscherlich-style) + noise; NOT measured yield
181,Cotton,0.4,6.8,68.8,0.89,14,clay,522,2.4,115,0.96,9.2,125.7,29.0,1.26,synthetic response curve (Mitscherlich-style) + noise; NOT measured yield
182,Cotton,88.0,43.2,28.6,1.45,14,clay,408,4.3,306,0.72,8.0,129.1,26.6,-0.27,synthetic response curve (Mitscherlich-style) + noise; NOT measured yield
183,Onion,75.9,38.2,24.8,25.63,15,clay,487,4.2,238,0.63,7.31,492.3,28.0,-0.18,synthetic response curve (Mitscherlich-style) + noise; NOT measured yield
184,Mustard,39.3,7.3,13.6,0.69,10,sandy,360,2.7,113,0.51,7.1,191.5,27.9,-1.3,synthetic response curve (Mitscherlich-style) + noise; NOT measured yield
185,Rice,1.7,18.0,68.6,3.42,4,sandy,277,12.1,320,0.61,6.39,68.3,18.9,-0.22,synthetic response curve (Mitscherlich-style) + noise; NOT measured yield
186,Mustard,5.2,45.9,43.5,1.01,10,sandy,242,38.5,208,0.27,6.39,127.7,25.6,-0.13,synthetic response curve (Mitscherlich-style) + noise; NOT measured yield
187,Wheat,32.5,79.6,42.8,3.32,5,loam,405,4.1,30,0.72,8.8,122.6,25.2,0.09,synthetic response curve (Mitscherlich-style) + noise; NOT measured yield
188,Pearl millet,75.9,39.2,7.6,1.61,8,clay,343,4.1,194,0.48,7.68,102.8,29.5,-0.91,synthetic response curve (Mitscherlich-style) + noise; NOT measured yield
189,Pearl millet,90.6,13.4,30.7,1.89,13,sandy,251,24.5,127,0.49,7.61,66.0,28.4,1.44,synthetic response curve (Mitscherlich-style) + noise; NOT measured yield
190,Rice,16.5,63.6,57.7,4.2,3,sandy,331,9.5,131,0.32,6.53,542.7,28.8,-0.41,synthetic response curve (Mitscherlich-style) + noise; NOT measured yield
191,Onion,67.3,48.2,59.2,27.25,7,clay,319,43.3,167,0.24,7.47,333.3,26.7,0.63,synthetic response curve (Mitscherlich-style) + noise; NOT measured yield
192,Chilli,107.1,48.7,10.8,1.43,8,clay,517,8.8,121,0.81,8.28,217.6,27.7,-2.09,synthetic response curve (Mitscherlich-style) + noise; NOT measured yield
193,Chilli,131.4,23.9,48.6,1.93,14,clay,304,31.8,104,0.23,7.59,48.2,19.2,-1.37,synthetic response curve (Mitscherlich-style) + noise; NOT measured yield
194,Pearl millet,36.5,7.3,15.2,1.62,9,clay,337,20.3,287,0.6,5.95,120.3,23.4,-0.17,synthetic response curve (Mitscherlich-style) + noise; NOT measured yield
195,Pigeon pea,6.2,51.4,46.8,1.06,6,clay,397,42.0,325,0.6,7.74,271.3,26.9,-1.38,synthetic response curve (Mitscherlich-style) + noise; NOT measured yield
196,Cotton,168.0,70.9,19.7,1.79,6,clay,328,4.9,241,0.51,6.1,92.9,29.7,0.36,synthetic response curve (Mitscherlich-style) + noise; NOT measured yield
197,Pigeon pea,25.7,9.8,33.5,0.97,5,loam,418,31.3,142,0.61,7.83,180.6,21.7,-0.65,synthetic response curve (Mitscherlich-style) + noise; NOT measured yield
198,Potato,161.2,25.9,147.3,19.99,3,sandy,279,10.9,183,0.23,6.65,104.9,26.1,1.52,synthetic response curve (Mitscherlich-style) + noise; NOT measured yield
199,Rice,61.7,2.1,60.2,2.86,11,loam,321,27.5,261,0.58,7.3,32.4,19.9,-1.06,synthetic response curve (Mitscherlich-style) + noise; NOT measured yield
200,Maize,68.1,31.4,8.5,5.56,12,loam,399,20.0,277,0.36,7.61,568.6,22.9,1.24,synthetic response curve (Mitscherlich-style) + noise; NOT measured yield
201,Chilli,113.1,69.5,65.7,1.98,3,sandy,189,4.0,159,0.15,6.26,23.1,30.2,-2.22,synthetic response curve (Mitscherlich-style) + noise; NOT measured yield
202,Sugarcane,126.2,1.6,48.7,38.94,7,clay,266,8.9,270,0.47,7.23,110.5,24.0,0.04,synthetic response curve (Mitscherlich-style) + noise; NOT measured yield
203,Rice,120.5,62.4,38.0,4.45,12,loam,427,42.5,199,0.54,6.7,108.7,25.4,-1.67,synthetic response curve (Mitscherlich-style) + noise; NOT measured yield
204,Potato,141.0,66.7,165.3,24.21,11,loam,413,52.9,52,0.93,6.04,229.3,29.7,-0.62,synthetic response curve (Mitscherlich-style) + noise; NOT measured yield
205,Cotton,111.4,20.5,46.7,1.58,2,loam,442,8.8,251,0.63,6.32,154.7,28.0,0.02,synthetic response curve (Mitscherlich-style) + noise; NOT measured yield
206,Chilli,88.3,45.0,60.9,2.3,1,clay,456,13.3,232,0.41,6.89,358.8,26.0,0.22,synthetic response curve (Mitscherlich-style) + noise; NOT measured yield
207,Maize,209.2,73.3,51.3,5.27,2,loam,389,43.5,108,0.22,7.66,20.6,29.5,1.67,synthetic response curve (Mitscherlich-style) + noise; NOT measured yield
208,Groundnut,19.8,3.3,4.7,1.08,8,clay,486,18.4,291,0.86,6.86,509.3,31.5,-0.02,synthetic response curve (Mitscherlich-style) + noise; NOT measured yield
209,Chilli,142.4,19.7,66.2,1.64,14,clay,328,11.9,240,0.39,9.02,780.8,24.5,0.71,synthetic response curve (Mitscherlich-style) + noise; NOT measured yield
210,Banana,185.7,52.4,129.1,36.86,2,loam,363,7.0,227,0.51,7.83,116.5,25.3,1.13,synthetic response curve (Mitscherlich-style) + noise; NOT measured yield
211,Potato,47.5,88.8,149.8,24.61,11,loam,385,11.2,180,0.69,7.79,222.8,23.2,0.31,synthetic response curve (Mitscherlich-style) + noise; NOT measured yield
212,Rice,64.7,16.6,45.4,3.49,12,loam,326,13.4,30,0.39,8.09,188.8,32.5,0.75,synthetic response curve (Mitscherlich-style) + noise; NOT measured yield
213,Green gram,5.8,33.3,32.6,0.8,15,clay,383,11.8,319,0.85,7.3,111.0,32.8,0.18,synthetic response curve (Mitscherlich-style) + noise; NOT measured yield
214,Chickpea,11.2,8.6,13.5,0.92,9,clay,372,12.8,247,0.78,6.1,366.1,24.7,1.92,synthetic response curve (Mitscherlich-style) + noise; NOT measured yield
215,Potato,72.3,25.9,175.0,20.37,15,clay,442,14.5,303,0.93,8.12,271.8,28.2,0.65,synthetic response curve (Mitscherlich-style) + noise; NOT measured yield
216,Maize,44.4,21.9,11.0,4.22,7,clay,465,12.5,148,0.59,7.54,131.8,29.5,0.29,synthetic response curve (Mitscherlich-style) + noise; NOT measured yield
217,Rice,139.6,57.7,69.9,4.86,4,sandy,139,12.2,194,0.12,6.45,27.5,29.5,-0.03,synthetic response curve (Mitscherlich-style) + noise; NOT measured yield
218,Rice,60.8,30.7,31.7,4.74,15,clay,351,40.1,205,0.65,7.35,127.3,23.7,1.59,synthetic response curve (Mitscherlich-style) + noise; NOT measured yield
219,Pearl millet,95.9,50.2,47.5,2.18,8,clay,604,26.5,240,0.81,6.94,127.8,22.9,0.15,synthetic response curve (Mitscherlich-style) + noise; NOT measured yield
220,Sorghum,113.3,14.6,32.4,2.24,5,loam,448,31.5,160,0.54,7.55,69.2,26.5,-0.22,synthetic response curve (Mitscherlich-style) + noise; NOT measured yield
221,Lentil,10.5,30.4,19.4,0.72,10,sandy,322,16.5,86,0.84,6.26,115.7,29.3,1.13,synthetic response curve (Mitscherlich-style) + noise; NOT measured yield
222,Onion,85.5,57.8,77.3,28.11,7,clay,496,28.9,369,0.66,8.1,85.9,20.3,0.5,synthetic response curve (Mitscherlich-style) + noise; NOT measured yield
223,Wheat,14.7,69.0,17.7,3.13,12,loam,355,9.2,172,0.58,7.35,440.2,21.9,-1.1,synthetic response curve (Mitscherlich-style) + noise; NOT measured yield
224,Mustard,26.2,16.1,1.7,0.88,12,loam,389,6.6,199,0.43,6.85,286.4,24.8,-1.33,synthetic response curve (Mitscherlich-style) + noise; NOT measured yield
225,Rice,117.9,70.0,83.5,4.72,1,clay,284,15.6,52,0.39,6.8,386.9,27.1,-0.12,synthetic response curve (Mitscherlich-style) + noise; NOT measured yield
226,Sugarcane,130.0,64.4,98.4,71.54,8,clay,465,2.1,311,0.73,7.9,16.5,21.5,-0.21,synthetic response curve (Mitscherlich-style) + noise; NOT measured yield
227,Sunflower,77.1,37.7,26.4,1.59,13,sandy,309,10.4,91,0.41,6.78,120.7,21.0,1.29,synthetic response curve (Mitscherlich-style) + noise; NOT measured yield
228,Rice,169.8,60.9,0.4,1.82,10,sandy,216,16.2,30,0.12,4.9,59.2,22.8,1.11,synthetic response curve (Mitscherlich-style) + noise; NOT measured yield
229,Potato,30.1,49.9,174.4,17.5,11,loam,222,15.4,236,0.25,6.68,174.1,26.1,-1.26,synthetic response curve (Mitscherlich-style) + noise; NOT measured yield
230,Rice,104.2,24.3,83.0,3.82,15,clay,473,12.2,247,0.61,7.2,200.0,24.1,0.23,synthetic response curve (Mitscherlich-style) + noise; NOT measured yield
231,Pearl millet,87.1,28.7,30.8,2.28,6,clay,511,7.6,154,0.64,7.47,241.6,25.9,-0.74,synthetic response curve (Mitscherlich-style) + noise; NOT measured yield
232,Wheat,107.1,10.7,49.3,2.37,11,loam,302,9.5,169,0.2,7.88,318.0,23.4,-1.47,synthetic response curve (Mitscherlich-style) + noise; NOT measured yield
233,Rice,25.7,19.7,25.6,3.63,1,clay,444,8.9,342,0.91,7.45,438.0,28.0,-0.11,synthetic response curve (Mitscherlich-style) + noise; NOT measured yield
234,Chilli,74.2,71.7,51.5,2.35,3,sandy,407,4.1,151,0.54,6.07,367.0,25.5,1.23,synthetic response curve (Mitscherlich-style) + noise; NOT measured yield
235,Wheat,59.4,32.4,1.0,3.25,11,loam,415,34.2,183,0.8,6.69,395.0,26.4,-0.35,synthetic response curve (Mitscherlich-style) + noise; NOT measured yield
236,Lentil,22.5,46.4,27.5,0.73,4,sandy,127,16.8,135,0.29,6.13,51.8,25.5,-0.48,synthetic response curve (Mitscherlich-style) + noise; NOT measured yield
237,Wheat,170.5,31.2,11.3,3.68,12,loam,352,48.4,252,0.5,6.96,127.7,22.8,0.18,synthetic response curve (Mitscherlich-style) + noise; NOT measured yield
238,Sorghum,59.9,2.4,23.9,2.13,14,clay,424,45.6,290,0.57,7.72,384.9,20.7,0.39,synthetic response curve (Mitscherlich-style) + noise; NOT measured yield
239,Chilli,67.0,4.2,67.4,1.22,14,clay,403,12.6,168,0.52,7.57,296.2,27.4,0.19,synthetic response curve (Mitscherlich-style) + noise; NOT measured yield
240,Rice,172.0,58.2,17.1,3.71,1,clay,423,9.2,231,0.69,7.43,341.2,32.0,-0.13,synthetic response curve (Mitscherlich-style) + noise; NOT measured yield
241,Sugarcane,100.3,75.8,137.1,69.87,5,loam,327,21.4,158,0.57,6.34,141.4,28.9,0.81,synthetic response curve (Mitscherlich-style) + noise; NOT measured yield
242,Cotton,10.7,50.4,69.8,1.67,8,clay,451,16.2,410,0.65,7.61,25.0,25.0,-0.05,synthetic response curve (Mitscherlich-style) + noise; NOT measured yield
243,Green gram,20.6,33.0,2.0,0.77,1,clay,275,10.1,340,0.64,7.17,145.0,30.2,0.03,synthetic response curve (Mitscherlich-style) + noise; NOT measured yield
244,Cotton,115.5,72.8,39.3,1.75,14,clay,389,42.6,185,0.51,6.99,97.8,26.9,-0.29,synthetic response curve (Mitscherlich-style) + noise; NOT measured yield
245,Potato,57.2,78.7,162.5,17.65,15,clay,383,17.0,144,0.64,8.14,659.9,26.7,-2.56,synthetic response curve (Mitscherlich-style) + noise; NOT measured yield
246,Rice,9.9,1.4,83.7,1.84,12,loam,330,5.5,238,0.58,8.25,518.2,31.4,-1.12,synthetic response curve (Mitscherlich-style) + noise; NOT measured yield
247,Wheat,34.1,39.5,28.8,3.62,5,loam,431,6.8,211,0.45,8.07,237.6,27.6,-0.36,synthetic response curve (Mitscherlich-style) + noise; NOT measured yield
248,Sorghum,18.2,38.3,9.8,2.51,2,loam,468,10.1,292,0.89,6.08,132.0,22.5,1.26,synthetic response curve (Mitscherlich-style) + noise; NOT measured yield
249,Tomato,86.3,42.0,110.2,32.92,13,sandy,395,49.0,183,0.57,5.49,95.6,26.3,1.0,synthetic response curve (Mitscherlich-style) + noise; NOT measured yield
250,Rice,21.1,62.3,44.5,3.49,12,loam,318,9.7,161,0.59,7.65,199.7,19.7,0.42,synthetic response curve (Mitscherlich-style) + noise; NOT measured yield
251,Ragi,59.2,35.1,43.6,2.0,15,clay,390,8.8,312,0.6,6.75,449.1,28.5,-0.04,synthetic response curve (Mitscherlich-style) + noise; NOT measured yield
252,Pigeon pea,14.7,38.1,46.2,1.23,6,clay,495,22.6,422,0.84,6.67,194.4,26.0,-0.26,synthetic response curve (Mitscherlich-style) + noise; NOT measured yield
253,Wheat,127.2,26.6,60.6,3.62,3,sandy,546,14.5,30,0.89,6.8,3.5,23.7,-0.02,synthetic response curve (Mitscherlich-style) + noise; NOT measured yield
254,Chickpea,26.7,42.5,10.7,1.46,14,clay,500,18.3,324,0.64,7.6,59.1,25.2,0.66,synthetic response curve (Mitscherlich-style) + noise; NOT measured yield
255,Pigeon pea,15.0,24.8,13.9,0.91,2,loam,266,7.1,36,0.27,6.38,142.6,27.8,0.32,synthetic response curve (Mitscherlich-style) + noise; NOT measured yield
256,Groundnut,0.2,29.3,14.8,1.43,9,clay,452,6.0,253,0.57,8.68,381.3,22.6,-2.04,synthetic response curve (Mitscherlich-style) + noise; NOT measured yield
257,Cotton,47.8,46.1,52.7,1.77,8,clay,313,15.7,221,0.72,7.93,166.0,26.3,0.55,synthetic response curve (Mitscherlich-style) + noise; NOT measured yield
258,Wheat,153.5,0.7,27.2,1.65,9,clay,413,2.9,216,0.5,8.29,158.5,30.2,0.92,synthetic response curve (Mitscherlich-style) + noise; NOT measured yield
259,Maize,148.3,54.3,10.1,4.44,7,clay,242,11.3,316,0.46,7.4,75.8,24.1,-0.83,synthetic response curve (Mitscherlich-style) + noise; NOT measured yield
260,Rice,29.1,81.3,74.8,4.61,1,clay,507,12.4,172,0.81,7.79,200.8,28.1,-1.35,synthetic response curve (Mitscherlich-style) + noise; NOT measured yield
261,Onion,19.3,29.0,107.5,19.62,10,sandy,155,16.2,30,0.12,5.49,68.1,30.7,1.28,synthetic response curve (Mitscherlich-style) + noise; NOT measured yield
262,Rice,137.2,45.5,23.5,3.05,4,sandy,380,4.0,30,0.55,5.87,157.1,26.1,-0.93,synthetic response curve (Mitscherlich-style) + noise; NOT measured yield
263,Maize,124.6,79.8,2.6,3.92,2,loam,503,23.2,186,0.68,7.65,170.4,26.0,0.44,synthetic response curve (Mitscherlich-style) + noise; NOT measured yield
264,Onion,25.5,6.5,94.0,17.93,7,clay,429,15.1,269,0.59,7.01,59.2,22.4,0.01,synthetic response curve (Mitscherlich-style) + noise; NOT measured yield
265,Wheat,107.4,59.0,34.1,3.79,5,loam,316,23.6,136,0.2,7.75,41.2,23.3,-0.34,synthetic response curve (Mitscherlich-style) + noise; NOT measured yield
266,Rice,112.3,50.6,23.5,4.75,11,loam,335,16.6,279,0.56,8.04,351.4,23.8,-0.44,synthetic response curve (Mitscherlich-style) + noise; NOT measured yield
267,Mustard,111.7,18.1,34.2,0.93,6,clay,414,17.1,157,0.48,7.54,100.3,25.8,2.55,synthetic response curve (Mitscherlich-style) + noise; NOT measured yield
268,Chickpea,28.0,65.2,43.1,1.69,8,clay,511,34.1,326,1.14,7.07,218.6,27.2,0.34,synthetic response curve (Mitscherlich-style) + noise; NOT measured yield
269,Tomato,69.3,106.8,29.1,31.86,8,clay,498,5.6,180,0.82,6.09,115.5,23.9,-0.62,synthetic response curve (Mitscherlich-style) + noise; NOT measured yield
270,Maize,191.4,16.1,8.7,3.57,13,sandy,373,10.6,148,0.57,6.15,106.0,24.8,0.6,synthetic response curve (Mitscherlich-style) + noise; NOT measured yield
271,Sorghum,32.6,59.1,32.5,2.33,2,loam,465,11.1,128,0.8,8.79,117.6,25.3,0.54,synthetic response curve (Mitscherlich-style) + noise; NOT measured yield
272,Tomato,87.3,12.0,36.6,24.64,1,clay,629,12.7,382,1.0,7.8,243.8,24.2,-0.82,synthetic response curve (Mitscherlich-style) + noise; NOT measured yield
273,Chilli,106.4,10.3,31.3,1.45,14,clay,495,4.8,191,0.81,7.64,67.1,21.6,0.23,synthetic response curve (Mitscherlich-style) + noise; NOT measured yield
274,Ragi,56.8,27.1,5.9,1.62,5,loam,341,7.3,159,0.46,7.17,58.5,26.2,0.09,synthetic response curve (Mitscherlich-style) + noise; NOT measured yield
275,Pigeon pea,0.6,7.8,21.7,1.18,11,loam,349,31.1,360,0.51,7.69,133.4,18.9,-0.38,synthetic response curve (Mitscherlich-style) + noise; NOT measured yield
276,Chickpea,26.3,45.0,10.3,1.44,9,clay,247,5.2,250,0.36,7.12,473.9,25.5,-0.53,synthetic response curve (Mitscherlich-style) + noise; NOT measured yield
277,Rice,131.1,4.4,57.4,2.28,12,loam,221,3.9,35,0.45,7.69,584.3,29.6,1.61,synthetic response curve (Mitscherlich-style) + noise; NOT measured yield
278,Maize,184.6,42.1,49.8,4.05,10,sandy,331,12.6,30,0.49,6.17,43.1,21.7,-0.14,synthetic response curve (Mitscherlich-style) + noise; NOT measured yield
279,Maize,110.5,20.7,34.8,4.1,4,sandy,282,25.3,38,0.32,7.18,23.5,26.9,0.1,synthetic response curve (Mitscherlich-style) + noise; NOT measured yield
280,Lentil,11.4,2.4,10.2,0.71,8,clay,354,17.3,236,0.5,8.37,207.5,25.9,-0.22,synthetic response curve (Mitscherlich-style) + noise; NOT measured yield
281,Wheat,3.2,53.2,62.7,3.34,5,loam,282,5.1,118,0.41,7.31,52.5,28.9,1.74,synthetic response curve (Mitscherlich-style) + noise; NOT measured yield
282,Soybean,23.4,45.5,34.9,2.19,6,clay,397,21.2,410,0.45,9.2,274.2,29.2,1.0,synthetic response curve (Mitscherlich-style) + noise; NOT measured yield
283,Soybean,18.5,55.9,35.1,2.07,9,clay,421,51.5,199,0.86,7.5,26.1,33.1,-0.09,synthetic response curve (Mitscherlich-style) + noise; NOT measured yield
284,Banana,52.9,65.4,64.6,36.25,2,loam,227,11.1,184,0.63,6.19,75.6,22.0,-0.24,synthetic response curve (Mitscherlich-style) + noise; NOT measured yield
285,Groundnut,25.8,9.1,13.4,1.58,1,clay,186,22.1,250,0.42,7.3,59.2,30.6,0.47,synthetic response curve (Mitscherlich-style) + noise; NOT measured yield
286,Potato,96.8,79.4,69.9,21.7,11,loam,353,36.6,234,0.45,7.97,72.0,24.4,-1.02,synthetic response curve (Mitscherlich-style) + noise; NOT measured yield
287,Cotton,150.9,43.2,51.5,1.78,2,loam,427,35.0,253,0.57,7.63,82.0,23.6,1.93,synthetic response curve (Mitscherlich-style) + noise; NOT measured yield
288,Cotton,41.7,52.6,3.6,1.35,14,clay,382,53.4,160,0.67,7.24,36.6,25.3,1.55,synthetic response curve (Mitscherlich-style) + noise; NOT measured yield
289,Mustard,92.7,55.4,32.4,1.25,10,sandy,329,4.7,145,0.32,6.69,101.0,24.6,1.3,synthetic response curve (Mitscherlich-style) + noise; NOT measured yield
290,Chilli,130.9,30.3,51.4,1.89,13,sandy,409,7.0,73,0.49,7.02,62.5,25.2,-1.03,synthetic response curve (Mitscherlich-style) + noise; NOT measured yield
291,Chilli,14.0,17.8,45.2,1.81,8,clay,402,19.9,218,0.73,7.74,51.6,29.1,0.51,synthetic response curve (Mitscherlich-style) + noise; NOT measured yield
292,Pearl millet,58.2,20.1,15.8,1.39,11,loam,323,22.4,93,0.39,6.14,51.3,25.1,-1.77,synthetic response curve (Mitscherlich-style) + noise; NOT measured yield
293,Chilli,35.5,33.5,10.7,1.57,3,sandy,291,18.7,77,0.52,6.45,494.8,31.3,1.05,synthetic response curve (Mitscherlich-style) + noise; NOT measured yield
294,Mustard,68.2,17.6,34.5,1.09,10,sandy,388,12.8,130,0.64,6.5,17.4,27.9,0.39,synthetic response curve (Mitscherlich-style) + noise; NOT measured yield
295,Ragi,7.8,37.2,30.8,1.83,5,loam,286,13.4,159,0.37,7.69,42.1,24.2,1.78,synthetic response curve (Mitscherlich-style) + noise; NOT measured yield
296,Sunflower,51.9,13.7,29.5,1.05,12,loam,364,6.9,112,0.72,8.42,41.5,26.5,-2.22,synthetic response curve (Mitscherlich-style) + noise; NOT measured yield
297,Cotton,176.4,36.8,5.3,1.06,6,clay,375,21.4,145,0.64,7.32,538.4,21.7,-2.06,synthetic response curve (Mitscherlich-style) + noise; NOT measured yield
298,Rice,173.0,61.1,6.7,3.77,12,loam,393,31.5,169,0.63,5.5,257.2,28.1,0.58,synthetic response curve (Mitscherlich-style) + noise; NOT measured yield
299,Sorghum,53.8,50.3,18.3,2.19,14,clay,355,21.7,200,0.56,7.28,134.6,24.7,-0.8,synthetic response curve (Mitscherlich-style) + noise; NOT measured yield
300,Rice,60.6,83.5,3.6,2.74,1,clay,269,26.4,188,0.58,9.2,476.9,29.5,-1.42,synthetic response curve (Mitscherlich-style) + noise; NOT measured yield
301,Green gram,23.0,14.2,15.0,0.56,1,clay,416,19.5,270,0.36,7.38,68.7,26.3,-1.07,synthetic response curve (Mitscherlich-style) + noise; NOT measured yield
302,Pigeon pea,9.8,30.9,42.4,1.35,6,clay,575,58.0,113,0.76,8.59,130.5,19.9,1.39,synthetic response curve (Mitscherlich-style) + noise; NOT measured yield
303,Banana,125.5,26.7,211.7,32.07,9,clay,426,12.9,210,0.47,6.44,357.5,26.0,-0.36,synthetic response curve (Mitscherlich-style) + noise; NOT measured yield
304,Cotton,54.6,30.7,20.6,1.49,14,clay,569,6.2,345,0.81,6.49,295.1,24.9,-0.1,synthetic response curve (Mitscherlich-style) + noise; NOT measured yield
305,Onion,19.4,17.4,105.1,21.83,7,clay,248,26.0,327,0.63,7.83,256.7,19.5,0.42,synthetic response curve (Mitscherlich-style) + noise; NOT measured yield
306,Tomato,134.4,50.8,132.9,36.81,13,sandy,450,8.4,30,0.63,5.94,207.8,19.9,0.94,synthetic response curve (Mitscherlich-style) + noise; NOT measured yield
307,Ragi,22.9,40.2,2.1,1.21,11,loam,524,15.1,50,0.96,7.7,320.5,19.5,-1.15,synthetic response curve (Mitscherlich-style) + noise; NOT measured yield
308,Wheat,21.0,48.2,54.6,3.36,11,loam,384,7.8,149,0.56,8.15,396.2,22.4,-1.42,synthetic response curve (Mitscherlich-style) + noise; NOT measured yield
309,Sugarcane,49.5,53.7,69.4,66.04,14,clay,452,16.8,288,0.74,8.36,90.9,24.5,-0.66,synthetic response curve (Mitscherlich-style) + noise; NOT measured yield
310,Wheat,42.7,32.4,30.1,3.98,5,loam,424,55.2,264,0.68,7.02,76.3,20.9,0.54,synthetic response curve (Mitscherlich-style) + noise; NOT measured yield
311,Rice,96.1,21.4,80.5,4.0,11,loam,101,20.8,30,0.13,7.69,97.6,21.6,0.75,synthetic response curve (Mitscherlich-style) + noise; NOT measured yield
312,Maize,120.6,62.2,11.4,5.25,12,loam,381,23.5,304,0.67,8.13,337.2,27.5,1.55,synthetic response curve (Mitscherlich-style) + noise; NOT measured yield
313,Potato,57.5,54.9,173.7,23.23,15,clay,501,41.2,189,0.74,9.01,73.6,28.0,-0.63,synthetic response curve (Mitscherlich-style) + noise; NOT measured yield
314,Banana,170.6,24.8,162.3,38.37,4,sandy,380,46.3,65,0.33,6.65,57.2,24.6,-0.99,synthetic response curve (Mitscherlich-style) + noise; NOT measured yield
315,Wheat,85.0,11.6,53.3,2.66,12,loam,414,10.0,233,0.71,6.34,39.7,29.0,-0.89,synthetic response curve (Mitscherlich-style) + noise; NOT measured yield
316,Rice,52.3,79.6,78.6,4.56,4,sandy,425,28.2,257,0.39,6.62,326.6,29.5,-0.25,synthetic response curve (Mitscherlich-style) + noise; NOT measured yield
317,Potato,153.9,113.8,170.8,25.72,15,clay,318,16.1,251,0.4,7.77,49.8,29.5,0.61,synthetic response curve (Mitscherlich-style) + noise; NOT measured yield
318,Chickpea,0.2,58.6,8.4,1.26,9,clay,387,7.2,159,0.7,7.62,129.7,29.2,-0.83,synthetic response curve (Mitscherlich-style) + noise; NOT measured yield
319,Turmeric,133.8,4.6,14.1,11.7,14,clay,354,24.7,153,0.66,9.19,44.7,30.7,0.23,synthetic response curve (Mitscherlich-style) + noise; NOT measured yield
320,Pearl millet,17.5,2.7,9.8,1.13,9,clay,597,10.3,385,0.72,7.48,90.2,25.9,-0.6,synthetic response curve (Mitscherlich-style) + noise; NOT measured yield
321,Sorghum,118.4,6.6,44.4,1.41,2,loam,313,10.4,69,0.48,7.28,67.8,24.3,-1.45,synthetic response curve (Mitscherlich-style) + noise; NOT measured yield
322,Cotton,179.6,56.8,56.0,2.17,6,clay,378,34.7,374,0.34,7.33,135.8,27.3,0.36,synthetic response curve (Mitscherlich-style) + noise; NOT measured yield
323,Wheat,75.0,20.3,21.8,3.52,10,sandy,397,12.4,113,0.64,6.51,151.0,26.5,1.01,synthetic response curve (Mitscherlich-style) + noise; NOT measured yield
324,Wheat,86.4,53.7,36.0,4.05,10,sandy,456,36.0,213,0.74,7.83,123.9,19.3,-0.14,synthetic response curve (Mitscherlich-style) + noise; NOT measured yield
325,Chickpea,9.1,55.5,7.3,1.41,9,clay,426,35.8,210,0.47,7.94,74.9,22.5,-0.5,synthetic response curve (Mitscherlich-style) + noise; NOT measured yield
326,Green gram,11.1,24.1,27.9,0.67,11,loam,385,8.5,247,0.82,7.8,68.3,30.4,-1.32,synthetic response curve (Mitscherlich-style) + noise; NOT measured yield
327,Soybean,26.0,31.4,36.0,2.06,9,clay,515,7.3,169,0.59,8.42,325.4,26.9,0.22,synthetic response curve (Mitscherlich-style) + noise; NOT measured yield
328,Rice,170.9,55.4,23.1,2.99,3,sandy,258,23.2,88,0.18,6.19,129.1,28.7,-1.33,synthetic response curve (Mitscherlich-style) + noise; NOT measured yield
329,Banana,40.0,43.8,131.7,34.5,2,loam,331,8.5,197,0.56,6.21,74.8,24.7,0.09,synthetic response curve (Mitscherlich-style) + noise; NOT measured yield
330,Mustard,92.1,49.2,5.8,1.0,5,loam,328,9.3,177,0.27,8.74,453.4,23.4,-0.69,synthetic response curve (Mitscherlich-style) + noise; NOT measured yield
331,Cotton,78.8,40.1,54.2,1.9,3,sandy,362,37.3,164,0.33,7.02,491.6,31.5,-0.55,synthetic response curve (Mitscherlich-style) + noise; NOT measured yield
332,Rice,178.0,31.6,64.0,3.9,11,loam,512,35.8,308,0.81,6.22,109.0,24.4,-1.76,synthetic response curve (Mitscherlich-style) + noise; NOT measured yield
333,Mustard,76.2,30.4,36.6,1.2,15,clay,217,5.2,273,0.51,8.42,872.7,25.2,0.54,synthetic response curve (Mitscherlich-style) + noise; NOT measured yield
334,Cotton,104.7,64.7,0.7,1.73,14,clay,335,30.5,301,0.43,8.61,116.8,28.6,-0.33,synthetic response curve (Mitscherlich-style) + noise; NOT measured yield
335,Chickpea,17.3,11.4,11.7,0.99,9,clay,481,11.7,197,0.67,8.16,460.7,22.2,-1.25,synthetic response curve (Mitscherlich-style) + noise; NOT measured yield
336,Sorghum,104.7,51.6,43.2,2.75,14,clay,263,15.5,221,0.26,7.77,352.7,22.5,-0.09,synthetic response curve (Mitscherlich-style) + noise; NOT measured yield
337,Tomato,159.1,104.6,113.5,35.15,10,sandy,294,7.7,87,0.68,7.36,103.7,31.6,-1.12,synthetic response curve (Mitscherlich-style) + noise; NOT measured yield
338,Ragi,73.4,18.8,29.0,1.76,2,loam,351,6.3,346,0.37,7.26,237.6,27.6,-0.82,synthetic response curve (Mitscherlich-style) + noise; NOT measured yield
339,Chickpea,5.0,13.9,41.5,1.01,9,clay,267,10.0,382,0.65,7.67,133.2,25.6,-0.36,synthetic response curve (Mitscherlich-style) + noise; NOT measured yield
340,Wheat,30.0,5.6,29.9,2.42,9,clay,454,8.6,241,0.92,7.72,430.5,26.2,-0.52,synthetic response curve (Mitscherlich-style) + noise; NOT measured yield
341,Wheat,69.3,50.7,51.3,3.55,9,clay,310,16.9,321,0.28,7.22,114.2,28.7,0.03,synthetic response curve (Mitscherlich-style) + noise; NOT measured yield
342,Tomato,27.1,75.5,91.2,32.21,13,sandy,342,8.1,202,0.18,6.81,86.7,17.2,-0.32,synthetic response curve (Mitscherlich-style) + noise; NOT measured yield
343,Pearl millet,15.5,14.9,41.7,1.76,15,clay,321,27.5,305,0.66,7.24,394.7,29.7,-1.79,synthetic response curve (Mitscherlich-style) + noise; NOT measured yield
344,Rice,13.1,15.3,46.4,2.75,4,sandy,304,14.2,57,0.43,5.29,44.4,20.1,-0.04,synthetic response curve (Mitscherlich-style) + noise; NOT measured yield
345,Green gram,25.4,31.2,13.9,0.84,1,clay,369,15.9,429,0.6,8.13,160.7,29.9,-0.96,synthetic response curve (Mitscherlich-style) + noise; NOT measured yield
346,Pearl millet,28.0,50.3,31.5,2.11,10,sandy,349,25.1,237,0.31,6.59,118.5,25.0,-0.1,synthetic response curve (Mitscherlich-style) + noise; NOT measured yield
347,Maize,208.7,72.8,51.4,5.33,2,loam,526,16.0,283,0.58,7.12,380.9,26.0,-0.39,synthetic response curve (Mitscherlich-style) + noise; NOT measured yield
348,Maize,183.5,45.9,42.9,4.86,7,clay,527,20.4,338,0.99,7.89,166.4,23.7,-0.74,synthetic response curve (Mitscherlich-style) + noise; NOT measured yield
349,Tomato,132.4,21.0,43.5,28.14,14,clay,344,24.4,338,0.57,8.19,14.5,21.2,-0.32,synthetic response curve (Mitscherlich-style) + noise; NOT measured yield
350,Mustard,110.8,41.0,27.2,1.27,10,sandy,318,21.6,287,0.66,8.06,131.7,29.3,0.36,synthetic response curve (Mitscherlich-style) + noise; NOT measured yield
351,Rice,135.1,45.7,68.2,4.29,15,clay,401,12.8,332,0.75,7.24,193.4,27.7,0.87,synthetic response curve (Mitscherlich-style) + noise; NOT measured yield
352,Turmeric,89.6,16.2,25.4,14.22,1,clay,353,7.4,339,0.53,7.09,202.8,29.6,1.16,synthetic response curve (Mitscherlich-style) + noise; NOT measured yield
353,Banana,134.1,65.6,273.3,35.31,11,loam,323,3.5,281,0.54,7.23,295.7,25.5,0.69,synthetic response curve (Mitscherlich-style) + noise; NOT measured yield
354,Rice,51.1,68.5,4.1,3.12,5,loam,470,6.2,131,0.58,6.86,21.9,29.6,0.88,synthetic response curve (Mitscherlich-style) + noise; NOT measured yield
355,Banana,124.7,51.6,67.1,36.23,2,loam,431,7.8,301,0.31,7.64,89.5,26.4,-0.1,synthetic response curve (Mitscherlich-style) + noise; NOT measured yield
356,Rice,25.8,10.2,34.4,3.5,5,loam,470,15.9,148,0.73,7.46,231.2,25.1,0.37,synthetic response curve (Mitscherlich-style) + noise; NOT measured yield
357,Mustard,57.3,5.8,23.7,1.07,15,clay,373,55.1,186,0.47,7.7,140.5,23.2,-1.31,synthetic response curve (Mitscherlich-style) + noise; NOT measured yield
358,Onion,143.8,47.3,31.1,23.8,7,clay,413,37.5,80,0.78,6.79,115.2,29.4,0.8,synthetic response curve (Mitscherlich-style) + noise; NOT measured yield
359,Cotton,23.0,49.7,2.0,1.34,14,clay,609,21.9,221,0.85,8.01,397.4,22.1,-1.74,synthetic response curve (Mitscherlich-style) + noise; NOT measured yield
360,Cotton,176.8,33.4,12.6,1.46,2,loam,248,9.1,303,0.55,7.63,122.1,27.2,0.17,synthetic response curve (Mitscherlich-style) + noise; NOT measured yield
361,Pearl millet,83.6,33.8,2.0,1.43,10,sandy,335,18.9,113,0.46,6.75,30.0,24.8,1.83,synthetic response curve (Mitscherlich-style) + noise; NOT measured yield
362,Maize,203.2,46.9,2.3,5.1,7,clay,369,21.5,415,0.63,8.44,266.5,25.4,0.45,synthetic response curve (Mitscherlich-style) + noise; NOT measured yield
363,Wheat,64.3,37.9,38.8,3.93,5,loam,290,5.6,265,0.62,7.6,160.2,23.5,-0.06,synthetic response curve (Mitscherlich-style) + noise; NOT measured yield
364,Chickpea,23.7,15.9,7.1,1.05,9,clay,299,11.6,257,0.64,7.89,28.2,23.7,0.06,synthetic response curve (Mitscherlich-style) + noise; NOT measured yield
365,Wheat,7.9,77.7,54.0,3.49,10,sandy,395,18.3,76,0.21,5.97,218.5,26.8,0.97,synthetic response curve (Mitscherlich-style) + noise; NOT measured yield
366,Rice,116.5,79.2,45.8,4.22,1,clay,526,11.1,432,0.78,8.08,147.9,34.0,-0.39,synthetic response curve (Mitscherlich-style) + noise; NOT measured yield
367,Mustard,3.1,24.1,31.9,1.15,10,sandy,374,59.8,119,0.79,4.81,71.0,26.7,1.14,synthetic response curve (Mitscherlich-style) + noise; NOT measured yield
368,Rice,161.3,51.4,45.5,4.09,5,loam,377,23.9,159,0.67,6.3,66.4,22.6,-2.46,synthetic response curve (Mitscherlich-style) + noise; NOT measured yield
369,Chickpea,14.4,17.0,38.8,1.11,13,sandy,339,6.0,68,0.48,5.65,289.9,30.6,0.64,synthetic response curve (Mitscherlich-style) + noise; NOT measured yield
370,Chickpea,26.4,41.0,31.8,1.49,3,sandy,335,40.9,38,0.22,5.76,338.5,28.9,0.72,synthetic response curve (Mitscherlich-style) + noise; NOT measured yield
371,Wheat,63.0,56.3,58.3,3.62,5,loam,302,46.1,122,0.44,6.94,323.9,24.7,0.16,synthetic response curve (Mitscherlich-style) + noise; NOT measured yield
372,Sorghum,116.0,9.1,7.3,2.13,15,clay,419,34.8,311,0.69,6.64,232.2,35.5,-0.51,synthetic response curve (Mitscherlich-style) + noise; NOT measured yield
373,Tomato,56.3,9.0,94.2,27.53,4,sandy,228,30.6,181,0.1,6.8,91.6,25.2,-0.3,synthetic response curve (Mitscherlich-style) + noise; NOT measured yield
374,Cotton,109.2,82.7,41.5,1.33,2,loam,347,6.3,154,0.63,9.07,16.7,31.1,-1.29,synthetic response curve (Mitscherlich-style) + noise; NOT measured yield
375,Wheat,111.7,22.2,41.4,3.69,9,clay,538,22.5,188,0.94,6.74,166.3,24.6,-0.56,synthetic response curve (Mitscherlich-style) + noise; NOT measured yield
376,Wheat,167.8,71.0,28.9,3.24,10,sandy,360,25.0,51,0.23,7.56,184.2,24.3,0.87,synthetic response curve (Mitscherlich-style) + noise; NOT measured yield
377,Potato,54.6,57.7,148.8,21.98,9,clay,398,3.5,326,0.61,8.87,49.9,32.3,-0.08,synthetic response curve (Mitscherlich-style) + noise; NOT measured yield
378,Sorghum,75.9,43.1,47.8,2.37,7,clay,471,7.3,301,0.8,6.93,155.6,17.7,2.33,synthetic response curve (Mitscherlich-style) + noise; NOT measured yield
379,Sorghum,104.3,20.7,22.7,1.82,2,loam,421,25.3,249,0.62,8.83,18.5,31.3,1.0,synthetic response curve (Mitscherlich-style) + noise; NOT measured yield
380,Sugarcane,110.3,76.0,124.3,66.1,5,loam,230,12.5,202,0.15,8.2,41.2,25.8,-1.22,synthetic response curve (Mitscherlich-style) + noise; NOT measured yield
381,Green gram,21.0,17.8,31.2,0.67,1,clay,178,36.6,382,0.17,6.52,158.1,31.2,-0.82,synthetic response curve (Mitscherlich-style) + noise; NOT measured yield
382,Sunflower,20.7,8.4,26.6,0.97,13,sandy,457,13.6,95,0.76,5.32,14.0,22.2,0.68,synthetic response curve (Mitscherlich-style) + noise; NOT measured yield
383,Maize,123.8,51.6,36.6,4.54,4,sandy,487,68.7,142,0.54,6.37,143.5,21.2,-2.33,synthetic response curve (Mitscherlich-style) + noise; NOT measured yield
384,Pigeon pea,4.8,33.5,3.3,0.86,10,sandy,511,27.0,91,0.66,5.97,44.8,24.6,1.16,synthetic response curve (Mitscherlich-style) + noise; NOT measured yield
385,Soybean,28.2,8.8,47.8,1.74,4,sandy,237,18.0,69,0.67,6.43,298.9,24.3,-0.12,synthetic response curve (Mitscherlich-style) + noise; NOT measured yield
386,Ragi,86.6,24.3,16.9,1.62,10,sandy,259,34.1,123,0.41,6.28,243.7,28.3,0.24,synthetic response curve (Mitscherlich-style) + noise; NOT measured yield
387,Pigeon pea,3.9,39.2,22.8,0.76,2,loam,60,22.8,235,0.21,7.5,95.4,25.3,0.25,synthetic response curve (Mitscherlich-style) + noise; NOT measured yield
388,Groundnut,5.3,55.6,30.2,1.53,2,loam,317,6.4,137,0.49,8.66,36.0,22.5,-0.06,synthetic response curve (Mitscherlich-style) + noise; NOT measured yield
389,Rice,66.6,78.4,31.6,4.57,5,loam,357,27.0,191,0.28,5.88,24.6,25.0,0.12,synthetic response curve (Mitscherlich-style) + noise; NOT measured yield
390,Maize,36.3,41.5,12.1,4.32,4,sandy,306,19.3,195,0.37,7.0,37.2,21.5,-0.77,synthetic response curve (Mitscherlich-style) + noise; NOT measured yield
391,Sugarcane,215.4,31.4,18.2,72.47,5,loam,339,52.0,226,0.32,7.0,87.2,27.5,1.24,synthetic response curve (Mitscherlich-style) + noise; NOT measured yield
392,Wheat,2.5,82.5,14.8,3.77,5,loam,366,27.7,247,0.53,7.42,267.3,23.8,0.13,synthetic response curve (Mitscherlich-style) + noise; NOT measured yield
393,Wheat,22.1,63.5,69.7,4.44,11,loam,535,9.7,123,0.79,7.03,418.2,23.3,1.23,synthetic response curve (Mitscherlich-style) + noise; NOT measured yield
394,Onion,128.0,25.0,15.7,21.71,7,clay,404,9.2,241,0.49,6.89,56.2,28.2,-0.46,synthetic response curve (Mitscherlich-style) + noise; NOT measured yield
395,Turmeric,44.8,28.4,124.1,15.32,3,sandy,355,10.1,88,0.44,6.81,53.7,32.6,-0.33,synthetic response curve (Mitscherlich-style) + noise; NOT measured yield
396,Chilli,3.9,37.8,21.8,2.03,14,clay,334,37.2,254,0.39,7.82,158.4,26.7,-0.24,synthetic response curve (Mitscherlich-style) + noise; NOT measured yield
397,Rice,157.1,35.1,83.5,3.92,10,sandy,306,21.7,135,0.33,6.38,226.6,26.9,0.51,synthetic response curve (Mitscherlich-style) + noise; NOT measured yield
398,Sugarcane,245.0,99.3,90.9,72.94,7,clay,491,55.8,241,0.76,7.76,172.4,26.4,-0.24,synthetic response curve (Mitscherlich-style) + noise; NOT measured yield
399,Groundnut,0.2,58.5,55.6,1.29,8,clay,286,12.7,259,0.34,7.84,309.6,24.8,-1.41,synthetic response curve (Mitscherlich-style) + noise; NOT measured yield
400,Wheat,104.5,25.2,18.8,3.07,5,loam,188,5.4,237,0.26,8.26,140.4,17.8,-0.73,synthetic response curve (Mitscherlich-style) + noise; NOT measured yield
401,Rice,148.8,54.0,83.5,3.68,6,clay,455,6.3,198,0.74,9.2,148.4,35.2,-0.24,synthetic response curve (Mitscherlich-style) + noise; NOT measured yield
402,Maize,4.6,53.4,68.4,4.06,2,loam,330,2.9,93,0.22,7.29,54.2,23.6,-0.64,synthetic response curve (Mitscherlich-style) + noise; NOT measured yield
403,Ragi,21.2,32.2,19.2,1.98,13,sandy,346,23.1,127,0.5,6.21,76.0,23.6,0.87,synthetic response curve (Mitscherlich-style) + noise; NOT measured yield
404,Cotton,34.2,41.6,53.0,1.59,6,clay,337,14.0,319,0.6,8.24,297.3,29.5,-1.55,synthetic response curve (Mitscherlich-style) + noise; NOT measured yield
405,Mustard,92.2,34.7,29.3,1.16,11,loam,445,11.7,97,0.83,6.77,98.7,21.2,1.24,synthetic response curve (Mitscherlich-style) + noise; NOT measured yield
406,Green gram,3.4,47.1,17.8,0.8,1,clay,448,21.7,280,0.71,7.8,545.2,23.9,-1.81,synthetic response curve (Mitscherlich-style) + noise; NOT measured yield
407,Wheat,112.2,29.4,22.5,3.46,2,loam,406,21.7,150,0.48,6.77,78.1,32.0,-0.19,synthetic response curve (Mitscherlich-style) + noise; NOT measured yield
408,Soybean,6.4,19.4,6.4,1.94,6,clay,259,9.5,299,0.35,7.18,63.3,27.3,-0.19,synthetic response curve (Mitscherlich-style) + noise; NOT measured yield
409,Groundnut,12.5,52.8,59.5,1.36,1,clay,314,14.8,405,0.59,7.68,527.9,26.1,-0.89,synthetic response curve (Mitscherlich-style) + noise; NOT measured yield
410,Lentil,12.0,15.7,9.5,0.56,15,clay,444,2.4,259,0.94,7.08,135.0,26.6,-2.31,synthetic response curve (Mitscherlich-style) + noise; NOT measured yield
411,Groundnut,16.2,13.8,10.6,1.3,1,clay,277,16.1,264,0.42,8.32,400.1,25.5,-0.35,synthetic response curve (Mitscherlich-style) + noise; NOT measured yield
412,Wheat,61.8,2.6,16.2,3.32,9,clay,388,59.2,220,0.78,8.44,784.2,29.3,0.3,synthetic response curve (Mitscherlich-style) + noise; NOT measured yield
413,Sugarcane,37.9,48.4,103.5,61.17,6,clay,371,8.1,290,0.52,6.37,160.5,29.3,0.9,synthetic response curve (Mitscherlich-style) + noise; NOT measured yield
414,Wheat,1.1,0.1,53.9,2.21,4,sandy,372,18.3,163,0.29,7.05,219.1,22.8,-0.05,synthetic response curve (Mitscherlich-style) + noise; NOT measured yield
415,Cotton,176.0,37.7,55.0,1.54,3,sandy,172,22.6,153,0.14,6.21,38.3,23.5,-1.38,synthetic response curve (Mitscherlich-style) + noise; NOT measured yield
416,Turmeric,24.0,14.2,103.6,11.18,5,loam,298,8.2,263,0.57,8.09,118.7,27.3,0.97,synthetic response curve (Mitscherlich-style) + noise; NOT measured yield
417,Rice,10.0,82.7,49.3,3.83,1,clay,266,13.5,253,0.57,6.7,129.7,31.0,0.09,synthetic response curve (Mitscherlich-style) + noise; NOT measured yield
418,Soybean,22.4,71.3,24.6,2.29,9,clay,487,25.9,250,0.59,6.16,448.3,23.6,1.02,synthetic response curve (Mitscherlich-style) + noise; NOT measured yield
419,Chilli,97.8,19.1,27.9,1.7,4,sandy,336,10.2,169,0.46,6.25,725.3,23.6,-0.22,synthetic response curve (Mitscherlich-style) + noise; NOT measured yield
420,Green gram,14.3,22.9,29.4,0.67,1,clay,321,5.8,341,0.33,6.99,124.9,30.6,-0.32,synthetic response curve (Mitscherlich-style) + noise; NOT measured yield
421,Cotton,167.2,57.5,81.3,1.63,2,loam,315,11.3,30,0.31,6.89,147.9,27.6,-0.11,synthetic response curve (Mitscherlich-style) + noise; NOT measured yield
422,Sorghum,4.3,16.2,12.8,1.56,14,clay,495,3.1,364,0.66,7.31,20.6,25.5,-1.92,synthetic response curve (Mitscherlich-style) + noise; NOT measured yield
423,Rice,126.8,20.4,14.7,3.06,4,sandy,239,21.6,30,0.13,6.83,69.5,22.2,-0.72,synthetic response curve (Mitscherlich-style) + noise; NOT measured yield
424,Chickpea,5.6,70.5,6.5,1.03,9,clay,436,16.3,149,0.52,7.82,99.8,28.8,2.39,synthetic response curve (Mitscherlich-style) + noise; NOT measured yield
425,Onion,79.2,53.5,49.3,22.94,7,clay,501,7.5,407,0.54,9.17,74.5,29.4,0.27,synthetic response curve (Mitscherlich-style) + noise; NOT measured yield
426,Maize,191.8,53.0,40.0,5.42,8,clay,542,8.2,319,0.92,6.4,147.0,33.8,0.22,synthetic response curve (Mitscherlich-style) + noise; NOT measured yield
427,Tomato,138.0,12.5,6.6,25.19,13,sandy,359,9.8,206,0.55,7.54,72.9,21.4,1.05,synthetic response curve (Mitscherlich-style) + noise; NOT measured yield
428,Wheat,79.0,67.4,62.4,3.7,11,loam,482,35.5,239,0.99,6.75,272.4,28.5,1.27,synthetic response curve (Mitscherlich-style) + noise; NOT measured yield
429,Chickpea,17.8,68.6,28.5,1.68,9,clay,454,6.5,155,0.64,7.78,184.1,27.3,0.52,synthetic response curve (Mitscherlich-style) + noise; NOT measured yield
430,Green gram,27.3,27.8,3.1,0.69,4,sandy,456,15.6,215,0.66,6.56,271.8,21.5,-0.22,synthetic response curve (Mitscherlich-style) + noise; NOT measured yield
431,Tomato,129.8,35.9,70.4,31.36,13,sandy,453,5.2,169,0.46,6.26,68.3,27.8,0.08,synthetic response curve (Mitscherlich-style) + noise; NOT measured yield
432,Chilli,0.1,45.9,26.1,1.84,1,clay,350,21.8,247,0.87,8.62,73.0,28.0,-1.03,synthetic response curve (Mitscherlich-style) + noise; NOT measured yield
433,Green gram,3.5,43.8,20.6,0.88,9,clay,638,20.2,280,0.92,8.16,177.2,26.7,-0.75,synthetic response curve (Mitscherlich-style) + noise; NOT measured yield
434,Mustard,46.5,8.7,11.6,1.06,10,sandy,284,21.3,184,0.39,6.81,265.6,28.2,-0.27,synthetic response curve (Mitscherlich-style) + noise; NOT measured yield
435,Chilli,66.8,4.4,35.2,1.22,15,clay,449,2.7,201,0.64,6.99,71.6,28.4,-0.25,synthetic response curve (Mitscherlich-style) + noise; NOT measured yield
436,Cotton,106.9,54.9,13.1,1.42,3,sandy,511,29.7,184,0.46,6.44,277.3,26.8,-1.71,synthetic response curve (Mitscherlich-style) + noise; NOT measured yield
437,Soybean,0.9,65.8,7.0,1.51,5,loam,133,8.7,272,0.57,6.96,227.9,26.2,1.53,synthetic response curve (Mitscherlich-style) + noise; NOT measured yield
438,Mustard,76.3,31.8,42.6,1.4,1,clay,355,27.0,219,0.67,8.25,418.1,25.9,-1.37,synthetic response curve (Mitscherlich-style) + noise; NOT measured yield
439,Wheat,6.3,48.2,24.3,2.78,4,sandy,179,13.5,70,0.22,8.41,71.6,21.8,-0.72,synthetic response curve (Mitscherlich-style) + noise; NOT measured yield
440,Chilli,37.0,43.7,63.2,1.93,14,clay,392,4.8,269,0.67,8.41,121.2,29.2,-0.73,synthetic response curve (Mitscherlich-style) + noise; NOT measured yield
441,Rice,35.8,4.0,19.6,2.46,1,clay,349,9.5,191,0.94,6.42,87.2,23.3,-0.17,synthetic response curve (Mitscherlich-style) + noise; NOT measured yield
442,Banana,207.3,66.5,274.9,41.69,12,loam,460,54.6,209,0.7,7.67,370.9,24.1,-0.5,synthetic response curve (Mitscherlich-style) + noise; NOT measured yield
443,Mustard,75.2,6.8,7.1,0.94,15,clay,440,16.9,337,0.76,6.92,200.5,24.7,-0.12,synthetic response curve (Mitscherlich-style) + noise; NOT measured yield
444,Tomato,17.2,69.1,99.6,33.71,2,loam,414,7.7,218,0.98,6.62,232.7,23.1,1.94,synthetic response curve (Mitscherlich-style) + noise; NOT measured yield
445,Pigeon pea,22.8,26.3,3.1,0.91,6,clay,374,20.4,163,0.39,8.6,380.0,26.6,0.34,synthetic response curve (Mitscherlich-style) + noise; NOT measured yield
446,Cotton,175.0,72.6,67.7,1.92,14,clay,281,7.6,371,0.31,6.71,353.1,23.0,2.1,synthetic response curve (Mitscherlich-style) + noise; NOT measured yield
447,Rice,87.8,45.1,75.8,3.28,11,loam,526,9.2,344,0.76,8.81,92.4,26.5,-1.35,synthetic response curve (Mitscherlich-style) + noise; NOT measured yield
448,Maize,80.7,5.3,27.7,3.48,2,loam,502,10.5,191,0.76,6.03,77.0,28.3,-0.42,synthetic response curve (Mitscherlich-style) + noise; NOT measured yield
449,Ragi,52.1,33.8,25.1,2.07,13,sandy,334,10.9,160,0.48,7.03,60.8,21.6,-1.08,synthetic response curve (Mitscherlich-style) + noise; NOT measured yield
450,Ragi,21.9,40.1,36.6,1.87,13,sandy,237,10.6,152,0.58,7.46,429.7,21.3,0.45,synthetic response curve (Mitscherlich-style) + noise; NOT measured yield
451,Wheat,152.5,74.2,29.4,3.92,5,loam,225,12.0,308,0.1,6.77,105.2,20.5,-0.05,synthetic response curve (Mitscherlich-style) + noise; NOT measured yield
452,Sugarcane,167.9,29.3,106.1,54.55,7,clay,563,10.7,149,0.78,7.44,63.5,22.2,-1.2,synthetic response curve (Mitscherlich-style) + noise; NOT measured yield
453,Sugarcane,28.4,103.1,44.7,65.17,5,loam,550,6.0,202,0.75,7.04,393.1,24.3,0.91,synthetic response curve (Mitscherlich-style) + noise; NOT measured yield
454,Rice,139.0,41.7,78.6,3.75,8,clay,256,20.9,278,0.67,8.51,341.2,27.3,-0.39,synthetic response curve (Mitscherlich-style) + noise; NOT measured yield
455,Wheat,107.9,2.8,70.7,2.82,12,loam,387,27.0,190,0.54,7.98,92.1,22.7,0.22,synthetic response curve (Mitscherlich-style) + noise; NOT measured yield
456,Wheat,49.8,1.7,19.7,2.29,11,loam,394,20.4,172,0.81,7.35,358.7,21.4,0.54,synthetic response curve (Mitscherlich-style) + noise; NOT measured yield
457,Potato,80.2,55.2,161.3,21.81,15,clay,488,13.0,241,0.74,8.25,91.9,22.9,-0.7,synthetic response curve (Mitscherlich-style) + noise; NOT measured yield
458,Sorghum,109.6,58.9,21.3,2.43,2,loam,322,17.3,146,0.46,5.6,50.2,28.8,1.12,synthetic response curve (Mitscherlich-style) + noise; NOT measured yield
459,Sorghum,82.9,46.4,19.9,2.46,14,clay,248,6.6,268,0.43,9.2,548.5,27.9,0.06,synthetic response curve (Mitscherlich-style) + noise; NOT measured yield
460,Sorghum,28.7,2.7,30.7,1.53,14,clay,481,12.7,225,0.85,7.7,143.2,20.2,0.41,synthetic response curve (Mitscherlich-style) + noise; NOT measured yield
461,Pigeon pea,1.2,12.9,28.0,0.83,6,clay,403,8.5,142,0.81,8.62,249.2,21.6,-1.1,synthetic response curve (Mitscherlich-style) + noise; NOT measured yield
462,Lentil,20.3,22.0,26.7,0.73,3,sandy,140,13.2,201,0.1,6.03,15.7,32.6,0.97,synthetic response curve (Mitscherlich-style) + noise; NOT measured yield
463,Wheat,24.9,49.0,13.5,3.35,4,sandy,191,14.3,154,0.14,7.23,90.0,23.5,0.12,synthetic response curve (Mitscherlich-style) + noise; NOT measured yield
464,Cotton,111.5,77.8,16.1,1.38,15,clay,267,9.6,191,0.46,8.78,654.7,26.0,-0.08,synthetic response curve (Mitscherlich-style) + noise; NOT measured yield
465,Turmeric,14.8,22.4,98.8,14.44,1,clay,264,15.7,207,0.54,7.38,110.9,32.5,0.51,synthetic response curve (Mitscherlich-style) + noise; NOT measured yield
466,Wheat,149.6,37.0,26.1,4.02,2,loam,439,25.6,205,0.64,6.15,63.0,25.3,1.21,synthetic response curve (Mitscherlich-style) + noise; NOT measured yield
467,Cotton,146.3,8.0,82.9,1.02,2,loam,319,7.2,68,0.56,6.61,40.2,26.8,-0.61,synthetic response curve (Mitscherlich-style) + noise; NOT measured yield
468,Rice,67.6,4.2,17.9,2.71,3,sandy,233,13.4,119,0.25,8.18,8.3,30.5,0.14,synthetic response curve (Mitscherlich-style) + noise; NOT measured yield
469,Rice,7.4,30.4,12.9,4.09,12,loam,422,7.3,249,0.55,7.65,382.9,24.0,0.8,synthetic response curve (Mitscherlich-style) + noise; NOT measured yield
470,Groundnut,25.1,21.3,11.8,1.36,1,clay,283,12.0,223,0.17,7.46,320.4,30.8,0.75,synthetic response curve (Mitscherlich-style) + noise; NOT measured yield
471,Soybean,34.9,60.6,26.9,2.02,15,clay,287,8.7,183,0.55,6.9,272.1,23.9,-1.11,synthetic response curve (Mitscherlich-style) + noise; NOT measured yield
472,Lentil,12.2,5.4,21.2,0.8,6,clay,428,90.0,259,0.76,7.85,125.1,30.9,-0.72,synthetic response curve (Mitscherlich-style) + noise; NOT measured yield
473,Cotton,27.5,64.4,33.5,1.67,8,clay,374,6.8,303,0.73,8.5,227.1,24.6,-0.68,synthetic response curve (Mitscherlich-style) + noise; NOT measured yield
474,Soybean,9.2,44.5,3.2,2.09,9,clay,404,11.6,314,0.64,7.19,438.7,27.7,-0.2,synthetic response curve (Mitscherlich-style) + noise; NOT measured yield
475,Maize,132.2,87.6,80.9,4.85,13,sandy,225,6.2,360,0.27,5.04,118.4,27.6,-0.27,synthetic response curve (Mitscherlich-style) + noise; NOT measured yield
476,Maize,10.7,57.0,60.4,3.67,10,sandy,173,19.8,288,0.1,5.83,126.9,24.0,0.52,synthetic response curve (Mitscherlich-style) + noise; NOT measured yield
477,Green gram,7.4,47.8,16.7,0.79,1,clay,441,17.0,228,0.63,8.47,69.6,26.1,-0.96,synthetic response curve (Mitscherlich-style) + noise; NOT measured yield
478,Cotton,152.3,13.9,3.4,1.02,13,sandy,294,12.0,36,0.12,5.65,40.2,23.7,1.48,synthetic response curve (Mitscherlich-style) + noise; NOT measured yield
479,Banana,185.0,47.8,13.2,24.45,2,loam,389,18.4,62,0.51,6.28,574.0,25.7,-0.35,synthetic response curve (Mitscherlich-style) + noise; NOT measured yield
480,Cotton,25.6,25.4,14.6,1.3,8,clay,425,6.5,308,0.69,7.68,24.7,26.9,-1.12,synthetic response curve (Mitscherlich-style) + noise; NOT measured yield
481,Ragi,80.5,41.9,22.9,1.63,13,sandy,398,17.4,30,0.55,8.16,332.6,26.2,-0.23,synthetic response curve (Mitscherlich-style) + noise; NOT measured yield
482,Cotton,8.8,33.2,41.5,1.58,8,clay,435,10.7,212,0.84,7.2,381.7,26.8,-0.37,synthetic response curve (Mitscherlich-style) + noise; NOT measured yield
483,Maize,4.8,9.9,61.9,2.53,7,clay,469,7.5,268,0.78,6.94,83.3,24.3,-2.64,synthetic response curve (Mitscherlich-style) + noise; NOT measured yield
484,Rice,146.0,77.0,27.6,4.21,5,loam,366,20.7,199,0.66,8.07,32.9,27.4,-0.62,synthetic response curve (Mitscherlich-style) + noise; NOT measured yield
485,Wheat,52.0,60.8,15.2,3.52,12,loam,513,1.2,196,0.55,8.14,399.5,28.8,0.5,synthetic response curve (Mitscherlich-style) + noise; NOT measured yield
486,Pearl millet,93.1,33.9,3.7,1.95,10,sandy,211,21.5,207,0.1,6.56,88.9,25.1,0.77,synthetic response curve (Mitscherlich-style) + noise; NOT measured yield
487,Mustard,118.3,22.0,9.7,1.04,13,sandy,425,21.5,117,0.43,6.79,111.9,25.1,-1.13,synthetic response curve (Mitscherlich-style) + noise; NOT measured yield
488,Sorghum,44.1,39.5,24.1,2.38,14,clay,282,24.6,262,0.47,7.21,129.1,20.7,-0.9,synthetic response curve (Mitscherlich-style) + noise; NOT measured yield
489,Banana,205.8,33.8,210.4,34.24,9,clay,584,25.0,215,0.79,7.97,841.5,29.8,-0.59,synthetic response curve (Mitscherlich-style) + noise; NOT measured yield
490,Soybean,30.1,36.9,16.9,1.88,6,clay,534,17.0,293,0.7,8.48,604.3,32.5,-1.04,synthetic response curve (Mitscherlich-style) + noise; NOT measured yield
491,Wheat,90.4,60.1,48.2,4.63,9,clay,325,19.4,298,0.56,8.3,122.9,23.9,0.93,synthetic response curve (Mitscherlich-style) + noise; NOT measured yield
492,Onion,14.3,28.6,102.3,24.53,6,clay,341,30.7,307,0.56,7.99,152.9,29.1,1.24,synthetic response curve (Mitscherlich-style) + noise; NOT measured yield
493,Rice,21.2,24.7,8.2,2.94,4,sandy,335,20.6,96,0.52,7.06,19.5,25.3,0.24,synthetic response curve (Mitscherlich-style) + noise; NOT measured yield
494,Soybean,5.4,69.6,25.8,2.13,6,clay,517,23.8,196,0.9,7.99,194.6,24.1,0.61,synthetic response curve (Mitscherlich-style) + noise; NOT measured yield
495,Lentil,19.9,27.2,3.6,0.81,8,clay,496,6.6,206,0.72,8.58,122.4,23.4,0.05,synthetic response curve (Mitscherlich-style) + noise; NOT measured yield
496,Maize,105.2,32.4,67.3,3.48,4,sandy,476,5.7,128,0.85,7.16,139.1,20.4,-2.01,synthetic response curve (Mitscherlich-style) + noise; NOT measured yield
497,Rice,60.6,39.6,30.9,3.88,5,loam,210,41.3,292,0.65,5.95,28.9,25.5,-1.57,synthetic response curve (Mitscherlich-style) + noise; NOT measured yield
498,Soybean,2.9,40.6,19.7,1.82,9,clay,382,11.9,239,0.63,6.36,241.5,23.7,-1.02,synthetic response curve (Mitscherlich-style) + noise; NOT measured yield
499,Chilli,49.5,53.8,5.8,1.52,3,sandy,213,3.3,150,0.1,6.71,431.2,32.4,-0.94,synthetic response curve (Mitscherlich-style) + noise; NOT measured yield
500,Banana,109.8,28.9,173.3,29.26,2,loam,532,10.4,100,0.79,6.47,194.6,25.4,-0.87,synthetic response curve (Mitscherlich-style) + noise; NOT measured yield
501,Maize,62.7,5.3,36.5,3.22,12,loam,393,32.1,169,0.71,7.27,365.6,22.4,-2.23,synthetic response curve (Mitscherlich-style) + noise; NOT measured yield
502,Potato,164.4,11.0,7.9,15.34,13,sandy,345,12.5,92,0.37,4.5,309.5,22.8,-0.04,synthetic response curve (Mitscherlich-style) + noise; NOT measured yield
503,Onion,90.8,24.9,96.3,24.44,5,loam,432,16.9,185,0.62,7.92,120.0,28.7,-0.13,synthetic response curve (Mitscherlich-style) + noise; NOT measured yield
504,Rice,70.1,30.2,23.8,3.53,3,sandy,375,12.0,30,0.62,6.5,22.8,28.0,-0.52,synthetic response curve (Mitscherlich-style) + noise; NOT measured yield
505,Sugarcane,320.2,100.2,63.7,75.81,7,clay,303,13.6,356,0.34,7.68,53.2,23.5,-0.65,synthetic response curve (Mitscherlich-style) + noise; NOT measured yield
506,Cotton,148.0,58.2,54.5,1.44,3,sandy,391,26.1,157,0.48,5.75,210.8,25.6,-2.52,synthetic response curve (Mitscherlich-style) + noise; NOT measured yield
507,Chilli,28.1,45.0,41.4,1.72,14,clay,512,25.3,55,0.67,9.2,86.3,21.7,-1.29,synthetic response curve (Mitscherlich-style) + noise; NOT measured yield
508,Sorghum,23.2,27.7,0.1,2.5,2,loam,400,15.0,367,0.3,6.85,76.8,27.7,1.44,synthetic response curve (Mitscherlich-style) + noise; NOT measured yield
509,Soybean,5.9,82.5,24.7,1.94,8,clay,421,31.1,316,0.8,7.31,395.4,28.0,-0.35,synthetic response curve (Mitscherlich-style) + noise; NOT measured yield
510,Cotton,97.2,67.6,12.9,1.61,6,clay,386,14.7,227,0.79,8.41,149.5,26.7,1.27,synthetic response curve (Mitscherlich-style) + noise; NOT measured yield
511,Pigeon pea,14.1,43.3,18.6,1.3,7,clay,390,13.3,334,0.57,7.3,173.7,24.6,1.77,synthetic response curve (Mitscherlich-style) + noise; NOT measured yield
512,Wheat,130.6,79.4,25.4,4.26,12,loam,467,14.5,172,0.8,6.99,630.2,29.6,1.05,synthetic response curve (Mitscherlich-style) + noise; NOT measured yield
513,Tomato,128.3,21.6,142.3,30.55,4,sandy,304,60.5,129,0.38,6.45,123.5,22.0,-1.86,synthetic response curve (Mitscherlich-style) + noise; NOT measured yield
514,Potato,25.2,116.5,105.7,18.76,14,clay,436,6.5,353,0.67,9.0,228.8,27.0,0.96,synthetic response curve (Mitscherlich-style) + noise; NOT measured yield
515,Turmeric,86.0,71.2,104.1,18.72,15,clay,203,10.1,216,0.57,7.99,548.2,27.8,-0.54,synthetic response curve (Mitscherlich-style) + noise; NOT measured yield
516,Onion,75.9,1.0,4.0,12.79,7,clay,334,8.7,382,0.6,7.9,64.7,21.0,-0.08,synthetic response curve (Mitscherlich-style) + noise; NOT measured yield
517,Pigeon pea,7.6,12.3,5.6,1.12,6,clay,463,34.6,313,0.58,7.8,432.3,26.5,-0.27,synthetic response curve (Mitscherlich-style) + noise; NOT measured yield
518,Rice,169.8,10.4,52.7,2.78,4,sandy,300,20.8,158,0.26,5.73,309.8,24.6,-1.62,synthetic response curve (Mitscherlich-style) + noise; NOT measured yield
519,Potato,47.5,76.1,162.4,21.13,13,sandy,281,30.8,118,0.37,5.64,181.2,23.8,0.05,synthetic response curve (Mitscherlich-style) + noise; NOT measured yield
520,Rice,164.5,83.9,76.6,4.62,11,loam,415,48.4,287,0.55,8.74,197.3,26.4,0.57,synthetic response curve (Mitscherlich-style) + noise; NOT measured yield
521,Sugarcane,21.8,82.8,89.4,71.0,7,clay,536,46.7,319,0.93,8.89,146.2,30.3,0.04,synthetic response curve (Mitscherlich-style) + noise; NOT measured yield
522,Rice,115.9,14.9,51.9,2.88,11,loam,346,10.5,301,0.31,6.65,125.1,27.5,-0.99,synthetic response curve (Mitscherlich-style) + noise; NOT measured yield
523,Sunflower,107.4,15.1,25.9,1.39,6,clay,415,14.7,258,0.66,7.11,140.3,28.5,-0.3,synthetic response curve (Mitscherlich-style) + noise; NOT measured yield
524,Wheat,132.7,76.1,66.6,4.51,11,loam,385,3.6,30,0.5,7.01,142.1,25.6,0.59,synthetic response curve (Mitscherlich-style) + noise; NOT measured yield
525,Maize,136.7,72.4,33.7,5.01,13,sandy,341,8.5,182,0.3,5.78,29.0,27.0,-0.12,synthetic response curve (Mitscherlich-style) + noise; NOT measured yield
526,Maize,68.5,58.6,1.2,3.69,7,clay,468,9.8,183,0.98,8.68,449.7,24.4,-1.54,synthetic response curve (Mitscherlich-style) + noise; NOT measured yield
527,Pearl millet,102.0,45.4,41.0,2.04,10,sandy,290,20.4,163,0.28,7.12,20.0,25.1,-2.07,synthetic response curve (Mitscherlich-style) + noise; NOT measured yield
528,Ragi,27.4,21.9,17.0,1.88,9,clay,325,12.3,194,0.74,7.08,214.0,28.9,-0.22,synthetic response curve (Mitscherlich-style) + noise; NOT measured yield
529,Lentil,26.4,26.0,18.5,0.84,2,loam,227,31.3,164,0.63,6.2,95.1,28.6,-0.52,synthetic response curve (Mitscherlich-style) + noise; NOT measured yield
530,Lentil,15.0,1.1,29.4,0.57,1,clay,440,13.7,217,0.61,7.54,402.4,29.9,0.18,synthetic response curve (Mitscherlich-style) + noise; NOT measured yield
531,Maize,156.2,72.3,27.7,3.83,4,sandy,287,5.7,73,0.1,5.48,228.0,24.3,-0.22,synthetic response curve (Mitscherlich-style) + noise; NOT measured yield
532,Pearl millet,74.8,9.5,3.8,1.44,4,sandy,199,10.8,127,0.25,4.95,396.5,21.9,-0.2,synthetic response curve (Mitscherlich-style) + noise; NOT measured yield
533,Rice,106.8,13.1,37.2,3.78,3,sandy,274,64.7,109,0.42,5.87,121.7,29.1,-1.77,synthetic response curve (Mitscherlich-style) + noise; NOT measured yield
534,Sorghum,2.6,24.2,11.4,2.11,14,clay,312,27.4,335,0.6,6.88,69.9,27.8,0.41,synthetic response curve (Mitscherlich-style) + noise; NOT measured yield
535,Pearl millet,58.7,22.3,16.7,1.44,10,sandy,120,8.3,94,0.1,6.55,286.8,26.5,-1.26,synthetic response curve (Mitscherlich-style) + noise; NOT measured yield
536,Green gram,3.5,35.7,7.8,0.83,1,clay,428,2.6,337,0.72,7.98,223.3,25.2,1.48,synthetic response curve (Mitscherlich-style) + noise; NOT measured yield
537,Chilli,97.9,46.4,69.9,2.33,14,clay,413,8.2,334,0.85,7.05,41.3,23.3,-1.0,synthetic response curve (Mitscherlich-style) + noise; NOT measured yield
538,Sugarcane,60.8,2.1,5.6,32.87,5,loam,468,7.2,85,0.76,6.9,206.2,26.0,-1.39,synthetic response curve (Mitscherlich-style) + noise; NOT measured yield
539,Potato,165.7,62.3,86.7,25.63,15,clay,360,14.8,247,0.72,8.28,73.0,30.6,-0.84,synthetic response curve (Mitscherlich-style) + noise; NOT measured yield
540,Banana,44.1,17.7,289.0,31.37,4,sandy,233,51.8,161,0.23,6.0,179.3,26.1,-0.53,synthetic response curve (Mitscherlich-style) + noise; NOT measured yield
541,Cotton,16.1,72.5,78.7,1.65,2,loam,395,5.3,182,0.66,6.67,208.2,23.1,1.69,synthetic response curve (Mitscherlich-style) + noise; NOT measured yield
542,Mustard,90.2,25.1,10.2,1.15,2,loam,402,11.8,382,0.38,7.41,570.2,24.1,-0.36,synthetic response curve (Mitscherlich-style) + noise; NOT measured yield
543,Pigeon pea,9.7,46.2,40.0,1.15,6,clay,425,11.1,392,0.52,8.86,246.7,22.8,-0.66,synthetic response curve (Mitscherlich-style) + noise; NOT measured yield
544,Sorghum,23.5,23.1,6.7,2.17,14,clay,402,11.1,336,0.76,8.61,39.8,25.5,-0.92,synthetic response curve (Mitscherlich-style) + noise; NOT measured yield
545,Wheat,30.7,39.3,28.7,3.57,9,clay,478,19.4,197,0.81,7.68,367.3,30.6,-0.74,synthetic response curve (Mitscherlich-style) + noise; NOT measured yield
546,Maize,81.1,38.9,78.2,5.27,2,loam,458,6.9,287,0.7,7.44,362.3,27.9,0.91,synthetic response curve (Mitscherlich-style) + noise; NOT measured yield
547,Pearl millet,39.4,1.1,46.1,1.4,5,loam,471,21.8,174,0.59,7.24,137.4,25.5,1.88,synthetic response curve (Mitscherlich-style) + noise; NOT measured yield
548,Pearl millet,16.4,47.1,20.2,2.31,8,clay,504,10.0,353,0.94,6.34,330.9,28.2,0.47,synthetic response curve (Mitscherlich-style) + noise; NOT measured yield
549,Soybean,10.4,22.6,17.8,1.81,9,clay,484,12.8,303,0.78,7.28,127.4,27.4,1.54,synthetic response curve (Mitscherlich-style) + noise; NOT measured yield
550,Sunflower,60.3,20.4,17.1,1.41,13,sandy,456,12.1,194,0.57,6.4,191.1,22.1,1.5,synthetic response curve (Mitscherlich-style) + noise; NOT measured yield
551,Groundnut,12.8,49.2,56.2,1.86,1,clay,529,11.1,181,0.85,6.9,124.5,27.5,-0.3,synthetic response curve (Mitscherlich-style) + noise; NOT measured yield
552,Rice,98.3,24.8,46.5,3.92,1,clay,389,49.2,122,0.39,7.81,17.2,27.7,2.07,synthetic response curve (Mitscherlich-style) + noise; NOT measured yield
553,Potato,150.9,49.1,112.6,19.55,11,loam,382,20.6,271,0.53,6.58,9.2,24.6,2.61,synthetic response curve (Mitscherlich-style) + noise; NOT measured yield
554,Maize,173.5,63.8,69.6,5.58,2,loam,507,24.0,215,0.63,6.07,51.4,31.3,0.08,synthetic response curve (Mitscherlich-style) + noise; NOT measured yield
555,Rice,149.9,35.1,65.5,4.01,11,loam,491,10.8,180,0.46,7.57,154.3,21.0,-0.83,synthetic response curve (Mitscherlich-style) + noise; NOT measured yield
556,Cotton,13.6,49.9,7.6,1.37,6,clay,369,5.0,168,0.7,8.11,165.3,30.6,-0.16,synthetic response curve (Mitscherlich-style) + noise; NOT measured yield
557,Rice,15.5,54.8,28.8,4.26,6,clay,333,26.2,376,0.59,7.95,283.5,30.4,-1.11,synthetic response curve (Mitscherlich-style) + noise; NOT measured yield
558,Rice,135.9,29.7,35.4,3.94,3,sandy,379,27.4,240,0.74,6.77,938.8,29.7,-1.38,synthetic response curve (Mitscherlich-style) + noise; NOT measured yield
559,Maize,87.1,34.6,78.8,5.11,12,loam,292,16.7,242,0.56,7.03,399.2,24.9,0.58,synthetic response curve (Mitscherlich-style) + noise; NOT measured yield
560,Rice,51.0,66.0,3.2,3.09,3,sandy,288,15.2,93,0.53,6.9,394.7,22.3,0.64,synthetic response curve (Mitscherlich-style) + noise; NOT measured yield
561,Green gram,10.8,24.3,19.4,0.82,1,clay,437,25.1,348,0.57,8.61,339.2,28.1,-0.44,synthetic response curve (Mitscherlich-style) + noise; NOT measured yield
562,Soybean,29.6,51.7,55.9,1.95,9,clay,286,13.4,256,0.45,8.25,163.0,29.1,-0.64,synthetic response curve (Mitscherlich-style) + noise; NOT measured yield
563,Cotton,44.9,12.3,37.2,1.25,3,sandy,439,17.5,110,0.52,5.53,646.4,35.4,-1.55,synthetic response curve (Mitscherlich-style) + noise; NOT measured yield
564,Cotton,173.3,75.3,9.7,1.56,3,sandy,370,9.5,211,0.23,6.24,247.9,28.5,0.89,synthetic response curve (Mitscherlich-style) + noise; NOT measured yield
565,Wheat,116.9,15.7,43.7,3.33,4,sandy,491,10.4,179,0.74,7.43,276.4,26.7,-0.11,synthetic response curve (Mitscherlich-style) + noise; NOT measured yield
566,Mustard,11.5,14.3,17.3,0.94,10,sandy,322,33.7,30,0.27,6.66,145.5,28.6,1.01,synthetic response curve (Mitscherlich-style) + noise; NOT measured yield
567,Rice,35.0,76.8,4.1,3.08,12,loam,320,7.8,167,0.55,6.29,134.3,23.7,0.43,synthetic response curve (Mitscherlich-style) + noise; NOT measured yield
568,Sunflower,110.6,48.3,47.4,1.61,14,clay,308,10.2,245,0.56,8.72,671.5,28.7,1.15,synthetic response curve (Mitscherlich-style) + noise; NOT measured yield
569,Chilli,22.7,65.4,61.0,1.79,15,clay,467,8.1,239,0.65,9.13,147.7,26.9,-1.23,synthetic response curve (Mitscherlich-style) + noise; NOT measured yield
570,Rice,178.7,80.8,28.4,4.68,4,sandy,368,24.4,292,0.59,7.82,154.6,24.0,1.56,synthetic response curve (Mitscherlich-style) + noise; NOT measured yield
571,Onion,22.2,28.4,81.2,21.32,4,sandy,395,7.6,137,0.59,6.93,114.9,18.9,-0.45,synthetic response curve (Mitscherlich-style) + noise; NOT measured yield
572,Maize,110.0,11.6,37.3,4.06,4,sandy,321,24.6,53,0.17,5.58,58.9,25.0,-0.78,synthetic response curve (Mitscherlich-style) + noise; NOT measured yield
573,Cotton,73.5,25.4,62.0,1.44,3,sandy,238,6.1,242,0.1,7.25,106.5,29.2,0.61,synthetic response curve (Mitscherlich-style) + noise; NOT measured yield
574,Groundnut,33.9,38.9,43.2,1.67,1,clay,452,36.8,227,0.76,7.94,227.2,30.5,0.09,synthetic response curve (Mitscherlich-style) + noise; NOT measured yield
575,Wheat,86.2,54.2,4.3,3.64,9,clay,463,10.5,263,0.66,8.49,256.5,24.5,-0.98,synthetic response curve (Mitscherlich-style) + noise; NOT measured yield
576,Soybean,14.6,45.5,7.3,1.91,1,clay,519,37.1,383,0.91,7.21,311.5,29.7,-1.13,synthetic response curve (Mitscherlich-style) + noise; NOT measured yield
577,Groundnut,21.7,28.8,59.3,1.69,1,clay,517,17.6,212,1.02,7.99,695.9,30.4,1.13,synthetic response curve (Mitscherlich-style) + noise; NOT measured yield
578,Mustard,46.4,21.0,15.9,1.0,6,clay,332,7.5,245,0.62,7.51,386.2,24.2,0.08,synthetic response curve (Mitscherlich-style) + noise; NOT measured yield
579,Tomato,29.4,52.3,43.5,33.42,13,sandy,453,12.0,195,0.46,7.01,110.8,19.6,0.51,synthetic response curve (Mitscherlich-style) + noise; NOT measured yield
580,Rice,19.8,40.6,63.4,3.74,8,clay,475,38.7,243,0.92,7.6,194.8,35.6,-1.68,synthetic response curve (Mitscherlich-style) + noise; NOT measured yield
581,Cotton,11.0,55.9,0.1,1.47,6,clay,412,4.1,362,0.85,6.96,91.9,24.4,-0.79,synthetic response curve (Mitscherlich-style) + noise; NOT measured yield
582,Green gram,0.7,51.7,5.1,0.48,3,sandy,345,13.9,30,0.35,7.2,23.7,27.0,-1.43,synthetic response curve (Mitscherlich-style) + noise; NOT measured yield
583,Wheat,91.4,71.5,5.5,3.28,11,loam,286,20.8,214,0.32,7.35,313.3,23.5,-0.75,synthetic response curve (Mitscherlich-style) + noise; NOT measured yield
584,Wheat,134.1,82.7,13.2,3.0,5,loam,537,35.4,75,0.71,6.45,105.9,25.3,-0.64,synthetic response curve (Mitscherlich-style) + noise; NOT measured yield
585,Potato,203.9,81.0,14.4,20.72,15,clay,521,14.7,431,0.36,9.01,74.5,22.3,-0.85,synthetic response curve (Mitscherlich-style) + noise; NOT measured yield
586,Maize,117.8,16.5,62.3,4.06,3,sandy,250,15.5,221,0.41,6.82,15.0,33.5,0.77,synthetic response curve (Mitscherlich-style) + noise; NOT measured yield
587,Rice,172.6,55.7,54.1,5.05,12,loam,317,7.2,340,0.55,7.28,541.9,28.2,0.95,synthetic response curve (Mitscherlich-style) + noise; NOT measured yield
588,Banana,109.7,34.3,144.5,29.69,11,loam,322,19.6,149,0.56,6.18,35.7,24.8,-1.1,synthetic response curve (Mitscherlich-style) + noise; NOT measured yield
589,Cotton,49.8,77.1,20.7,1.66,6,clay,426,24.3,208,0.63,8.66,204.6,30.4,-0.54,synthetic response curve (Mitscherlich-style) + noise; NOT measured yield
590,Chilli,48.7,56.9,71.1,2.34,6,clay,420,11.8,259,0.71,7.3,648.5,25.7,1.87,synthetic response curve (Mitscherlich-style) + noise; NOT measured yield
591,Mustard,61.4,31.4,20.1,1.34,15,clay,348,89.1,186,0.71,7.83,355.9,30.2,-0.42,synthetic response curve (Mitscherlich-style) + noise; NOT measured yield
592,Maize,165.5,60.2,5.4,4.07,12,loam,375,16.1,185,0.54,6.51,168.3,25.1,-1.0,synthetic response curve (Mitscherlich-style) + noise; NOT measured yield
593,Groundnut,20.0,7.2,36.3,1.23,1,clay,455,17.0,72,0.72,6.18,42.4,24.8,-0.0,synthetic response curve (Mitscherlich-style) + noise; NOT measured yield
594,Soybean,32.6,82.3,16.6,2.15,9,clay,329,13.8,451,0.56,7.01,533.2,29.8,0.69,synthetic response curve (Mitscherlich-style) + noise; NOT measured yield
595,Maize,149.9,39.9,30.3,4.63,12,loam,343,7.7,150,0.57,7.16,238.9,25.0,-0.25,synthetic response curve (Mitscherlich-style) + noise; NOT measured yield
596,Pigeon pea,17.9,8.2,44.8,0.8,6,clay,396,10.4,288,0.77,9.03,282.1,22.7,0.66,synthetic response curve (Mitscherlich-style) + noise; NOT measured yield
597,Wheat,168.7,20.0,29.9,3.14,11,loam,539,7.8,120,0.61,7.26,276.1,26.5,-0.39,synthetic response curve (Mitscherlich-style) + noise; NOT measured yield
598,Pearl millet,11.5,10.3,41.3,1.6,10,sandy,278,11.5,172,0.54,5.81,80.1,32.9,-0.68,synthetic response curve (Mitscherlich-style) + noise; NOT measured yield
599,Sunflower,12.1,59.7,55.2,1.8,5,loam,569,23.0,61,0.84,7.76,27.1,22.2,0.59,synthetic response curve (Mitscherlich-style) + noise; NOT measured yield
600,Groundnut,23.4,34.6,18.5,1.56,1,clay,446,53.1,282,0.61,6.36,100.0,28.3,0.96,synthetic response curve (Mitscherlich-style) + noise; NOT measured yield
601,Rice,28.7,76.8,57.9,4.05,1,clay,328,19.2,237,0.73,7.93,882.4,32.5,1.9,synthetic response curve (Mitscherlich-style) + noise; NOT measured yield
602,Onion,31.1,15.1,57.4,17.97,11,loam,308,19.2,184,0.46,5.8,340.3,26.8,1.01,synthetic response curve (Mitscherlich-style) + noise; NOT measured yield
603,Rice,159.2,80.9,49.5,4.4,12,loam,433,9.6,143,0.54,6.86,240.3,22.2,0.14,synthetic response curve (Mitscherlich-style) + noise; NOT measured yield
604,Soybean,20.5,19.2,15.4,1.77,6,clay,376,24.3,290,0.65,8.07,61.5,30.8,-0.37,synthetic response curve (Mitscherlich-style) + noise; NOT measured yield
605,Cotton,6.5,58.1,57.4,1.73,8,clay,498,10.7,205,0.67,7.07,442.5,28.9,0.79,synthetic response curve (Mitscherlich-style) + noise; NOT measured yield
606,Cotton,32.1,13.8,11.6,1.21,8,clay,431,10.9,294,0.71,7.87,135.7,25.3,-0.46,synthetic response curve (Mitscherlich-style) + noise; NOT measured yield
607,Chilli,113.1,39.0,26.6,1.97,14,clay,398,12.1,188,0.59,8.77,51.9,28.1,0.94,synthetic response curve (Mitscherlich-style) + noise; NOT measured yield
608,Sorghum,44.6,34.8,44.2,2.59,8,clay,537,16.1,329,0.9,8.29,288.5,33.9,-0.83,synthetic response curve (Mitscherlich-style) + noise; NOT measured yield
609,Maize,69.3,44.8,39.5,4.25,9,clay,445,12.5,333,0.69,9.02,466.7,28.8,-1.24,synthetic response curve (Mitscherlich-style) + noise; NOT measured yield
610,Soybean,2.2,71.7,39.1,1.7,9,clay,284,22.6,343,0.44,7.88,144.2,23.5,-1.48,synthetic response curve (Mitscherlich-style) + noise; NOT measured yield
611,Sorghum,5.0,11.5,20.5,1.93,2,loam,179,27.8,120,0.35,6.15,397.8,28.7,-0.34,synthetic response curve (Mitscherlich-style) + noise; NOT measured yield
612,Wheat,135.4,32.6,55.5,2.83,11,loam,282,6.5,136,0.32,7.08,200.2,28.8,-0.85,synthetic response curve (Mitscherlich-style) + noise; NOT measured yield
613,Cotton,176.1,40.1,2.4,1.27,14,clay,413,33.8,224,0.78,8.19,1071.5,23.7,-0.59,synthetic response curve (Mitscherlich-style) + noise; NOT measured yield
614,Chickpea,19.3,8.3,2.1,0.8,2,loam,317,8.3,30,0.55,8.31,26.3,27.9,1.27,synthetic response curve (Mitscherlich-style) + noise; NOT measured yield
615,Maize,118.0,39.7,41.8,5.11,2,loam,347,28.4,276,0.63,6.41,88.0,28.7,-0.85,synthetic response curve (Mitscherlich-style) + noise; NOT measured yield
616,Cotton,21.0,77.5,16.5,1.59,8,clay,322,12.9,338,0.44,7.81,76.4,27.8,-0.94,synthetic response curve (Mitscherlich-style) + noise; NOT measured yield
617,Rice,87.4,62.6,28.8,3.78,12,loam,247,4.6,159,0.35,6.44,784.5,22.4,1.84,synthetic response curve (Mitscherlich-style) + noise; NOT measured yield
618,Cotton,21.1,50.8,45.0,1.59,2,loam,332,5.0,189,0.36,7.06,148.2,30.7,-0.66,synthetic response curve (Mitscherlich-style) + noise; NOT measured yield
619,Sunflower,19.4,67.9,28.5,1.42,12,loam,299,19.8,287,0.34,7.2,165.5,27.0,-0.87,synthetic response curve (Mitscherlich-style) + noise; NOT measured yield
620,Maize,95.1,9.1,78.5,3.96,4,sandy,208,31.1,164,0.17,6.85,37.2,22.8,-0.32,synthetic response curve (Mitscherlich-style) + noise; NOT measured yield
621,Pigeon pea,21.8,3.8,38.4,0.79,3,sandy,186,11.3,234,0.42,6.87,574.1,35.5,-0.03,synthetic response curve (Mitscherlich-style) + noise; NOT measured yield
622,Chilli,79.2,61.2,39.5,1.65,3,sandy,315,4.4,69,0.29,6.34,619.8,27.8,-0.93,synthetic response curve (Mitscherlich-style) + noise; NOT measured yield
623,Rice,5.4,45.4,39.5,4.15,8,clay,270,5.4,301,0.46,5.67,120.0,26.0,0.55,synthetic response curve (Mitscherlich-style) + noise; NOT measured yield
624,Wheat,20.5,2.1,33.5,3.16,9,clay,360,35.2,362,0.54,8.14,122.3,31.3,-0.8,synthetic response curve (Mitscherlich-style) + noise; NOT measured yield
625,Cotton,3.9,66.7,78.4,1.45,7,clay,460,35.2,396,0.6,7.85,129.0,30.5,-1.34,synthetic response curve (Mitscherlich-style) + noise; NOT measured yield
626,Mustard,97.0,9.4,11.7,0.76,10,sandy,368,6.5,106,0.41,6.12,41.9,24.5,-0.3,synthetic response curve (Mitscherlich-style) + noise; NOT measured yield
627,Ragi,55.2,18.6,41.7,1.47,13,sandy,327,6.3,156,0.3,7.32,63.4,23.9,0.0,synthetic response curve (Mitscherlich-style) + noise; NOT measured yield
628,Tomato,40.0,83.5,123.3,34.65,13,sandy,335,19.7,41,0.33,6.21,154.1,28.5,0.01,synthetic response curve (Mitscherlich-style) + noise; NOT measured yield
629,Sugarcane,121.7,87.3,101.2,68.86,11,loam,271,10.5,225,0.36,7.78,523.2,25.9,-0.07,synthetic response curve (Mitscherlich-style) + noise; NOT measured yield
630,Rice,118.1,19.1,32.9,3.57,8,clay,526,9.9,378,0.93,8.2,356.8,31.9,0.44,synthetic response curve (Mitscherlich-style) + noise; NOT measured yield
631,Maize,85.6,22.4,42.5,5.03,4,sandy,332,7.6,84,0.34,6.61,150.1,27.3,1.22,synthetic response curve (Mitscherlich-style) + noise; NOT measured yield
632,Ragi,56.8,46.1,2.1,1.86,12,loam,329,24.0,226,0.61,7.62,147.9,26.8,-1.02,synthetic response curve (Mitscherlich-style) + noise; NOT measured yield
633,Wheat,70.5,7.9,59.3,2.5,11,loam,508,17.7,232,0.66,7.52,150.5,28.8,-1.25,synthetic response curve (Mitscherlich-style) + noise; NOT measured yield
634,Sorghum,33.9,16.7,15.7,2.25,14,clay,664,13.0,318,1.05,7.54,98.6,23.6,1.14,synthetic response curve (Mitscherlich-style) + noise; NOT measured yield
635,Potato,36.6,0.9,166.6,14.79,11,loam,306,22.3,189,0.62,6.76,175.4,23.5,1.13,synthetic response curve (Mitscherlich-style) + noise; NOT measured yield
636,Green gram,17.1,44.9,15.6,0.72,3,sandy,196,6.5,136,0.15,5.97,269.5,29.0,0.5,synthetic response curve (Mitscherlich-style) + noise; NOT measured yield
637,Soybean,8.3,73.3,37.8,1.99,9,clay,500,11.3,236,0.72,7.57,30.9,28.8,0.54,synthetic response curve (Mitscherlich-style) + noise; NOT measured yield
638,Wheat,177.7,40.0,19.2,3.85,11,loam,504,31.0,265,0.74,6.64,448.1,25.2,1.22,synthetic response curve (Mitscherlich-style) + noise; NOT measured yield
639,Sunflower,38.1,43.7,47.8,1.69,15,clay,484,11.7,221,0.89,8.03,844.5,24.0,0.2,synthetic response curve (Mitscherlich-style) + noise; NOT measured yield
640,Wheat,95.7,22.2,63.2,3.43,5,loam,290,16.1,96,0.48,7.53,244.1,29.2,1.27,synthetic response curve (Mitscherlich-style) + noise; NOT measured yield
641,Maize,145.1,91.4,31.1,4.72,13,sandy,334,9.7,85,0.31,6.01,78.4,17.3,0.48,synthetic response curve (Mitscherlich-style) + noise; NOT measured yield
642,Wheat,79.2,62.4,11.9,2.43,5,loam,494,4.3,34,0.58,6.3,192.2,25.6,-0.4,synthetic response curve (Mitscherlich-style) + noise; NOT measured yield
643,Pigeon pea,5.8,41.6,28.4,0.72,6,clay,89,18.4,279,0.37,9.06,248.9,29.9,0.46,synthetic response curve (Mitscherlich-style) + noise; NOT measured yield
644,Potato,60.5,8.1,91.3,17.61,15,clay,351,31.5,346,0.67,7.95,239.6,26.2,1.03,synthetic response curve (Mitscherlich-style) + noise; NOT measured yield
645,Rice,59.1,15.2,80.6,3.26,3,sandy,355,6.2,117,0.57,6.54,340.2,28.5,0.48,synthetic response curve (Mitscherlich-style) + noise; NOT measured yield
646,Rice,63.6,8.1,82.9,2.62,4,sandy,148,8.5,96,0.1,6.0,457.9,23.4,-1.04,synthetic response curve (Mitscherlich-style) + noise; NOT measured yield
647,Sugarcane,91.3,88.4,4.9,48.82,13,sandy,236,8.1,135,0.11,6.53,166.6,21.9,-0.18,synthetic response curve (Mitscherlich-style) + noise; NOT measured yield
648,Chilli,60.5,4.1,29.4,1.38,14,clay,191,9.6,119,0.23,7.4,60.5,22.0,0.67,synthetic response curve (Mitscherlich-style) + noise; NOT measured yield
649,Maize,206.2,74.4,43.5,5.34,2,loam,206,9.4,230,0.36,8.39,172.9,29.9,-0.02,synthetic response curve (Mitscherlich-style) + noise; NOT measured yield
650,Ragi,26.8,24.7,46.2,1.74,13,sandy,302,11.7,35,0.33,7.3,313.5,25.1,-0.22,synthetic response curve (Mitscherlich-style) + noise; NOT measured yield
651,Wheat,152.5,0.7,26.2,2.26,9,clay,504,14.0,164,0.74,8.69,42.4,27.4,-0.43,synthetic response curve (Mitscherlich-style) + noise; NOT measured yield
652,Sorghum,1.3,15.6,12.2,1.7,14,clay,550,3.6,375,0.88,7.61,135.3,20.1,-2.4,synthetic response curve (Mitscherlich-style) + noise; NOT measured yield
653,Chilli,1.0,8.9,8.6,1.43,8,clay,343,5.2,131,0.35,5.5,261.6,27.1,-0.28,synthetic response curve (Mitscherlich-style) + noise; NOT measured yield
654,Chickpea,10.3,39.2,17.3,1.62,9,clay,280,40.4,228,0.51,5.99,76.9,24.3,0.82,synthetic response curve (Mitscherlich-style) + noise; NOT measured yield
655,Pearl millet,60.0,42.6,39.6,1.75,4,sandy,279,6.0,34,0.43,7.26,301.0,28.2,2.2,synthetic response curve (Mitscherlich-style) + noise; NOT measured yield
656,Chickpea,24.4,10.5,21.7,1.05,9,clay,478,7.1,249,0.96,8.5,349.8,30.1,-0.86,synthetic response curve (Mitscherlich-style) + noise; NOT measured yield
657,Onion,140.9,29.7,63.3,26.02,7,clay,283,18.3,313,0.5,7.89,108.2,26.5,1.34,synthetic response curve (Mitscherlich-style) + noise; NOT measured yield
658,Onion,58.4,29.3,54.0,22.25,7,clay,531,6.9,161,0.72,6.62,249.1,27.4,-0.8,synthetic response curve (Mitscherlich-style) + noise; NOT measured yield
659,Wheat,71.3,13.8,12.5,2.93,5,loam,388,11.8,265,0.36,7.04,268.3,25.0,-0.85,synthetic response curve (Mitscherlich-style) + noise; NOT measured yield
660,Sugarcane,239.7,49.8,76.5,85.88,7,clay,472,24.9,446,0.87,8.34,242.9,24.9,1.54,synthetic response curve (Mitscherlich-style) + noise; NOT measured yield
661,Pearl millet,92.3,6.1,38.4,1.69,3,sandy,200,20.8,208,0.36,6.15,264.6,29.8,0.02,synthetic response curve (Mitscherlich-style) + noise; NOT measured yield
662,Cotton,70.1,60.6,41.3,1.67,13,sandy,349,17.5,83,0.44,7.39,255.1,21.4,1.82,synthetic response curve (Mitscherlich-style) + noise; NOT measured yield
663,Maize,23.6,90.7,29.8,4.43,7,clay,240,7.2,373,0.72,7.04,138.2,29.3,-1.06,synthetic response curve (Mitscherlich-style) + noise; NOT measured yield
664,Sunflower,7.5,68.0,43.8,1.57,6,clay,450,14.3,250,0.63,6.56,66.2,34.0,-0.5,synthetic response curve (Mitscherlich-style) + noise; NOT measured yield
665,Green gram,19.9,7.4,33.5,0.6,15,clay,399,15.4,229,0.79,9.2,1063.1,29.1,0.35,synthetic response curve (Mitscherlich-style) + noise; NOT measured yield
666,Groundnut,7.8,45.5,41.1,1.16,8,clay,416,30.5,237,0.8,8.87,366.0,29.1,-3.22,synthetic response curve (Mitscherlich-style) + noise; NOT measured yield
667,Cotton,168.7,17.3,26.6,1.69,11,loam,440,41.4,247,0.6,5.53,277.0,28.8,-0.35,synthetic response curve (Mitscherlich-style) + noise; NOT measured yield
668,Rice,34.8,11.6,47.6,3.1,15,clay,438,19.6,276,0.73,8.82,187.2,29.2,0.53,synthetic response curve (Mitscherlich-style) + noise; NOT measured yield
669,Ragi,44.3,43.5,33.2,2.09,13,sandy,328,17.1,112,0.29,6.17,47.3,27.1,0.32,synthetic response curve (Mitscherlich-style) + noise; NOT measured yield
670,Cotton,17.0,30.7,4.0,1.61,6,clay,406,15.3,335,0.67,7.71,547.7,24.5,-0.72,synthetic response curve (Mitscherlich-style) + noise; NOT measured yield
671,Onion,129.3,46.2,29.8,28.01,8,clay,484,40.1,282,0.44,7.77,102.9,27.7,-0.17,synthetic response curve (Mitscherlich-style) + noise; NOT measured yield
672,Ragi,9.8,32.6,25.4,1.77,13,sandy,348,38.3,65,0.44,7.37,383.1,25.4,1.65,synthetic response curve (Mitscherlich-style) + noise; NOT measured yield
673,Cotton,135.4,82.2,30.2,1.77,8,clay,441,47.2,426,0.82,8.68,69.9,30.4,-2.85,synthetic response curve (Mitscherlich-style) + noise; NOT measured yield
674,Wheat,107.5,55.6,42.8,4.25,5,loam,324,53.2,175,0.52,5.91,162.2,24.2,1.01,synthetic response curve (Mitscherlich-style) + noise; NOT measured yield
675,Chilli,104.5,22.2,26.7,1.81,8,clay,312,23.9,284,0.59,8.44,20.3,30.0,-0.48,synthetic response curve (Mitscherlich-style) + noise; NOT measured yield
676,Chilli,102.1,0.3,26.5,1.22,1,clay,414,15.3,200,0.55,8.47,20.0,22.4,-1.29,synthetic response curve (Mitscherlich-style) + noise; NOT measured yield
677,Cotton,160.9,15.9,67.9,1.42,14,clay,367,29.9,162,0.66,7.09,42.9,27.3,0.63,synthetic response curve (Mitscherlich-style) + noise; NOT measured yield
678,Soybean,16.2,35.3,27.9,2.11,9,clay,323,3.2,218,0.39,7.99,222.2,27.4,0.35,synthetic response curve (Mitscherlich-style) + noise; NOT measured yield
679,Wheat,3.7,17.9,48.2,2.82,4,sandy,227,6.4,178,0.4,5.5,71.3,18.6,0.61,synthetic response curve (Mitscherlich-style) + noise; NOT measured yield
680,Cotton,30.2,67.8,25.2,1.55,8,clay,264,31.7,295,0.51,7.3,118.2,23.8,2.08,synthetic response curve (Mitscherlich-style) + noise; NOT measured yield
681,Groundnut,4.4,19.2,18.6,1.34,1,clay,435,12.6,246,0.73,8.18,10.9,31.1,-0.27,synthetic response curve (Mitscherlich-style) + noise; NOT measured yield
682,Wheat,53.9,39.6,27.1,3.4,12,loam,415,7.2,206,0.62,7.4,330.8,25.6,-0.7,synthetic response curve (Mitscherlich-style) + noise; NOT measured yield
683,Cotton,168.4,82.8,48.6,1.75,8,clay,376,19.4,282,0.7,9.2,142.6,29.8,1.01,synthetic response curve (Mitscherlich-style) + noise; NOT measured yield
684,Green gram,2.1,1.3,18.2,0.49,1,clay,401,12.9,287,0.6,7.86,255.6,29.5,-0.61,synthetic response curve (Mitscherlich-style) + noise; NOT measured yield
685,Sugarcane,67.0,41.7,91.2,66.88,7,clay,402,38.1,282,0.56,7.18,394.2,27.3,2.01,synthetic response curve (Mitscherlich-style) + noise; NOT measured yield
686,Pearl millet,39.4,14.9,0.7,1.39,2,loam,590,87.9,121,0.98,7.51,66.8,25.7,-0.52,synthetic response curve (Mitscherlich-style) + noise; NOT measured yield
687,Cotton,71.2,19.9,47.5,1.52,6,clay,299,14.6,186,0.63,7.77,472.6,29.3,0.91,synthetic response curve (Mitscherlich-style) + noise; NOT measured yield
688,Tomato,50.3,53.6,126.0,26.33,13,sandy,247,11.1,125,0.32,5.22,137.0,23.6,-0.3,synthetic response curve (Mitscherlich-style) + noise; NOT measured yield
689,Pearl millet,96.0,3.3,16.4,1.27,10,sandy,381,15.5,110,0.58,6.56,68.0,21.3,0.34,synthetic response curve (Mitscherlich-style) + noise; NOT measured yield
690,Mustard,0.2,24.5,16.2,0.99,8,clay,301,19.5,79,0.5,7.93,324.0,24.7,2.05,synthetic response curve (Mitscherlich-style) + noise; NOT measured yield
691,Rice,139.3,36.0,68.1,4.02,8,clay,328,11.9,279,0.48,8.12,164.2,25.3,1.85,synthetic response curve (Mitscherlich-style) + noise; NOT measured yield
692,Chilli,82.2,42.9,66.4,2.36,8,clay,502,75.7,266,0.98,8.72,103.2,28.5,0.83,synthetic response curve (Mitscherlich-style) + noise; NOT measured yield
693,Maize,208.4,68.5,75.3,5.75,2,loam,528,18.8,79,0.71,6.94,107.1,33.3,-0.35,synthetic response curve (Mitscherlich-style) + noise; NOT measured yield
694,Maize,1.0,4.4,48.1,3.09,4,sandy,142,6.1,211,0.2,7.19,170.0,27.2,0.81,synthetic response curve (Mitscherlich-style) + noise; NOT measured yield
695,Sugarcane,15.1,85.9,72.7,64.29,13,sandy,394,13.9,189,0.36,7.76,350.1,26.7,0.15,synthetic response curve (Mitscherlich-style) + noise; NOT measured yield
696,Sorghum,112.3,9.1,42.0,2.34,14,clay,435,50.5,183,0.7,8.91,43.9,23.3,0.13,synthetic response curve (Mitscherlich-style) + noise; NOT measured yield
697,Sunflower,19.8,38.0,23.9,1.57,3,sandy,296,44.0,306,0.2,5.77,265.5,32.0,0.65,synthetic response curve (Mitscherlich-style) + noise; NOT measured yield
698,Cotton,174.0,11.7,15.1,1.11,14,clay,339,10.2,236,0.68,8.48,530.1,27.3,0.28,synthetic response curve (Mitscherlich-style) + noise; NOT measured yield
699,Green gram,4.0,30.0,19.7,0.81,1,clay,535,14.6,163,0.78,7.9,52.7,27.2,0.59,synthetic response curve (Mitscherlich-style) + noise; NOT measured yield
700,Cotton,122.7,79.5,28.9,1.8,8,clay,237,14.2,347,0.4,8.15,141.4,32.4,-0.22,synthetic response curve (Mitscherlich-style) + noise; NOT measured yield
701,Potato,171.7,22.3,65.0,22.79,13,sandy,434,55.2,115,0.62,8.31,97.3,27.8,0.8,synthetic response curve (Mitscherlich-style) + noise; NOT measured yield
702,Lentil,4.8,36.0,26.4,0.92,4,sandy,254,23.0,98,0.4,7.3,563.2,20.3,-0.58,synthetic response curve (Mitscherlich-style) + noise; NOT measured yield
703,Banana,107.8,24.0,109.7,30.57,15,clay,443,14.3,240,0.61,6.7,404.6,33.2,1.59,synthetic response curve (Mitscherlich-style) + noise; NOT measured yield
704,Rice,126.2,51.1,48.1,4.23,15,clay,464,17.4,316,0.67,8.07,393.7,20.9,0.31,synthetic response curve (Mitscherlich-style) + noise; NOT measured yield
705,Sugarcane,132.8,30.1,24.1,61.95,7,clay,420,19.2,195,0.67,8.74,85.6,21.7,-0.46,synthetic response curve (Mitscherlich-style) + noise; NOT measured yield
706,Cotton,77.2,9.9,64.9,1.26,14,clay,381,19.7,262,0.61,8.12,426.7,23.3,0.12,synthetic response curve (Mitscherlich-style) + noise; NOT measured yield
707,Cotton,15.5,36.7,62.3,1.59,2,loam,321,16.4,98,0.68,7.58,34.9,21.5,0.19,synthetic response curve (Mitscherlich-style) + noise; NOT measured yield
708,Cotton,47.5,57.3,35.5,1.8,8,clay,332,12.7,314,0.72,7.69,102.4,30.5,-0.56,synthetic response curve (Mitscherlich-style) + noise; NOT measured yield
709,Tomato,169.6,6.6,18.8,16.97,5,loam,267,6.3,91,0.52,6.68,44.9,26.2,-2.25,synthetic response curve (Mitscherlich-style) + noise; NOT measured yield
710,Wheat,80.3,20.6,20.9,3.82,10,sandy,346,16.5,126,0.39,7.77,64.4,26.6,1.27,synthetic response curve (Mitscherlich-style) + noise; NOT measured yield
711,Wheat,43.2,54.6,62.6,4.02,4,sandy,441,18.7,30,0.67,7.16,25.4,20.5,0.8,synthetic response curve (Mitscherlich-style) + noise; NOT measured yield
712,Onion,116.1,12.6,94.5,18.22,7,clay,279,7.6,276,0.52,6.87,243.0,27.0,-1.68,synthetic response curve (Mitscherlich-style) + noise; NOT measured yield
713,Sunflower,93.5,20.8,27.9,1.36,11,loam,400,9.2,257,0.46,7.59,21.1,25.7,-0.47,synthetic response curve (Mitscherlich-style) + noise; NOT measured yield
714,Maize,75.5,31.6,15.0,5.12,4,sandy,330,15.9,176,0.4,5.59,76.9,22.6,0.21,synthetic response curve (Mitscherlich-style) + noise; NOT measured yield
715,Ragi,76.1,47.2,0.1,1.46,13,sandy,318,16.5,140,0.32,7.21,159.3,19.6,0.44,synthetic response curve (Mitscherlich-style) + noise; NOT measured yield
716,Potato,139.1,63.6,170.7,21.68,11,loam,279,15.7,75,0.37,7.22,168.6,25.9,1.27,synthetic response curve (Mitscherlich-style) + noise; NOT measured yield
717,Maize,20.6,3.2,36.5,2.76,4,sandy,303,5.2,30,0.27,7.65,350.1,22.4,-0.28,synthetic response curve (Mitscherlich-style) + noise; NOT measured yield
718,Rice,57.7,54.7,49.3,4.49,11,loam,460,19.6,200,0.92,6.76,137.8,27.9,0.86,synthetic response curve (Mitscherlich-style) + noise; NOT measured yield
719,Wheat,79.5,27.8,33.6,3.39,5,loam,303,13.5,160,0.5,5.86,114.0,21.9,-1.19,synthetic response curve (Mitscherlich-style) + noise; NOT measured yield
720,Soybean,17.4,18.6,20.5,1.84,9,clay,430,10.9,269,0.57,7.87,450.1,21.9,-0.12,synthetic response curve (Mitscherlich-style) + noise; NOT measured yield
721,Pearl millet,63.5,37.0,44.1,2.06,10,sandy,365,26.5,75,0.59,6.23,26.4,26.5,-0.85,synthetic response curve (Mitscherlich-style) + noise; NOT measured yield
722,Maize,91.8,87.6,59.0,5.23,13,sandy,338,8.0,30,0.38,4.89,29.6,28.2,-0.21,synthetic response curve (Mitscherlich-style) + noise; NOT measured yield
723,Soybean,11.7,1.4,33.8,1.48,6,clay,418,29.8,158,0.53,8.71,235.6,21.1,-0.49,synthetic response curve (Mitscherlich-style) + noise; NOT measured yield
724,Onion,64.5,57.0,59.8,28.61,7,clay,495,23.4,277,0.9,9.05,18.3,27.6,-0.12,synthetic response curve (Mitscherlich-style) + noise; NOT measured yield
725,Maize,5.5,70.2,21.0,3.75,7,clay,429,10.4,224,0.53,9.2,128.0,29.5,-1.29,synthetic response curve (Mitscherlich-style) + noise; NOT measured yield
726,Maize,65.3,26.9,29.8,4.75,13,sandy,296,29.9,101,0.24,6.3,262.9,23.4,-0.27,synthetic response curve (Mitscherlich-style) + noise; NOT measured yield
727,Maize,35.0,80.9,1.2,2.47,13,sandy,360,12.7,67,0.65,5.03,496.8,25.9,0.8,synthetic response curve (Mitscherlich-style) + noise; NOT measured yield
728,Cotton,38.9,62.7,20.1,1.16,4,sandy,329,25.1,43,0.45,6.94,610.7,26.7,-2.33,synthetic response curve (Mitscherlich-style) + noise; NOT measured yield
729,Maize,12.6,2.1,39.2,3.11,2,loam,221,13.2,101,0.17,6.42,57.5,30.2,-0.43,synthetic response curve (Mitscherlich-style) + noise; NOT measured yield
730,Lentil,5.0,6.0,30.4,0.64,15,clay,380,9.4,246,0.65,7.17,656.5,23.8,0.21,synthetic response curve (Mitscherlich-style) + noise; NOT measured yield
731,Cotton,23.3,13.3,14.6,1.3,3,sandy,371,13.5,166,0.44,6.95,523.0,25.5,-0.41,synthetic response curve (Mitscherlich-style) + noise; NOT measured yield
732,Maize,141.0,41.3,82.6,4.94,4,sandy,318,9.5,286,0.52,7.13,38.7,22.5,-0.81,synthetic response curve (Mitscherlich-style) + noise; NOT measured yield
733,Cotton,137.2,6.2,31.5,1.13,2,loam,221,16.7,285,0.36,5.81,187.1,28.3,0.34,synthetic response curve (Mitscherlich-style) + noise; NOT measured yield
734,Sugarcane,171.7,30.2,38.7,62.66,3,sandy,310,6.5,111,0.36,6.99,56.7,32.3,-1.18,synthetic response curve (Mitscherlich-style) + noise; NOT measured yield
735,Green gram,16.3,31.3,21.1,0.63,1,clay,168,21.4,130,0.25,7.31,305.6,28.8,0.45,synthetic response curve (Mitscherlich-style) + noise; NOT measured yield
736,Mustard,108.1,47.8,14.5,1.05,10,sandy,356,22.1,56,0.59,6.54,278.4,22.7,-0.08,synthetic response curve (Mitscherlich-style) + noise; NOT measured yield
737,Rice,177.7,33.3,38.8,3.78,8,clay,488,5.4,192,0.8,7.54,585.6,27.9,-0.6,synthetic response curve (Mitscherlich-style) + noise; NOT measured yield
738,Soybean,31.9,48.8,51.7,1.99,2,loam,406,6.6,218,0.66,9.2,243.0,25.9,0.99,synthetic response curve (Mitscherlich-style) + noise; NOT measured yield
739,Wheat,19.0,65.6,12.7,2.68,10,sandy,272,12.0,61,0.31,6.48,91.1,25.9,-0.96,synthetic response curve (Mitscherlich-style) + noise; NOT measured yield
740,Sugarcane,165.7,16.5,142.3,52.67,3,sandy,396,9.8,155,0.52,6.54,125.1,29.3,0.03,synthetic response curve (Mitscherlich-style) + noise; NOT measured yield
741,Sorghum,34.3,55.0,25.5,2.68,9,clay,535,4.4,338,0.74,6.3,198.9,27.0,-0.12,synthetic response curve (Mitscherlich-style) + noise; NOT measured yield
742,Wheat,154.3,83.8,36.7,3.99,11,loam,270,7.9,215,0.44,8.05,58.9,21.1,1.1,synthetic response curve (Mitscherlich-style) + noise; NOT measured yield
743,Onion,41.8,6.9,84.4,20.59,7,clay,316,21.8,284,0.6,8.27,114.5,25.5,-0.13,synthetic response curve (Mitscherlich-style) + noise; NOT measured yield
744,Sugarcane,186.4,71.2,66.3,79.4,5,loam,222,34.0,144,0.19,6.67,126.9,22.9,-0.63,synthetic response curve (Mitscherlich-style) + noise; NOT measured yield
745,Sorghum,12.0,2.7,5.0,1.69,14,clay,237,13.2,295,0.31,7.9,179.9,25.3,0.52,synthetic response curve (Mitscherlich-style) + noise; NOT measured yield
746,Lentil,6.0,37.7,31.4,1.0,13,sandy,264,4.4,162,0.23,7.05,106.6,27.0,1.21,synthetic response curve (Mitscherlich-style) + noise; NOT measured yield
747,Pearl millet,2.5,52.2,7.9,1.68,13,sandy,234,14.8,123,0.35,6.44,470.6,26.5,0.86,synthetic response curve (Mitscherlich-style) + noise; NOT measured yield
748,Chilli,132.8,53.5,6.4,1.41,3,sandy,239,17.1,45,0.2,5.99,170.1,26.8,-0.41,synthetic response curve (Mitscherlich-style) + noise; NOT measured yield
749,Sugarcane,212.0,43.2,82.4,71.08,5,loam,368,35.1,375,0.92,7.33,266.3,23.3,0.19,synthetic response curve (Mitscherlich-style) + noise; NOT measured yield
750,Cotton,120.7,65.0,72.4,1.72,6,clay,457,11.1,328,0.7,7.63,340.9,29.2,0.3,synthetic response curve (Mitscherlich-style) + noise; NOT measured yield
751,Rice,132.3,61.0,66.7,4.26,3,sandy,177,21.9,30,0.3,7.12,285.1,27.1,0.15,synthetic response curve (Mitscherlich-style) + noise; NOT measured yield
752,Cotton,152.6,10.6,64.6,1.67,6,clay,404,90.0,175,0.91,9.2,291.5,24.8,0.71,synthetic response curve (Mitscherlich-style) + noise; NOT measured yield
753,Maize,22.0,77.9,33.6,4.4,4,sandy,372,8.5,96,0.48,7.01,447.1,25.3,-0.9,synthetic response curve (Mitscherlich-style) + noise; NOT measured yield
754,Cotton,110.7,50.5,39.4,1.69,8,clay,431,9.0,212,0.62,7.24,27.6,30.2,-1.06,synthetic response curve (Mitscherlich-style) + noise; NOT measured yield
755,Rice,52.9,59.6,27.2,3.65,11,loam,447,8.6,89,0.4,6.15,656.8,31.6,-0.61,synthetic response curve (Mitscherlich-style) + noise; NOT measured yield
756,Sugarcane,59.0,47.6,54.0,75.51,7,clay,450,13.3,381,0.57,8.15,32.3,20.4,1.24,synthetic response curve (Mitscherlich-style) + noise; NOT measured yield
757,Potato,78.2,93.6,13.3,17.98,11,loam,399,3.5,196,0.46,7.6,33.3,25.1,2.22,synthetic response curve (Mitscherlich-style) + noise; NOT measured yield
758,Pigeon pea,29.5,19.6,19.6,1.06,6,clay,334,22.0,194,0.56,8.21,355.7,22.0,0.28,synthetic response curve (Mitscherlich-style) + noise; NOT measured yield
759,Cotton,147.7,59.6,12.4,1.2,8,clay,608,9.3,288,0.81,7.25,324.2,32.1,-1.55,synthetic response curve (Mitscherlich-style) + noise; NOT measured yield
760,Sugarcane,109.6,108.1,124.8,83.03,5,loam,396,11.4,162,0.59,6.52,76.9,28.1,0.95,synthetic response curve (Mitscherlich-style) + noise; NOT measured yield
761,Cotton,82.7,69.0,62.7,1.7,2,loam,321,38.7,211,0.69,6.74,25.3,25.0,-0.07,synthetic response curve (Mitscherlich-style) + noise; NOT measured yield
762,Chilli,138.1,5.6,60.8,1.08,1,clay,403,13.9,252,0.78,8.34,131.8,25.3,-1.53,synthetic response curve (Mitscherlich-style) + noise; NOT measured yield
763,Chilli,45.1,1.3,64.2,1.27,3,sandy,265,13.3,37,0.42,6.58,182.9,29.4,-1.61,synthetic response curve (Mitscherlich-style) + noise; NOT measured yield
764,Sugarcane,76.7,114.2,50.9,77.64,10,sandy,367,44.3,132,0.5,6.94,145.8,28.3,1.27,synthetic response curve (Mitscherlich-style) + noise; NOT measured yield
765,Pigeon pea,22.3,31.3,40.1,1.25,2,loam,385,33.1,285,0.58,7.69,98.5,30.4,0.78,synthetic response curve (Mitscherlich-style) + noise; NOT measured yield
766,Rice,44.8,0.4,50.6,2.24,8,clay,291,12.9,324,0.5,8.57,405.9,30.1,-0.3,synthetic response curve (Mitscherlich-style) + noise; NOT measured yield
767,Cotton,101.1,63.8,15.6,1.68,2,loam,309,8.5,349,0.5,6.85,171.2,27.5,-0.85,synthetic response curve (Mitscherlich-style) + noise; NOT measured yield
768,Pigeon pea,25.2,43.2,12.0,1.16,6,clay,482,9.4,270,0.52,6.74,85.7,28.3,-0.16,synthetic response curve (Mitscherlich-style) + noise; NOT measured yield
769,Sunflower,74.4,3.4,5.3,0.94,5,loam,269,8.2,317,0.42,7.17,75.5,19.8,-0.08,synthetic response curve (Mitscherlich-style) + noise; NOT measured yield
770,Chilli,5.1,2.6,8.5,1.25,4,sandy,104,17.1,108,0.17,6.43,163.4,19.8,-0.66,synthetic response curve (Mitscherlich-style) + noise; NOT measured yield
771,Tomato,73.8,71.2,4.0,32.31,8,clay,431,8.9,339,0.72,7.38,51.7,25.3,0.14,synthetic response curve (Mitscherlich-style) + noise; NOT measured yield
772,Sorghum,83.2,27.5,0.2,1.94,14,clay,378,28.3,217,0.57,7.95,152.8,21.7,-1.04,synthetic response curve (Mitscherlich-style) + noise; NOT measured yield
773,Mustard,106.0,3.0,23.0,0.85,10,sandy,296,15.9,30,0.4,7.13,41.8,26.4,1.84,synthetic response curve (Mitscherlich-style) + noise; NOT measured yield
774,Rice,83.4,25.8,22.1,4.1,4,sandy,224,26.2,170,0.21,7.16,218.4,20.3,-0.41,synthetic response curve (Mitscherlich-style) + noise; NOT measured yield
775,Banana,49.7,66.5,205.2,33.21,13,sandy,302,21.2,88,0.27,7.39,790.7,24.1,0.79,synthetic response curve (Mitscherlich-style) + noise; NOT measured yield
776,Chilli,77.7,32.3,2.7,1.83,14,clay,503,3.2,207,0.6,8.16,52.8,20.5,-0.24,synthetic response curve (Mitscherlich-style) + noise; NOT measured yield
777,Wheat,117.7,25.0,32.2,3.61,12,loam,404,11.4,205,0.62,7.07,108.9,31.9,0.09,synthetic response curve (Mitscherlich-style) + noise; NOT measured yield
778,Wheat,41.5,1.3,50.0,2.04,4,sandy,203,9.0,179,0.36,7.69,183.4,22.2,1.51,synthetic response curve (Mitscherlich-style) + noise; NOT measured yield
779,Rice,42.5,15.7,77.5,3.26,3,sandy,233,11.5,68,0.29,6.94,157.3,33.1,-0.17,synthetic response curve (Mitscherlich-style) + noise; NOT measured yield
780,Potato,32.0,26.9,146.4,18.18,15,clay,442,35.2,102,0.36,8.32,40.8,32.7,-0.93,synthetic response curve (Mitscherlich-style) + noise; NOT measured yield
781,Ragi,3.5,0.7,13.4,1.4,14,clay,593,27.3,404,0.78,6.88,37.6,22.8,0.56,synthetic response curve (Mitscherlich-style) + noise; NOT measured yield
782,Maize,207.9,76.4,68.6,5.66,7,clay,365,12.8,255,0.65,7.29,95.0,19.7,1.04,synthetic response curve (Mitscherlich-style) + noise; NOT measured yield
783,Onion,24.0,40.5,21.2,27.57,7,clay,478,11.9,393,0.98,7.07,61.8,28.8,0.23,synthetic response curve (Mitscherlich-style) + noise; NOT measured yield
784,Chilli,82.5,30.8,47.6,1.98,8,clay,386,26.0,238,0.53,8.57,85.2,28.3,0.04,synthetic response curve (Mitscherlich-style) + noise; NOT measured yield
785,Ragi,3.5,45.4,10.7,1.88,14,clay,431,13.9,266,0.74,8.22,46.7,25.6,-1.49,synthetic response curve (Mitscherlich-style) + noise; NOT measured yield
786,Wheat,135.3,35.6,49.4,3.72,5,loam,409,16.7,234,0.38,7.15,164.2,24.9,0.3,synthetic response curve (Mitscherlich-style) + noise; NOT measured yield
787,Potato,129.6,73.3,0.4,19.59,11,loam,417,50.3,273,0.49,4.97,29.7,27.0,0.62,synthetic response curve (Mitscherlich-style) + noise; NOT measured yield
788,Rice,29.3,41.0,55.7,4.16,15,clay,320,20.0,295,0.57,8.53,332.9,26.7,0.29,synthetic response curve (Mitscherlich-style) + noise; NOT measured yield
789,Pearl millet,51.6,0.5,4.1,1.15,5,loam,483,9.3,286,0.53,7.51,38.4,23.7,-0.25,synthetic response curve (Mitscherlich-style) + noise; NOT measured yield
790,Rice,155.5,66.7,11.1,3.73,5,loam,409,19.8,219,0.74,7.87,111.5,22.2,-0.48,synthetic response curve (Mitscherlich-style) + noise; NOT measured yield
791,Chilli,0.1,7.5,54.6,1.6,3,sandy,396,20.3,108,0.31,5.87,185.2,35.5,-0.2,synthetic response curve (Mitscherlich-style) + noise; NOT measured yield
792,Potato,90.5,24.7,28.9,18.18,11,loam,281,54.6,186,0.36,6.9,287.5,23.7,-1.59,synthetic response curve (Mitscherlich-style) + noise; NOT measured yield
793,Wheat,47.0,82.4,37.8,3.99,5,loam,359,8.8,173,0.45,6.81,38.1,25.8,0.13,synthetic response curve (Mitscherlich-style) + noise; NOT measured yield
794,Rice,135.6,65.2,14.6,4.06,1,clay,412,31.2,220,0.58,7.43,89.8,32.2,-0.47,synthetic response curve (Mitscherlich-style) + noise; NOT measured yield
795,Chilli,55.8,8.9,9.4,1.32,8,clay,457,20.4,216,0.73,8.71,232.6,25.6,-0.21,synthetic response curve (Mitscherlich-style) + noise; NOT measured yield
796,Soybean,5.8,53.3,39.8,2.11,9,clay,312,10.1,348,0.55,8.68,130.2,24.9,1.6,synthetic response curve (Mitscherlich-style) + noise; NOT measured yield
797,Groundnut,10.4,63.9,20.4,1.58,1,clay,540,8.2,195,0.9,6.67,141.2,24.4,0.04,synthetic response curve (Mitscherlich-style) + noise; NOT measured yield
798,Maize,170.8,61.0,15.7,4.68,12,loam,368,11.5,231,0.42,8.06,609.6,24.1,-0.23,synthetic response curve (Mitscherlich-style) + noise; NOT measured yield
799,Soybean,6.3,32.7,57.7,2.13,9,clay,322,7.9,190,0.64,8.54,92.7,24.8,0.86,synthetic response curve (Mitscherlich-style) + noise; NOT measured yield
800,Chilli,112.3,26.2,69.0,2.01,8,clay,428,24.6,199,0.95,9.2,101.6,30.2,0.16,synthetic response curve (Mitscherlich-style) + noise; NOT measured yield
801,Cotton,47.5,58.4,66.5,1.78,6,clay,357,9.1,204,0.49,7.43,36.8,27.1,-0.17,synthetic response curve (Mitscherlich-style) + noise; NOT measured yield
802,Mustard,7.2,40.4,17.5,1.3,10,sandy,370,22.9,187,0.62,6.38,253.1,23.8,1.73,synthetic response curve (Mitscherlich-style) + noise; NOT measured yield
803,Maize,200.3,25.7,24.6,3.98,12,loam,313,8.2,163,0.64,7.89,30.7,23.6,-1.49,synthetic response curve (Mitscherlich-style) + noise; NOT measured yield
804,Rice,99.6,55.4,29.5,4.52,12,loam,424,11.6,259,0.7,7.76,256.4,23.3,-0.75,synthetic response curve (Mitscherlich-style) + noise; NOT measured yield
805,Cotton,88.1,26.8,59.2,1.39,6,clay,265,12.1,396,0.38,7.13,45.1,28.2,2.33,synthetic response curve (Mitscherlich-style) + noise; NOT measured yield
806,Chilli,84.7,70.2,0.6,1.5,8,clay,350,12.4,215,0.68,6.64,189.8,29.1,-1.7,synthetic response curve (Mitscherlich-style) + noise; NOT measured yield
807,Wheat,5.9,82.9,6.3,2.91,4,sandy,475,15.7,173,0.8,8.63,561.7,23.8,0.43,synthetic response curve (Mitscherlich-style) + noise; NOT measured yield
808,Rice,7.4,24.8,62.8,4.07,4,sandy,457,8.6,174,0.87,6.08,98.7,21.2,0.89,synthetic response curve (Mitscherlich-style) + noise; NOT measured yield
809,Ragi,92.9,22.4,25.2,1.92,13,sandy,427,7.3,148,0.48,5.87,13.2,25.6,1.22,synthetic response curve (Mitscherlich-style) + noise; NOT measured yield
810,Pigeon pea,2.9,22.6,0.1,0.95,6,clay,533,11.8,142,0.9,7.34,264.4,26.6,-0.24,synthetic response curve (Mitscherlich-style) + noise; NOT measured yield
811,Sugarcane,289.6,79.1,125.0,81.89,5,loam,215,9.1,56,0.4,7.59,135.3,25.2,1.89,synthetic response curve (Mitscherlich-style) + noise; NOT measured yield
812,Wheat,21.0,74.2,69.8,3.53,11,loam,362,12.2,184,0.78,8.34,55.9,27.8,1.13,synthetic response curve (Mitscherlich-style) + noise; NOT measured yield
813,Cotton,152.7,36.0,49.6,1.7,11,loam,574,9.7,224,0.84,7.8,25.2,22.2,0.11,synthetic response curve (Mitscherlich-style) + noise; NOT measured yield
814,Mustard,31.9,6.8,12.7,0.97,5,loam,192,12.9,222,0.47,7.37,261.2,20.0,0.22,synthetic response curve (Mitscherlich-style) + noise; NOT measured yield
815,Chilli,44.1,33.8,55.0,2.06,3,sandy,475,13.3,290,0.43,6.67,143.6,23.3,1.02,synthetic response curve (Mitscherlich-style) + noise; NOT measured yield
816,Mustard,30.9,28.7,1.6,0.67,10,sandy,286,45.5,30,0.1,6.23,105.7,30.2,-0.06,synthetic response curve (Mitscherlich-style) + noise; NOT measured yield
817,Cotton,132.6,42.3,36.4,1.51,14,clay,356,13.8,185,0.77,6.84,137.3,23.1,-1.06,synthetic response curve (Mitscherlich-style) + noise; NOT measured yield
818,Rice,172.9,13.5,48.6,3.25,3,sandy,507,17.1,124,0.64,6.91,558.2,34.1,0.0,synthetic response curve (Mitscherlich-style) + noise; NOT measured yield
819,Rice,2.3,29.3,69.2,3.51,4,sandy,233,8.9,157,0.24,6.89,186.5,21.4,-0.52,synthetic response curve (Mitscherlich-style) + noise; NOT measured yield
820,Sorghum,16.3,8.8,27.2,2.18,14,clay,298,58.8,406,0.38,8.52,88.7,27.9,-0.51,synthetic response curve (Mitscherlich-style) + noise; NOT measured yield
821,Wheat,165.2,12.8,65.7,2.76,11,loam,601,17.7,205,0.92,7.83,199.8,22.2,-1.81,synthetic response curve (Mitscherlich-style) + noise; NOT measured yield
822,Wheat,27.9,59.8,52.0,3.71,10,sandy,326,7.9,61,0.3,6.92,135.6,27.7,-0.89,synthetic response curve (Mitscherlich-style) + noise; NOT measured yield
823,Groundnut,30.7,66.1,10.2,1.36,6,clay,413,15.7,210,0.41,7.41,367.0,24.4,-1.4,synthetic response curve (Mitscherlich-style) + noise; NOT measured yield
824,Cotton,29.4,22.0,71.7,1.5,8,clay,593,23.9,207,0.78,8.75,89.0,32.2,-0.52,synthetic response curve (Mitscherlich-style) + noise; NOT measured yield
825,Rice,46.9,82.7,80.1,3.92,3,sandy,195,22.9,72,0.23,6.24,149.2,33.6,0.63,synthetic response curve (Mitscherlich-style) + noise; NOT measured yield
826,Tomato,24.6,2.0,51.1,17.47,13,sandy,394,7.8,231,0.48,6.73,135.9,17.7,0.86,synthetic response curve (Mitscherlich-style) + noise; NOT measured yield
827,Rice,5.5,51.1,46.7,4.48,8,clay,463,11.9,341,0.64,7.14,474.3,30.4,1.09,synthetic response curve (Mitscherlich-style) + noise; NOT measured yield
828,Rice,97.6,50.2,71.0,5.13,12,loam,352,13.7,172,0.37,6.57,54.5,28.6,0.09,synthetic response curve (Mitscherlich-style) + noise; NOT measured yield
829,Cotton,133.3,56.3,13.0,1.29,14,clay,398,27.5,147,0.62,6.98,175.6,23.1,-1.43,synthetic response curve (Mitscherlich-style) + noise; NOT measured yield
830,Sorghum,20.6,31.8,18.9,2.22,2,loam,453,5.1,240,0.52,6.05,176.3,27.8,-0.94,synthetic response curve (Mitscherlich-style) + noise; NOT measured yield
831,Turmeric,56.6,2.5,124.0,15.08,13,sandy,338,54.0,182,0.4,5.97,136.7,24.6,0.67,synthetic response curve (Mitscherlich-style) + noise; NOT measured yield
832,Mustard,82.3,25.7,33.0,1.07,5,loam,310,5.6,338,0.66,6.69,190.1,24.4,-1.1,synthetic response curve (Mitscherlich-style) + noise; NOT measured yield
833,Ragi,52.1,17.3,6.5,1.43,5,loam,297,27.9,120,0.57,5.88,125.8,26.5,1.36,synthetic response curve (Mitscherlich-style) + noise; NOT measured yield
834,Groundnut,23.3,71.6,44.7,1.79,7,clay,342,21.7,377,0.57,7.86,76.9,28.0,1.07,synthetic response curve (Mitscherlich-style) + noise; NOT measured yield
835,Rice,137.0,29.1,74.3,4.22,5,loam,646,19.6,279,0.83,6.41,25.1,26.6,0.71,synthetic response curve (Mitscherlich-style) + noise; NOT measured yield
836,Pigeon pea,1.7,39.5,28.7,1.27,6,clay,533,33.2,328,0.58,7.82,193.5,27.6,1.55,synthetic response curve (Mitscherlich-style) + noise; NOT measured yield
837,Chickpea,0.5,4.9,38.0,1.05,11,loam,570,12.2,264,0.93,7.16,135.6,27.4,0.32,synthetic response curve (Mitscherlich-style) + noise; NOT measured yield
838,Wheat,126.6,23.6,32.0,3.34,5,loam,348,10.2,180,0.63,7.28,88.7,22.0,1.1,synthetic response curve (Mitscherlich-style) + noise; NOT measured yield
839,Mustard,4.8,48.4,8.3,0.83,10,sandy,292,18.0,69,0.38,6.46,112.9,26.6,-1.77,synthetic response curve (Mitscherlich-style) + noise; NOT measured yield
840,Pigeon pea,29.5,16.0,5.6,1.05,6,clay,439,16.3,207,0.65,6.93,118.2,25.2,0.65,synthetic response curve (Mitscherlich-style) + noise; NOT measured yield
841,Wheat,33.0,12.1,58.2,2.58,5,loam,442,4.2,341,0.94,6.37,48.4,25.1,1.14,synthetic response curve (Mitscherlich-style) + noise; NOT measured yield
842,Chilli,26.7,16.6,53.5,1.59,3,sandy,362,10.1,239,0.39,6.52,49.4,31.2,-0.56,synthetic response curve (Mitscherlich-style) + noise; NOT measured yield
843,Sugarcane,91.8,87.9,71.2,70.11,13,sandy,381,13.6,30,0.77,6.18,41.4,23.9,-1.0,synthetic response curve (Mitscherlich-style) + noise; NOT measured yield
844,Potato,103.9,61.3,29.9,19.94,2,loam,392,19.0,186,0.73,6.22,420.4,28.7,1.26,synthetic response curve (Mitscherlich-style) + noise; NOT measured yield
845,Chickpea,14.8,14.0,29.4,1.35,9,clay,513,28.9,354,0.85,8.24,204.1,29.1,0.18,synthetic response curve (Mitscherlich-style) + noise; NOT measured yield
846,Wheat,59.9,14.1,15.8,2.47,4,sandy,342,8.2,107,0.22,7.65,98.5,19.6,-0.75,synthetic response curve (Mitscherlich-style) + noise; NOT measured yield
847,Sorghum,0.6,45.2,3.2,1.97,15,clay,559,17.9,224,0.8,8.62,224.1,23.9,-0.42,synthetic response curve (Mitscherlich-style) + noise; NOT measured yield
848,Sorghum,8.6,5.7,0.5,1.57,2,loam,548,12.7,260,0.52,6.04,151.9,22.1,-1.15,synthetic response curve (Mitscherlich-style) + noise; NOT measured yield
849,Maize,193.5,9.2,51.6,4.12,7,clay,322,57.8,377,0.66,7.9,430.6,23.5,-0.96,synthetic response curve (Mitscherlich-style) + noise; NOT measured yield
850,Soybean,27.3,8.1,0.3,1.7,8,clay,232,20.5,279,0.37,6.69,77.9,28.0,-0.24,synthetic response curve (Mitscherlich-style) + noise; NOT measured yield
851,Mustard,77.5,39.8,47.5,1.34,15,clay,435,16.5,315,0.63,8.39,250.0,25.1,0.5,synthetic response curve (Mitscherlich-style) + noise; NOT measured yield
852,Chilli,37.9,61.1,47.6,1.62,3,sandy,128,9.9,76,0.21,7.08,31.7,28.0,-0.82,synthetic response curve (Mitscherlich-style) + noise; NOT measured yield
853,Ragi,82.5,13.6,39.0,1.47,13,sandy,292,5.1,148,0.36,4.86,15.1,22.7,1.41,synthetic response curve (Mitscherlich-style) + noise; NOT measured yield
854,Sunflower,17.6,57.0,28.2,1.92,2,loam,453,13.2,267,0.84,7.64,361.4,20.7,-0.77,synthetic response curve (Mitscherlich-style) + noise; NOT measured yield
855,Rice,121.5,0.5,79.7,2.57,5,loam,353,16.6,326,0.39,6.89,516.2,24.9,0.3,synthetic response curve (Mitscherlich-style) + noise; NOT measured yield
856,Tomato,122.3,12.9,118.4,20.13,13,sandy,366,7.2,64,0.71,6.37,84.3,20.5,1.82,synthetic response curve (Mitscherlich-style) + noise; NOT measured yield
857,Soybean,3.0,63.4,6.9,1.95,6,clay,426,9.4,406,0.54,8.7,306.5,27.5,0.93,synthetic response curve (Mitscherlich-style) + noise; NOT measured yield
858,Chickpea,3.4,12.9,13.6,1.14,9,clay,551,9.4,85,0.86,8.07,361.2,29.1,0.66,synthetic response curve (Mitscherlich-style) + noise; NOT measured yield
859,Pigeon pea,28.9,31.6,17.0,1.27,6,clay,436,24.8,227,0.84,8.38,462.5,25.6,1.17,synthetic response curve (Mitscherlich-style) + noise; NOT measured yield
860,Groundnut,6.5,44.6,46.9,1.75,14,clay,430,13.7,285,1.0,8.0,148.9,18.5,0.47,synthetic response curve (Mitscherlich-style) + noise; NOT measured yield
861,Maize,169.5,79.3,53.6,5.5,2,loam,495,6.2,144,0.79,6.6,560.1,21.7,0.61,synthetic response curve (Mitscherlich-style) + noise; NOT measured yield
862,Banana,181.8,68.2,241.5,39.06,15,clay,435,25.5,161,0.62,6.02,530.3,33.3,0.02,synthetic response curve (Mitscherlich-style) + noise; NOT measured yield
863,Onion,42.8,1.3,47.6,22.32,4,sandy,309,71.0,30,0.5,5.44,206.8,25.4,-0.36,synthetic response curve (Mitscherlich-style) + noise; NOT measured yield
864,Soybean,16.9,22.4,49.4,1.53,9,clay,366,9.9,279,0.61,8.77,239.3,23.1,-0.92,synthetic response curve (Mitscherlich-style) + noise; NOT measured yield
865,Rice,137.6,83.5,69.0,3.88,4,sandy,313,17.4,34,0.18,5.53,302.1,20.1,-0.28,synthetic response curve (Mitscherlich-style) + noise; NOT measured yield
866,Maize,14.3,90.2,43.1,5.2,12,loam,394,22.0,261,0.46,7.54,861.4,25.9,-0.63,synthetic response curve (Mitscherlich-style) + noise; NOT measured yield
867,Rice,155.6,16.1,10.8,3.25,11,loam,416,11.4,303,0.69,6.86,101.5,25.1,-0.13,synthetic response curve (Mitscherlich-style) + noise; NOT measured yield
868,Cotton,67.6,70.3,29.9,1.16,3,sandy,266,34.5,50,0.38,7.2,110.0,27.7,3.62,synthetic response curve (Mitscherlich-style) + noise; NOT measured yield
869,Maize,154.9,71.8,28.4,4.47,4,sandy,255,31.8,30,0.56,7.3,423.1,26.9,-1.22,synthetic response curve (Mitscherlich-style) + noise; NOT measured yield
870,Potato,132.4,36.7,10.3,21.54,11,loam,282,24.9,242,0.55,5.5,322.9,27.7,0.03,synthetic response curve (Mitscherlich-style) + noise; NOT measured yield
871,Rice,52.9,16.7,15.3,2.92,8,clay,298,6.4,252,0.54,7.11,257.9,32.4,1.66,synthetic response curve (Mitscherlich-style) + noise; NOT measured yield
872,Chickpea,9.3,27.7,41.0,1.22,9,clay,600,6.2,338,0.78,6.41,319.9,28.2,-1.77,synthetic response curve (Mitscherlich-style) + noise; NOT measured yield
873,Soybean,24.0,62.6,37.0,2.35,6,clay,453,10.8,285,0.51,7.65,50.2,23.4,-0.21,synthetic response curve (Mitscherlich-style) + noise; NOT measured yield
874,Onion,80.0,58.0,86.3,27.38,11,loam,280,11.7,161,0.6,7.36,48.7,29.9,0.11,synthetic response curve (Mitscherlich-style) + noise; NOT measured yield
875,Sorghum,69.8,19.8,43.1,2.04,14,clay,388,13.2,253,0.54,6.4,230.1,19.3,0.33,synthetic response curve (Mitscherlich-style) + noise; NOT measured yield
876,Banana,235.1,1.6,208.3,14.0,2,loam,436,6.8,230,0.61,6.58,129.8,26.8,1.89,synthetic response curve (Mitscherlich-style) + noise; NOT measured yield
877,Wheat,86.1,3.7,47.2,2.77,11,loam,403,29.0,197,0.46,5.98,82.6,28.6,1.43,synthetic response curve (Mitscherlich-style) + noise; NOT measured yield
878,Potato,8.5,49.4,9.6,19.9,15,clay,460,5.2,220,0.65,8.25,268.2,28.4,0.95,synthetic response curve (Mitscherlich-style) + noise; NOT measured yield
879,Potato,162.6,41.6,101.7,21.26,4,sandy,476,14.7,150,0.48,6.92,114.7,29.5,-0.33,synthetic response curve (Mitscherlich-style) + noise; NOT measured yield
880,Maize,207.1,16.1,39.9,3.86,7,clay,203,7.9,225,0.26,7.34,144.6,27.7,-0.44,synthetic response curve (Mitscherlich-style) + noise; NOT measured yield
881,Wheat,20.1,67.0,4.0,2.8,9,clay,546,25.4,218,0.91,8.76,105.1,22.7,0.38,synthetic response curve (Mitscherlich-style) + noise; NOT measured yield
882,Wheat,92.4,23.7,4.8,2.92,12,loam,565,16.9,159,0.72,7.49,1449.5,25.5,-0.41,synthetic response curve (Mitscherlich-style) + noise; NOT measured yield
883,Wheat,154.7,71.5,47.6,3.94,11,loam,267,41.3,279,0.52,6.59,159.7,27.9,-0.53,synthetic response curve (Mitscherlich-style) + noise; NOT measured yield
884,Pearl millet,2.1,24.2,44.9,1.58,15,clay,451,8.5,151,0.7,9.2,118.1,27.2,0.21,synthetic response curve (Mitscherlich-style) + noise; NOT measured yield
885,Chickpea,22.5,34.8,27.7,1.52,9,clay,469,12.4,167,0.75,7.78,464.9,26.1,0.34,synthetic response curve (Mitscherlich-style) + noise; NOT measured yield
886,Cotton,159.0,58.5,50.8,1.92,14,clay,551,29.0,305,0.79,7.61,93.2,23.4,0.07,synthetic response curve (Mitscherlich-style) + noise; NOT measured yield
887,Cotton,65.2,29.8,73.4,1.57,8,clay,352,46.7,195,0.66,9.2,215.1,32.5,-0.19,synthetic response curve (Mitscherlich-style) + noise; NOT measured yield
888,Sugarcane,80.4,74.1,126.8,75.44,5,loam,362,6.5,30,0.48,5.7,242.4,22.6,0.97,synthetic response curve (Mitscherlich-style) + noise; NOT measured yield
889,Wheat,83.6,30.3,46.8,3.35,11,loam,245,6.7,209,0.57,7.39,183.7,25.6,-0.05,synthetic response curve (Mitscherlich-style) + noise; NOT measured yield
890,Onion,70.1,23.7,16.2,20.82,7,clay,440,13.0,205,0.69,8.34,22.6,21.2,-0.65,synthetic response curve (Mitscherlich-style) + noise; NOT measured yield
891,Mustard,44.9,42.7,36.2,1.03,10,sandy,178,21.6,245,0.4,5.87,208.1,23.0,-1.09,synthetic response curve (Mitscherlich-style) + noise; NOT measured yield
892,Pearl millet,26.4,41.1,45.9,2.02,10,sandy,214,13.4,126,0.1,7.13,321.5,25.1,-0.24,synthetic response curve (Mitscherlich-style) + noise; NOT measured yield
893,Sorghum,40.5,25.2,41.1,2.44,2,loam,363,24.6,159,0.61,7.89,79.8,23.2,-0.37,synthetic response curve (Mitscherlich-style) + noise; NOT measured yield
894,Soybean,4.1,14.1,56.3,1.39,9,clay,378,8.4,386,0.59,8.72,250.1,21.7,0.94,synthetic response curve (Mitscherlich-style) + noise; NOT measured yield
895,Cotton,38.5,47.1,42.0,1.96,1,clay,388,9.9,400,0.68,7.81,538.4,23.1,-0.03,synthetic response curve (Mitscherlich-style) + noise; NOT measured yield
896,Sugarcane,175.7,114.9,12.7,57.09,7,clay,366,8.3,280,0.73,8.8,337.5,27.4,-0.1,synthetic response curve (Mitscherlich-style) + noise; NOT measured yield
897,Banana,86.8,30.7,162.5,30.31,10,sandy,523,6.0,261,0.6,6.31,111.3,25.6,0.31,synthetic response curve (Mitscherlich-style) + noise; NOT measured yield
898,Wheat,140.7,40.5,5.0,2.92,10,sandy,359,19.8,132,0.66,7.59,66.9,25.8,-0.33,synthetic response curve (Mitscherlich-style) + noise; NOT measured yield
899,Cotton,176.4,33.3,51.9,1.38,2,loam,347,4.7,113,0.77,7.1,51.3,26.7,-0.64,synthetic response curve (Mitscherlich-style) + noise; NOT measured yield
900,Pigeon pea,4.8,29.0,43.6,1.17,14,clay,458,11.5,159,0.64,8.4,80.6,25.7,0.93,synthetic response curve (Mitscherlich-style) + noise; NOT measured yield
901,Rice,101.9,22.1,55.4,4.02,12,loam,315,7.8,230,0.1,8.36,152.0,26.8,-0.2,synthetic response curve (Mitscherlich-style) + noise; NOT measured yield
902,Sugarcane,58.7,47.2,86.0,75.75,5,loam,531,7.3,235,0.77,5.95,38.8,24.5,1.11,synthetic response curve (Mitscherlich-style) + noise; NOT measured yield
903,Maize,47.5,23.1,55.2,4.15,7,clay,404,18.7,221,0.81,8.86,78.0,22.8,-0.67,synthetic response curve (Mitscherlich-style) + noise; NOT measured yield
904,Sorghum,75.8,24.2,22.3,2.28,2,loam,299,19.5,73,0.36,6.8,162.2,28.6,1.25,synthetic response curve (Mitscherlich-style) + noise; NOT measured yield
905,Pigeon pea,14.1,4.8,41.2,0.79,6,clay,344,13.5,317,0.6,7.78,338.2,21.7,-0.33,synthetic response curve (Mitscherlich-style) + noise; NOT measured yield
906,Wheat,100.7,67.7,19.9,4.51,11,loam,499,12.6,317,0.76,6.62,47.3,30.0,0.06,synthetic response curve (Mitscherlich-style) + noise; NOT measured yield
907,Onion,47.6,46.5,89.6,20.78,14,clay,194,23.6,295,0.19,7.49,49.4,28.1,-2.0,synthetic response curve (Mitscherlich-style) + noise; NOT measured yield
908,Ragi,56.2,25.9,41.7,1.59,9,clay,480,12.0,283,0.76,7.91,264.3,23.8,-1.33,synthetic response curve (Mitscherlich-style) + noise; NOT measured yield
909,Wheat,143.4,76.2,1.3,2.02,5,loam,359,15.2,145,0.73,7.24,67.5,24.9,-1.52,synthetic response curve (Mitscherlich-style) + noise; NOT measured yield
910,Chickpea,20.4,35.6,20.0,1.06,14,clay,157,56.8,231,0.27,8.94,74.7,30.3,0.35,synthetic response curve (Mitscherlich-style) + noise; NOT measured yield
911,Soybean,9.5,37.5,1.6,1.76,9,clay,390,35.3,276,0.49,8.39,99.5,25.4,1.07,synthetic response curve (Mitscherlich-style) + noise; NOT measured yield
912,Rice,28.7,68.4,70.0,3.43,12,loam,337,10.5,130,0.64,7.13,471.6,24.3,2.15,synthetic response curve (Mitscherlich-style) + noise; NOT measured yield
913,Wheat,44.7,1.8,18.8,2.46,11,loam,391,18.4,270,0.63,7.35,346.0,24.3,-1.25,synthetic response curve (Mitscherlich-style) + noise; NOT measured yield
914,Pigeon pea,16.7,56.1,39.6,1.19,6,clay,518,20.8,189,0.88,7.32,754.8,29.1,1.21,synthetic response curve (Mitscherlich-style) + noise; NOT measured yield
915,Green gram,18.1,5.5,34.8,0.54,1,clay,300,10.7,104,0.52,7.51,150.3,23.6,0.7,synthetic response curve (Mitscherlich-style) + noise; NOT measured yield
916,Chickpea,12.5,53.9,40.8,1.6,10,sandy,391,19.3,155,0.27,7.15,79.5,27.3,0.31,synthetic response curve (Mitscherlich-style) + noise; NOT measured yield
917,Green gram,4.0,35.9,30.4,0.73,14,clay,456,60.5,283,0.62,8.83,56.6,27.7,1.0,synthetic response curve (Mitscherlich-style) + noise; NOT measured yield
918,Soybean,20.9,58.5,16.6,1.84,13,sandy,299,16.5,177,0.34,6.28,238.1,24.7,-1.54,synthetic response curve (Mitscherlich-style) + noise; NOT measured yield
919,Lentil,14.7,37.4,22.8,1.05,13,sandy,409,23.9,144,0.76,7.53,721.5,25.1,0.58,synthetic response curve (Mitscherlich-style) + noise; NOT measured yield
920,Cotton,25.2,32.6,53.8,1.64,6,clay,285,12.5,337,0.25,8.49,305.1,20.5,0.76,synthetic response curve (Mitscherlich-style) + noise; NOT measured yield
921,Chilli,42.8,60.9,12.1,1.78,14,clay,346,20.9,128,0.53,6.94,197.0,25.6,1.23,synthetic response curve (Mitscherlich-style) + noise; NOT measured yield
922,Green gram,0.2,47.9,19.9,0.79,1,clay,391,31.7,277,0.75,7.04,366.8,27.6,1.1,synthetic response curve (Mitscherlich-style) + noise; NOT measured yield
923,Rice,113.5,46.4,0.8,3.1,5,loam,348,12.7,172,0.37,7.06,484.1,21.7,0.39,synthetic response curve (Mitscherlich-style) + noise; NOT measured yield
924,Mustard,107.0,20.5,44.7,1.11,10,sandy,178,6.8,153,0.1,7.75,186.4,27.4,1.75,synthetic response curve (Mitscherlich-style) + noise; NOT measured yield
925,Sugarcane,200.2,59.9,81.4,72.71,5,loam,364,13.1,141,0.92,7.01,45.9,20.7,0.07,synthetic response curve (Mitscherlich-style) + noise; NOT measured yield
926,Groundnut,8.2,55.1,48.0,1.82,1,clay,650,9.1,115,0.92,6.71,207.9,30.5,1.76,synthetic response curve (Mitscherlich-style) + noise; NOT measured yield
927,Turmeric,45.4,50.1,34.6,14.19,3,sandy,283,14.2,74,0.37,6.49,929.4,31.2,0.94,synthetic response curve (Mitscherlich-style) + noise; NOT measured yield
928,Rice,126.6,44.8,81.0,4.58,15,clay,323,40.0,142,0.56,7.64,436.0,27.1,0.29,synthetic response curve (Mitscherlich-style) + noise; NOT measured yield
929,Sugarcane,303.1,59.4,82.3,71.99,7,clay,502,25.2,224,0.68,8.6,447.5,25.0,0.3,synthetic response curve (Mitscherlich-style) + noise; NOT measured yield
930,Chickpea,12.7,56.3,24.4,1.19,3,sandy,256,14.8,59,0.35,5.69,106.0,24.9,-1.28,synthetic response curve (Mitscherlich-style) + noise; NOT measured yield
931,Pearl millet,100.1,31.0,25.2,2.26,10,sandy,330,21.4,223,0.48,6.58,262.3,25.1,0.18,synthetic response curve (Mitscherlich-style) + noise; NOT measured yield
932,Green gram,16.7,40.0,20.8,0.69,6,clay,231,41.3,298,0.66,7.15,518.9,23.2,-0.13,synthetic response curve (Mitscherlich-style) + noise; NOT measured yield
933,Pigeon pea,16.7,52.2,13.9,1.29,6,clay,353,63.4,283,0.69,6.79,259.3,27.7,0.05,synthetic response curve (Mitscherlich-style) + noise; NOT measured yield
934,Lentil,12.9,47.5,7.4,0.85,15,clay,329,12.3,218,0.57,8.43,339.6,27.7,1.37,synthetic response curve (Mitscherlich-style) + noise; NOT measured yield
935,Lentil,11.3,30.9,4.4,0.96,9,clay,437,4.1,298,0.74,6.59,126.0,26.6,-0.03,synthetic response curve (Mitscherlich-style) + noise; NOT measured yield
936,Maize,199.7,42.5,33.2,4.92,2,loam,322,24.5,95,0.42,6.67,171.5,25.9,0.05,synthetic response curve (Mitscherlich-style) + noise; NOT measured yield
937,Rice,78.9,55.1,34.1,4.0,15,clay,382,5.8,120,0.74,6.57,314.6,27.8,1.28,synthetic response curve (Mitscherlich-style) + noise; NOT measured yield
938,Chilli,115.1,28.5,67.6,2.05,1,clay,454,24.9,116,0.72,7.34,497.9,30.6,-1.44,synthetic response curve (Mitscherlich-style) + noise; NOT measured yield
939,Rice,158.0,9.0,48.1,3.44,11,loam,421,47.8,273,0.62,7.73,56.1,21.9,-0.98,synthetic response curve (Mitscherlich-style) + noise; NOT measured yield
940,Cotton,48.4,49.4,54.6,1.6,2,loam,383,17.3,229,0.45,6.19,171.6,26.8,-0.53,synthetic response curve (Mitscherlich-style) + noise; NOT measured yield
941,Rice,144.7,77.7,37.6,4.61,5,loam,423,34.8,288,0.57,7.23,295.6,27.6,-1.69,synthetic response curve (Mitscherlich-style) + noise; NOT measured yield
942,Mustard,55.8,43.4,27.0,1.34,15,clay,452,17.1,163,0.64,8.52,105.7,30.6,0.28,synthetic response curve (Mitscherlich-style) + noise; NOT measured yield
943,Rice,118.6,63.0,11.7,3.52,3,sandy,320,21.7,123,0.13,6.69,28.0,28.8,1.7,synthetic response curve (Mitscherlich-style) + noise; NOT measured yield
944,Chilli,47.2,33.7,50.8,1.76,15,clay,363,5.3,272,0.51,7.22,469.3,33.1,0.69,synthetic response curve (Mitscherlich-style) + noise; NOT measured yield
945,Rice,133.4,45.8,8.9,3.31,5,loam,497,25.5,143,0.61,7.56,203.8,26.9,-1.39,synthetic response curve (Mitscherlich-style) + noise; NOT measured yield
946,Cotton,111.9,7.1,63.3,1.32,6,clay,330,21.0,260,0.55,5.89,343.1,32.8,0.86,synthetic response curve (Mitscherlich-style) + noise; NOT measured yield
947,Chickpea,13.3,39.9,12.9,1.25,15,clay,390,8.1,251,0.54,6.93,75.2,27.9,-1.26,synthetic response curve (Mitscherlich-style) + noise; NOT measured yield
948,Chickpea,1.7,3.8,34.9,1.05,12,loam,352,21.1,231,0.58,6.36,484.3,30.3,-0.43,synthetic response curve (Mitscherlich-style) + noise; NOT measured yield
949,Sugarcane,320.5,31.9,129.6,56.7,5,loam,278,10.5,105,0.35,6.82,46.3,19.2,-1.02,synthetic response curve (Mitscherlich-style) + noise; NOT measured yield
950,Rice,42.6,41.6,55.8,4.58,12,loam,388,30.6,104,0.77,6.79,114.7,21.6,0.13,synthetic response curve (Mitscherlich-style) + noise; NOT measured yield
951,Cotton,86.4,23.7,18.8,1.79,8,clay,313,56.8,379,0.55,7.56,240.8,26.8,-0.43,synthetic response curve (Mitscherlich-style) + noise; NOT measured yield
952,Cotton,9.9,56.6,13.4,1.52,2,loam,405,7.0,147,0.67,8.47,537.3,23.3,1.03,synthetic response curve (Mitscherlich-style) + noise; NOT measured yield
953,Wheat,164.9,69.5,7.2,2.62,4,sandy,285,11.0,77,0.47,7.33,200.6,25.2,1.2,synthetic response curve (Mitscherlich-style) + noise; NOT measured yield
954,Wheat,150.6,19.0,65.4,3.25,4,sandy,408,24.8,213,0.51,8.6,93.8,20.3,1.26,synthetic response curve (Mitscherlich-style) + noise; NOT measured yield
955,Cotton,42.4,50.5,64.1,1.78,8,clay,404,19.3,168,0.74,8.5,61.0,27.9,-0.29,synthetic response curve (Mitscherlich-style) + noise; NOT measured yield
956,Cotton,74.0,52.6,51.9,1.74,14,clay,412,43.4,241,0.9,8.77,49.3,24.1,-0.1,synthetic response curve (Mitscherlich-style) + noise; NOT measured yield
957,Sunflower,26.0,67.2,39.5,1.44,9,clay,202,15.3,197,0.12,7.58,301.9,26.6,1.8,synthetic response curve (Mitscherlich-style) + noise; NOT measured yield
958,Sorghum,49.9,3.7,40.1,1.6,3,sandy,412,14.5,62,0.45,6.97,219.1,26.2,-0.77,synthetic response curve (Mitscherlich-style) + noise; NOT measured yield
959,Maize,77.6,15.3,79.7,3.98,10,sandy,457,8.0,30,0.7,6.13,854.6,25.1,-0.25,synthetic response curve (Mitscherlich-style) + noise; NOT measured yield
960,Ragi,7.0,1.4,25.3,1.23,8,clay,417,23.0,299,0.64,8.77,938.3,28.8,-1.05,synthetic response curve (Mitscherlich-style) + noise; NOT measured yield
961,Cotton,162.5,31.9,20.8,1.29,6,clay,361,8.2,260,0.82,7.59,164.7,29.1,0.3,synthetic response curve (Mitscherlich-style) + noise; NOT measured yield
962,Rice,61.0,39.9,20.4,3.89,4,sandy,466,14.0,109,0.6,8.01,388.6,22.6,-0.35,synthetic response curve (Mitscherlich-style) + noise; NOT measured yield
963,Wheat,36.9,42.4,43.4,3.7,11,loam,570,6.9,193,0.65,7.35,457.5,24.9,-0.23,synthetic response curve (Mitscherlich-style) + noise; NOT measured yield
964,Soybean,3.7,68.5,25.1,2.15,9,clay,550,11.7,212,0.82,7.7,84.0,23.9,0.71,synthetic response curve (Mitscherlich-style) + noise; NOT measured yield
965,Sugarcane,131.7,46.3,134.4,66.35,7,clay,444,29.2,42,0.73,8.45,30.1,27.9,1.63,synthetic response curve (Mitscherlich-style) + noise; NOT measured yield
966,Chilli,116.8,41.5,30.9,1.84,3,sandy,216,4.6,118,0.42,5.5,692.9,24.7,-1.82,synthetic response curve (Mitscherlich-style) + noise; NOT measured yield
967,Sorghum,81.7,17.8,24.6,2.19,2,loam,366,13.3,296,0.57,8.04,167.9,22.2,1.53,synthetic response curve (Mitscherlich-style) + noise; NOT measured yield
968,Wheat,86.8,59.9,17.9,3.49,4,sandy,558,4.6,170,0.52,6.35,206.7,28.4,-0.49,synthetic response curve (Mitscherlich-style) + noise; NOT measured yield
969,Sugarcane,274.9,62.9,98.6,83.15,10,sandy,375,5.2,199,0.33,7.57,83.1,23.3,0.3,synthetic response curve (Mitscherlich-style) + noise; NOT measured yield
970,Rice,113.8,62.7,63.0,5.01,1,clay,423,21.8,252,0.64,7.42,299.3,27.5,-0.62,synthetic response curve (Mitscherlich-style) + noise; NOT measured yield
971,Maize,54.4,32.0,35.5,5.25,2,loam,416,17.9,112,0.65,6.83,65.9,28.0,0.23,synthetic response curve (Mitscherlich-style) + noise; NOT measured yield
972,Mustard,67.7,9.7,20.2,0.83,15,clay,405,5.4,319,0.74,6.85,396.6,24.7,-1.08,synthetic response curve (Mitscherlich-style) + noise; NOT measured yield
973,Sugarcane,36.3,25.5,90.7,47.17,5,loam,265,8.9,221,0.3,7.49,18.5,23.0,-1.61,synthetic response curve (Mitscherlich-style) + noise; NOT measured yield
974,Cotton,158.0,22.2,67.8,1.63,2,loam,335,17.0,151,0.56,6.59,72.4,24.9,1.05,synthetic response curve (Mitscherlich-style) + noise; NOT measured yield
975,Mustard,40.4,15.3,14.6,1.01,15,clay,308,16.4,289,0.43,7.13,407.5,26.1,-0.52,synthetic response curve (Mitscherlich-style) + noise; NOT measured yield
976,Ragi,74.7,28.9,26.3,1.97,7,clay,401,8.4,310,0.46,6.77,159.0,27.1,0.49,synthetic response curve (Mitscherlich-style) + noise; NOT measured yield
977,Soybean,3.2,23.3,1.3,1.81,1,clay,442,13.0,281,0.5,8.11,354.4,31.9,1.19,synthetic response curve (Mitscherlich-style) + noise; NOT measured yield
978,Banana,18.5,34.3,176.9,34.9,7,clay,304,13.4,224,0.39,7.01,389.0,26.1,0.2,synthetic response curve (Mitscherlich-style) + noise; NOT measured yield
979,Soybean,9.8,37.0,34.8,1.84,1,clay,488,7.5,295,0.74,8.74,203.4,26.5,0.56,synthetic response curve (Mitscherlich-style) + noise; NOT measured yield
980,Wheat,95.9,47.1,31.9,4.42,5,loam,402,53.5,134,0.57,7.14,69.2,20.9,-0.83,synthetic response curve (Mitscherlich-style) + noise; NOT measured yield
981,Tomato,178.5,19.4,60.8,25.85,15,clay,370,10.1,271,0.42,7.85,64.2,24.6,-0.96,synthetic response curve (Mitscherlich-style) + noise; NOT measured yield
982,Maize,206.6,23.6,47.8,3.36,12,loam,362,5.4,337,0.44,5.41,801.8,21.7,-1.2,synthetic response curve (Mitscherlich-style) + noise; NOT measured yield
983,Onion,0.3,52.6,15.9,22.97,7,clay,367,10.5,120,0.55,6.74,244.4,20.8,0.31,synthetic response curve (Mitscherlich-style) + noise; NOT measured yield
984,Soybean,2.6,28.8,52.0,2.12,6,clay,525,9.4,282,1.01,7.96,706.1,32.3,0.48,synthetic response curve (Mitscherlich-style) + noise; NOT measured yield
985,Wheat,27.4,65.8,58.7,3.34,9,clay,356,17.4,110,0.61,9.08,464.7,30.7,1.89,synthetic response curve (Mitscherlich-style) + noise; NOT measured yield
986,Mustard,13.8,26.1,22.5,0.99,10,sandy,320,27.8,30,0.5,5.58,122.4,21.6,-0.39,synthetic response curve (Mitscherlich-style) + noise; NOT measured yield
987,Rice,130.4,16.2,14.8,3.28,12,loam,569,30.0,154,0.82,7.07,178.6,29.3,-0.4,synthetic response curve (Mitscherlich-style) + noise; NOT measured yield
988,Chickpea,2.0,69.5,38.1,1.28,9,clay,508,3.2,361,0.69,8.79,229.2,28.2,-1.79,synthetic response curve (Mitscherlich-style) + noise; NOT measured yield
989,Sorghum,92.9,29.6,12.5,1.63,2,loam,323,8.3,88,0.66,6.07,81.0,28.9,-1.05,synthetic response curve (Mitscherlich-style) + noise; NOT measured yield
990,Ragi,95.9,23.1,35.8,1.74,13,sandy,301,12.1,188,0.24,6.72,47.6,26.5,-0.12,synthetic response curve (Mitscherlich-style) + noise; NOT measured yield
991,Turmeric,42.2,38.2,0.8,12.44,6,clay,420,14.9,109,0.72,7.85,52.1,25.5,0.23,synthetic response curve (Mitscherlich-style) + noise; NOT measured yield
992,Maize,8.3,90.8,55.3,3.82,13,sandy,247,10.7,300,0.46,7.72,103.6,24.2,-1.45,synthetic response curve (Mitscherlich-style) + noise; NOT measured yield
993,Ragi,92.2,45.0,27.2,1.52,13,sandy,435,71.4,110,0.55,6.18,70.5,24.5,-1.01,synthetic response curve (Mitscherlich-style) + noise; NOT measured yield
994,Cotton,32.1,61.6,77.2,1.92,4,sandy,534,20.7,121,0.84,7.15,291.2,22.8,-0.76,synthetic response curve (Mitscherlich-style) + noise; NOT measured yield
995,Banana,146.7,40.3,238.4,33.14,8,clay,584,7.3,349,0.84,7.77,132.9,26.3,-0.51,synthetic response curve (Mitscherlich-style) + noise; NOT measured yield
996,Pearl millet,80.9,43.0,19.1,2.17,12,loam,438,18.1,275,0.61,6.84,60.1,25.3,-0.1,synthetic response curve (Mitscherlich-style) + noise; NOT measured yield
997,Cotton,47.8,56.7,9.9,1.53,6,clay,323,6.8,221,0.25,6.95,9.7,26.9,0.83,synthetic response curve (Mitscherlich-style) + noise; NOT measured yield
998,Maize,86.9,59.6,51.2,5.21,12,loam,315,27.9,206,0.54,7.18,430.3,27.8,2.22,synthetic response curve (Mitscherlich-style) + noise; NOT measured yield
999,Rice,170.1,33.5,65.0,3.75,8,clay,391,24.0,189,0.62,8.55,514.2,29.7,-0.4,synthetic response curve (Mitscherlich-style) + noise; NOT measured yield
1000,Cotton,161.9,52.6,56.9,1.99,14,clay,428,26.7,249,0.69,7.93,84.1,24.5,0.64,synthetic response curve (Mitscherlich-style) + noise; NOT measured yield
1001,Cotton,67.6,64.3,72.8,1.95,14,clay,476,7.7,225,0.87,6.97,123.9,18.9,-1.32,synthetic response curve (Mitscherlich-style) + noise; NOT measured yield
1002,Potato,128.2,92.6,116.6,25.67,15,clay,472,1.8,199,0.65,8.47,17.6,30.3,1.47,synthetic response curve (Mitscherlich-style) + noise; NOT measured yield
1003,Sorghum,96.9,20.1,15.4,2.04,4,sandy,251,55.5,113,0.31,7.44,125.1,22.6,-0.81,synthetic response curve (Mitscherlich-style) + noise; NOT measured yield
1004,Wheat,79.2,48.0,50.8,4.12,12,loam,382,83.1,241,0.46,8.64,824.7,22.9,1.61,synthetic response curve (Mitscherlich-style) + noise; NOT measured yield
1005,Chilli,20.2,51.8,3.6,1.74,12,loam,511,59.4,284,0.74,6.14,77.2,23.5,-0.79,synthetic response curve (Mitscherlich-style) + noise; NOT measured yield
1006,Maize,187.3,22.3,39.5,4.75,7,clay,482,71.2,233,0.86,8.34,23.3,28.2,-1.25,synthetic response curve (Mitscherlich-style) + noise; NOT measured yield
1007,Rice,5.0,33.1,6.1,3.85,3,sandy,413,13.8,134,0.46,6.96,140.2,27.9,0.18,synthetic response curve (Mitscherlich-style) + noise; NOT measured yield
1008,Potato,203.7,82.7,100.3,20.09,5,loam,487,2.6,85,0.7,5.28,99.6,22.7,-0.0,synthetic response curve (Mitscherlich-style) + noise; NOT measured yield
1009,Chilli,97.4,8.7,70.3,1.87,8,clay,498,38.6,161,0.82,6.51,326.5,31.1,-0.46,synthetic response curve (Mitscherlich-style) + noise; NOT measured yield
1010,Maize,95.4,5.3,42.7,2.64,13,sandy,371,11.7,30,0.76,5.83,67.7,26.8,-1.29,synthetic response curve (Mitscherlich-style) + noise; NOT measured yield
1011,Cotton,120.4,3.9,60.8,1.22,14,clay,332,21.0,188,0.53,8.37,143.8,27.6,0.62,synthetic response curve (Mitscherlich-style) + noise; NOT measured yield
1012,Chilli,115.6,69.1,27.2,2.24,14,clay,419,18.7,258,0.74,6.6,102.5,24.7,-0.97,synthetic response curve (Mitscherlich-style) + noise; NOT measured yield
1013,Rice,163.5,39.6,65.1,4.02,15,clay,297,16.5,343,0.59,6.14,610.8,25.4,1.96,synthetic response curve (Mitscherlich-style) + noise; NOT measured yield
1014,Cotton,170.5,12.6,0.2,1.21,2,loam,580,35.9,190,0.71,7.22,213.9,23.4,-0.86,synthetic response curve (Mitscherlich-style) + noise; NOT measured yield
1015,Sorghum,39.8,59.0,38.9,2.81,15,clay,478,15.6,274,0.65,7.57,466.7,33.0,0.69,synthetic response curve (Mitscherlich-style) + noise; NOT measured yield
1016,Chickpea,13.4,45.1,15.9,1.33,9,clay,455,14.9,238,0.46,7.18,54.4,22.4,-0.93,synthetic response curve (Mitscherlich-style) + noise; NOT measured yield
1017,Sorghum,7.3,28.5,6.0,1.42,2,loam,355,16.3,42,0.4,7.82,402.9,30.1,-0.84,synthetic response curve (Mitscherlich-style) + noise; NOT measured yield
1018,Maize,11.8,10.9,61.0,4.63,2,loam,299,73.3,229,0.47,8.5,0.6,25.7,0.59,synthetic response curve (Mitscherlich-style) + noise; NOT measured yield
1019,Wheat,84.2,41.0,67.8,3.88,4,sandy,329,23.5,108,0.47,6.23,62.8,20.5,0.79,synthetic response curve (Mitscherlich-style) + noise; NOT measured yield
1020,Pigeon pea,3.3,36.8,16.9,0.78,4,sandy,353,9.4,30,0.54,5.7,177.1,25.4,0.88,synthetic response curve (Mitscherlich-style) + noise; NOT measured yield
1021,Wheat,89.1,32.9,47.6,3.43,2,loam,477,20.7,151,0.73,7.09,205.8,29.6,0.75,synthetic response curve (Mitscherlich-style) + noise; NOT measured yield
1022,Pigeon pea,28.3,4.0,18.4,0.89,6,clay,374,39.1,289,0.54,9.2,112.0,30.5,1.72,synthetic response curve (Mitscherlich-style) + noise; NOT measured yield
1023,Wheat,43.5,10.8,34.8,2.32,9,clay,597,5.9,310,0.88,6.85,76.3,22.8,0.3,synthetic response curve (Mitscherlich-style) + noise; NOT measured yield
1024,Rice,117.0,16.5,19.2,3.9,5,loam,461,9.9,94,0.25,7.67,343.3,28.9,0.12,synthetic response curve (Mitscherlich-style) + noise; NOT measured yield
1025,Rice,128.5,32.0,65.2,3.25,11,loam,328,7.9,167,0.58,6.64,296.6,21.5,-1.32,synthetic response curve (Mitscherlich-style) + noise; NOT measured yield
1026,Rice,109.4,38.2,47.3,4.12,11,loam,169,10.3,89,0.26,7.63,73.3,21.7,1.12,synthetic response curve (Mitscherlich-style) + noise; NOT measured yield
1027,Soybean,26.7,64.1,51.8,2.35,6,clay,443,7.1,129,0.68,8.53,106.2,24.8,0.95,synthetic response curve (Mitscherlich-style) + noise; NOT measured yield
1028,Maize,47.3,25.6,5.9,4.71,2,loam,350,14.6,202,0.41,7.55,36.6,25.0,-0.73,synthetic response curve (Mitscherlich-style) + noise; NOT measured yield
1029,Rice,120.9,43.4,34.7,4.64,5,loam,160,11.0,364,0.39,6.35,335.9,25.6,0.29,synthetic response curve (Mitscherlich-style) + noise; NOT measured yield
1030,Pearl millet,98.6,25.8,15.3,1.86,10,sandy,214,30.8,163,0.21,7.25,68.2,22.9,1.54,synthetic response curve (Mitscherlich-style) + noise; NOT measured yield
1031,Potato,213.9,7.0,95.1,12.66,6,clay,405,12.4,366,0.62,7.37,89.4,25.1,-0.04,synthetic response curve (Mitscherlich-style) + noise; NOT measured yield
1032,Soybean,3.7,8.3,43.0,1.47,9,clay,203,20.0,238,0.24,7.55,93.6,23.3,1.55,synthetic response curve (Mitscherlich-style) + noise; NOT measured yield
1033,Tomato,132.9,88.4,43.7,38.17,13,sandy,344,5.4,273,0.48,5.96,752.3,26.0,2.09,synthetic response curve (Mitscherlich-style) + noise; NOT measured yield
1034,Wheat,86.1,18.4,52.5,2.95,12,loam,382,3.3,151,0.5,5.74,273.0,29.8,1.9,synthetic response curve (Mitscherlich-style) + noise; NOT measured yield
1035,Chilli,108.1,55.5,63.4,2.09,10,sandy,329,14.9,165,0.34,6.96,117.9,24.8,-0.04,synthetic response curve (Mitscherlich-style) + noise; NOT measured yield
1036,Sorghum,4.3,22.8,28.1,2.38,2,loam,547,18.7,342,0.8,7.9,141.0,21.4,-0.38,synthetic response curve (Mitscherlich-style) + noise; NOT measured yield
1037,Pigeon pea,4.9,52.4,38.4,1.23,12,loam,501,11.9,223,0.8,7.97,365.5,25.7,-2.04,synthetic response curve (Mitscherlich-style) + noise; NOT measured yield
1038,Rice,104.1,5.6,37.2,3.11,5,loam,303,22.2,98,0.47,7.29,128.6,28.6,1.4,synthetic response curve (Mitscherlich-style) + noise; NOT measured yield
1039,Onion,112.3,37.0,64.6,27.01,7,clay,316,90.0,180,0.61,6.6,175.5,28.5,-0.06,synthetic response curve (Mitscherlich-style) + noise; NOT measured yield
1040,Onion,131.8,66.2,59.0,22.92,11,loam,483,14.5,111,0.58,7.54,263.6,28.4,-1.45,synthetic response curve (Mitscherlich-style) + noise; NOT measured yield
1041,Tomato,39.5,49.1,41.8,38.78,13,sandy,489,8.6,146,0.61,6.87,329.4,28.3,0.08,synthetic response curve (Mitscherlich-style) + noise; NOT measured yield
1042,Rice,41.6,11.8,66.6,2.84,11,loam,439,6.1,94,0.68,8.48,37.2,24.6,0.61,synthetic response curve (Mitscherlich-style) + noise; NOT measured yield
1043,Green gram,27.0,28.5,3.4,0.42,5,loam,546,8.2,98,0.84,7.68,179.5,24.7,-2.29,synthetic response curve (Mitscherlich-style) + noise; NOT measured yield
1044,Onion,45.7,36.8,26.0,20.02,7,clay,378,12.9,440,0.5,9.2,45.3,21.7,-0.52,synthetic response curve (Mitscherlich-style) + noise; NOT measured yield
1045,Cotton,171.8,43.6,68.9,1.73,6,clay,352,12.5,278,0.56,8.03,163.2,30.5,0.81,synthetic response curve (Mitscherlich-style) + noise; NOT measured yield
1046,Sugarcane,275.8,32.7,36.1,61.9,7,clay,256,7.2,261,0.49,7.83,266.1,27.3,0.2,synthetic response curve (Mitscherlich-style) + noise; NOT measured yield
1047,Rice,110.7,38.0,23.2,4.01,12,loam,365,15.9,154,0.54,8.07,79.6,27.8,0.41,synthetic response curve (Mitscherlich-style) + noise; NOT measured yield
1048,Mustard,51.6,27.6,39.0,1.3,15,clay,232,9.9,392,0.55,8.01,87.6,24.2,0.36,synthetic response curve (Mitscherlich-style) + noise; NOT measured yield
1049,Maize,10.5,82.1,47.5,4.61,6,clay,311,8.8,274,0.34,7.13,212.7,27.1,0.21,synthetic response curve (Mitscherlich-style) + noise; NOT measured yield
1050,Ragi,86.8,11.4,24.0,1.33,5,loam,319,6.8,215,0.46,7.33,22.6,22.9,-1.37,synthetic response curve (Mitscherlich-style) + noise; NOT measured yield
1051,Soybean,1.4,59.4,18.4,1.4,14,clay,472,19.2,66,0.95,8.1,162.8,20.0,3.15,synthetic response curve (Mitscherlich-style) + noise; NOT measured yield
1052,Soybean,17.7,48.9,12.6,1.38,3,sandy,463,17.2,32,0.51,6.68,489.8,34.4,-0.17,synthetic response curve (Mitscherlich-style) + noise; NOT measured yield
1053,Sunflower,36.2,18.2,35.7,1.29,6,clay,188,5.4,425,0.57,8.06,96.7,27.6,-1.11,synthetic response curve (Mitscherlich-style) + noise; NOT measured yield
1054,Rice,55.2,41.8,80.5,4.13,15,clay,425,15.4,236,0.73,6.42,113.6,25.3,-0.96,synthetic response curve (Mitscherlich-style) + noise; NOT measured yield
1055,Cotton,21.8,37.2,56.0,1.31,14,clay,288,8.7,291,0.54,9.15,574.1,23.8,-0.46,synthetic response curve (Mitscherlich-style) + noise; NOT measured yield
1056,Ragi,43.3,47.7,44.4,2.2,13,sandy,257,13.9,85,0.1,6.33,110.0,31.0,1.01,synthetic response curve (Mitscherlich-style) + noise; NOT measured yield
1057,Cotton,90.9,36.8,49.6,1.58,14,clay,480,15.2,217,0.8,8.02,49.4,23.4,-0.74,synthetic response curve (Mitscherlich-style) + noise; NOT measured yield
1058,Wheat,34.2,35.9,50.9,4.01,4,sandy,555,19.3,139,0.62,7.32,386.4,22.2,-0.49,synthetic response curve (Mitscherlich-style) + noise; NOT measured yield
1059,Groundnut,16.8,50.2,25.8,1.76,1,clay,489,20.7,272,0.75,8.6,176.2,26.9,-0.85,synthetic response curve (Mitscherlich-style) + noise; NOT measured yield
1060,Green gram,27.6,49.2,10.0,0.67,13,sandy,424,5.8,125,0.48,7.23,616.8,28.4,-0.27,synthetic response curve (Mitscherlich-style) + noise; NOT measured yield
1061,Rice,53.2,5.3,59.9,2.64,8,clay,373,10.8,246,0.6,7.96,56.1,27.5,0.7,synthetic response curve (Mitscherlich-style) + noise; NOT measured yield
1062,Rice,22.9,77.6,40.7,4.15,4,sandy,299,16.7,84,0.1,6.22,96.4,24.4,1.19,synthetic response curve (Mitscherlich-style) + noise; NOT measured yield
1063,Sunflower,13.8,12.9,53.1,1.66,8,clay,599,31.5,267,1.01,7.52,463.4,29.3,0.16,synthetic response curve (Mitscherlich-style) + noise; NOT measured yield
1064,Ragi,47.2,46.7,39.5,2.08,13,sandy,402,5.3,126,0.5,6.27,463.7,21.6,-0.28,synthetic response curve (Mitscherlich-style) + noise; NOT measured yield
1065,Cotton,119.8,30.5,68.1,1.76,8,clay,213,9.0,305,0.44,7.15,13.4,28.4,0.04,synthetic response curve (Mitscherlich-style) + noise; NOT measured yield
1066,Pearl millet,8.3,7.1,38.1,1.67,10,sandy,346,13.0,159,0.21,6.2,166.2,27.6,1.04,synthetic response curve (Mitscherlich-style) + noise; NOT measured yield
1067,Chilli,136.6,62.2,43.2,2.26,8,clay,483,10.3,302,0.69,9.2,141.3,25.6,-1.38,synthetic response curve (Mitscherlich-style) + noise; NOT measured yield
1068,Cotton,0.4,34.0,8.4,1.47,8,clay,472,25.8,238,0.94,7.49,455.1,27.7,0.5,synthetic response curve (Mitscherlich-style) + noise; NOT measured yield
1069,Mustard,57.7,48.8,28.1,1.29,15,clay,286,10.4,278,0.49,7.67,158.8,28.7,-1.23,synthetic response curve (Mitscherlich-style) + noise; NOT measured yield
1070,Cotton,177.7,43.7,30.0,1.6,14,clay,336,31.9,376,0.45,8.4,498.6,24.1,-0.13,synthetic response curve (Mitscherlich-style) + noise; NOT measured yield
1071,Maize,4.2,47.6,22.0,5.11,7,clay,411,8.2,271,0.47,8.5,108.2,23.9,0.79,synthetic response curve (Mitscherlich-style) + noise; NOT measured yield
1072,Maize,139.2,84.3,10.8,5.1,13,sandy,237,58.0,215,0.29,7.31,64.9,27.3,0.82,synthetic response curve (Mitscherlich-style) + noise; NOT measured yield
1073,Rice,43.6,74.6,79.8,5.35,11,loam,502,7.8,300,0.83,6.66,395.2,25.5,0.22,synthetic response curve (Mitscherlich-style) + noise; NOT measured yield
1074,Sugarcane,148.0,60.1,35.0,64.71,2,loam,402,40.3,133,0.56,7.21,10.6,29.4,-0.48,synthetic response curve (Mitscherlich-style) + noise; NOT measured yield
1075,Maize,211.1,16.4,18.3,3.71,13,sandy,305,19.5,144,0.4,6.8,84.4,22.0,-1.2,synthetic response curve (Mitscherlich-style) + noise; NOT measured yield
1076,Rice,148.9,50.1,58.6,4.41,11,loam,297,11.6,213,0.55,5.94,83.2,26.6,-0.8,synthetic response curve (Mitscherlich-style) + noise; NOT measured yield
1077,Sugarcane,29.3,79.6,137.3,58.93,13,sandy,395,15.5,68,0.48,7.34,113.1,25.4,-1.35,synthetic response curve (Mitscherlich-style) + noise; NOT measured yield
1078,Wheat,85.5,68.1,21.7,3.41,12,loam,352,17.3,118,0.41,7.59,176.2,26.2,2.1,synthetic response curve (Mitscherlich-style) + noise; NOT measured yield
1079,Mustard,58.8,5.1,29.2,0.99,15,clay,449,31.4,301,1.1,7.99,58.0,22.9,-1.05,synthetic response curve (Mitscherlich-style) + noise; NOT measured yield
1080,Chickpea,12.5,34.8,26.1,1.49,9,clay,486,20.0,260,0.86,8.56,220.7,24.6,0.32,synthetic response curve (Mitscherlich-style) + noise; NOT measured yield
1081,Rice,136.0,56.2,62.8,4.13,1,clay,424,12.5,258,0.63,9.01,84.0,28.3,0.98,synthetic response curve (Mitscherlich-style) + noise; NOT measured yield
1082,Rice,46.3,22.3,66.1,2.77,5,loam,284,6.5,192,0.71,9.13,270.2,27.5,1.73,synthetic response curve (Mitscherlich-style) + noise; NOT measured yield
1083,Cotton,44.5,9.9,35.5,1.02,3,sandy,397,12.8,142,0.41,8.23,80.3,26.7,-1.5,synthetic response curve (Mitscherlich-style) + noise; NOT measured yield
1084,Maize,172.5,11.3,14.8,3.51,4,sandy,413,6.5,64,0.43,6.2,50.2,24.0,0.3,synthetic response curve (Mitscherlich-style) + noise; NOT measured yield
1085,Chilli,106.2,35.2,70.6,2.11,9,clay,435,12.8,238,0.69,7.84,515.7,29.0,-0.34,synthetic response curve (Mitscherlich-style) + noise; NOT measured yield
1086,Wheat,150.7,70.5,69.1,3.71,15,clay,131,13.8,275,0.26,8.68,577.6,25.6,2.72,synthetic response curve (Mitscherlich-style) + noise; NOT measured yield
1087,Rice,14.6,76.4,30.9,4.01,12,loam,365,7.0,376,0.58,6.71,377.6,26.5,0.02,synthetic response curve (Mitscherlich-style) + noise; NOT measured yield
1088,Maize,110.9,38.2,5.3,4.15,7,clay,313,13.8,334,0.5,7.6,158.5,26.1,3.32,synthetic response curve (Mitscherlich-style) + noise; NOT measured yield
1089,Wheat,123.6,82.3,33.8,3.42,8,clay,443,8.2,176,0.68,9.2,259.9,33.2,0.37,synthetic response curve (Mitscherlich-style) + noise; NOT measured yield
1090,Rice,138.8,50.2,61.1,4.72,8,clay,638,69.0,235,0.77,8.56,200.5,25.1,0.9,synthetic response curve (Mitscherlich-style) + noise; NOT measured yield
1091,Sugarcane,290.5,113.9,3.4,55.31,7,clay,305,19.4,259,0.57,6.65,14.4,22.9,-0.78,synthetic response curve (Mitscherlich-style) + noise; NOT measured yield
1092,Chickpea,4.1,18.4,30.3,1.31,9,clay,382,28.1,306,0.72,8.87,190.2,28.0,0.52,synthetic response curve (Mitscherlich-style) + noise; NOT measured yield
1093,Lentil,4.2,39.1,32.9,1.01,15,clay,445,24.9,304,0.66,7.24,1361.1,25.1,-0.7,synthetic response curve (Mitscherlich-style) + noise; NOT measured yield
1094,Banana,82.6,9.2,107.3,24.48,2,loam,302,9.5,71,0.38,6.81,51.8,25.9,0.32,synthetic response curve (Mitscherlich-style) + noise; NOT measured yield
1095,Cotton,26.7,0.8,69.8,1.14,6,clay,430,23.9,338,0.69,8.91,56.9,29.2,-0.12,synthetic response curve (Mitscherlich-style) + noise; NOT measured yield
1096,Cotton,64.3,76.0,0.6,1.09,2,loam,310,8.0,255,0.49,6.9,62.1,26.0,-2.87,synthetic response curve (Mitscherlich-style) + noise; NOT measured yield
1097,Onion,59.4,24.4,30.2,25.59,13,sandy,217,23.9,121,0.36,6.4,109.4,28.8,0.97,synthetic response curve (Mitscherlich-style) + noise; NOT measured yield
1098,Chilli,36.3,51.3,63.9,1.88,3,sandy,309,25.2,129,0.41,6.41,42.7,29.4,0.46,synthetic response curve (Mitscherlich-style) + noise; NOT measured yield
1099,Mustard,60.2,24.2,44.2,1.2,10,sandy,233,17.5,51,0.21,5.79,8.5,20.9,-0.41,synthetic response curve (Mitscherlich-style) + noise; NOT measured yield
1100,Onion,63.5,25.2,10.5,23.56,1,clay,379,43.2,318,0.6,6.77,89.5,23.2,-0.37,synthetic response curve (Mitscherlich-style) + noise; NOT measured yield
1101,Cotton,175.8,67.0,35.9,1.76,8,clay,418,13.3,205,0.88,5.61,61.1,30.1,-0.36,synthetic response curve (Mitscherlich-style) + noise; NOT measured yield
1102,Chilli,15.0,68.8,39.7,2.0,14,clay,373,45.7,178,0.66,8.36,178.6,19.3,-0.25,synthetic response curve (Mitscherlich-style) + noise; NOT measured yield
1103,Rice,117.0,50.5,44.9,4.72,15,clay,465,12.7,262,0.66,7.46,501.4,28.7,0.65,synthetic response curve (Mitscherlich-style) + noise; NOT measured yield
1104,Cotton,90.8,82.1,4.7,1.24,3,sandy,206,6.5,179,0.34,7.07,323.9,30.5,-0.69,synthetic response curve (Mitscherlich-style) + noise; NOT measured yield
1105,Banana,198.6,48.5,53.3,34.86,10,sandy,499,5.9,165,0.47,6.6,179.9,30.7,-0.12,synthetic response curve (Mitscherlich-style) + noise; NOT measured yield
1106,Maize,102.7,26.4,14.4,3.98,4,sandy,145,23.0,155,0.16,8.32,95.3,23.9,-0.74,synthetic response curve (Mitscherlich-style) + noise; NOT measured yield
1107,Potato,156.2,51.5,30.6,22.85,11,loam,199,9.3,272,0.62,7.9,57.2,23.1,1.43,synthetic response curve (Mitscherlich-style) + noise; NOT measured yield
1108,Chickpea,4.3,23.0,12.6,1.41,9,clay,512,26.1,324,0.73,7.27,246.1,26.6,-0.18,synthetic response curve (Mitscherlich-style) + noise; NOT measured yield
1109,Rice,39.3,6.5,6.7,3.77,12,loam,453,90.0,214,0.63,6.68,149.9,27.2,-0.73,synthetic response curve (Mitscherlich-style) + noise; NOT measured yield
1110,Soybean,5.3,11.5,7.7,1.86,14,clay,434,19.0,225,0.81,6.81,156.7,24.5,-0.28,synthetic response curve (Mitscherlich-style) + noise; NOT measured yield
1111,Cotton,171.1,53.3,81.3,1.68,6,clay,365,6.8,187,0.67,8.13,230.5,23.7,0.95,synthetic response curve (Mitscherlich-style) + noise; NOT measured yield
1112,Rice,131.3,6.7,48.3,2.9,1,clay,467,11.6,292,0.62,7.93,152.2,27.9,0.8,synthetic response curve (Mitscherlich-style) + noise; NOT measured yield
1113,Wheat,21.3,35.9,13.7,3.35,5,loam,269,3.7,229,0.41,6.68,433.3,22.3,-0.13,synthetic response curve (Mitscherlich-style) + noise; NOT measured yield
1114,Rice,22.8,65.4,4.2,2.59,4,sandy,378,14.1,82,0.81,6.31,20.5,22.7,-0.68,synthetic response curve (Mitscherlich-style) + noise; NOT measured yield
1115,Cotton,2.8,67.8,14.1,1.74,2,loam,375,37.0,225,0.63,7.08,55.9,25.4,1.43,synthetic response curve (Mitscherlich-style) + noise; NOT measured yield
1116,Wheat,15.6,56.8,67.8,3.44,11,loam,203,10.2,116,0.4,6.16,267.1,27.3,0.58,synthetic response curve (Mitscherlich-style) + noise; NOT measured yield
1117,Chilli,7.8,18.2,65.2,1.77,14,clay,305,18.1,42,0.49,7.62,1086.8,23.7,-0.89,synthetic response curve (Mitscherlich-style) + noise; NOT measured yield
1118,Pigeon pea,15.4,59.0,18.9,1.06,8,clay,238,8.6,166,0.25,9.13,248.4,26.6,-0.0,synthetic response curve (Mitscherlich-style) + noise; NOT measured yield
1119,Ragi,24.6,5.0,0.4,1.3,8,clay,322,9.2,222,0.4,8.33,528.5,25.2,-0.13,synthetic response curve (Mitscherlich-style) + noise; NOT measured yield
1120,Chickpea,2.0,52.9,41.1,1.43,9,clay,367,9.1,227,0.54,6.78,895.0,29.7,0.3,synthetic response curve (Mitscherlich-style) + noise; NOT measured yield
1121,Sorghum,38.3,23.4,43.6,2.23,14,clay,348,12.6,237,0.67,8.03,328.3,19.3,1.01,synthetic response curve (Mitscherlich-style) + noise; NOT measured yield
1122,Green gram,5.7,11.3,7.6,0.69,1,clay,341,32.3,262,0.61,7.65,112.9,28.6,-0.85,synthetic response curve (Mitscherlich-style) + noise; NOT measured yield
1123,Chilli,61.9,53.6,34.8,2.19,8,clay,598,22.1,162,0.89,7.37,58.1,32.2,-0.09,synthetic response curve (Mitscherlich-style) + noise; NOT measured yield
1124,Chilli,39.2,62.9,41.1,2.03,14,clay,341,9.7,238,0.41,7.29,43.3,28.5,-0.56,synthetic response curve (Mitscherlich-style) + noise; NOT measured yield
1125,Cotton,154.4,64.4,58.3,2.19,3,sandy,450,27.8,108,0.57,8.0,206.4,30.6,0.27,synthetic response curve (Mitscherlich-style) + noise; NOT measured yield
1126,Wheat,47.1,7.4,27.2,2.46,9,clay,407,5.3,170,0.91,8.12,101.6,27.8,1.53,synthetic response curve (Mitscherlich-style) + noise; NOT measured yield
1127,Rice,27.5,38.9,0.1,3.43,1,clay,505,53.0,228,0.66,7.79,111.3,29.4,-0.43,synthetic response curve (Mitscherlich-style) + noise; NOT measured yield
1128,Maize,110.8,58.5,69.0,5.49,13,sandy,406,6.2,102,0.29,6.16,153.3,27.7,0.98,synthetic response curve (Mitscherlich-style) + noise; NOT measured yield
1129,Wheat,46.8,3.7,52.4,2.79,10,sandy,272,27.8,147,0.36,7.85,2.7,27.0,1.51,synthetic response curve (Mitscherlich-style) + noise; NOT measured yield
1130,Rice,27.5,3.8,9.7,3.13,15,clay,364,24.6,209,0.43,7.44,865.6,27.1,-0.43,synthetic response curve (Mitscherlich-style) + noise; NOT measured yield
1131,Sugarcane,276.7,78.1,3.0,64.51,5,loam,324,20.0,233,0.38,7.96,3.5,24.2,-0.13,synthetic response curve (Mitscherlich-style) + noise; NOT measured yield
1132,Potato,42.2,119.3,22.5,20.87,11,loam,418,18.6,232,0.74,5.44,331.1,29.0,1.03,synthetic response curve (Mitscherlich-style) + noise; NOT measured yield
1133,Rice,46.8,17.3,67.3,3.39,12,loam,346,11.9,30,0.45,6.99,500.3,26.1,-0.08,synthetic response curve (Mitscherlich-style) + noise; NOT measured yield
1134,Groundnut,17.8,0.8,15.9,1.22,1,clay,321,27.4,326,0.55,8.17,795.5,28.8,-0.56,synthetic response curve (Mitscherlich-style) + noise; NOT measured yield
1135,Rice,67.2,37.6,12.1,3.76,12,loam,521,22.4,246,0.7,7.04,504.1,25.9,1.19,synthetic response curve (Mitscherlich-style) + noise; NOT measured yield
1136,Potato,166.6,35.4,19.5,17.94,11,loam,581,30.9,205,0.86,7.02,457.4,26.5,-1.07,synthetic response curve (Mitscherlich-style) + noise; NOT measured yield
1137,Wheat,104.3,36.4,10.7,3.1,10,sandy,293,8.2,99,0.56,6.79,233.2,25.2,1.29,synthetic response curve (Mitscherlich-style) + noise; NOT measured yield
1138,Soybean,11.7,72.8,20.8,2.39,9,clay,513,4.9,400,0.76,7.17,41.0,27.8,0.12,synthetic response curve (Mitscherlich-style) + noise; NOT measured yield
1139,Tomato,140.6,53.9,137.9,38.13,13,sandy,440,48.2,30,0.54,7.9,347.6,24.9,0.36,synthetic response curve (Mitscherlich-style) + noise; NOT measured yield
1140,Pigeon pea,0.7,16.5,32.7,0.99,2,loam,360,9.7,232,0.36,8.39,97.2,25.9,-0.16,synthetic response curve (Mitscherlich-style) + noise; NOT measured yield
1141,Rice,132.7,63.9,63.8,4.88,6,clay,427,14.4,145,0.35,7.32,183.6,28.1,-0.37,synthetic response curve (Mitscherlich-style) + noise; NOT measured yield
1142,Rice,34.7,67.1,48.3,4.24,5,loam,359,15.8,103,0.31,6.73,31.1,29.6,0.38,synthetic response curve (Mitscherlich-style) + noise; NOT measured yield
1143,Pigeon pea,24.5,0.4,14.3,0.52,13,sandy,551,2.3,320,1.03,5.53,787.9,27.6,-0.55,synthetic response curve (Mitscherlich-style) + noise; NOT measured yield
1144,Chilli,136.2,46.5,31.7,1.96,3,sandy,385,6.4,67,0.55,6.29,288.3,24.0,0.3,synthetic response curve (Mitscherlich-style) + noise; NOT measured yield
1145,Rice,146.6,20.3,77.2,3.65,1,clay,381,13.0,367,0.79,8.04,99.8,27.0,0.39,synthetic response curve (Mitscherlich-style) + noise; NOT measured yield
1146,Pearl millet,107.5,32.2,15.9,1.96,14,clay,323,11.8,277,0.59,7.52,255.1,27.3,1.37,synthetic response curve (Mitscherlich-style) + noise; NOT measured yield
1147,Soybean,22.6,80.1,46.7,2.33,6,clay,521,10.2,492,0.7,6.06,126.7,25.3,0.57,synthetic response curve (Mitscherlich-style) + noise; NOT measured yield
1148,Chilli,109.5,51.6,0.2,1.62,12,loam,422,20.6,268,0.71,9.2,743.0,26.5,-0.32,synthetic response curve (Mitscherlich-style) + noise; NOT measured yield
1149,Tomato,130.8,94.4,66.4,39.33,4,sandy,367,12.9,272,0.63,7.37,59.4,26.9,-0.76,synthetic response curve (Mitscherlich-style) + noise; NOT measured yield
1150,Potato,129.1,29.7,47.7,18.86,11,loam,224,8.8,30,0.31,6.75,744.5,31.0,0.96,synthetic response curve (Mitscherlich-style) + noise; NOT measured yield
1151,Cotton,153.2,24.4,69.1,1.14,14,clay,525,15.2,175,0.76,8.73,177.9,22.5,0.3,synthetic response curve (Mitscherlich-style) + noise; NOT measured yield
1152,Pigeon pea,15.6,31.8,6.1,0.99,12,loam,375,12.9,139,0.55,7.55,151.6,25.9,0.39,synthetic response curve (Mitscherlich-style) + noise; NOT measured yield
1153,Rice,140.3,62.1,82.2,4.18,5,loam,452,15.2,208,0.61,6.92,15.2,22.3,-0.66,synthetic response curve (Mitscherlich-style) + noise; NOT measured yield
1154,Pearl millet,19.4,23.4,1.1,1.94,10,sandy,349,32.6,375,0.46,7.01,141.6,19.2,-0.62,synthetic response curve (Mitscherlich-style) + noise; NOT measured yield
1155,Tomato,32.0,1.3,92.5,22.51,13,sandy,335,17.9,30,0.33,6.98,150.6,31.5,-0.59,synthetic response curve (Mitscherlich-style) + noise; NOT measured yield
1156,Ragi,57.0,29.2,33.3,1.68,13,sandy,442,36.1,47,0.45,6.33,175.4,22.4,0.93,synthetic response curve (Mitscherlich-style) + noise; NOT measured yield
1157,Lentil,21.6,19.8,29.6,0.75,5,loam,343,14.2,30,0.35,7.57,87.0,22.2,-0.9,synthetic response curve (Mitscherlich-style) + noise; NOT measured yield
1158,Rice,158.3,57.7,43.7,3.85,4,sandy,311,10.5,147,0.36,5.75,55.2,21.5,-1.51,synthetic response curve (Mitscherlich-style) + noise; NOT measured yield
1159,Maize,154.1,13.6,61.6,4.34,7,clay,316,46.6,254,0.72,5.37,81.2,26.0,0.08,synthetic response curve (Mitscherlich-style) + noise; NOT measured yield
1160,Rice,138.4,61.6,1.0,3.2,4,sandy,234,33.3,213,0.12,5.76,304.2,25.1,-0.73,synthetic response curve (Mitscherlich-style) + noise; NOT measured yield
1161,Chickpea,10.9,2.5,12.0,0.72,11,loam,257,4.8,92,0.28,8.14,594.2,29.1,-0.55,synthetic response curve (Mitscherlich-style) + noise; NOT measured yield
1162,Wheat,98.8,55.2,4.2,2.21,9,clay,431,27.5,142,0.65,7.09,257.1,24.3,1.35,synthetic response curve (Mitscherlich-style) + noise; NOT measured yield
1163,Wheat,39.0,25.1,55.0,3.39,8,clay,464,16.3,191,0.66,9.2,28.4,29.9,0.61,synthetic response curve (Mitscherlich-style) + noise; NOT measured yield
1164,Ragi,16.6,39.6,28.0,1.71,13,sandy,203,8.6,194,0.4,7.07,188.2,24.9,-0.78,synthetic response curve (Mitscherlich-style) + noise; NOT measured yield
1165,Maize,35.5,82.6,75.8,4.86,4,sandy,355,41.2,173,0.49,6.93,114.9,18.1,0.09,synthetic response curve (Mitscherlich-style) + noise; NOT measured yield
1166,Maize,197.6,22.4,55.6,4.23,13,sandy,458,24.3,170,0.49,7.31,264.9,23.9,-1.04,synthetic response curve (Mitscherlich-style) + noise; NOT measured yield
1167,Wheat,164.0,63.0,35.1,3.67,9,clay,430,60.3,327,0.66,7.57,40.4,26.7,0.9,synthetic response curve (Mitscherlich-style) + noise; NOT measured yield
1168,Mustard,11.6,21.3,23.2,1.18,15,clay,414,17.1,300,0.67,7.92,65.9,26.0,0.83,synthetic response curve (Mitscherlich-style) + noise; NOT measured yield
1169,Chickpea,7.9,37.0,33.0,1.22,9,clay,286,26.7,372,0.39,7.65,99.3,28.7,-0.84,synthetic response curve (Mitscherlich-style) + noise; NOT measured yield
1170,Rice,133.8,42.4,32.7,3.24,12,loam,386,32.9,318,0.5,8.18,506.9,23.3,-3.91,synthetic response curve (Mitscherlich-style) + noise; NOT measured yield
1171,Cotton,149.5,48.7,39.4,1.64,3,sandy,330,21.3,311,0.35,5.98,686.2,27.1,-0.5,synthetic response curve (Mitscherlich-style) + noise; NOT measured yield
1172,Maize,131.7,28.8,21.9,4.49,4,sandy,300,25.7,175,0.34,8.19,49.0,23.2,1.66,synthetic response curve (Mitscherlich-style) + noise; NOT measured yield
1173,Wheat,177.2,27.2,54.2,3.28,9,clay,353,5.5,259,0.43,6.86,423.1,25.1,0.56,synthetic response curve (Mitscherlich-style) + noise; NOT measured yield
1174,Rice,26.0,61.8,13.2,3.55,4,sandy,138,11.5,126,0.1,7.05,119.3,21.0,0.14,synthetic response curve (Mitscherlich-style) + noise; NOT measured yield
1175,Banana,79.1,67.9,210.9,35.59,1,clay,508,14.1,288,0.67,9.08,236.4,28.3,0.74,synthetic response curve (Mitscherlich-style) + noise; NOT measured yield
1176,Onion,116.4,18.4,84.8,23.95,7,clay,497,22.0,234,0.68,7.9,330.0,18.1,0.07,synthetic response curve (Mitscherlich-style) + noise; NOT measured yield
1177,Maize,11.3,49.6,68.4,4.25,4,sandy,297,14.5,81,0.36,6.15,105.3,19.5,1.89,synthetic response curve (Mitscherlich-style) + noise; NOT measured yield
1178,Wheat,150.1,16.3,62.4,3.29,10,sandy,254,24.0,181,0.22,6.0,100.8,24.0,-0.27,synthetic response curve (Mitscherlich-style) + noise; NOT measured yield
1179,Onion,55.2,33.4,59.3,22.33,9,clay,597,4.3,288,1.25,8.64,181.6,28.1,-0.38,synthetic response curve (Mitscherlich-style) + noise; NOT measured yield
1180,Rice,127.2,77.3,73.3,4.89,8,clay,370,33.6,367,0.55,8.47,105.7,29.1,0.26,synthetic response curve (Mitscherlich-style) + noise; NOT measured yield
1181,Ragi,67.5,27.4,46.1,2.16,13,sandy,328,12.1,284,0.31,7.76,72.9,25.3,0.02,synthetic response curve (Mitscherlich-style) + noise; NOT measured yield
1182,Cotton,87.4,3.9,32.6,1.05,2,loam,346,10.7,161,0.4,7.33,64.5,20.2,0.7,synthetic response curve (Mitscherlich-style) + noise; NOT measured yield
1183,Rice,154.1,35.5,38.0,4.12,12,loam,342,3.0,234,0.43,7.99,96.7,23.5,0.47,synthetic response curve (Mitscherlich-style) + noise; NOT measured yield
1184,Pearl millet,84.0,33.0,23.2,1.98,8,clay,588,8.6,287,0.93,8.06,1026.1,24.2,-0.38,synthetic response curve (Mitscherlich-style) + noise; NOT measured yield
1185,Tomato,10.2,45.0,136.0,31.97,11,loam,255,20.4,62,0.36,8.08,165.6,26.9,0.13,synthetic response curve (Mitscherlich-style) + noise; NOT measured yield
1186,Tomato,138.1,3.8,7.1,29.54,13,sandy,403,38.3,138,0.69,6.63,134.3,29.5,0.07,synthetic response curve (Mitscherlich-style) + noise; NOT measured yield
1187,Onion,20.8,69.4,51.1,26.2,5,loam,390,6.1,202,0.98,6.71,52.4,22.3,1.57,synthetic response curve (Mitscherlich-style) + noise; NOT measured yield
1188,Banana,213.4,51.2,200.5,31.18,4,sandy,452,2.3,103,0.46,7.36,253.8,21.6,0.77,synthetic response curve (Mitscherlich-style) + noise; NOT measured yield
1189,Maize,51.9,27.8,23.0,4.34,12,loam,244,16.3,239,0.47,7.37,329.6,22.1,-1.4,synthetic response curve (Mitscherlich-style) + noise; NOT measured yield
1190,Mustard,80.3,43.3,21.9,1.09,10,sandy,344,21.9,155,0.52,4.96,16.1,23.2,-0.47,synthetic response curve (Mitscherlich-style) + noise; NOT measured yield
1191,Cotton,71.9,24.0,38.1,1.49,3,sandy,335,6.6,69,0.54,6.48,112.9,26.7,1.39,synthetic response curve (Mitscherlich-style) + noise; NOT measured yield
1192,Sorghum,103.8,42.6,3.8,1.95,5,loam,426,7.3,153,0.56,7.56,114.6,28.8,-0.31,synthetic response curve (Mitscherlich-style) + noise; NOT measured yield
1193,Tomato,38.3,46.7,69.6,32.91,13,sandy,265,16.4,145,0.44,4.5,171.1,21.4,0.56,synthetic response curve (Mitscherlich-style) + noise; NOT measured yield
1194,Chickpea,5.4,22.2,3.6,1.01,9,clay,172,32.0,328,0.45,8.11,172.8,26.0,-2.15,synthetic response curve (Mitscherlich-style) + noise; NOT measured yield
1195,Lentil,27.3,11.9,18.5,0.67,14,clay,516,8.1,243,0.72,7.66,81.5,24.0,1.36,synthetic response curve (Mitscherlich-style) + noise; NOT measured yield
1196,Wheat,86.7,0.3,53.6,2.38,11,loam,358,27.2,192,0.63,8.85,61.2,27.1,-0.75,synthetic response curve (Mitscherlich-style) + noise; NOT measured yield
1197,Wheat,100.6,20.9,21.5,3.11,4,sandy,343,12.3,30,0.47,7.0,251.9,24.5,-0.02,synthetic response curve (Mitscherlich-style) + noise; NOT measured yield
1198,Rice,83.3,82.2,31.2,4.01,4,sandy,176,11.5,155,0.1,6.27,541.8,21.9,1.81,synthetic response curve (Mitscherlich-style) + noise; NOT measured yield
1199,Mustard,85.2,8.3,39.0,0.92,15,clay,502,11.8,329,0.78,8.52,133.5,27.9,0.39,synthetic response curve (Mitscherlich-style) + noise; NOT measured yield
1200,Wheat,171.5,19.0,9.1,3.04,12,loam,345,9.6,164,0.3,6.53,17.8,28.4,0.72,synthetic response curve (Mitscherlich-style) + noise; NOT measured yield
1201,Lentil,24.3,26.4,20.4,1.06,9,clay,377,24.6,389,0.59,7.43,94.5,23.1,0.73,synthetic response curve (Mitscherlich-style) + noise; NOT measured yield
1202,Wheat,89.7,16.4,33.9,3.14,11,loam,471,13.0,144,0.5,7.75,171.5,23.4,1.03,synthetic response curve (Mitscherlich-style) + noise; NOT measured yield
1203,Sugarcane,315.4,103.3,88.8,75.38,7,clay,392,17.6,301,0.65,7.91,79.0,19.8,0.62,synthetic response curve (Mitscherlich-style) + noise; NOT measured yield
1204,Wheat,17.6,30.6,35.8,3.56,5,loam,272,8.7,94,0.45,6.93,170.8,24.5,-0.91,synthetic response curve (Mitscherlich-style) + noise; NOT measured yield
1205,Tomato,119.2,83.3,95.3,36.96,13,sandy,238,4.6,123,0.12,6.22,195.1,22.2,0.06,synthetic response curve (Mitscherlich-style) + noise; NOT measured yield
1206,Cotton,13.4,80.7,29.1,1.6,14,clay,337,15.0,366,0.51,6.83,193.6,26.4,0.48,synthetic response curve (Mitscherlich-style) + noise; NOT measured yield
1207,Cotton,68.5,67.1,15.5,1.39,14,clay,209,9.6,112,0.4,8.85,20.1,23.3,1.91,synthetic response curve (Mitscherlich-style) + noise; NOT measured yield
1208,Pearl millet,15.4,41.4,15.3,1.88,12,loam,226,11.0,383,0.55,7.54,389.1,29.4,1.08,synthetic response curve (Mitscherlich-style) + noise; NOT measured yield
1209,Sorghum,16.9,35.3,0.4,2.23,14,clay,302,13.6,380,0.47,9.2,46.3,23.1,0.58,synthetic response curve (Mitscherlich-style) + noise; NOT measured yield
1210,Cotton,7.0,78.9,9.8,1.66,8,clay,347,32.5,283,0.31,7.67,397.3,31.3,0.34,synthetic response curve (Mitscherlich-style) + noise; NOT measured yield
1211,Wheat,37.7,47.2,5.7,2.76,5,loam,274,10.4,192,0.47,6.59,420.1,26.3,-1.85,synthetic response curve (Mitscherlich-style) + noise; NOT measured yield
1212,Banana,162.3,40.1,197.9,38.04,2,loam,330,13.6,181,0.37,6.01,83.2,24.0,0.65,synthetic response curve (Mitscherlich-style) + noise; NOT measured yield
1213,Rice,151.3,36.9,76.9,4.39,5,loam,297,24.6,255,0.73,8.53,159.1,20.4,0.87,synthetic response curve (Mitscherlich-style) + noise; NOT measured yield
1214,Maize,100.0,53.4,9.9,4.54,7,clay,384,2.1,195,0.42,6.47,168.1,27.1,0.8,synthetic response curve (Mitscherlich-style) + noise; NOT measured yield
1215,Banana,133.5,41.8,38.2,37.04,2,loam,303,4.8,334,0.43,6.41,284.5,30.8,-0.36,synthetic response curve (Mitscherlich-style) + noise; NOT measured yield
1216,Wheat,45.6,24.7,32.8,3.39,5,loam,309,5.1,359,0.48,6.72,252.2,24.2,-0.21,synthetic response curve (Mitscherlich-style) + noise; NOT measured yield
1217,Cotton,38.7,32.4,56.4,1.62,14,clay,493,5.0,251,0.61,6.92,116.7,23.2,-0.42,synthetic response curve (Mitscherlich-style) + noise; NOT measured yield
1218,Maize,150.2,73.5,63.4,4.87,4,sandy,280,32.3,30,0.1,7.57,173.4,21.2,2.12,synthetic response curve (Mitscherlich-style) + noise; NOT measured yield
1219,Pigeon pea,2.3,20.9,30.0,1.22,6,clay,562,12.6,314,0.94,8.54,277.5,24.0,0.63,synthetic response curve (Mitscherlich-style) + noise; NOT measured yield
1220,Onion,14.8,63.8,97.9,23.77,10,sandy,358,39.2,95,0.43,5.92,25.0,24.7,2.57,synthetic response curve (Mitscherlich-style) + noise; NOT measured yield
1221,Sorghum,43.2,31.0,15.9,2.42,14,clay,458,17.5,311,0.87,6.4,938.0,30.2,-0.49,synthetic response curve (Mitscherlich-style) + noise; NOT measured yield
1222,Pigeon pea,14.7,48.1,20.0,1.37,14,clay,494,15.9,303,0.59,7.69,38.0,28.1,-1.26,synthetic response curve (Mitscherlich-style) + noise; NOT measured yield
1223,Tomato,78.1,57.2,86.8,33.91,13,sandy,412,8.5,168,0.45,5.38,109.0,20.7,1.25,synthetic response curve (Mitscherlich-style) + noise; NOT measured yield
1224,Chilli,83.2,12.5,11.1,1.54,3,sandy,436,10.5,89,0.46,6.19,31.8,26.3,0.67,synthetic response curve (Mitscherlich-style) + noise; NOT measured yield
1225,Cotton,138.8,10.4,19.5,1.49,2,loam,585,45.9,215,1.07,6.98,110.5,29.4,0.83,synthetic response curve (Mitscherlich-style) + noise; NOT measured yield
1226,Sunflower,17.2,70.0,56.5,1.45,12,loam,314,6.3,284,0.48,6.49,57.0,26.8,-0.09,synthetic response curve (Mitscherlich-style) + noise; NOT measured yield
1227,Cotton,113.4,10.7,56.6,1.18,14,clay,409,8.7,36,0.66,8.68,359.1,28.1,0.37,synthetic response curve (Mitscherlich-style) + noise; NOT measured yield
1228,Wheat,85.6,8.4,19.8,2.43,10,sandy,330,27.0,82,0.29,5.08,146.8,23.5,-0.19,synthetic response curve (Mitscherlich-style) + noise; NOT measured yield
1229,Lentil,18.7,18.7,30.5,0.95,14,clay,421,19.0,241,0.64,8.46,26.9,28.7,-0.55,synthetic response curve (Mitscherlich-style) + noise; NOT measured yield
1230,Potato,31.5,58.9,81.5,19.95,11,loam,424,9.0,179,0.7,6.07,97.4,25.4,0.04,synthetic response curve (Mitscherlich-style) + noise; NOT measured yield
1231,Soybean,9.0,34.7,53.5,2.1,6,clay,409,13.6,101,0.45,6.53,126.3,31.6,0.45,synthetic response curve (Mitscherlich-style) + noise; NOT measured yield
1232,Maize,117.5,19.8,3.1,4.54,13,sandy,176,19.5,174,0.3,7.48,63.6,28.8,-0.19,synthetic response curve (Mitscherlich-style) + noise; NOT measured yield
1233,Wheat,94.0,5.4,19.9,2.66,12,loam,307,19.7,202,0.84,5.53,84.8,27.1,0.16,synthetic response curve (Mitscherlich-style) + noise; NOT measured yield
1234,Pigeon pea,21.6,8.8,14.1,0.93,6,clay,432,18.8,258,0.7,6.53,266.2,27.8,1.79,synthetic response curve (Mitscherlich-style) + noise; NOT measured yield
1235,Wheat,71.0,71.8,15.1,3.95,9,clay,475,4.7,286,1.05,8.13,94.6,25.9,0.54,synthetic response curve (Mitscherlich-style) + noise; NOT measured yield
1236,Wheat,132.4,40.0,39.7,4.47,9,clay,264,26.0,218,0.49,7.01,285.0,26.1,-0.02,synthetic response curve (Mitscherlich-style) + noise; NOT measured yield
1237,Banana,218.1,11.2,21.5,28.75,2,loam,418,14.4,165,0.23,6.56,60.0,24.8,0.82,synthetic response curve (Mitscherlich-style) + noise; NOT measured yield
1238,Green gram,27.5,23.2,1.4,0.66,5,loam,326,7.8,188,0.47,5.63,150.1,21.9,-0.19,synthetic response curve (Mitscherlich-style) + noise; NOT measured yield
1239,Wheat,3.8,44.2,60.0,3.1,4,sandy,201,9.7,228,0.38,7.25,246.1,22.8,-0.45,synthetic response curve (Mitscherlich-style) + noise; NOT measured yield
1240,Wheat,119.1,31.3,44.3,3.65,5,loam,334,27.4,290,0.65,8.96,595.4,27.2,0.24,synthetic response curve (Mitscherlich-style) + noise; NOT measured yield
1241,Soybean,23.7,51.9,5.4,1.47,8,clay,434,16.6,106,0.84,8.24,115.5,28.3,0.41,synthetic response curve (Mitscherlich-style) + noise; NOT measured yield
1242,Cotton,1.8,84.0,24.3,1.39,8,clay,328,38.5,73,0.63,8.61,359.8,28.8,-0.67,synthetic response curve (Mitscherlich-style) + noise; NOT measured yield
1243,Ragi,34.4,35.0,1.0,1.51,13,sandy,226,19.8,146,0.3,7.34,27.0,26.9,0.86,synthetic response curve (Mitscherlich-style) + noise; NOT measured yield
1244,Rice,79.1,80.0,56.6,4.56,1,clay,447,18.2,283,0.56,7.24,211.2,24.6,0.3,synthetic response curve (Mitscherlich-style) + noise; NOT measured yield
1245,Ragi,72.6,32.4,18.3,1.66,13,sandy,69,21.5,42,0.11,6.95,27.9,27.3,-0.48,synthetic response curve (Mitscherlich-style) + noise; NOT measured yield
1246,Rice,15.0,77.2,10.9,2.65,4,sandy,323,4.0,45,0.53,7.44,185.5,23.6,0.03,synthetic response curve (Mitscherlich-style) + noise; NOT measured yield
1247,Soybean,32.3,49.9,37.2,2.39,6,clay,444,4.3,461,0.8,7.8,158.3,32.5,0.46,synthetic response curve (Mitscherlich-style) + noise; NOT measured yield
1248,Rice,116.8,42.7,8.9,2.42,3,sandy,500,9.1,30,0.79,7.16,241.9,26.8,-0.61,synthetic response curve (Mitscherlich-style) + noise; NOT measured yield
1249,Wheat,44.5,3.0,47.6,2.8,1,clay,502,22.5,288,0.85,8.57,157.2,32.4,0.21,synthetic response curve (Mitscherlich-style) + noise; NOT measured yield
1250,Sorghum,47.5,0.6,36.1,1.92,2,loam,281,23.2,142,0.34,7.72,123.1,30.8,-0.2,synthetic response curve (Mitscherlich-style) + noise; NOT measured yield
1251,Maize,135.0,49.1,82.0,5.16,4,sandy,327,13.5,30,0.42,6.96,471.9,24.9,-0.21,synthetic response curve (Mitscherlich-style) + noise; NOT measured yield
1252,Ragi,35.8,2.9,18.5,1.52,6,clay,475,19.8,382,1.02,8.11,39.0,26.2,1.42,synthetic response curve (Mitscherlich-style) + noise; NOT measured yield
1253,Wheat,100.9,35.9,57.5,4.07,5,loam,388,20.5,254,0.82,7.17,29.8,32.9,0.78,synthetic response curve (Mitscherlich-style) + noise; NOT measured yield
1254,Groundnut,33.7,71.0,30.4,1.53,2,loam,512,13.1,72,1.01,7.01,202.3,22.5,0.08,synthetic response curve (Mitscherlich-style) + noise; NOT measured yield
1255,Soybean,27.3,31.4,33.0,2.35,6,clay,410,31.0,243,0.68,8.21,209.6,22.5,0.72,synthetic response curve (Mitscherlich-style) + noise; NOT measured yield
1256,Sunflower,55.5,15.1,55.6,1.31,3,sandy,214,19.7,270,0.27,7.42,198.2,29.4,-0.87,synthetic response curve (Mitscherlich-style) + noise; NOT measured yield
1257,Wheat,79.2,35.5,35.6,3.67,11,loam,349,3.3,125,0.49,8.46,96.4,23.4,-0.55,synthetic response curve (Mitscherlich-style) + noise; NOT measured yield
1258,Rice,30.9,20.4,45.0,3.45,11,loam,459,10.5,174,0.45,7.26,150.3,26.7,0.73,synthetic response curve (Mitscherlich-style) + noise; NOT measured yield
1259,Green gram,9.0,0.2,11.1,0.69,1,clay,444,55.9,298,0.73,7.43,256.6,27.6,-1.89,synthetic response curve (Mitscherlich-style) + noise; NOT measured yield
1260,Mustard,54.2,42.7,28.9,1.19,10,sandy,157,8.2,241,0.33,7.33,278.4,20.0,1.64,synthetic response curve (Mitscherlich-style) + noise; NOT measured yield
1261,Chilli,1.1,34.7,25.6,1.7,14,clay,406,3.5,257,0.58,8.19,83.2,21.8,-1.15,synthetic response curve (Mitscherlich-style) + noise; NOT measured yield
1262,Mustard,46.1,50.6,31.6,1.59,15,clay,470,11.5,135,0.62,7.43,250.7,24.9,-0.51,synthetic response curve (Mitscherlich-style) + noise; NOT measured yield
1263,Green gram,7.3,16.1,16.2,0.72,1,clay,483,13.0,200,0.94,7.22,1068.9,26.5,1.24,synthetic response curve (Mitscherlich-style) + noise; NOT measured yield
1264,Cotton,102.2,26.8,56.4,1.38,14,clay,333,7.3,157,0.34,6.93,45.4,20.1,-1.31,synthetic response curve (Mitscherlich-style) + noise; NOT measured yield
1265,Sugarcane,216.7,39.0,102.3,70.12,7,clay,492,9.0,473,0.67,8.02,64.7,23.2,0.43,synthetic response curve (Mitscherlich-style) + noise; NOT measured yield
1266,Cotton,26.7,41.3,19.3,1.61,14,clay,543,17.7,321,0.83,8.7,196.9,27.2,-0.68,synthetic response curve (Mitscherlich-style) + noise; NOT measured yield
1267,Pearl millet,7.0,43.5,29.8,2.11,4,sandy,293,12.0,130,0.34,6.77,817.8,23.9,0.91,synthetic response curve (Mitscherlich-style) + noise; NOT measured yield
1268,Potato,89.0,111.5,52.6,21.32,11,loam,336,33.6,216,0.49,7.17,614.3,28.1,0.22,synthetic response curve (Mitscherlich-style) + noise; NOT measured yield
1269,Ragi,40.0,36.1,22.1,1.86,13,sandy,250,15.7,134,0.52,7.21,115.0,24.5,1.81,synthetic response curve (Mitscherlich-style) + noise; NOT measured yield
1270,Rice,78.0,38.0,28.9,3.61,4,sandy,278,27.9,30,0.19,6.37,123.6,28.1,1.22,synthetic response curve (Mitscherlich-style) + noise; NOT measured yield
1271,Maize,90.0,43.8,54.7,5.65,12,loam,507,13.8,252,0.78,7.72,362.1,23.6,0.17,synthetic response curve (Mitscherlich-style) + noise; NOT measured yield
1272,Chilli,138.8,15.3,70.5,1.7,3,sandy,363,13.0,168,0.48,7.07,89.1,28.2,-0.01,synthetic response curve (Mitscherlich-style) + noise; NOT measured yield
1273,Rice,157.1,21.0,63.5,3.83,11,loam,307,27.0,81,0.45,7.35,211.7,33.8,0.54,synthetic response curve (Mitscherlich-style) + noise; NOT measured yield
1274,Lentil,5.3,1.1,24.6,0.6,15,clay,321,12.5,232,0.64,6.26,37.8,24.2,1.54,synthetic response curve (Mitscherlich-style) + noise; NOT measured yield
1275,Sugarcane,173.9,12.8,113.6,57.76,5,loam,367,9.6,382,0.57,6.61,18.1,24.9,0.3,synthetic response curve (Mitscherlich-style) + noise; NOT measured yield
1276,Potato,137.3,11.3,19.7,17.93,15,clay,511,20.1,139,0.81,7.52,809.4,32.0,0.37,synthetic response curve (Mitscherlich-style) + noise; NOT measured yield
1277,Rice,26.3,22.8,35.1,3.69,11,loam,386,26.0,132,0.57,8.59,110.8,26.4,-1.77,synthetic response curve (Mitscherlich-style) + noise; NOT measured yield
1278,Rice,133.3,54.8,42.1,4.38,8,clay,364,12.7,330,0.43,7.24,968.9,23.9,-1.38,synthetic response curve (Mitscherlich-style) + noise; NOT measured yield
1279,Wheat,80.6,38.3,11.8,3.2,5,loam,569,16.0,126,0.93,6.97,130.4,24.8,-0.4,synthetic response curve (Mitscherlich-style) + noise; NOT measured yield
1280,Chickpea,2.7,49.7,47.7,1.33,9,clay,347,26.0,386,0.63,7.94,300.0,27.3,1.73,synthetic response curve (Mitscherlich-style) + noise; NOT measured yield
1281,Chilli,99.1,57.1,56.9,1.83,15,clay,401,12.2,327,0.84,9.02,412.8,28.5,-1.28,synthetic response curve (Mitscherlich-style) + noise; NOT measured yield
1282,Cotton,168.7,78.0,40.2,1.58,1,clay,448,5.8,257,0.89,7.38,75.0,31.3,-0.89,synthetic response curve (Mitscherlich-style) + noise; NOT measured yield
1283,Maize,161.7,12.2,69.0,3.6,13,sandy,280,11.7,91,0.26,6.27,667.2,27.7,-0.45,synthetic response curve (Mitscherlich-style) + noise; NOT measured yield
1284,Chilli,46.5,34.5,64.8,1.86,3,sandy,380,57.2,52,0.4,7.48,134.8,32.5,-2.72,synthetic response curve (Mitscherlich-style) + noise; NOT measured yield
1285,Onion,117.3,29.0,30.4,25.55,14,clay,406,53.7,203,0.56,7.72,157.7,24.2,-0.28,synthetic response curve (Mitscherlich-style) + noise; NOT measured yield
1286,Soybean,2.1,21.8,17.5,1.8,9,clay,369,12.6,260,0.77,7.97,365.1,27.9,-0.38,synthetic response curve (Mitscherlich-style) + noise; NOT measured yield
1287,Chickpea,7.8,30.6,27.3,1.37,14,clay,293,15.8,308,0.43,7.59,49.5,20.0,-0.32,synthetic response curve (Mitscherlich-style) + noise; NOT measured yield
1288,Chilli,11.9,52.7,5.3,1.38,3,sandy,208,24.8,159,0.4,6.47,31.6,29.7,-1.36,synthetic response curve (Mitscherlich-style) + noise; NOT measured yield
1289,Green gram,13.0,5.6,2.4,0.51,1,clay,410,11.6,204,0.71,8.67,55.8,26.7,-0.93,synthetic response curve (Mitscherlich-style) + noise; NOT measured yield
1290,Rice,66.3,65.9,59.3,4.23,8,clay,310,26.1,272,0.41,6.96,356.1,26.3,-0.85,synthetic response curve (Mitscherlich-style) + noise; NOT measured yield
1291,Turmeric,66.4,61.6,78.0,17.71,12,loam,339,26.0,229,0.23,5.61,252.1,24.0,1.28,synthetic response curve (Mitscherlich-style) + noise; NOT measured yield
1292,Wheat,47.2,38.1,1.7,3.21,12,loam,278,8.2,195,0.38,7.7,117.9,30.7,-0.16,synthetic response curve (Mitscherlich-style) + noise; NOT measured yield
1293,Rice,101.7,54.3,47.1,4.87,12,loam,277,2.6,133,0.4,6.52,360.5,28.8,-0.26,synthetic response curve (Mitscherlich-style) + noise; NOT measured yield
1294,Maize,92.4,84.3,79.9,5.64,13,sandy,324,20.3,85,0.37,6.07,262.0,29.7,-0.88,synthetic response curve (Mitscherlich-style) + noise; NOT measured yield
1295,Green gram,16.6,49.8,22.2,0.88,12,loam,387,32.9,228,0.62,6.92,150.0,24.1,-1.1,synthetic response curve (Mitscherlich-style) + noise; NOT measured yield
1296,Maize,104.5,14.0,34.6,4.58,13,sandy,209,90.0,131,0.48,7.96,124.3,21.2,-0.2,synthetic response curve (Mitscherlich-style) + noise; NOT measured yield
1297,Rice,41.8,18.8,11.2,3.04,3,sandy,183,3.5,180,0.14,6.76,181.0,26.9,-0.79,synthetic response curve (Mitscherlich-style) + noise; NOT measured yield
1298,Wheat,13.7,79.4,15.3,2.71,4,sandy,264,34.7,123,0.45,5.86,99.0,21.7,-2.21,synthetic response curve (Mitscherlich-style) + noise; NOT measured yield
1299,Rice,76.8,3.9,12.1,2.29,1,clay,328,6.6,239,0.59,7.29,56.4,23.4,-1.12,synthetic response curve (Mitscherlich-style) + noise; NOT measured yield
1300,Turmeric,99.5,30.0,143.3,15.29,7,clay,347,13.7,281,0.64,8.27,44.0,21.2,0.85,synthetic response curve (Mitscherlich-style) + noise; NOT measured yield
1301,Pearl millet,91.6,44.6,2.5,1.47,4,sandy,470,17.3,172,0.61,7.36,171.1,27.3,1.1,synthetic response curve (Mitscherlich-style) + noise; NOT measured yield
1302,Mustard,27.9,33.8,24.5,1.05,10,sandy,171,13.1,186,0.23,7.03,62.9,30.0,-0.25,synthetic response curve (Mitscherlich-style) + noise; NOT measured yield
1303,Wheat,166.7,41.8,51.0,3.48,9,clay,380,13.9,338,0.51,7.81,29.0,19.0,-1.01,synthetic response curve (Mitscherlich-style) + noise; NOT measured yield
1304,Chickpea,28.9,1.0,7.1,0.92,9,clay,354,11.6,150,0.69,8.14,589.3,30.2,0.89,synthetic response curve (Mitscherlich-style) + noise; NOT measured yield
1305,Wheat,179.1,1.1,44.5,2.32,10,sandy,427,13.9,174,0.48,6.33,150.1,23.7,0.29,synthetic response curve (Mitscherlich-style) + noise; NOT measured yield
1306,Rice,0.7,31.3,79.9,3.81,15,clay,471,39.7,237,0.62,8.58,69.4,32.9,-0.52,synthetic response curve (Mitscherlich-style) + noise; NOT measured yield
1307,Sorghum,65.9,38.8,43.2,2.52,2,loam,300,22.2,319,0.31,8.25,106.8,25.7,-0.93,synthetic response curve (Mitscherlich-style) + noise; NOT measured yield
1308,Sugarcane,205.8,70.6,121.1,82.82,5,loam,338,39.7,217,0.6,6.06,149.3,24.3,0.62,synthetic response curve (Mitscherlich-style) + noise; NOT measured yield
1309,Onion,82.1,51.3,95.1,27.33,7,clay,359,12.1,320,0.66,7.16,12.8,25.3,-0.54,synthetic response curve (Mitscherlich-style) + noise; NOT measured yield
1310,Cotton,45.2,18.7,54.9,1.14,2,loam,448,4.2,205,0.52,7.23,27.0,20.3,2.31,synthetic response curve (Mitscherlich-style) + noise; NOT measured yield
1311,Tomato,66.5,73.2,103.7,38.24,13,sandy,458,9.1,101,0.54,6.87,101.1,20.7,-0.19,synthetic response curve (Mitscherlich-style) + noise; NOT measured yield
1312,Pigeon pea,28.7,44.7,37.1,1.37,6,clay,351,13.0,185,0.4,7.41,355.9,22.9,1.12,synthetic response curve (Mitscherlich-style) + noise; NOT measured yield
1313,Chilli,137.2,20.6,59.5,1.94,3,sandy,337,23.6,30,0.6,6.2,14.7,26.8,-0.32,synthetic response curve (Mitscherlich-style) + noise; NOT measured yield
1314,Wheat,73.2,16.5,26.9,2.94,8,clay,499,8.7,303,0.64,8.01,280.9,32.4,-0.76,synthetic response curve (Mitscherlich-style) + noise; NOT measured yield
1315,Rice,143.8,61.8,11.5,3.36,3,sandy,252,7.2,172,0.43,7.01,702.1,28.8,-1.33,synthetic response curve (Mitscherlich-style) + noise; NOT measured yield
1316,Tomato,159.8,18.7,122.3,25.38,6,clay,356,10.7,168,0.63,8.37,226.0,31.1,1.34,synthetic response curve (Mitscherlich-style) + noise; NOT measured yield
1317,Mustard,56.8,46.2,41.8,1.25,10,sandy,279,12.6,266,0.43,7.18,116.6,22.2,-1.64,synthetic response curve (Mitscherlich-style) + noise; NOT measured yield
1318,Wheat,59.4,41.8,13.5,4.0,5,loam,450,24.9,216,0.52,5.7,124.0,27.0,1.01,synthetic response curve (Mitscherlich-style) + noise; NOT measured yield
1319,Tomato,174.7,0.0,60.1,17.15,13,sandy,211,7.0,49,0.16,6.01,254.3,26.0,0.79,synthetic response curve (Mitscherlich-style) + noise; NOT measured yield
1320,Maize,186.8,66.1,47.8,5.51,4,sandy,367,13.8,108,0.63,8.21,40.4,24.3,-0.18,synthetic response curve (Mitscherlich-style) + noise; NOT measured yield
1321,Green gram,6.5,5.7,11.2,0.47,2,loam,381,7.1,272,0.64,7.18,380.8,21.0,2.73,synthetic response curve (Mitscherlich-style) + noise; NOT measured yield
1322,Sugarcane,147.2,74.8,36.3,66.28,7,clay,425,10.9,348,0.83,8.21,70.0,26.3,-1.32,synthetic response curve (Mitscherlich-style) + noise; NOT measured yield
1323,Cotton,36.9,83.1,47.7,1.42,3,sandy,161,14.4,68,0.12,6.78,184.8,29.5,0.05,synthetic response curve (Mitscherlich-style) + noise; NOT measured yield
1324,Chickpea,19.1,5.1,5.6,0.91,11,loam,169,9.0,150,0.45,7.64,48.3,28.1,1.21,synthetic response curve (Mitscherlich-style) + noise; NOT measured yield
1325,Chilli,91.5,64.4,54.9,2.19,8,clay,341,9.7,381,0.5,6.95,387.8,26.4,-0.07,synthetic response curve (Mitscherlich-style) + noise; NOT measured yield
1326,Chilli,49.5,20.0,29.2,1.64,3,sandy,171,24.5,98,0.13,5.97,92.5,28.9,-0.24,synthetic response curve (Mitscherlich-style) + noise; NOT measured yield
1327,Wheat,71.4,33.2,42.3,3.78,6,clay,271,49.8,427,0.58,7.66,176.4,26.4,-2.09,synthetic response curve (Mitscherlich-style) + noise; NOT measured yield
1328,Tomato,112.3,44.7,64.3,29.55,13,sandy,89,9.9,159,0.11,6.07,181.0,27.3,-0.87,synthetic response curve (Mitscherlich-style) + noise; NOT measured yield
1329,Chilli,126.4,59.5,57.1,2.51,13,sandy,301,6.8,136,0.1,5.8,93.4,25.9,0.67,synthetic response curve (Mitscherlich-style) + noise; NOT measured yield
1330,Pearl millet,71.1,14.3,37.7,1.41,10,sandy,263,14.0,130,0.27,6.25,173.0,25.8,-1.19,synthetic response curve (Mitscherlich-style) + noise; NOT measured yield
1331,Sugarcane,122.6,110.0,3.1,47.98,14,clay,253,8.4,148,0.4,8.55,107.2,30.4,-0.77,synthetic response curve (Mitscherlich-style) + noise; NOT measured yield
1332,Maize,46.7,22.7,24.8,4.05,2,loam,422,11.3,300,0.58,7.34,120.4,28.5,-1.57,synthetic response curve (Mitscherlich-style) + noise; NOT measured yield
1333,Wheat,12.5,64.2,35.3,3.54,11,loam,396,16.1,144,0.81,5.62,287.7,26.9,0.95,synthetic response curve (Mitscherlich-style) + noise; NOT measured yield
1334,Mustard,68.1,11.8,41.4,0.93,1,clay,388,15.6,372,0.58,9.16,81.8,27.0,1.97,synthetic response curve (Mitscherlich-style) + noise; NOT measured yield
1335,Banana,74.4,9.1,285.3,23.64,9,clay,250,11.0,278,0.25,7.51,81.0,27.7,0.91,synthetic response curve (Mitscherlich-style) + noise; NOT measured yield
1336,Groundnut,16.6,50.7,42.4,1.51,1,clay,283,11.5,337,0.51,7.94,42.0,31.0,0.6,synthetic response curve (Mitscherlich-style) + noise; NOT measured yield
1337,Cotton,88.6,10.8,68.4,1.11,6,clay,393,4.7,362,0.68,7.72,197.6,28.4,1.23,synthetic response curve (Mitscherlich-style) + noise; NOT measured yield
1338,Cotton,126.3,40.6,33.9,1.42,2,loam,234,33.5,118,0.57,5.7,332.7,31.2,-0.4,synthetic response curve (Mitscherlich-style) + noise; NOT measured yield
1339,Ragi,14.1,37.0,44.2,1.52,4,sandy,141,5.5,180,0.3,5.25,207.8,26.8,-1.16,synthetic response curve (Mitscherlich-style) + noise; NOT measured yield
1340,Wheat,3.1,26.1,37.5,3.33,10,sandy,322,13.7,30,0.27,5.89,116.4,21.4,0.44,synthetic response curve (Mitscherlich-style) + noise; NOT measured yield
1341,Wheat,52.3,44.8,67.2,3.66,12,loam,471,8.1,157,0.54,7.71,29.4,32.8,-1.2,synthetic response curve (Mitscherlich-style) + noise; NOT measured yield
1342,Rice,4.2,26.7,56.2,2.98,15,clay,467,7.1,395,0.71,8.06,298.9,23.2,-1.26,synthetic response curve (Mitscherlich-style) + noise; NOT measured yield
1343,Soybean,24.9,62.0,5.8,1.35,15,clay,425,30.8,94,0.66,7.79,760.1,27.9,-0.27,synthetic response curve (Mitscherlich-style) + noise; NOT measured yield
1344,Cotton,38.1,80.0,54.0,1.69,2,loam,445,32.3,237,0.83,8.5,233.8,30.2,0.98,synthetic response curve (Mitscherlich-style) + noise; NOT measured yield
1345,Cotton,10.1,8.8,52.3,1.32,14,clay,301,16.3,138,0.62,7.44,146.6,22.3,0.71,synthetic response curve (Mitscherlich-style) + noise; NOT measured yield
1346,Sugarcane,266.6,3.5,64.4,46.55,5,loam,248,9.9,222,0.27,6.45,87.5,19.6,-0.11,synthetic response curve (Mitscherlich-style) + noise; NOT measured yield
1347,Chilli,97.2,47.1,42.4,2.21,14,clay,288,18.4,482,0.54,7.72,103.7,20.1,0.19,synthetic response curve (Mitscherlich-style) + noise; NOT measured yield
1348,Ragi,92.8,26.1,3.5,1.8,13,sandy,416,16.9,222,0.54,5.81,402.5,24.0,0.82,synthetic response curve (Mitscherlich-style) + noise; NOT measured yield
1349,Cotton,62.1,60.8,1.4,1.56,14,clay,361,11.2,304,0.61,7.99,598.7,23.7,0.37,synthetic response curve (Mitscherlich-style) + noise; NOT measured yield
1350,Cotton,43.2,18.6,75.5,1.28,8,clay,372,2.2,163,0.43,8.41,537.9,32.3,1.52,synthetic response curve (Mitscherlich-style) + noise; NOT measured yield
1351,Wheat,62.8,65.7,17.0,3.1,12,loam,276,20.8,174,0.57,7.25,316.4,22.7,-0.88,synthetic response curve (Mitscherlich-style) + noise; NOT measured yield
1352,Onion,31.3,21.4,25.9,17.75,7,clay,414,15.9,347,0.57,7.04,99.7,24.2,-0.48,synthetic response curve (Mitscherlich-style) + noise; NOT measured yield
1353,Turmeric,46.0,70.9,39.1,15.08,2,loam,477,38.2,229,0.73,5.41,89.6,27.7,-1.08,synthetic response curve (Mitscherlich-style) + noise; NOT measured yield
1354,Banana,191.1,17.1,248.9,25.03,8,clay,348,20.5,172,0.54,9.01,208.0,35.3,-0.6,synthetic response curve (Mitscherlich-style) + noise; NOT measured yield
1355,Maize,72.8,86.6,42.4,4.92,4,sandy,413,16.3,30,0.58,6.24,33.4,22.8,-0.29,synthetic response curve (Mitscherlich-style) + noise; NOT measured yield
1356,Sorghum,112.4,1.6,39.9,1.19,2,loam,312,9.2,196,0.56,5.13,235.4,22.4,0.49,synthetic response curve (Mitscherlich-style) + noise; NOT measured yield
1357,Sugarcane,12.1,77.5,13.8,54.15,3,sandy,381,6.5,157,0.27,4.95,107.3,27.4,1.23,synthetic response curve (Mitscherlich-style) + noise; NOT measured yield
1358,Maize,35.3,10.2,43.8,3.53,4,sandy,220,8.6,30,0.14,6.46,379.0,21.5,-0.02,synthetic response curve (Mitscherlich-style) + noise; NOT measured yield
1359,Maize,21.8,15.1,34.9,4.18,12,loam,348,13.9,353,0.53,7.13,204.1,23.8,1.18,synthetic response curve (Mitscherlich-style) + noise; NOT measured yield
1360,Mustard,63.4,1.3,46.1,0.72,15,clay,326,15.4,202,0.45,8.85,135.0,28.7,0.41,synthetic response curve (Mitscherlich-style) + noise; NOT measured yield
1361,Turmeric,115.9,68.3,33.3,14.53,13,sandy,428,46.8,71,0.49,6.47,204.0,21.0,0.34,synthetic response curve (Mitscherlich-style) + noise; NOT measured yield
1362,Pearl millet,95.0,51.8,28.7,1.92,10,sandy,303,8.6,152,0.11,6.63,124.7,23.6,-0.2,synthetic response curve (Mitscherlich-style) + noise; NOT measured yield
1363,Sorghum,74.7,37.5,46.6,2.94,14,clay,424,12.1,374,0.57,6.68,320.3,24.5,0.68,synthetic response curve (Mitscherlich-style) + noise; NOT measured yield
1364,Rice,180.0,36.3,35.4,3.79,5,loam,417,1.3,148,0.52,7.22,180.6,28.0,0.74,synthetic response curve (Mitscherlich-style) + noise; NOT measured yield
1365,Sorghum,50.6,37.6,1.4,2.28,14,clay,428,43.9,382,0.66,8.37,81.1,23.2,0.85,synthetic response curve (Mitscherlich-style) + noise; NOT measured yield
1366,Mustard,32.4,46.0,3.2,1.15,15,clay,339,45.0,279,0.63,8.03,293.2,23.0,-1.61,synthetic response curve (Mitscherlich-style) + noise; NOT measured yield
1367,Cotton,122.6,36.6,50.2,1.33,3,sandy,399,3.9,97,0.58,4.9,118.4,27.8,1.43,synthetic response curve (Mitscherlich-style) + noise; NOT measured yield
1368,Tomato,38.9,9.8,88.4,23.16,6,clay,446,6.4,315,0.59,8.03,204.7,27.6,-0.48,synthetic response curve (Mitscherlich-style) + noise; NOT measured yield
1369,Rice,114.6,71.5,48.5,4.09,5,loam,334,16.2,117,0.64,5.76,56.8,21.4,0.56,synthetic response curve (Mitscherlich-style) + noise; NOT measured yield
1370,Cotton,77.3,79.7,21.3,1.51,3,sandy,241,15.4,180,0.47,6.88,127.7,30.4,0.02,synthetic response curve (Mitscherlich-style) + noise; NOT measured yield
1371,Cotton,147.1,41.3,1.3,1.37,3,sandy,257,7.2,188,0.17,7.2,99.1,27.3,0.62,synthetic response curve (Mitscherlich-style) + noise; NOT measured yield
1372,Potato,183.0,58.5,81.1,21.62,15,clay,528,55.0,357,0.51,7.84,302.6,32.0,0.03,synthetic response curve (Mitscherlich-style) + noise; NOT measured yield
1373,Rice,44.3,66.5,56.1,3.94,3,sandy,353,8.0,172,0.52,5.69,87.6,28.7,-0.97,synthetic response curve (Mitscherlich-style) + noise; NOT measured yield
1374,Pearl millet,65.5,26.2,23.9,1.72,10,sandy,332,7.4,262,0.37,6.28,66.0,21.2,-1.27,synthetic response curve (Mitscherlich-style) + noise; NOT measured yield
1375,Rice,146.1,54.0,61.7,4.89,14,clay,328,8.0,434,0.52,8.61,235.3,24.1,-0.88,synthetic response curve (Mitscherlich-style) + noise; NOT measured yield
1376,Rice,148.0,68.0,11.5,4.54,12,loam,319,15.2,327,0.42,7.13,66.1,25.2,1.24,synthetic response curve (Mitscherlich-style) + noise; NOT measured yield
1377,Pigeon pea,1.2,16.4,15.0,1.1,7,clay,404,6.8,273,0.65,7.86,23.2,28.9,0.44,synthetic response curve (Mitscherlich-style) + noise; NOT measured yield
1378,Groundnut,7.7,63.2,56.1,1.63,1,clay,352,10.2,214,0.51,8.01,68.7,24.2,-0.51,synthetic response curve (Mitscherlich-style) + noise; NOT measured yield
1379,Sugarcane,58.4,51.9,9.9,72.04,7,clay,446,13.5,299,0.55,8.68,318.7,27.1,0.05,synthetic response curve (Mitscherlich-style) + noise; NOT measured yield
1380,Rice,3.5,81.8,12.0,3.25,5,loam,136,20.5,247,0.51,6.86,369.2,23.5,0.32,synthetic response curve (Mitscherlich-style) + noise; NOT measured yield
1381,Ragi,12.6,4.6,28.4,1.2,13,sandy,325,11.6,214,0.6,7.2,430.6,23.1,-0.99,synthetic response curve (Mitscherlich-style) + noise; NOT measured yield
1382,Banana,180.2,47.0,168.6,33.53,15,clay,325,8.5,166,0.54,8.1,282.7,26.5,-0.75,synthetic response curve (Mitscherlich-style) + noise; NOT measured yield
1383,Maize,47.2,92.5,63.8,3.61,4,sandy,188,16.5,44,0.26,7.05,442.9,18.7,-1.71,synthetic response curve (Mitscherlich-style) + noise; NOT measured yield
1384,Sugarcane,237.9,74.5,50.8,64.5,3,sandy,515,51.4,240,0.64,6.79,223.3,28.4,-2.03,synthetic response curve (Mitscherlich-style) + noise; NOT measured yield
1385,Ragi,60.3,21.5,44.4,1.55,13,sandy,335,6.0,239,0.31,5.85,208.4,27.7,0.9,synthetic response curve (Mitscherlich-style) + noise; NOT measured yield
1386,Cotton,84.6,25.4,39.7,1.46,14,clay,259,4.0,193,0.54,7.12,220.0,23.3,-0.32,synthetic response curve (Mitscherlich-style) + noise; NOT measured yield
1387,Potato,87.5,55.9,126.7,24.93,15,clay,279,10.3,131,0.35,7.48,231.3,26.1,-0.26,synthetic response curve (Mitscherlich-style) + noise; NOT measured yield
1388,Rice,44.0,83.8,81.5,3.98,12,loam,264,3.9,289,0.52,7.37,448.1,21.4,0.95,synthetic response curve (Mitscherlich-style) + noise; NOT measured yield
1389,Onion,43.5,9.1,84.6,14.71,7,clay,327,5.2,178,0.35,7.04,114.8,25.0,0.44,synthetic response curve (Mitscherlich-style) + noise; NOT measured yield
1390,Onion,78.2,2.3,4.3,12.49,6,clay,460,6.8,308,0.72,7.99,300.8,27.0,-1.11,synthetic response curve (Mitscherlich-style) + noise; NOT measured yield
1391,Rice,150.1,41.2,73.3,4.82,1,clay,534,17.1,386,0.82,7.94,62.0,27.1,0.87,synthetic response curve (Mitscherlich-style) + noise; NOT measured yield
1392,Cotton,112.9,6.7,59.8,1.13,14,clay,403,10.9,244,0.47,7.5,206.6,30.5,-0.37,synthetic response curve (Mitscherlich-style) + noise; NOT measured yield
1393,Rice,35.7,3.9,63.7,2.62,15,clay,584,9.3,296,0.81,7.94,612.2,22.9,0.64,synthetic response curve (Mitscherlich-style) + noise; NOT measured yield
1394,Cotton,165.9,71.3,9.0,1.71,14,clay,360,23.4,233,0.47,7.63,130.3,33.4,0.06,synthetic response curve (Mitscherlich-style) + noise; NOT measured yield
1395,Wheat,170.3,0.1,9.5,1.97,9,clay,480,7.7,336,0.41,7.97,16.6,26.5,2.18,synthetic response curve (Mitscherlich-style) + noise; NOT measured yield
1396,Potato,188.3,66.2,120.3,24.0,14,clay,363,14.3,438,0.78,7.17,317.2,25.2,0.32,synthetic response curve (Mitscherlich-style) + noise; NOT measured yield
1397,Soybean,7.5,5.1,29.0,1.24,1,clay,88,13.2,156,0.4,7.37,131.9,33.7,-0.43,synthetic response curve (Mitscherlich-style) + noise; NOT measured yield
1398,Pigeon pea,8.5,49.3,14.2,0.96,7,clay,527,8.8,87,1.07,8.03,156.0,24.2,0.36,synthetic response curve (Mitscherlich-style) + noise; NOT measured yield
1399,Cotton,123.3,2.6,31.1,0.76,2,loam,312,7.1,182,0.33,6.87,326.3,26.7,-1.32,synthetic response curve (Mitscherlich-style) + noise; NOT measured yield
1400,Wheat,97.9,55.3,26.0,3.9,9,clay,553,47.5,340,0.85,7.13,315.8,20.5,0.87,synthetic response curve (Mitscherlich-style) + noise; NOT measured yield
1401,Rice,104.5,14.4,6.2,2.82,1,clay,432,5.5,366,0.79,6.15,75.9,33.6,1.0,synthetic response curve (Mitscherlich-style) + noise; NOT measured yield
1402,Sugarcane,212.6,4.7,90.9,47.05,5,loam,177,9.0,297,0.1,7.34,532.7,23.7,0.43,synthetic response curve (Mitscherlich-style) + noise; NOT measured yield
1403,Maize,90.4,71.6,36.5,5.18,7,clay,435,14.5,291,0.55,6.84,30.7,26.0,1.5,synthetic response curve (Mitscherlich-style) + noise; NOT measured yield
1404,Chilli,43.4,13.1,0.1,1.43,2,loam,415,14.1,259,0.46,6.96,241.8,21.0,-1.54,synthetic response curve (Mitscherlich-style) + noise; NOT measured yield
1405,Maize,201.6,22.3,25.6,4.1,2,loam,156,18.2,325,0.25,8.07,380.6,21.5,-0.24,synthetic response curve (Mitscherlich-style) + noise; NOT measured yield
1406,Cotton,115.3,62.0,71.2,1.82,14,clay,465,23.2,277,0.74,7.3,135.7,28.2,-0.99,synthetic response curve (Mitscherlich-style) + noise; NOT measured yield
1407,Sugarcane,82.6,11.0,129.4,49.75,5,loam,271,15.4,141,0.63,6.14,162.9,23.8,-0.16,synthetic response curve (Mitscherlich-style) + noise; NOT measured yield
1408,Potato,201.3,54.0,105.1,24.04,15,clay,356,7.3,188,0.59,8.51,185.6,28.7,0.14,synthetic response curve (Mitscherlich-style) + noise; NOT measured yield
1409,Cotton,0.9,50.5,80.1,1.57,6,clay,469,9.4,269,0.83,7.16,136.1,29.2,-0.88,synthetic response curve (Mitscherlich-style) + noise; NOT measured yield
1410,Groundnut,20.9,33.4,48.0,1.83,1,clay,423,23.3,281,0.58,8.37,133.1,29.7,-0.49,synthetic response curve (Mitscherlich-style) + noise; NOT measured yield
1411,Maize,121.9,67.9,24.0,4.75,2,loam,364,12.8,150,0.48,6.32,349.1,27.9,1.14,synthetic response curve (Mitscherlich-style) + noise; NOT measured yield
1412,Turmeric,102.5,0.3,135.5,12.12,11,loam,386,22.6,164,0.61,8.01,226.6,17.3,0.34,synthetic response curve (Mitscherlich-style) + noise; NOT measured yield
1413,Green gram,13.3,45.2,19.9,0.9,1,clay,588,5.5,331,0.58,7.19,23.0,25.2,-0.15,synthetic response curve (Mitscherlich-style) + noise; NOT measured yield
1414,Mustard,49.9,22.0,2.9,1.1,15,clay,402,8.8,248,0.51,6.06,620.8,31.9,-0.16,synthetic response curve (Mitscherlich-style) + noise; NOT measured yield
1415,Sugarcane,71.1,53.1,83.8,77.79,4,sandy,442,19.2,114,0.77,6.55,202.0,23.7,0.38,synthetic response curve (Mitscherlich-style) + noise; NOT measured yield
1416,Mustard,105.0,48.4,0.1,0.61,10,sandy,349,51.4,30,0.3,6.67,8.1,23.9,1.2,synthetic response curve (Mitscherlich-style) + noise; NOT measured yield
1417,Mustard,60.5,7.5,30.0,1.09,7,clay,260,39.1,309,0.41,8.83,209.1,26.2,-0.0,synthetic response curve (Mitscherlich-style) + noise; NOT measured yield
1418,Green gram,3.6,50.9,1.1,0.62,1,clay,476,31.3,196,0.73,7.77,454.4,29.8,2.05,synthetic response curve (Mitscherlich-style) + noise; NOT measured yield
1419,Sorghum,113.4,48.5,22.6,2.17,11,loam,69,10.0,190,0.31,7.39,664.8,18.5,-1.08,synthetic response curve (Mitscherlich-style) + noise; NOT measured yield
1420,Green gram,18.7,21.1,20.3,0.76,1,clay,423,21.9,256,0.56,7.73,116.8,30.3,-0.12,synthetic response curve (Mitscherlich-style) + noise; NOT measured yield
1421,Rice,102.0,41.1,37.0,4.78,12,loam,350,26.1,225,0.41,7.41,459.8,23.3,0.16,synthetic response curve (Mitscherlich-style) + noise; NOT measured yield
1422,Cotton,178.7,73.4,83.1,1.85,8,clay,395,23.0,377,0.7,8.81,14.0,28.3,0.84,synthetic response curve (Mitscherlich-style) + noise; NOT measured yield
1423,Sugarcane,241.0,29.8,22.9,71.98,5,loam,361,7.1,204,0.78,8.18,75.9,20.5,-0.14,synthetic response curve (Mitscherlich-style) + noise; NOT measured yield
1424,Green gram,7.3,0.2,0.8,0.54,15,clay,510,14.5,265,0.83,7.46,327.2,31.1,1.7,synthetic response curve (Mitscherlich-style) + noise; NOT measured yield
1425,Chilli,68.3,13.6,68.0,1.6,4,sandy,336,15.7,180,0.45,7.17,186.4,24.6,0.3,synthetic response curve (Mitscherlich-style) + noise; NOT measured yield
1426,Sugarcane,326.3,72.6,29.6,69.61,5,loam,255,7.1,246,0.43,6.7,100.7,26.8,1.36,synthetic response curve (Mitscherlich-style) + noise; NOT measured yield
1427,Mustard,67.6,1.9,17.2,1.01,10,sandy,401,25.4,36,0.55,6.54,500.5,25.7,0.83,synthetic response curve (Mitscherlich-style) + noise; NOT measured yield
1428,Wheat,27.6,73.5,9.4,3.86,6,clay,400,13.4,212,0.64,8.68,47.8,26.2,0.37,synthetic response curve (Mitscherlich-style) + noise; NOT measured yield
1429,Cotton,56.9,66.2,77.7,1.64,8,clay,406,8.0,189,0.6,7.8,65.7,28.2,-0.64,synthetic response curve (Mitscherlich-style) + noise; NOT measured yield
1430,Rice,8.0,58.4,66.9,3.61,12,loam,253,17.1,289,0.41,7.85,155.2,23.2,-0.67,synthetic response curve (Mitscherlich-style) + noise; NOT measured yield
1431,Chickpea,17.9,54.6,5.4,1.21,14,clay,325,24.3,171,0.61,8.04,331.4,25.1,-1.73,synthetic response curve (Mitscherlich-style) + noise; NOT measured yield
1432,Sunflower,15.9,65.6,8.4,0.95,13,sandy,563,15.0,77,0.55,6.77,220.9,20.3,-1.46,synthetic response curve (Mitscherlich-style) + noise; NOT measured yield
1433,Potato,161.1,40.8,176.2,20.97,2,loam,434,8.5,208,0.36,7.0,40.7,23.9,-0.31,synthetic response curve (Mitscherlich-style) + noise; NOT measured yield
1434,Rice,63.4,27.1,58.2,3.29,15,clay,375,18.6,281,0.54,7.96,107.5,25.4,2.96,synthetic response curve (Mitscherlich-style) + noise; NOT measured yield
1435,Sugarcane,242.6,92.5,64.0,76.06,7,clay,369,84.7,209,0.58,8.0,289.2,27.3,-1.12,synthetic response curve (Mitscherlich-style) + noise; NOT measured yield
1436,Maize,157.3,76.7,54.8,5.75,13,sandy,410,12.2,161,0.48,7.42,340.7,27.3,-0.36,synthetic response curve (Mitscherlich-style) + noise; NOT measured yield
1437,Chilli,92.8,5.0,24.4,1.37,5,loam,423,25.0,164,0.41,6.86,279.1,18.4,-0.91,synthetic response curve (Mitscherlich-style) + noise; NOT measured yield
1438,Onion,5.0,49.1,99.7,23.47,9,clay,465,23.2,141,0.84,7.44,345.8,27.5,-0.54,synthetic response curve (Mitscherlich-style) + noise; NOT measured yield
1439,Wheat,175.3,73.9,41.7,3.57,15,clay,446,3.9,236,0.48,9.1,690.1,28.4,-0.86,synthetic response curve (Mitscherlich-style) + noise; NOT measured yield
1440,Potato,135.1,72.7,26.8,20.87,15,clay,479,6.1,249,0.74,6.85,452.4,32.1,0.49,synthetic response curve (Mitscherlich-style) + noise; NOT measured yield
1441,Pearl millet,74.3,20.6,12.1,1.89,10,sandy,410,19.4,140,0.57,6.25,49.5,22.5,0.2,synthetic response curve (Mitscherlich-style) + noise; NOT measured yield
1442,Ragi,43.1,31.2,26.2,2.05,10,sandy,386,49.4,176,0.43,7.29,51.0,22.6,0.75,synthetic response curve (Mitscherlich-style) + noise; NOT measured yield
1443,Groundnut,22.4,19.8,26.7,1.43,1,clay,316,10.4,270,0.59,7.74,925.0,26.1,0.25,synthetic response curve (Mitscherlich-style) + noise; NOT measured yield
1444,Wheat,141.1,3.9,13.3,1.92,10,sandy,232,7.0,292,0.32,5.46,173.7,23.4,0.09,synthetic response curve (Mitscherlich-style) + noise; NOT measured yield
1445,Onion,50.6,39.0,13.7,24.61,7,clay,509,25.5,273,0.97,8.42,421.9,28.1,-0.13,synthetic response curve (Mitscherlich-style) + noise; NOT measured yield
1446,Cotton,53.0,74.7,36.8,1.5,1,clay,339,22.7,122,0.37,7.31,223.4,29.7,-1.08,synthetic response curve (Mitscherlich-style) + noise; NOT measured yield
1447,Potato,108.6,75.0,29.7,23.75,15,clay,291,20.6,264,0.42,7.17,1019.2,31.7,0.91,synthetic response curve (Mitscherlich-style) + noise; NOT measured yield
1448,Green gram,4.3,24.9,23.1,0.81,7,clay,462,5.4,212,0.74,7.72,182.8,20.8,1.31,synthetic response curve (Mitscherlich-style) + noise; NOT measured yield
1449,Maize,124.7,31.1,67.9,4.42,12,loam,562,29.7,235,0.82,7.19,177.5,29.3,-1.09,synthetic response curve (Mitscherlich-style) + noise; NOT measured yield
1450,Pearl millet,80.3,38.6,33.8,2.02,1,clay,427,7.9,374,0.77,9.02,202.3,30.9,-0.22,synthetic response curve (Mitscherlich-style) + noise; NOT measured yield
1451,Rice,89.8,8.4,22.4,4.11,4,sandy,485,38.8,230,0.53,5.99,409.7,26.2,0.25,synthetic response curve (Mitscherlich-style) + noise; NOT measured yield
1452,Chilli,17.2,61.4,16.1,1.73,14,clay,267,8.7,329,0.54,9.2,118.5,20.9,1.58,synthetic response curve (Mitscherlich-style) + noise; NOT measured yield
1453,Rice,7.6,73.1,35.8,3.3,15,clay,325,52.5,287,0.31,7.76,403.0,30.5,-0.38,synthetic response curve (Mitscherlich-style) + noise; NOT measured yield
1454,Groundnut,32.5,51.9,6.6,1.6,1,clay,438,27.4,297,0.65,8.53,202.6,28.4,0.5,synthetic response curve (Mitscherlich-style) + noise; NOT measured yield
1455,Cotton,90.4,77.8,17.6,1.55,14,clay,364,56.0,200,0.68,8.45,22.5,23.9,0.79,synthetic response curve (Mitscherlich-style) + noise; NOT measured yield
1456,Rice,158.4,14.3,64.6,2.81,5,loam,351,7.1,173,0.27,6.08,125.4,19.1,-1.96,synthetic response curve (Mitscherlich-style) + noise; NOT measured yield
1457,Rice,119.5,76.8,32.5,4.24,4,sandy,466,13.6,155,0.44,6.58,161.9,28.7,0.46,synthetic response curve (Mitscherlich-style) + noise; NOT measured yield
1458,Rice,23.9,10.9,25.6,3.87,15,clay,452,38.0,182,0.92,7.59,1057.1,26.3,-0.22,synthetic response curve (Mitscherlich-style) + noise; NOT measured yield
1459,Wheat,75.4,19.3,56.8,2.72,9,clay,471,16.4,278,0.93,7.48,209.6,20.1,-2.14,synthetic response curve (Mitscherlich-style) + noise; NOT measured yield
1460,Wheat,132.8,80.6,61.1,4.31,12,loam,374,11.8,148,0.7,6.53,87.9,24.3,0.29,synthetic response curve (Mitscherlich-style) + noise; NOT measured yield
1461,Rice,55.6,72.1,82.1,4.33,3,sandy,269,23.1,196,0.27,7.73,93.1,26.7,0.68,synthetic response curve (Mitscherlich-style) + noise; NOT measured yield
1462,Maize,104.6,39.6,76.3,5.38,12,loam,439,8.8,202,0.67,8.11,599.8,24.9,0.6,synthetic response curve (Mitscherlich-style) + noise; NOT measured yield
1463,Rice,108.7,70.5,41.1,4.47,6,clay,473,37.0,191,0.76,8.96,127.6,28.2,-0.37,synthetic response curve (Mitscherlich-style) + noise; NOT measured yield
1464,Rice,29.9,0.2,76.6,2.56,11,loam,232,12.4,87,0.49,7.39,323.3,23.4,0.62,synthetic response curve (Mitscherlich-style) + noise; NOT measured yield
1465,Wheat,153.3,2.3,57.4,2.14,10,sandy,391,11.8,235,0.5,6.19,137.9,24.8,0.18,synthetic response curve (Mitscherlich-style) + noise; NOT measured yield
1466,Green gram,8.3,51.5,26.0,0.86,1,clay,436,26.9,276,0.92,6.82,235.6,28.1,0.16,synthetic response curve (Mitscherlich-style) + noise; NOT measured yield
1467,Chilli,140.8,61.8,32.8,2.39,14,clay,489,66.9,274,0.82,7.76,313.3,26.6,0.5,synthetic response curve (Mitscherlich-style) + noise; NOT measured yield
1468,Wheat,103.7,82.6,5.0,3.58,5,loam,262,16.7,255,0.6,7.97,11.1,26.0,1.68,synthetic response curve (Mitscherlich-style) + noise; NOT measured yield
1469,Soybean,16.9,11.8,19.2,1.56,6,clay,430,13.9,232,0.55,6.59,561.1,29.2,0.07,synthetic response curve (Mitscherlich-style) + noise; NOT measured yield
1470,Wheat,104.4,79.6,1.6,3.07,12,loam,372,16.7,237,0.64,7.83,98.2,29.1,-0.91,synthetic response curve (Mitscherlich-style) + noise; NOT measured yield
1471,Chickpea,28.4,8.8,13.6,0.75,14,clay,248,4.3,314,0.39,7.79,122.8,19.7,-1.44,synthetic response curve (Mitscherlich-style) + noise; NOT measured yield
1472,Cotton,11.0,46.0,72.1,1.28,14,clay,283,17.5,133,0.7,8.84,241.1,23.4,0.39,synthetic response curve (Mitscherlich-style) + noise; NOT measured yield
1473,Onion,107.3,2.2,78.2,19.18,7,clay,308,36.9,340,0.47,8.38,45.8,25.4,-1.12,synthetic response curve (Mitscherlich-style) + noise; NOT measured yield
1474,Cotton,122.4,49.9,15.0,1.71,6,clay,384,9.2,296,0.64,8.34,102.5,26.7,0.71,synthetic response curve (Mitscherlich-style) + noise; NOT measured yield
1475,Tomato,92.7,30.9,61.7,30.61,13,sandy,473,5.3,144,0.64,7.64,239.9,26.4,0.1,synthetic response curve (Mitscherlich-style) + noise; NOT measured yield
1476,Rice,40.0,52.4,74.7,4.29,4,sandy,278,6.4,58,0.39,6.49,87.5,21.3,0.7,synthetic response curve (Mitscherlich-style) + noise; NOT measured yield
1477,Pearl millet,29.9,16.3,4.5,1.11,10,sandy,191,21.7,94,0.15,5.74,109.1,28.6,-0.57,synthetic response curve (Mitscherlich-style) + noise; NOT measured yield
1478,Sugarcane,55.1,9.3,53.0,53.49,4,sandy,420,29.6,72,0.72,6.58,219.6,23.5,1.19,synthetic response curve (Mitscherlich-style) + noise; NOT measured yield
1479,Maize,20.6,28.6,63.6,5.06,4,sandy,322,14.8,54,0.28,6.66,108.0,19.5,1.73,synthetic response curve (Mitscherlich-style) + noise; NOT measured yield
1480,Wheat,148.3,56.9,48.0,4.19,9,clay,489,18.8,241,0.72,6.35,627.9,21.8,-0.39,synthetic response curve (Mitscherlich-style) + noise; NOT measured yield
1481,Maize,105.1,19.2,65.8,4.87,13,sandy,291,24.3,79,0.42,6.02,255.6,19.5,-0.27,synthetic response curve (Mitscherlich-style) + noise; NOT measured yield
1482,Wheat,156.1,44.4,27.8,3.16,5,loam,255,15.2,107,0.37,6.96,27.6,24.0,0.52,synthetic response curve (Mitscherlich-style) + noise; NOT measured yield
1483,Potato,33.8,5.2,30.6,19.58,11,loam,215,51.6,117,0.27,7.25,79.9,25.1,0.34,synthetic response curve (Mitscherlich-style) + noise; NOT measured yield
1484,Groundnut,1.8,51.6,19.8,1.62,1,clay,375,13.1,302,0.67,8.07,669.1,26.5,-0.7,synthetic response curve (Mitscherlich-style) + noise; NOT measured yield
1485,Potato,151.4,11.4,9.1,18.43,11,loam,405,25.0,233,0.34,6.34,66.0,19.8,0.3,synthetic response curve (Mitscherlich-style) + noise; NOT measured yield
1486,Soybean,6.9,63.6,40.3,1.96,6,clay,477,20.0,379,0.7,8.74,166.2,28.8,-1.66,synthetic response curve (Mitscherlich-style) + noise; NOT measured yield
1487,Sorghum,62.8,45.3,23.3,2.79,2,loam,355,12.4,392,0.53,6.99,46.5,27.5,-1.04,synthetic response curve (Mitscherlich-style) + noise; NOT measured yield
1488,Maize,73.5,45.1,17.1,3.8,9,clay,307,4.0,64,0.47,7.54,133.0,22.3,-0.42,synthetic response curve (Mitscherlich-style) + noise; NOT measured yield
1489,Rice,59.3,21.0,40.7,3.9,4,sandy,329,21.1,82,0.56,7.41,218.1,20.6,0.32,synthetic response curve (Mitscherlich-style) + noise; NOT measured yield
1490,Mustard,78.6,14.6,28.0,1.08,10,sandy,385,17.2,255,0.41,5.72,177.0,20.8,-0.47,synthetic response curve (Mitscherlich-style) + noise; NOT measured yield
1491,Rice,167.3,19.5,70.6,3.43,1,clay,537,6.4,201,0.83,7.95,333.2,29.6,0.39,synthetic response curve (Mitscherlich-style) + noise; NOT measured yield
1492,Pigeon pea,0.3,18.1,27.6,1.14,6,clay,365,22.0,269,0.47,5.59,51.3,26.0,0.21,synthetic response curve (Mitscherlich-style) + noise; NOT measured yield
1493,Tomato,119.5,4.9,89.4,20.58,4,sandy,323,12.3,281,0.63,7.48,70.8,24.4,0.59,synthetic response curve (Mitscherlich-style) + noise; NOT measured yield
1494,Banana,106.6,52.0,234.4,29.67,5,loam,400,14.1,154,0.44,7.06,254.0,25.2,-1.84,synthetic response curve (Mitscherlich-style) + noise; NOT measured yield
1495,Rice,86.9,12.9,35.0,3.33,1,clay,395,22.5,313,0.65,7.98,474.0,29.9,0.95,synthetic response curve (Mitscherlich-style) + noise; NOT measured yield
1496,Rice,110.8,78.8,30.3,4.1,5,loam,309,17.2,162,0.46,6.62,90.9,22.2,0.49,synthetic response curve (Mitscherlich-style) + noise; NOT measured yield
1497,Sorghum,27.5,12.2,4.8,1.55,2,loam,285,5.8,216,0.36,7.4,82.5,23.4,-1.28,synthetic response curve (Mitscherlich-style) + noise; NOT measured yield
1498,Pearl millet,60.0,44.2,21.2,1.4,10,sandy,222,11.3,91,0.38,6.13,136.3,27.9,-1.32,synthetic response curve (Mitscherlich-style) + noise; NOT measured yield
1499,Onion,32.6,28.6,81.5,21.59,7,clay,471,42.2,185,0.78,7.23,24.2,26.4,-1.7,synthetic response curve (Mitscherlich-style) + noise; NOT measured yield
1500,Sorghum,107.7,40.3,23.0,2.33,5,loam,394,22.8,180,0.58,7.56,15.6,22.8,-1.7,synthetic response curve (Mitscherlich-style) + noise; NOT measured yield
1501,Pearl millet,70.0,18.3,41.0,1.62,10,sandy,378,10.5,204,0.47,5.63,182.6,20.4,-0.11,synthetic response curve (Mitscherlich-style) + noise; NOT measured yield
1502,Sorghum,99.7,11.4,18.5,1.71,14,clay,438,10.0,273,0.7,8.21,156.5,17.1,1.25,synthetic response curve (Mitscherlich-style) + noise; NOT measured yield
1503,Wheat,23.9,48.4,49.3,3.3,9,clay,263,13.5,228,0.46,7.52,39.1,23.7,2.53,synthetic response curve (Mitscherlich-style) + noise; NOT measured yield
1504,Sugarcane,276.3,71.4,126.8,78.68,5,loam,350,22.9,227,0.43,8.22,32.5,21.3,0.29,synthetic response curve (Mitscherlich-style) + noise; NOT measured yield
1505,Soybean,10.2,64.4,10.3,2.17,7,clay,332,12.0,247,0.54,8.52,182.0,25.6,-0.05,synthetic response curve (Mitscherlich-style) + noise; NOT measured yield
1506,Sugarcane,244.6,57.5,92.3,84.59,12,loam,242,31.1,179,0.48,7.13,403.5,20.7,1.32,synthetic response curve (Mitscherlich-style) + noise; NOT measured yield
1507,Maize,0.7,74.3,38.2,4.59,2,loam,244,13.3,182,0.1,7.12,21.8,26.1,1.31,synthetic response curve (Mitscherlich-style) + noise; NOT measured yield
1508,Rice,73.6,27.7,2.0,3.91,5,loam,353,59.3,254,0.59,7.68,29.0,22.7,-0.65,synthetic response curve (Mitscherlich-style) + noise; NOT measured yield
1509,Rice,110.7,45.4,46.4,4.16,8,clay,411,23.2,139,0.65,8.4,253.0,32.6,1.21,synthetic response curve (Mitscherlich-style) + noise; NOT measured yield
1510,Potato,174.8,84.3,79.9,22.91,10,sandy,367,22.3,161,0.26,6.95,151.5,26.4,-0.65,synthetic response curve (Mitscherlich-style) + noise; NOT measured yield
1511,Soybean,0.6,33.2,17.6,1.98,9,clay,450,7.6,262,0.92,7.97,194.2,20.9,-0.21,synthetic response curve (Mitscherlich-style) + noise; NOT measured yield
1512,Wheat,108.2,26.2,16.5,3.6,11,loam,212,43.6,193,0.2,6.98,63.1,28.7,-0.6,synthetic response curve (Mitscherlich-style) + noise; NOT measured yield
1513,Potato,27.2,100.0,72.6,20.0,15,clay,420,5.2,262,0.45,8.28,87.9,22.8,-0.08,synthetic response curve (Mitscherlich-style) + noise; NOT measured yield
1514,Rice,96.9,56.4,9.2,3.54,3,sandy,139,4.6,125,0.17,6.01,176.0,30.8,0.39,synthetic response curve (Mitscherlich-style) + noise; NOT measured yield
1515,Rice,67.8,62.7,19.3,3.77,8,clay,441,5.3,309,0.66,9.19,120.3,27.5,-0.98,synthetic response curve (Mitscherlich-style) + noise; NOT measured yield
1516,Lentil,4.2,10.9,29.3,0.85,6,clay,484,19.0,292,0.52,6.74,202.3,27.0,-0.17,synthetic response curve (Mitscherlich-style) + noise; NOT measured yield
1517,Maize,124.4,47.6,42.6,5.43,2,loam,407,12.9,333,0.93,6.58,57.8,26.6,-0.5,synthetic response curve (Mitscherlich-style) + noise; NOT measured yield
1518,Banana,198.5,63.1,213.5,31.29,2,loam,355,6.5,118,0.56,8.9,16.4,28.4,-1.44,synthetic response curve (Mitscherlich-style) + noise; NOT measured yield
1519,Pearl millet,86.6,37.7,8.5,2.2,10,sandy,388,12.5,268,0.59,7.86,1.8,25.3,0.94,synthetic response curve (Mitscherlich-style) + noise; NOT measured yield
1520,Rice,44.6,0.7,47.9,2.57,8,clay,438,16.7,292,0.88,6.55,399.9,27.2,0.45,synthetic response curve (Mitscherlich-style) + noise; NOT measured yield
1521,Wheat,30.4,4.8,23.5,3.09,5,loam,517,32.8,176,0.68,7.07,151.4,26.1,-0.41,synthetic response curve (Mitscherlich-style) + noise; NOT measured yield
1522,Sugarcane,248.3,5.8,95.9,41.6,14,clay,473,5.5,282,0.55,7.15,44.3,36.3,0.2,synthetic response curve (Mitscherlich-style) + noise; NOT measured yield
1523,Rice,27.1,70.1,76.9,3.72,5,loam,329,23.0,57,0.24,9.12,293.9,23.7,-0.23,synthetic response curve (Mitscherlich-style) + noise; NOT measured yield
1524,Chickpea,15.8,44.5,32.3,1.31,9,clay,286,10.9,312,0.51,7.91,85.8,28.1,-1.33,synthetic response curve (Mitscherlich-style) + noise; NOT measured yield
1525,Cotton,7.5,47.5,38.5,1.61,15,clay,433,9.2,217,0.48,7.21,68.6,25.0,1.72,synthetic response curve (Mitscherlich-style) + noise; NOT measured yield
1526,Potato,74.1,64.0,37.7,19.2,11,loam,387,11.4,272,0.61,7.66,49.4,24.5,3.46,synthetic response curve (Mitscherlich-style) + noise; NOT measured yield
1527,Wheat,27.2,70.1,31.1,3.92,11,loam,356,6.9,218,0.52,6.3,127.9,27.7,0.17,synthetic response curve (Mitscherlich-style) + noise; NOT measured yield
1528,Sunflower,8.2,62.9,56.5,1.94,5,loam,414,9.2,377,0.56,7.35,113.6,27.3,0.13,synthetic response curve (Mitscherlich-style) + noise; NOT measured yield
1529,Sunflower,100.7,10.2,19.1,1.18,14,clay,356,8.8,121,0.54,8.51,88.9,21.9,-0.81,synthetic response curve (Mitscherlich-style) + noise; NOT measured yield
1530,Chilli,65.6,25.9,48.3,2.09,8,clay,505,16.6,155,0.86,8.17,292.3,24.4,-0.02,synthetic response curve (Mitscherlich-style) + noise; NOT measured yield
1531,Sugarcane,274.3,93.5,30.1,67.01,5,loam,519,11.3,386,0.74,8.07,270.7,24.7,-2.27,synthetic response curve (Mitscherlich-style) + noise; NOT measured yield
1532,Maize,44.7,70.5,6.6,4.81,12,loam,394,31.3,268,0.66,6.38,213.1,23.8,0.22,synthetic response curve (Mitscherlich-style) + noise; NOT measured yield
1533,Rice,48.8,36.4,61.3,4.96,8,clay,683,48.6,282,0.93,7.95,60.5,32.1,0.76,synthetic response curve (Mitscherlich-style) + noise; NOT measured yield
1534,Chickpea,14.4,68.3,32.8,1.51,2,loam,386,29.9,171,0.71,6.42,29.4,24.9,-0.34,synthetic response curve (Mitscherlich-style) + noise; NOT measured yield
1535,Rice,55.8,54.7,60.8,4.23,1,clay,490,13.8,208,0.85,8.24,129.8,30.5,-1.37,synthetic response curve (Mitscherlich-style) + noise; NOT measured yield
1536,Banana,20.3,27.2,114.5,24.87,2,loam,421,7.3,305,0.77,7.77,86.4,30.6,-0.93,synthetic response curve (Mitscherlich-style) + noise; NOT measured yield
1537,Rice,56.9,41.4,50.8,4.14,3,sandy,296,2.9,184,0.45,6.64,24.4,30.5,-1.35,synthetic response curve (Mitscherlich-style) + noise; NOT measured yield
1538,Maize,69.1,74.0,51.6,5.42,4,sandy,299,14.0,30,0.2,6.88,246.4,23.4,0.35,synthetic response curve (Mitscherlich-style) + noise; NOT measured yield
1539,Pigeon pea,11.7,51.0,19.9,0.94,6,clay,180,36.2,259,0.48,8.26,487.0,29.7,-0.67,synthetic response curve (Mitscherlich-style) + noise; NOT measured yield
1540,Wheat,91.8,14.1,56.8,2.96,4,sandy,441,22.0,243,0.7,4.72,78.1,18.9,0.79,synthetic response curve (Mitscherlich-style) + noise; NOT measured yield
1541,Sorghum,62.7,45.9,10.2,1.83,14,clay,382,24.0,187,0.77,9.01,359.5,22.7,-0.17,synthetic response curve (Mitscherlich-style) + noise; NOT measured yield
1542,Mustard,97.8,57.0,9.0,1.1,15,clay,372,9.1,230,0.71,7.18,90.8,23.6,1.34,synthetic response curve (Mitscherlich-style) + noise; NOT measured yield
1543,Rice,112.7,60.9,9.0,4.36,15,clay,348,7.8,210,0.73,8.43,633.2,31.2,1.53,synthetic response curve (Mitscherlich-style) + noise; NOT measured yield
1544,Rice,6.2,70.0,37.3,3.77,3,sandy,341,46.5,72,0.55,5.31,76.7,30.2,-0.45,synthetic response curve (Mitscherlich-style) + noise; NOT measured yield
1545,Sunflower,85.1,14.9,31.4,1.27,9,clay,399,4.3,231,0.84,8.29,475.3,26.0,1.27,synthetic response curve (Mitscherlich-style) + noise; NOT measured yield
1546,Sorghum,23.1,28.2,4.5,2.14,2,loam,358,37.7,184,0.43,7.68,429.6,24.5,-0.31,synthetic response curve (Mitscherlich-style) + noise; NOT measured yield
1547,Wheat,124.5,8.5,57.8,2.68,11,loam,396,7.0,166,0.56,6.9,240.1,23.9,-0.08,synthetic response curve (Mitscherlich-style) + noise; NOT measured yield
1548,Rice,5.5,66.6,6.2,4.16,3,sandy,336,9.6,326,0.52,5.57,163.8,28.9,1.16,synthetic response curve (Mitscherlich-style) + noise; NOT measured yield
1549,Sunflower,28.9,9.8,15.6,1.12,5,loam,539,23.0,135,0.86,5.24,245.1,24.6,-1.11,synthetic response curve (Mitscherlich-style) + noise; NOT measured yield
1550,Maize,164.4,83.8,41.1,5.19,4,sandy,187,13.6,30,0.24,6.22,90.4,22.4,-0.17,synthetic response curve (Mitscherlich-style) + noise; NOT measured yield
1551,Rice,151.9,33.9,47.1,5.02,8,clay,420,42.9,199,0.86,6.71,98.1,22.4,1.09,synthetic response curve (Mitscherlich-style) + noise; NOT measured yield
1552,Tomato,167.9,19.5,61.7,23.67,6,clay,418,5.8,75,0.6,7.08,205.3,27.9,0.88,synthetic response curve (Mitscherlich-style) + noise; NOT measured yield
1553,Wheat,63.6,4.0,39.2,2.3,9,clay,561,11.5,267,0.79,7.2,531.9,23.8,2.07,synthetic response curve (Mitscherlich-style) + noise; NOT measured yield
1554,Chilli,69.0,6.8,4.8,1.43,3,sandy,400,6.9,133,0.38,6.47,96.1,29.0,1.29,synthetic response curve (Mitscherlich-style) + noise; NOT measured yield
1555,Cotton,45.0,13.4,67.4,1.23,8,clay,365,6.5,264,0.57,7.49,297.9,30.5,0.63,synthetic response curve (Mitscherlich-style) + noise; NOT measured yield
1556,Chilli,76.7,10.3,60.7,1.69,2,loam,434,15.6,224,0.85,6.24,72.7,30.7,0.22,synthetic response curve (Mitscherlich-style) + noise; NOT measured yield
1557,Soybean,23.0,19.2,12.3,1.35,1,clay,318,12.6,268,0.47,8.9,317.2,27.8,-1.31,synthetic response curve (Mitscherlich-style) + noise; NOT measured yield
1558,Cotton,15.6,43.8,50.5,1.46,3,sandy,334,13.7,64,0.54,8.19,59.7,23.9,1.57,synthetic response curve (Mitscherlich-style) + noise; NOT measured yield
1559,Rice,37.0,0.7,34.4,2.45,4,sandy,384,14.3,216,0.31,7.05,2337.5,20.1,0.41,synthetic response curve (Mitscherlich-style) + noise; NOT measured yield
1560,Wheat,66.0,57.0,68.3,4.18,12,loam,477,27.3,34,0.9,7.32,934.1,24.9,0.05,synthetic response curve (Mitscherlich-style) + noise; NOT measured yield
1561,Rice,140.8,75.5,26.3,4.5,5,loam,370,8.7,302,0.37,5.78,79.0,27.9,-0.43,synthetic response curve (Mitscherlich-style) + noise; NOT measured yield
1562,Chilli,84.9,24.0,11.6,1.55,8,clay,519,7.6,325,1.04,8.01,571.7,27.1,-1.6,synthetic response curve (Mitscherlich-style) + noise; NOT measured yield
1563,Sunflower,105.0,71.3,23.0,1.69,11,loam,450,13.2,216,0.78,7.01,162.6,27.9,-0.33,synthetic response curve (Mitscherlich-style) + noise; NOT measured yield
1564,Maize,118.9,73.3,37.3,5.21,12,loam,276,10.0,261,0.52,7.88,186.8,26.0,-0.86,synthetic response curve (Mitscherlich-style) + noise; NOT measured yield
1565,Soybean,24.5,41.7,37.6,2.02,9,clay,485,26.0,233,0.61,7.87,71.8,23.7,-0.65,synthetic response curve (Mitscherlich-style) + noise; NOT measured yield
1566,Banana,68.4,23.8,184.9,29.05,3,sandy,181,10.3,238,0.28,6.18,61.4,24.6,-0.4,synthetic response curve (Mitscherlich-style) + noise; NOT measured yield
1567,Wheat,133.8,12.9,64.3,3.04,10,sandy,227,10.5,158,0.37,7.1,36.7,26.4,0.02,synthetic response curve (Mitscherlich-style) + noise; NOT measured yield
1568,Rice,97.3,73.4,57.3,4.51,5,loam,319,4.8,142,0.44,7.71,97.7,22.1,-0.28,synthetic response curve (Mitscherlich-style) + noise; NOT measured yield
1569,Chickpea,9.2,38.2,18.0,1.5,9,clay,557,29.9,443,1.06,9.17,305.7,28.2,0.51,synthetic response curve (Mitscherlich-style) + noise; NOT measured yield
1570,Potato,158.3,96.9,104.7,29.07,15,clay,293,15.7,279,0.56,8.46,180.1,30.8,1.02,synthetic response curve (Mitscherlich-style) + noise; NOT measured yield
1571,Maize,173.0,2.3,20.1,4.71,2,loam,568,42.9,239,0.77,7.23,87.5,24.8,0.85,synthetic response curve (Mitscherlich-style) + noise; NOT measured yield
1572,Sorghum,18.7,27.8,29.6,2.3,2,loam,300,7.4,249,0.53,7.6,119.8,27.8,-0.17,synthetic response curve (Mitscherlich-style) + noise; NOT measured yield
1573,Wheat,167.4,30.4,29.0,3.49,4,sandy,307,18.1,147,0.3,5.8,3.3,20.4,-0.01,synthetic response curve (Mitscherlich-style) + noise; NOT measured yield
1574,Sugarcane,162.1,51.4,18.3,68.51,7,clay,539,25.0,317,0.9,7.69,461.8,24.0,1.73,synthetic response curve (Mitscherlich-style) + noise; NOT measured yield
1575,Wheat,123.3,45.1,7.5,2.87,8,clay,328,29.9,150,0.43,7.77,127.6,31.2,-0.96,synthetic response curve (Mitscherlich-style) + noise; NOT measured yield
1576,Wheat,171.5,8.0,12.4,2.55,5,loam,447,9.6,30,0.85,8.05,133.8,22.0,-0.15,synthetic response curve (Mitscherlich-style) + noise; NOT measured yield
1577,Sorghum,65.8,6.5,21.3,1.53,14,clay,302,5.9,383,0.51,7.02,104.6,30.9,0.18,synthetic response curve (Mitscherlich-style) + noise; NOT measured yield
1578,Onion,120.1,20.2,31.3,20.56,1,clay,373,12.0,285,0.55,9.13,112.4,29.3,0.51,synthetic response curve (Mitscherlich-style) + noise; NOT measured yield
1579,Soybean,12.3,15.5,25.4,1.87,9,clay,199,15.6,204,0.49,7.41,186.1,23.3,0.53,synthetic response curve (Mitscherlich-style) + noise; NOT measured yield
1580,Chickpea,7.3,60.0,19.8,1.14,9,clay,404,7.5,375,0.65,9.2,70.6,23.4,-1.37,synthetic response curve (Mitscherlich-style) + noise; NOT measured yield
1581,Rice,156.9,43.6,3.2,3.86,12,loam,340,2.6,292,0.62,7.53,298.6,23.7,0.67,synthetic response curve (Mitscherlich-style) + noise; NOT measured yield
1582,Wheat,13.6,68.7,61.5,4.39,9,clay,544,60.0,336,0.84,7.17,739.3,24.6,-0.04,synthetic response curve (Mitscherlich-style) + noise; NOT measured yield
1583,Cotton,119.4,51.8,31.5,1.51,3,sandy,303,14.2,96,0.3,6.85,648.7,25.3,-0.34,synthetic response curve (Mitscherlich-style) + noise; NOT measured yield
1584,Rice,13.7,45.3,23.7,3.88,5,loam,260,18.0,237,0.45,7.69,153.3,28.5,-0.32,synthetic response curve (Mitscherlich-style) + noise; NOT measured yield
1585,Rice,123.9,77.7,5.5,3.27,3,sandy,415,6.8,158,0.16,6.47,183.4,27.1,-0.81,synthetic response curve (Mitscherlich-style) + noise; NOT measured yield
1586,Rice,169.7,12.7,61.3,3.36,8,clay,503,16.7,310,0.82,6.48,156.5,26.8,-0.52,synthetic response curve (Mitscherlich-style) + noise; NOT measured yield
1587,Chilli,138.6,22.8,55.6,1.49,14,clay,348,20.2,288,0.32,7.05,271.4,22.5,-2.99,synthetic response curve (Mitscherlich-style) + noise; NOT measured yield
1588,Cotton,71.7,36.3,64.4,1.68,6,clay,410,14.6,292,0.63,7.35,305.2,24.6,0.07,synthetic response curve (Mitscherlich-style) + noise; NOT measured yield
1589,Pigeon pea,1.4,7.9,33.5,0.91,6,clay,387,14.3,287,0.52,9.06,840.3,26.5,0.74,synthetic response curve (Mitscherlich-style) + noise; NOT measured yield
1590,Lentil,15.8,42.6,19.6,0.96,7,clay,568,12.4,330,0.93,8.3,143.2,27.7,0.18,synthetic response curve (Mitscherlich-style) + noise; NOT measured yield
1591,Rice,1.3,54.3,62.1,3.3,3,sandy,281,22.5,41,0.47,6.83,44.4,28.5,-0.97,synthetic response curve (Mitscherlich-style) + noise; NOT measured yield
1592,Wheat,126.6,58.5,58.0,4.03,13,sandy,422,7.0,155,0.81,5.79,90.6,20.8,-0.91,synthetic response curve (Mitscherlich-style) + noise; NOT measured yield
1593,Wheat,174.5,72.3,37.0,3.04,10,sandy,246,79.4,194,0.25,5.24,203.6,27.7,-1.3,synthetic response curve (Mitscherlich-style) + noise; NOT measured yield
1594,Chilli,100.5,62.5,21.1,1.98,11,loam,363,18.2,209,0.32,8.43,263.4,28.9,0.47,synthetic response curve (Mitscherlich-style) + noise; NOT measured yield
1595,Cotton,54.6,23.6,28.8,1.5,6,clay,482,8.3,204,0.88,6.68,418.0,27.1,-0.01,synthetic response curve (Mitscherlich-style) + noise; NOT measured yield
1596,Sugarcane,112.8,72.9,57.5,75.35,5,loam,436,28.4,223,0.37,7.57,95.2,21.0,-0.66,synthetic response curve (Mitscherlich-style) + noise; NOT measured yield
1597,Chilli,96.8,56.1,47.2,2.38,8,clay,271,20.5,269,0.33,6.45,80.9,22.8,1.76,synthetic response curve (Mitscherlich-style) + noise; NOT measured yield
1598,Sorghum,8.3,0.1,18.1,1.16,4,sandy,390,8.6,79,0.34,6.43,101.6,25.5,-0.91,synthetic response curve (Mitscherlich-style) + noise; NOT measured yield
1599,Rice,147.2,14.2,70.3,3.74,1,clay,447,40.6,180,0.63,6.96,66.9,18.2,0.44,synthetic response curve (Mitscherlich-style) + noise; NOT measured yield
1600,Mustard,52.3,28.5,45.2,1.25,11,loam,442,24.4,137,0.51,6.5,42.5,26.2,-0.06,synthetic response curve (Mitscherlich-style) + noise; NOT measured yield
1601,Maize,187.4,33.6,15.4,4.13,13,sandy,278,7.8,139,0.39,6.97,93.0,23.3,1.72,synthetic response curve (Mitscherlich-style) + noise; NOT measured yield
1602,Tomato,99.3,80.7,105.4,31.93,4,sandy,137,24.2,81,0.19,7.33,89.2,24.1,0.66,synthetic response curve (Mitscherlich-style) + noise; NOT measured yield
1603,Ragi,72.9,24.4,43.7,1.48,10,sandy,348,11.7,30,0.47,5.27,100.9,22.4,-2.11,synthetic response curve (Mitscherlich-style) + noise; NOT measured yield
1604,Sugarcane,26.5,15.4,72.6,47.05,14,clay,521,8.2,262,0.99,7.69,82.3,24.7,1.82,synthetic response curve (Mitscherlich-style) + noise; NOT measured yield
1605,Rice,67.5,59.7,7.4,3.17,12,loam,404,8.2,86,0.4,7.47,100.6,23.5,-0.84,synthetic response curve (Mitscherlich-style) + noise; NOT measured yield
1606,Cotton,16.5,40.3,20.5,1.46,13,sandy,266,49.0,199,0.1,5.77,395.1,23.9,-0.53,synthetic response curve (Mitscherlich-style) + noise; NOT measured yield
1607,Rice,21.0,53.2,67.9,4.69,14,clay,480,14.0,429,0.84,8.34,200.5,24.0,-0.98,synthetic response curve (Mitscherlich-style) + noise; NOT measured yield
1608,Rice,16.0,26.5,55.0,3.69,4,sandy,268,9.9,198,0.52,5.51,50.7,21.2,-0.38,synthetic response curve (Mitscherlich-style) + noise; NOT measured yield
1609,Cotton,165.6,66.6,60.2,1.85,2,loam,460,10.2,212,0.93,6.79,67.2,30.3,0.13,synthetic response curve (Mitscherlich-style) + noise; NOT measured yield
1610,Lentil,22.5,42.9,33.6,0.82,13,sandy,302,7.2,150,0.46,6.51,93.1,21.6,-1.31,synthetic response curve (Mitscherlich-style) + noise; NOT measured yield
1611,Wheat,165.6,53.8,47.5,3.99,12,loam,413,21.9,221,0.64,7.68,83.4,20.2,1.43,synthetic response curve (Mitscherlich-style) + noise; NOT measured yield
1612,Rice,155.8,21.4,36.6,3.28,3,sandy,320,25.2,30,0.44,6.6,44.5,26.8,-1.56,synthetic response curve (Mitscherlich-style) + noise; NOT measured yield
1613,Chilli,25.7,5.1,63.3,1.15,14,clay,349,4.8,325,0.69,6.72,107.0,19.8,0.63,synthetic response curve (Mitscherlich-style) + noise; NOT measured yield
1614,Groundnut,4.0,67.5,52.7,1.39,1,clay,314,4.6,170,0.51,8.86,96.3,26.5,0.58,synthetic response curve (Mitscherlich-style) + noise; NOT measured yield
1615,Sorghum,73.6,25.4,9.3,2.06,6,clay,358,4.2,162,0.59,8.09,115.1,29.2,0.85,synthetic response curve (Mitscherlich-style) + noise; NOT measured yield
1616,Mustard,16.6,19.9,25.3,1.1,15,clay,392,8.1,347,0.61,7.35,131.7,31.9,0.08,synthetic response curve (Mitscherlich-style) + noise; NOT measured yield
1617,Chilli,86.7,17.1,68.0,1.53,6,clay,484,3.5,228,0.51,6.46,383.6,30.4,-0.05,synthetic response curve (Mitscherlich-style) + noise; NOT measured yield
1618,Maize,67.3,40.1,41.5,5.52,12,loam,399,17.2,264,0.72,6.88,303.2,31.2,-0.82,synthetic response curve (Mitscherlich-style) + noise; NOT measured yield
1619,Groundnut,35.6,40.8,33.1,1.65,1,clay,694,9.5,232,1.2,7.79,434.8,28.1,-0.21,synthetic response curve (Mitscherlich-style) + noise; NOT measured yield
1620,Chilli,42.3,47.0,13.7,2.15,8,clay,416,21.8,398,0.6,7.23,289.2,35.9,-0.84,synthetic response curve (Mitscherlich-style) + noise; NOT measured yield
1621,Wheat,98.1,42.5,38.5,3.91,12,loam,373,23.9,30,0.58,6.42,262.9,23.5,0.45,synthetic response curve (Mitscherlich-style) + noise; NOT measured yield
1622,Ragi,44.4,33.5,18.3,1.81,13,sandy,311,25.6,216,0.29,6.9,104.5,21.8,-2.24,synthetic response curve (Mitscherlich-style) + noise; NOT measured yield
1623,Sugarcane,184.2,70.4,126.5,65.18,7,clay,568,33.3,221,1.05,8.28,78.9,22.9,-0.82,synthetic response curve (Mitscherlich-style) + noise; NOT measured yield
1624,Banana,224.6,67.2,167.3,39.95,2,loam,353,8.8,290,0.49,8.08,18.6,30.0,-0.2,synthetic response curve (Mitscherlich-style) + noise; NOT measured yield
1625,Chilli,3.0,67.2,37.3,1.56,8,clay,238,7.8,211,0.19,8.64,129.8,30.6,-0.83,synthetic response curve (Mitscherlich-style) + noise; NOT measured yield
1626,Turmeric,108.8,6.7,86.7,13.48,12,loam,263,64.3,141,0.35,6.82,278.2,26.3,-1.87,synthetic response curve (Mitscherlich-style) + noise; NOT measured yield
1627,Maize,128.9,21.9,11.5,3.57,7,clay,407,7.3,246,0.5,9.17,1243.1,23.7,-1.23,synthetic response curve (Mitscherlich-style) + noise; NOT measured yield
1628,Mustard,52.0,25.3,12.1,0.98,15,clay,328,14.6,298,0.53,8.94,231.9,22.9,2.55,synthetic response curve (Mitscherlich-style) + noise; NOT measured yield
1629,Sugarcane,5.0,57.9,23.2,52.15,5,loam,269,67.1,131,0.77,6.49,800.6,19.1,-0.41,synthetic response curve (Mitscherlich-style) + noise; NOT measured yield
1630,Ragi,19.1,32.2,43.1,1.96,13,sandy,257,14.0,170,0.1,7.19,373.6,23.8,0.54,synthetic response curve (Mitscherlich-style) + noise; NOT measured yield
1631,Maize,98.2,2.2,29.6,2.63,12,loam,444,5.6,420,0.49,6.96,481.8,23.2,-0.6,synthetic response curve (Mitscherlich-style) + noise; NOT measured yield
1632,Maize,122.9,31.8,9.1,4.08,7,clay,404,3.4,206,0.68,7.78,118.8,23.0,0.52,synthetic response curve (Mitscherlich-style) + noise; NOT measured yield
1633,Banana,4.2,57.1,273.3,28.0,2,loam,285,30.7,345,0.54,7.71,274.1,27.2,-1.68,synthetic response curve (Mitscherlich-style) + noise; NOT measured yield
1634,Pigeon pea,17.6,24.9,39.7,1.04,6,clay,356,6.8,293,0.5,8.31,630.1,28.2,0.28,synthetic response curve (Mitscherlich-style) + noise; NOT measured yield
1635,Rice,125.0,54.9,22.8,3.32,12,loam,310,14.3,30,0.13,7.47,98.7,21.6,0.4,synthetic response curve (Mitscherlich-style) + noise; NOT measured yield
1636,Cotton,105.6,47.4,14.1,1.81,14,clay,568,27.7,409,0.94,8.39,155.4,23.5,0.06,synthetic response curve (Mitscherlich-style) + noise; NOT measured yield
1637,Mustard,42.8,28.1,22.4,1.07,7,clay,476,15.2,281,0.56,7.14,641.9,20.4,-1.23,synthetic response curve (Mitscherlich-style) + noise; NOT measured yield
1638,Sugarcane,175.9,22.7,105.4,68.23,5,loam,370,57.2,39,0.49,7.98,32.3,23.5,-1.05,synthetic response curve (Mitscherlich-style) + noise; NOT measured yield
1639,Rice,133.0,41.4,81.2,4.19,12,loam,373,6.1,214,0.71,6.55,273.6,28.1,0.03,synthetic response curve (Mitscherlich-style) + noise; NOT measured yield
1640,Rice,52.8,52.0,53.7,4.53,15,clay,402,4.5,92,0.62,6.83,102.9,27.9,0.43,synthetic response curve (Mitscherlich-style) + noise; NOT measured yield
1641,Chilli,58.5,63.2,65.1,1.89,3,sandy,93,19.8,146,0.1,7.16,187.1,31.1,-0.17,synthetic response curve (Mitscherlich-style) + noise; NOT measured yield
1642,Rice,114.7,76.7,12.7,3.11,5,loam,272,9.0,115,0.26,7.7,44.6,20.4,-0.78,synthetic response curve (Mitscherlich-style) + noise; NOT measured yield
1643,Groundnut,34.2,21.6,27.6,1.32,12,loam,445,15.5,130,0.67,7.05,394.4,25.7,-0.67,synthetic response curve (Mitscherlich-style) + noise; NOT measured yield
1644,Sorghum,53.9,14.7,13.5,1.69,2,loam,305,6.4,198,0.32,7.57,504.2,29.6,-1.8,synthetic response curve (Mitscherlich-style) + noise; NOT measured yield
1645,Mustard,93.6,38.6,46.7,1.19,15,clay,447,19.2,194,0.81,8.56,352.9,28.8,-1.23,synthetic response curve (Mitscherlich-style) + noise; NOT measured yield
1646,Wheat,140.9,30.5,56.0,3.96,4,sandy,290,17.6,113,0.42,5.54,182.8,25.6,1.06,synthetic response curve (Mitscherlich-style) + noise; NOT measured yield
1647,Rice,127.3,49.4,29.3,4.89,8,clay,431,29.7,314,0.75,5.96,238.5,27.4,0.54,synthetic response curve (Mitscherlich-style) + noise; NOT measured yield
1648,Rice,144.3,68.1,76.7,4.56,8,clay,237,10.7,311,0.26,7.92,1032.5,35.9,1.18,synthetic response curve (Mitscherlich-style) + noise; NOT measured yield
1649,Rice,113.0,43.0,4.9,3.55,6,clay,423,6.4,302,0.58,9.11,219.2,30.3,-1.03,synthetic response curve (Mitscherlich-style) + noise; NOT measured yield
1650,Tomato,173.2,14.5,38.6,20.78,2,loam,433,9.3,224,0.66,8.55,322.6,24.5,-2.08,synthetic response curve (Mitscherlich-style) + noise; NOT measured yield
1651,Rice,137.3,3.9,16.4,3.27,1,clay,439,27.4,332,0.82,7.18,255.9,28.3,-0.94,synthetic response curve (Mitscherlich-style) + noise; NOT measured yield
1652,Soybean,10.4,69.3,40.1,1.49,6,clay,259,8.1,382,0.29,9.2,493.0,21.0,0.1,synthetic response curve (Mitscherlich-style) + noise; NOT measured yield
1653,Wheat,164.5,62.7,14.5,2.96,5,loam,246,30.6,270,0.45,8.53,28.4,25.1,-1.15,synthetic response curve (Mitscherlich-style) + noise; NOT measured yield
1654,Maize,124.1,78.8,40.9,5.88,14,clay,472,10.9,177,0.78,7.69,288.2,24.9,1.4,synthetic response curve (Mitscherlich-style) + noise; NOT measured yield
1655,Pearl millet,52.9,5.1,9.2,1.42,10,sandy,199,90.0,86,0.17,6.39,336.6,26.4,-0.25,synthetic response curve (Mitscherlich-style) + noise; NOT measured yield
1656,Groundnut,24.2,37.8,31.5,1.54,2,loam,288,39.0,291,0.54,6.44,196.6,23.2,-1.35,synthetic response curve (Mitscherlich-style) + noise; NOT measured yield
1657,Wheat,158.3,27.8,2.3,3.19,12,loam,517,5.1,251,0.71,5.82,227.3,24.4,1.35,synthetic response curve (Mitscherlich-style) + noise; NOT measured yield
1658,Wheat,5.2,16.7,30.1,3.36,10,sandy,382,19.3,148,0.47,8.32,152.1,25.5,0.08,synthetic response curve (Mitscherlich-style) + noise; NOT measured yield
1659,Sorghum,38.5,43.1,11.7,2.3,2,loam,351,17.8,242,0.39,7.46,196.0,24.4,-0.71,synthetic response curve (Mitscherlich-style) + noise; NOT measured yield
1660,Tomato,48.6,10.1,136.4,23.03,7,clay,373,11.6,252,0.41,7.66,422.2,27.4,-2.02,synthetic response curve (Mitscherlich-style) + noise; NOT measured yield
1661,Lentil,26.3,12.2,16.5,0.95,12,loam,235,17.0,231,0.27,7.97,34.9,28.6,1.29,synthetic response curve (Mitscherlich-style) + noise; NOT measured yield
1662,Wheat,9.0,51.2,66.3,3.76,10,sandy,490,11.6,258,0.48,5.67,45.6,25.9,0.65,synthetic response curve (Mitscherlich-style) + noise; NOT measured yield
1663,Sorghum,113.3,9.7,42.8,1.68,9,clay,427,11.8,216,0.87,8.32,669.8,24.8,-0.8,synthetic response curve (Mitscherlich-style) + noise; NOT measured yield
1664,Cotton,54.9,18.5,9.7,1.33,8,clay,138,24.5,185,0.21,8.72,201.6,29.1,1.23,synthetic response curve (Mitscherlich-style) + noise; NOT measured yield
1665,Rice,7.9,33.4,21.4,3.95,11,loam,247,18.9,212,0.21,6.5,340.2,30.4,0.17,synthetic response curve (Mitscherlich-style) + noise; NOT measured yield
1666,Mustard,48.0,48.8,21.0,1.3,14,clay,428,8.0,157,0.9,7.6,167.8,28.6,-0.46,synthetic response curve (Mitscherlich-style) + noise; NOT measured yield
1667,Tomato,144.2,53.3,68.6,37.17,3,sandy,294,11.1,180,0.6,6.47,138.0,25.8,0.09,synthetic response curve (Mitscherlich-style) + noise; NOT measured yield
1668,Sorghum,75.2,49.2,39.9,3.05,7,clay,305,15.8,380,0.43,7.91,88.1,27.6,0.52,synthetic response curve (Mitscherlich-style) + noise; NOT measured yield
1669,Tomato,79.2,33.6,134.6,32.75,13,sandy,409,6.6,213,0.4,6.31,234.5,19.2,0.03,synthetic response curve (Mitscherlich-style) + noise; NOT measured yield
1670,Chilli,27.3,60.4,30.3,1.85,8,clay,215,15.6,293,0.33,7.76,35.4,26.7,-0.04,synthetic response curve (Mitscherlich-style) + noise; NOT measured yield
1671,Cotton,14.0,41.4,7.1,1.13,3,sandy,585,14.7,97,0.77,8.41,112.6,33.3,0.5,synthetic response curve (Mitscherlich-style) + noise; NOT measured yield
1672,Rice,91.4,75.3,8.2,3.06,2,loam,273,13.3,214,0.46,5.38,101.5,22.7,1.72,synthetic response curve (Mitscherlich-style) + noise; NOT measured yield
1673,Chilli,52.9,28.4,6.1,1.73,11,loam,269,15.3,235,0.25,9.2,213.2,27.5,-0.63,synthetic response curve (Mitscherlich-style) + noise; NOT measured yield
1674,Chilli,89.0,41.1,23.1,1.84,8,clay,460,34.8,173,0.49,6.41,376.3,25.9,-0.79,synthetic response curve (Mitscherlich-style) + noise; NOT measured yield
1675,Mustard,85.9,26.7,19.6,1.09,12,loam,465,28.6,147,0.72,7.52,180.5,20.8,1.19,synthetic response curve (Mitscherlich-style) + noise; NOT measured yield
1676,Maize,177.4,62.0,33.5,4.51,2,loam,526,7.9,178,0.76,5.96,88.8,29.8,2.01,synthetic response curve (Mitscherlich-style) + noise; NOT measured yield
1677,Pearl millet,102.2,44.8,31.3,2.0,10,sandy,419,15.0,286,0.47,7.6,28.3,23.9,-0.83,synthetic response curve (Mitscherlich-style) + noise; NOT measured yield
1678,Sorghum,45.2,35.6,39.1,2.73,9,clay,511,16.8,408,1.04,8.33,97.4,17.3,0.33,synthetic response curve (Mitscherlich-style) + noise; NOT measured yield
1679,Onion,85.5,29.7,96.2,22.44,7,clay,391,9.4,348,0.32,7.7,165.3,24.4,-0.81,synthetic response curve (Mitscherlich-style) + noise; NOT measured yield
1680,Rice,121.8,46.2,4.2,4.6,7,clay,466,3.7,451,0.64,8.17,37.9,24.1,0.52,synthetic response curve (Mitscherlich-style) + noise; NOT measured yield
1681,Sugarcane,285.6,39.2,93.4,72.14,5,loam,447,53.2,305,0.77,7.53,83.5,26.1,-0.11,synthetic response curve (Mitscherlich-style) + noise; NOT measured yield
1682,Wheat,170.0,1.4,58.3,2.02,12,loam,506,11.3,137,0.84,7.92,65.7,31.2,0.37,synthetic response curve (Mitscherlich-style) + noise; NOT measured yield
1683,Wheat,72.0,71.4,13.9,2.46,5,loam,427,7.9,30,0.77,8.08,37.7,25.4,1.05,synthetic response curve (Mitscherlich-style) + noise; NOT measured yield
1684,Onion,47.6,11.0,33.8,15.5,7,clay,238,24.4,179,0.5,9.2,426.5,24.3,3.48,synthetic response curve (Mitscherlich-style) + noise; NOT measured yield
1685,Maize,136.6,0.0,0.3,2.89,13,sandy,278,13.4,94,0.49,7.01,237.2,18.7,0.62,synthetic response curve (Mitscherlich-style) + noise; NOT measured yield
1686,Tomato,119.5,54.1,135.3,38.6,10,sandy,208,17.0,145,0.45,6.42,39.3,23.0,0.75,synthetic response curve (Mitscherlich-style) + noise; NOT measured yield
1687,Groundnut,4.8,7.4,42.6,1.14,1,clay,340,14.8,258,0.48,8.1,631.0,26.0,-0.46,synthetic response curve (Mitscherlich-style) + noise; NOT measured yield
1688,Groundnut,5.6,23.3,55.9,1.37,1,clay,422,6.6,244,0.78,6.68,34.6,29.2,-0.51,synthetic response curve (Mitscherlich-style) + noise; NOT measured yield
1689,Soybean,31.3,34.3,23.8,1.94,9,clay,398,8.7,282,0.51,8.96,379.6,30.6,0.14,synthetic response curve (Mitscherlich-style) + noise; NOT measured yield
1690,Wheat,43.7,0.3,57.4,1.76,11,loam,354,7.5,324,0.49,8.63,149.0,27.1,-1.44,synthetic response curve (Mitscherlich-style) + noise; NOT measured yield
1691,Chilli,114.2,7.2,5.5,1.33,8,clay,479,9.2,370,0.7,6.34,42.9,32.3,-1.17,synthetic response curve (Mitscherlich-style) + noise; NOT measured yield
1692,Mustard,65.5,58.7,34.2,1.42,15,clay,388,19.9,352,0.57,6.08,80.7,25.7,0.99,synthetic response curve (Mitscherlich-style) + noise; NOT measured yield
1693,Maize,175.8,4.4,10.1,3.43,13,sandy,366,11.7,169,0.44,5.96,12.3,23.8,0.8,synthetic response curve (Mitscherlich-style) + noise; NOT measured yield
1694,Sugarcane,173.0,109.7,134.5,89.48,7,clay,585,17.6,202,0.84,8.38,50.8,27.7,0.12,synthetic response curve (Mitscherlich-style) + noise; NOT measured yield
1695,Soybean,26.3,73.9,7.6,1.44,4,sandy,318,14.0,98,0.28,6.31,302.1,25.7,0.12,synthetic response curve (Mitscherlich-style) + noise; NOT measured yield
1696,Groundnut,9.5,3.5,25.4,1.54,1,clay,391,76.1,203,1.0,7.26,533.2,28.6,-1.19,synthetic response curve (Mitscherlich-style) + noise; NOT measured yield
1697,Green gram,4.2,32.5,14.2,0.77,1,clay,648,14.9,164,0.64,7.38,628.3,25.9,0.74,synthetic response curve (Mitscherlich-style) + noise; NOT measured yield
1698,Pearl millet,30.3,47.2,12.9,1.71,10,sandy,198,51.8,93,0.25,7.27,128.1,22.8,0.37,synthetic response curve (Mitscherlich-style) + noise; NOT measured yield
1699,Lentil,6.4,13.9,18.8,0.63,6,clay,439,3.9,294,0.84,7.23,316.9,30.6,-0.3,synthetic response curve (Mitscherlich-style) + noise; NOT measured yield
1700,Chilli,42.1,27.3,14.1,1.67,3,sandy,193,8.1,68,0.1,6.87,334.1,25.8,1.64,synthetic response curve (Mitscherlich-style) + noise; NOT measured yield
1701,Cotton,172.7,33.8,46.6,1.61,2,loam,334,9.0,354,0.43,7.4,295.4,26.5,0.79,synthetic response curve (Mitscherlich-style) + noise; NOT measured yield
1702,Sugarcane,20.9,117.4,53.3,69.88,8,clay,437,28.0,41,0.69,7.87,256.1,26.3,-0.89,synthetic response curve (Mitscherlich-style) + noise; NOT measured yield
1703,Chickpea,19.9,24.3,8.3,1.21,9,clay,603,8.1,261,1.03,7.45,30.1,21.0,1.1,synthetic response curve (Mitscherlich-style) + noise; NOT measured yield
1704,Green gram,11.6,1.1,33.6,0.46,1,clay,435,16.2,89,0.58,7.48,242.5,28.3,-1.19,synthetic response curve (Mitscherlich-style) + noise; NOT measured yield
1705,Onion,107.9,23.0,15.2,22.12,7,clay,418,5.6,280,0.44,6.61,91.5,24.8,1.93,synthetic response curve (Mitscherlich-style) + noise; NOT measured yield
1706,Sugarcane,151.3,88.6,35.0,84.12,7,clay,406,30.2,339,0.86,8.04,44.1,22.0,-0.41,synthetic response curve (Mitscherlich-style) + noise; NOT measured yield
1707,Chilli,117.4,12.5,67.6,1.5,1,clay,529,12.3,216,0.83,6.8,2.7,28.2,-1.34,synthetic response curve (Mitscherlich-style) + noise; NOT measured yield
1708,Sorghum,16.4,39.2,9.5,2.74,14,clay,431,35.7,260,0.66,7.89,115.0,22.3,1.4,synthetic response curve (Mitscherlich-style) + noise; NOT measured yield
1709,Rice,44.9,36.5,49.6,4.47,4,sandy,437,8.5,239,0.47,6.81,107.8,18.7,0.41,synthetic response curve (Mitscherlich-style) + noise; NOT measured yield
1710,Chilli,68.8,65.8,13.6,1.51,3,sandy,118,21.6,61,0.33,5.7,456.3,31.3,-0.09,synthetic response curve (Mitscherlich-style) + noise; NOT measured yield
1711,Chilli,51.1,0.2,31.2,1.22,3,sandy,285,15.0,221,0.54,7.16,77.9,30.3,1.36,synthetic response curve (Mitscherlich-style) + noise; NOT measured yield
1712,Chilli,34.8,0.4,25.4,0.88,8,clay,450,3.2,219,0.65,7.74,282.5,33.9,0.76,synthetic response curve (Mitscherlich-style) + noise; NOT measured yield
1713,Wheat,76.5,63.4,44.1,3.55,11,loam,415,17.1,131,0.58,8.45,65.5,31.7,-0.54,synthetic response curve (Mitscherlich-style) + noise; NOT measured yield
1714,Rice,107.5,83.1,46.7,4.2,4,sandy,202,25.2,247,0.38,7.38,186.7,26.8,-0.58,synthetic response curve (Mitscherlich-style) + noise; NOT measured yield
1715,Maize,168.5,31.1,71.5,5.43,12,loam,252,54.0,138,0.58,6.79,289.8,26.4,-0.41,synthetic response curve (Mitscherlich-style) + noise; NOT measured yield
1716,Rice,107.0,5.2,44.8,2.98,4,sandy,460,14.8,30,0.78,7.02,247.1,23.7,-0.21,synthetic response curve (Mitscherlich-style) + noise; NOT measured yield
1717,Cotton,169.6,36.8,31.0,1.37,3,sandy,228,19.9,30,0.24,7.71,984.6,30.6,0.42,synthetic response curve (Mitscherlich-style) + noise; NOT measured yield
1718,Pearl millet,102.6,35.3,30.1,2.12,10,sandy,221,18.0,197,0.2,7.75,102.1,23.7,0.06,synthetic response curve (Mitscherlich-style) + noise; NOT measured yield
1719,Sugarcane,332.4,18.9,113.9,54.85,12,loam,547,9.1,179,0.49,8.01,281.3,27.5,0.23,synthetic response curve (Mitscherlich-style) + noise; NOT measured yield
1720,Rice,29.8,69.9,33.0,4.36,12,loam,258,6.7,213,0.32,6.1,187.2,24.7,0.45,synthetic response curve (Mitscherlich-style) + noise; NOT measured yield
1721,Soybean,7.6,48.8,3.6,1.54,9,clay,424,6.4,168,0.54,7.64,331.7,22.9,-1.23,synthetic response curve (Mitscherlich-style) + noise; NOT measured yield
1722,Cotton,175.2,53.9,33.8,2.01,14,clay,374,5.8,258,0.78,7.91,159.2,24.1,0.85,synthetic response curve (Mitscherlich-style) + noise; NOT measured yield
1723,Ragi,63.8,28.9,0.4,1.76,13,sandy,314,7.6,202,0.37,6.13,59.0,26.8,0.41,synthetic response curve (Mitscherlich-style) + noise; NOT measured yield
1724,Tomato,123.7,91.7,66.4,36.42,5,loam,422,6.3,240,0.81,7.49,169.6,22.5,-1.42,synthetic response curve (Mitscherlich-style) + noise; NOT measured yield
1725,Mustard,46.9,21.9,16.7,1.2,10,sandy,374,40.4,117,0.59,6.19,214.0,27.0,1.6,synthetic response curve (Mitscherlich-style) + noise; NOT measured yield
1726,Sorghum,24.3,35.3,43.2,2.62,2,loam,467,16.2,86,0.76,7.47,272.5,25.7,1.58,synthetic response curve (Mitscherlich-style) + noise; NOT measured yield
1727,Sorghum,58.8,41.5,47.5,2.73,2,loam,302,13.5,330,0.39,6.6,64.5,27.3,-0.64,synthetic response curve (Mitscherlich-style) + noise; NOT measured yield
1728,Tomato,12.0,100.8,78.4,34.7,7,clay,483,5.7,322,0.84,9.2,90.6,24.6,-0.33,synthetic response curve (Mitscherlich-style) + noise; NOT measured yield
1729,Wheat,127.2,74.7,20.8,3.7,11,loam,334,14.1,198,0.26,7.04,304.7,22.3,1.04,synthetic response curve (Mitscherlich-style) + noise; NOT measured yield
1730,Chickpea,4.5,44.4,45.5,1.35,9,clay,291,13.1,157,0.47,7.78,60.7,29.0,0.06,synthetic response curve (Mitscherlich-style) + noise; NOT measured yield
1731,Rice,73.8,38.9,1.6,2.91,3,sandy,603,32.4,80,0.94,5.84,176.9,26.9,0.66,synthetic response curve (Mitscherlich-style) + noise; NOT measured yield
1732,Sunflower,42.4,20.8,26.4,1.4,12,loam,285,15.0,216,0.54,6.43,52.4,26.1,0.96,synthetic response curve (Mitscherlich-style) + noise; NOT measured yield
1733,Chilli,61.8,36.8,2.1,1.17,10,sandy,286,16.9,35,0.29,7.07,65.6,23.5,0.72,synthetic response curve (Mitscherlich-style) + noise; NOT measured yield
1734,Turmeric,110.0,42.9,45.7,19.8,12,loam,480,33.0,282,0.6,6.67,204.9,25.3,2.36,synthetic response curve (Mitscherlich-style) + noise; NOT measured yield
1735,Wheat,76.6,57.9,65.1,4.21,10,sandy,240,18.0,79,0.15,6.15,34.6,26.2,0.74,synthetic response curve (Mitscherlich-style) + noise; NOT measured yield
1736,Rice,152.4,40.9,82.3,4.76,13,sandy,326,19.6,82,0.44,6.44,95.0,28.1,0.81,synthetic response curve (Mitscherlich-style) + noise; NOT measured yield
1737,Pigeon pea,5.6,39.5,46.2,1.24,6,clay,364,11.2,310,0.32,8.61,41.3,27.7,1.51,synthetic response curve (Mitscherlich-style) + noise; NOT measured yield
1738,Groundnut,11.8,55.0,57.6,1.54,1,clay,457,48.5,264,0.61,8.11,47.6,26.6,-1.94,synthetic response curve (Mitscherlich-style) + noise; NOT measured yield
1739,Turmeric,87.1,8.1,63.5,12.23,9,clay,601,18.3,273,0.92,8.44,182.6,21.4,0.02,synthetic response curve (Mitscherlich-style) + noise; NOT measured yield
1740,Potato,5.5,94.9,113.9,20.04,15,clay,352,29.7,104,0.31,7.47,188.4,30.7,0.55,synthetic response curve (Mitscherlich-style) + noise; NOT measured yield
1741,Banana,234.8,15.1,122.3,30.69,2,loam,205,33.3,211,0.66,7.34,83.3,27.5,0.53,synthetic response curve (Mitscherlich-style) + noise; NOT measured yield
1742,Chilli,56.4,25.8,62.1,1.6,15,clay,322,7.2,204,0.42,8.73,77.4,24.1,1.09,synthetic response curve (Mitscherlich-style) + noise; NOT measured yield
1743,Tomato,34.4,59.0,137.1,27.67,12,loam,268,17.5,263,0.62,6.3,160.2,29.4,-1.67,synthetic response curve (Mitscherlich-style) + noise; NOT measured yield
1744,Green gram,5.8,4.7,13.1,0.62,1,clay,389,24.9,295,0.44,8.69,118.8,28.2,0.4,synthetic response curve (Mitscherlich-style) + noise; NOT measured yield
1745,Chickpea,25.9,20.9,8.0,1.4,9,clay,346,24.8,198,0.57,8.31,100.9,24.4,-0.52,synthetic response curve (Mitscherlich-style) + noise; NOT measured yield
1746,Rice,111.1,19.0,19.8,3.22,5,loam,415,8.2,338,0.35,7.28,492.0,24.4,0.4,synthetic response curve (Mitscherlich-style) + noise; NOT measured yield
1747,Wheat,104.2,38.9,28.2,3.55,10,sandy,256,37.1,139,0.49,6.16,34.0,26.3,-1.12,synthetic response curve (Mitscherlich-style) + noise; NOT measured yield
1748,Maize,18.9,38.1,43.7,4.61,12,loam,305,6.1,361,0.68,6.93,47.6,24.1,-0.5,synthetic response curve (Mitscherlich-style) + noise; NOT measured yield
1749,Soybean,19.8,29.3,14.2,1.89,6,clay,451,8.7,245,0.55,8.96,393.9,31.0,-0.69,synthetic response curve (Mitscherlich-style) + noise; NOT measured yield
1750,Rice,168.0,16.4,62.9,3.4,8,clay,482,10.1,207,0.94,6.25,432.2,26.5,0.68,synthetic response curve (Mitscherlich-style) + noise; NOT measured yield
1751,Tomato,11.2,49.3,121.0,22.79,1,clay,337,10.2,261,0.66,7.55,122.7,26.7,-0.82,synthetic response curve (Mitscherlich-style) + noise; NOT measured yield
1752,Green gram,18.8,29.2,25.9,0.79,1,clay,473,18.9,207,0.93,7.88,50.5,21.8,-1.37,synthetic response curve (Mitscherlich-style) + noise; NOT measured yield
1753,Chickpea,3.4,9.7,4.3,0.9,12,loam,355,7.9,194,0.45,8.91,239.8,25.7,0.19,synthetic response curve (Mitscherlich-style) + noise; NOT measured yield
1754,Soybean,26.9,75.2,13.4,2.29,6,clay,551,3.7,291,0.75,7.73,875.1,26.9,0.37,synthetic response curve (Mitscherlich-style) + noise; NOT measured yield
1755,Chilli,104.3,14.5,32.4,1.34,14,clay,398,4.4,171,0.6,8.75,48.1,24.7,0.68,synthetic response curve (Mitscherlich-style) + noise; NOT measured yield
1756,Lentil,27.3,49.9,28.1,0.88,9,clay,406,8.4,295,0.71,7.6,137.1,25.5,-1.11,synthetic response curve (Mitscherlich-style) + noise; NOT measured yield
1757,Soybean,19.2,53.3,53.5,2.14,6,clay,437,6.3,313,0.82,6.85,274.3,28.3,-0.11,synthetic response curve (Mitscherlich-style) + noise; NOT measured yield
1758,Sorghum,83.5,0.8,23.2,1.83,14,clay,388,35.5,105,0.5,7.06,129.1,29.5,-1.79,synthetic response curve (Mitscherlich-style) + noise; NOT measured yield
1759,Turmeric,121.2,12.8,82.3,11.69,1,clay,337,10.7,259,0.63,7.65,84.4,30.8,-1.17,synthetic response curve (Mitscherlich-style) + noise; NOT measured yield
1760,Turmeric,58.7,8.7,9.7,13.19,13,sandy,528,35.6,158,0.74,7.16,230.9,27.3,-0.17,synthetic response curve (Mitscherlich-style) + noise; NOT measured yield
1761,Banana,142.7,50.8,240.7,33.48,2,loam,446,35.5,223,0.6,8.75,136.7,23.2,-0.25,synthetic response curve (Mitscherlich-style) + noise; NOT measured yield
1762,Turmeric,100.0,57.9,132.5,21.5,15,clay,356,22.2,194,0.52,7.61,1281.7,25.4,0.03,synthetic response curve (Mitscherlich-style) + noise; NOT measured yield
1763,Sunflower,68.1,53.5,50.9,1.81,9,clay,276,28.2,223,0.55,7.18,113.3,27.6,0.99,synthetic response curve (Mitscherlich-style) + noise; NOT measured yield
1764,Chilli,46.2,21.9,53.2,1.75,8,clay,318,4.8,233,0.5,7.26,239.4,24.2,0.2,synthetic response curve (Mitscherlich-style) + noise; NOT measured yield
1765,Pearl millet,53.7,7.8,34.1,1.45,10,sandy,468,6.8,151,0.66,6.49,79.3,27.1,1.46,synthetic response curve (Mitscherlich-style) + noise; NOT measured yield
1766,Pigeon pea,27.3,21.5,43.3,0.89,12,loam,361,5.9,135,0.38,8.4,64.5,23.0,-2.1,synthetic response curve (Mitscherlich-style) + noise; NOT measured yield
1767,Rice,118.0,57.6,26.6,4.26,5,loam,386,20.8,246,0.52,7.18,186.9,22.6,0.21,synthetic response curve (Mitscherlich-style) + noise; NOT measured yield
1768,Sugarcane,223.9,64.9,87.3,68.36,2,loam,400,18.2,230,0.42,6.44,279.4,24.0,-0.44,synthetic response curve (Mitscherlich-style) + noise; NOT measured yield
1769,Potato,139.3,58.5,87.9,17.14,15,clay,381,35.7,330,0.67,8.49,651.6,27.0,-0.75,synthetic response curve (Mitscherlich-style) + noise; NOT measured yield
1770,Rice,69.7,42.3,48.2,4.42,8,clay,484,15.6,330,0.61,7.79,257.8,30.1,0.01,synthetic response curve (Mitscherlich-style) + noise; NOT measured yield
1771,Rice,163.9,11.5,45.5,2.88,5,loam,317,14.4,38,0.44,6.85,26.8,23.6,-0.27,synthetic response curve (Mitscherlich-style) + noise; NOT measured yield
1772,Chickpea,23.2,10.7,1.5,1.03,14,clay,389,20.5,239,0.76,8.8,208.8,27.5,-1.0,synthetic response curve (Mitscherlich-style) + noise; NOT measured yield
1773,Groundnut,30.9,64.3,20.3,1.41,1,clay,403,4.1,160,0.73,7.03,31.1,27.2,2.38,synthetic response curve (Mitscherlich-style) + noise; NOT measured yield
1774,Tomato,14.8,81.5,16.2,24.84,13,sandy,320,6.6,123,0.5,5.36,78.0,23.8,-0.96,synthetic response curve (Mitscherlich-style) + noise; NOT measured yield
1775,Sunflower,111.1,45.3,45.9,1.51,1,clay,469,6.6,269,0.7,7.87,261.0,25.1,-0.97,synthetic response curve (Mitscherlich-style) + noise; NOT measured yield
1776,Rice,146.4,58.1,3.6,4.04,10,sandy,146,11.1,350,0.1,6.08,239.5,29.6,-1.33,synthetic response curve (Mitscherlich-style) + noise; NOT measured yield
1777,Pearl millet,4.3,43.3,43.4,1.8,1,clay,319,43.0,204,0.5,7.49,316.8,32.4,-1.92,synthetic response curve (Mitscherlich-style) + noise; NOT measured yield
1778,Chilli,49.0,43.2,9.1,1.3,3,sandy,320,55.3,30,0.28,7.34,111.4,30.1,-1.3,synthetic response curve (Mitscherlich-style) + noise; NOT measured yield
1779,Potato,65.6,31.3,140.2,19.8,5,loam,299,7.4,221,0.42,7.09,63.2,24.6,0.16,synthetic response curve (Mitscherlich-style) + noise; NOT measured yield
1780,Wheat,155.1,71.7,26.3,3.19,3,sandy,425,22.0,147,0.51,5.46,307.5,32.3,0.78,synthetic response curve (Mitscherlich-style) + noise; NOT measured yield
1781,Groundnut,14.0,13.8,53.9,1.14,1,clay,226,3.6,324,0.47,7.24,257.8,27.6,-0.06,synthetic response curve (Mitscherlich-style) + noise; NOT measured yield
1782,Potato,203.7,12.8,49.2,15.26,11,loam,318,5.1,193,0.35,8.47,51.5,30.3,-0.47,synthetic response curve (Mitscherlich-style) + noise; NOT measured yield
1783,Mustard,16.2,46.8,2.8,1.1,12,loam,340,50.1,201,0.41,6.46,1376.7,28.3,-0.17,synthetic response curve (Mitscherlich-style) + noise; NOT measured yield
1784,Wheat,30.0,11.2,51.4,2.79,5,loam,525,12.2,155,0.51,7.12,150.6,19.3,-0.8,synthetic response curve (Mitscherlich-style) + noise; NOT measured yield
1785,Rice,117.2,44.4,24.1,4.09,11,loam,528,56.3,300,0.55,6.08,348.3,27.3,-1.48,synthetic response curve (Mitscherlich-style) + noise; NOT measured yield
1786,Onion,113.4,0.7,49.8,15.94,5,loam,475,16.6,167,0.67,7.05,282.2,28.3,0.38,synthetic response curve (Mitscherlich-style) + noise; NOT measured yield
1787,Rice,78.3,58.4,40.7,3.95,4,sandy,308,29.2,288,0.37,7.64,161.3,20.6,-1.53,synthetic response curve (Mitscherlich-style) + noise; NOT measured yield
1788,Sunflower,74.9,6.8,59.1,1.32,13,sandy,188,36.6,57,0.1,8.04,12.9,23.7,-0.26,synthetic response curve (Mitscherlich-style) + noise; NOT measured yield
1789,Onion,21.6,44.7,73.5,20.84,8,clay,244,13.1,204,0.43,8.47,149.7,23.5,-0.81,synthetic response curve (Mitscherlich-style) + noise; NOT measured yield
1790,Rice,88.9,7.0,14.4,3.05,1,clay,403,14.6,239,0.71,8.43,405.9,25.8,2.4,synthetic response curve (Mitscherlich-style) + noise; NOT measured yield
1791,Potato,56.8,11.4,19.6,13.1,11,loam,461,3.1,102,0.71,7.72,488.7,30.2,1.49,synthetic response curve (Mitscherlich-style) + noise; NOT measured yield
1792,Pigeon pea,2.9,51.8,33.8,1.25,6,clay,421,16.4,305,0.88,7.72,274.1,27.2,0.75,synthetic response curve (Mitscherlich-style) + noise; NOT measured yield
1793,Maize,130.7,29.4,20.0,4.12,2,loam,407,19.1,222,0.65,5.12,215.3,28.1,1.54,synthetic response curve (Mitscherlich-style) + noise; NOT measured yield
1794,Groundnut,10.5,6.7,41.8,1.01,4,sandy,248,9.4,82,0.29,6.75,800.1,20.6,0.93,synthetic response curve (Mitscherlich-style) + noise; NOT measured yield
1795,Sorghum,48.3,25.5,42.8,2.22,5,loam,375,11.6,313,0.42,6.24,120.5,24.0,0.68,synthetic response curve (Mitscherlich-style) + noise; NOT measured yield
1796,Groundnut,31.9,32.2,44.6,1.86,1,clay,397,41.6,409,0.59,7.69,321.3,25.5,-0.01,synthetic response curve (Mitscherlich-style) + noise; NOT measured yield
1797,Potato,93.4,87.8,32.8,20.49,11,loam,230,21.5,221,0.39,6.56,101.0,24.3,1.12,synthetic response curve (Mitscherlich-style) + noise; NOT measured yield
1798,Maize,36.8,27.7,5.2,3.64,4,sandy,490,7.0,142,0.55,7.03,57.8,22.5,0.8,synthetic response curve (Mitscherlich-style) + noise; NOT measured yield
1799,Cotton,163.3,56.8,54.6,1.61,3,sandy,319,12.6,30,0.3,7.87,217.0,29.0,1.04,synthetic response curve (Mitscherlich-style) + noise; NOT measured yield
1800,Groundnut,27.0,27.3,10.9,1.25,3,sandy,336,4.7,110,0.5,6.15,181.1,30.6,-0.92,synthetic response curve (Mitscherlich-style) + noise; NOT measured yield
1801,Tomato,92.6,74.2,4.3,29.47,11,loam,376,9.2,208,0.35,6.17,197.6,26.1,0.99,synthetic response curve (Mitscherlich-style) + noise; NOT measured yield
1802,Pearl millet,32.0,6.8,19.2,1.3,8,clay,335,8.8,214,0.2,7.36,36.1,29.8,-0.55,synthetic response curve (Mitscherlich-style) + noise; NOT measured yield
1803,Sunflower,22.9,27.2,55.5,1.59,13,sandy,331,20.5,73,0.6,7.25,47.5,20.7,-0.37,synthetic response curve (Mitscherlich-style) + noise; NOT measured yield
1804,Maize,28.1,10.8,77.6,3.21,7,clay,389,4.6,163,0.69,6.96,114.0,24.7,0.85,synthetic response curve (Mitscherlich-style) + noise; NOT measured yield
1805,Rice,161.2,73.2,61.7,4.39,11,loam,259,20.2,148,0.18,7.33,55.8,24.2,-0.71,synthetic response curve (Mitscherlich-style) + noise; NOT measured yield
1806,Sunflower,32.9,48.7,29.4,1.73,8,clay,515,6.3,308,1.05,7.95,193.4,23.8,-0.31,synthetic response curve (Mitscherlich-style) + noise; NOT measured yield
1807,Cotton,130.5,54.2,16.0,1.5,9,clay,549,3.9,316,1.05,9.2,97.2,28.1,-0.32,synthetic response curve (Mitscherlich-style) + noise; NOT measured yield
1808,Groundnut,2.9,54.7,35.3,1.19,14,clay,328,2.8,468,0.46,9.2,42.1,26.1,-1.1,synthetic response curve (Mitscherlich-style) + noise; NOT measured yield
1809,Wheat,36.7,66.9,67.6,3.26,10,sandy,271,10.2,150,0.32,5.49,256.1,22.7,0.04,synthetic response curve (Mitscherlich-style) + noise; NOT measured yield
1810,Rice,77.4,67.7,39.6,4.42,8,clay,387,8.9,252,0.52,7.58,55.3,26.3,0.91,synthetic response curve (Mitscherlich-style) + noise; NOT measured yield
1811,Tomato,160.7,15.0,121.0,32.45,13,sandy,253,27.6,251,0.19,6.18,220.2,20.6,0.67,synthetic response curve (Mitscherlich-style) + noise; NOT measured yield
1812,Mustard,16.8,24.4,38.6,1.22,10,sandy,417,16.5,116,0.34,5.65,271.7,27.3,-0.83,synthetic response curve (Mitscherlich-style) + noise; NOT measured yield
1813,Chilli,16.7,5.4,16.9,1.3,14,clay,442,12.7,348,0.48,7.81,102.1,27.0,-0.31,synthetic response curve (Mitscherlich-style) + noise; NOT measured yield
1814,Lentil,12.3,46.2,19.3,1.0,10,sandy,240,15.7,303,0.44,6.85,381.6,28.1,-0.35,synthetic response curve (Mitscherlich-style) + noise; NOT measured yield
1815,Sugarcane,51.9,94.0,106.7,71.42,11,loam,358,88.8,169,0.56,7.54,144.2,25.0,-0.19,synthetic response curve (Mitscherlich-style) + noise; NOT measured yield
1816,Potato,52.4,112.8,21.1,20.08,8,clay,387,29.5,327,0.63,5.54,582.4,30.7,-1.52,synthetic response curve (Mitscherlich-style) + noise; NOT measured yield
1817,Tomato,52.5,36.8,18.8,24.79,13,sandy,373,18.4,143,0.51,6.35,148.4,24.8,-2.21,synthetic response curve (Mitscherlich-style) + noise; NOT measured yield
1818,Sorghum,105.8,9.3,37.6,1.76,5,loam,274,11.0,162,0.44,7.25,375.2,24.8,0.31,synthetic response curve (Mitscherlich-style) + noise; NOT measured yield
1819,Soybean,7.6,71.0,47.0,2.28,9,clay,466,12.8,337,0.63,8.45,279.6,27.8,-1.01,synthetic response curve (Mitscherlich-style) + noise; NOT measured yield
1820,Chilli,24.3,47.1,34.4,2.11,14,clay,361,9.6,269,0.53,7.74,92.5,19.6,-0.68,synthetic response curve (Mitscherlich-style) + noise; NOT measured yield
1821,Wheat,124.8,62.6,34.9,3.84,4,sandy,292,54.1,143,0.4,6.15,51.0,23.9,0.36,synthetic response curve (Mitscherlich-style) + noise; NOT measured yield
1822,Sugarcane,266.4,63.4,69.9,84.4,7,clay,287,51.4,281,0.58,8.25,445.6,24.3,0.42,synthetic response curve (Mitscherlich-style) + noise; NOT measured yield
1823,Rice,54.0,65.9,73.3,3.82,1,clay,161,14.1,392,0.16,7.49,100.3,22.6,-0.84,synthetic response curve (Mitscherlich-style) + noise; NOT measured yield
1824,Wheat,29.6,44.8,13.8,2.9,9,clay,448,14.1,144,0.53,8.17,54.6,25.2,-2.21,synthetic response curve (Mitscherlich-style) + noise; NOT measured yield
1825,Cotton,106.0,75.2,26.4,1.67,6,clay,296,10.7,339,0.58,9.2,89.7,26.2,-0.93,synthetic response curve (Mitscherlich-style) + noise; NOT measured yield
1826,Wheat,165.3,68.9,8.3,3.69,9,clay,302,8.2,313,0.57,7.24,222.8,25.6,-1.19,synthetic response curve (Mitscherlich-style) + noise; NOT measured yield
1827,Potato,54.7,18.5,174.2,18.68,4,sandy,325,16.7,219,0.28,7.91,281.3,22.2,0.1,synthetic response curve (Mitscherlich-style) + noise; NOT measured yield
1828,Ragi,21.4,11.3,35.6,1.16,13,sandy,168,6.0,212,0.21,6.92,21.1,26.5,-1.33,synthetic response curve (Mitscherlich-style) + noise; NOT measured yield
1829,Mustard,31.3,1.8,35.8,0.71,15,clay,450,7.5,185,0.39,7.28,200.6,23.2,-0.65,synthetic response curve (Mitscherlich-style) + noise; NOT measured yield
1830,Banana,44.3,36.6,54.2,35.18,9,clay,408,8.7,180,0.49,7.37,208.8,28.5,0.84,synthetic response curve (Mitscherlich-style) + noise; NOT measured yield
1831,Wheat,146.2,62.2,63.1,3.71,10,sandy,318,10.8,175,0.37,5.98,103.4,27.6,-0.35,synthetic response curve (Mitscherlich-style) + noise; NOT measured yield
1832,Wheat,132.0,41.8,12.3,3.3,7,clay,380,15.5,268,0.54,7.64,140.7,24.5,0.54,synthetic response curve (Mitscherlich-style) + noise; NOT measured yield
1833,Wheat,161.3,30.2,20.0,2.44,5,loam,475,31.7,176,0.45,7.74,73.8,24.1,-2.74,synthetic response curve (Mitscherlich-style) + noise; NOT measured yield
1834,Maize,83.1,59.5,35.7,6.1,7,clay,589,19.6,231,0.83,7.14,187.7,24.4,0.33,synthetic response curve (Mitscherlich-style) + noise; NOT measured yield
1835,Pigeon pea,11.3,36.7,19.4,1.26,8,clay,549,13.3,436,0.77,8.36,212.1,30.1,1.04,synthetic response curve (Mitscherlich-style) + noise; NOT measured yield
1836,Soybean,29.9,45.5,1.0,1.65,12,loam,398,10.9,177,0.91,8.13,429.2,26.8,0.39,synthetic response curve (Mitscherlich-style) + noise; NOT measured yield
1837,Wheat,63.1,52.0,50.4,4.54,11,loam,438,15.8,120,0.73,7.99,182.9,27.9,-0.03,synthetic response curve (Mitscherlich-style) + noise; NOT measured yield
1838,Sugarcane,170.9,25.8,130.4,61.28,5,loam,455,11.9,139,0.49,7.48,166.6,23.3,0.81,synthetic response curve (Mitscherlich-style) + noise; NOT measured yield
1839,Sugarcane,305.8,40.1,97.1,57.22,10,sandy,251,21.8,259,0.29,6.29,138.5,25.5,-0.62,synthetic response curve (Mitscherlich-style) + noise; NOT measured yield
1840,Chilli,97.3,22.1,66.8,1.9,15,clay,383,20.6,321,0.49,8.21,169.4,26.8,0.06,synthetic response curve (Mitscherlich-style) + noise; NOT measured yield
1841,Sugarcane,110.8,72.2,89.0,81.94,7,clay,502,11.6,167,0.93,7.58,31.4,23.7,0.14,synthetic response curve (Mitscherlich-style) + noise; NOT measured yield
1842,Ragi,2.7,20.6,22.9,1.71,13,sandy,248,20.5,103,0.37,7.04,134.9,23.7,-1.07,synthetic response curve (Mitscherlich-style) + noise; NOT measured yield
1843,Mustard,75.5,54.3,20.0,1.38,8,clay,333,6.1,260,0.43,7.04,91.4,28.7,0.14,synthetic response curve (Mitscherlich-style) + noise; NOT measured yield
1844,Chilli,82.2,29.8,47.3,2.02,3,sandy,233,29.2,99,0.31,6.06,182.5,27.4,1.46,synthetic response curve (Mitscherlich-style) + noise; NOT measured yield
1845,Chilli,76.4,62.0,26.4,2.08,3,sandy,412,3.3,192,0.38,6.9,773.2,28.9,1.25,synthetic response curve (Mitscherlich-style) + noise; NOT measured yield
1846,Sugarcane,86.6,114.8,46.3,73.32,5,loam,298,70.7,258,0.6,8.63,60.2,27.6,2.26,synthetic response curve (Mitscherlich-style) + noise; NOT measured yield
1847,Chickpea,13.0,56.1,28.7,1.37,9,clay,480,11.6,257,0.7,7.97,209.9,24.0,-1.84,synthetic response curve (Mitscherlich-style) + noise; NOT measured yield
1848,Chilli,10.5,7.0,2.3,1.16,14,clay,385,16.9,255,0.73,7.85,262.7,27.1,-2.25,synthetic response curve (Mitscherlich-style) + noise; NOT measured yield
1849,Cotton,140.4,59.4,10.3,1.73,6,clay,387,9.0,335,0.56,7.84,515.1,29.7,-1.02,synthetic response curve (Mitscherlich-style) + noise; NOT measured yield
1850,Wheat,140.6,63.8,44.1,4.22,5,loam,236,14.1,216,0.45,7.29,389.5,25.8,0.36,synthetic response curve (Mitscherlich-style) + noise; NOT measured yield
1851,Pearl millet,5.5,35.4,20.2,1.64,10,sandy,185,9.7,30,0.29,6.84,87.9,26.8,0.51,synthetic response curve (Mitscherlich-style) + noise; NOT measured yield
1852,Wheat,172.4,80.0,59.6,3.85,5,loam,433,3.5,219,0.65,8.53,65.8,25.8,0.79,synthetic response curve (Mitscherlich-style) + noise; NOT measured yield
1853,Maize,44.0,80.7,28.2,5.41,7,clay,344,12.3,244,0.42,7.26,459.1,23.6,-1.18,synthetic response curve (Mitscherlich-style) + noise; NOT measured yield
1854,Groundnut,34.2,16.9,52.6,1.49,4,sandy,430,13.8,80,0.63,7.08,71.2,27.1,0.91,synthetic response curve (Mitscherlich-style) + noise; NOT measured yield
1855,Rice,32.8,61.9,53.6,4.09,5,loam,543,15.3,166,0.79,6.95,88.6,22.7,-0.58,synthetic response curve (Mitscherlich-style) + noise; NOT measured yield
1856,Pigeon pea,17.7,27.9,39.8,1.24,1,clay,537,15.3,154,0.85,8.56,153.5,31.2,1.45,synthetic response curve (Mitscherlich-style) + noise; NOT measured yield
1857,Chickpea,14.5,58.1,12.9,1.58,9,clay,376,18.0,284,0.7,6.29,234.5,20.5,0.23,synthetic response curve (Mitscherlich-style) + noise; NOT measured yield
1858,Cotton,70.8,72.1,69.8,2.06,8,clay,419,19.7,369,0.73,8.36,27.3,30.2,-0.08,synthetic response curve (Mitscherlich-style) + noise; NOT measured yield
1859,Soybean,7.4,67.3,15.6,2.22,3,sandy,485,7.4,238,0.76,5.71,117.9,25.6,0.27,synthetic response curve (Mitscherlich-style) + noise; NOT measured yield
1860,Pearl millet,3.0,9.6,6.1,1.46,12,loam,599,8.4,189,0.9,6.65,96.8,20.2,-0.39,synthetic response curve (Mitscherlich-style) + noise; NOT measured yield
1861,Chilli,104.1,62.1,8.2,1.36,4,sandy,316,5.9,91,0.63,6.61,428.0,26.1,0.94,synthetic response curve (Mitscherlich-style) + noise; NOT measured yield
1862,Pearl millet,92.7,29.9,22.7,1.92,10,sandy,356,2.4,211,0.52,6.66,44.4,24.6,-0.98,synthetic response curve (Mitscherlich-style) + noise; NOT measured yield
1863,Tomato,91.9,33.6,18.1,33.27,2,loam,410,31.6,278,0.35,8.38,103.9,28.7,0.62,synthetic response curve (Mitscherlich-style) + noise; NOT measured yield
1864,Groundnut,31.6,10.6,51.6,1.19,1,clay,469,21.8,187,0.8,7.99,260.8,29.2,0.41,synthetic response curve (Mitscherlich-style) + noise; NOT measured yield
1865,Cotton,2.2,47.7,20.2,1.65,2,loam,314,6.5,136,0.25,7.87,77.0,24.7,0.18,synthetic response curve (Mitscherlich-style) + noise; NOT measured yield
1866,Chilli,134.9,51.9,65.2,2.48,8,clay,198,25.3,343,0.39,8.4,64.3,28.9,0.11,synthetic response curve (Mitscherlich-style) + noise; NOT measured yield
1867,Rice,114.3,26.0,25.1,3.49,3,sandy,495,12.2,106,0.22,6.29,810.0,28.8,-0.82,synthetic response curve (Mitscherlich-style) + noise; NOT measured yield
1868,Rice,164.3,59.8,49.0,4.34,5,loam,527,26.1,162,0.52,7.48,79.9,25.7,1.45,synthetic response curve (Mitscherlich-style) + noise; NOT measured yield
1869,Mustard,21.9,31.4,46.5,1.1,9,clay,465,17.7,192,0.73,9.2,218.4,27.4,0.89,synthetic response curve (Mitscherlich-style) + noise; NOT measured yield
1870,Wheat,48.9,11.0,27.8,2.67,10,sandy,189,26.0,203,0.1,5.9,73.5,27.0,-1.19,synthetic response curve (Mitscherlich-style) + noise; NOT measured yield
1871,Rice,5.5,27.6,31.0,3.98,12,loam,427,45.3,166,0.71,7.03,18.5,25.6,-0.6,synthetic response curve (Mitscherlich-style) + noise; NOT measured yield
1872,Chilli,33.7,24.5,13.2,1.66,7,clay,272,9.1,164,0.59,9.2,51.7,22.6,1.11,synthetic response curve (Mitscherlich-style) + noise; NOT measured yield
1873,Banana,135.0,26.2,113.7,36.99,2,loam,472,58.6,233,0.45,7.36,197.4,27.5,0.14,synthetic response curve (Mitscherlich-style) + noise; NOT measured yield
1874,Mustard,91.4,39.0,2.7,1.07,15,clay,326,5.0,199,0.6,6.65,181.3,25.7,-1.13,synthetic response curve (Mitscherlich-style) + noise; NOT measured yield
1875,Maize,148.8,72.0,8.3,3.5,12,loam,445,10.3,110,0.64,9.12,114.6,26.1,0.61,synthetic response curve (Mitscherlich-style) + noise; NOT measured yield
1876,Tomato,130.6,63.9,14.2,28.45,13,sandy,248,13.0,184,0.3,8.62,16.0,27.6,-0.52,synthetic response curve (Mitscherlich-style) + noise; NOT measured yield
1877,Sorghum,64.5,33.6,17.8,1.91,14,clay,253,14.5,68,0.37,7.6,78.9,25.2,-0.19,synthetic response curve (Mitscherlich-style) + noise; NOT measured yield
1878,Potato,72.2,3.7,131.8,13.07,11,loam,312,15.2,189,0.59,6.85,86.7,26.1,-0.56,synthetic response curve (Mitscherlich-style) + noise; NOT measured yield
1879,Rice,10.4,54.8,34.1,3.55,15,clay,318,12.9,365,0.56,6.85,114.7,27.3,-0.12,synthetic response curve (Mitscherlich-style) + noise; NOT measured yield
1880,Chilli,25.5,54.8,27.7,1.91,8,clay,347,10.8,369,0.51,7.41,63.0,28.5,-1.3,synthetic response curve (Mitscherlich-style) + noise; NOT measured yield
1881,Wheat,81.8,65.0,41.2,4.04,9,clay,542,18.1,421,0.94,8.15,793.6,22.1,-0.75,synthetic response curve (Mitscherlich-style) + noise; NOT measured yield
1882,Soybean,14.3,54.5,57.9,1.9,9,clay,428,6.5,190,0.6,7.92,76.3,25.2,1.22,synthetic response curve (Mitscherlich-style) + noise; NOT measured yield
1883,Cotton,86.2,77.1,49.5,1.69,8,clay,561,8.4,327,0.89,9.2,533.6,24.5,1.27,synthetic response curve (Mitscherlich-style) + noise; NOT measured yield
1884,Sugarcane,194.7,83.7,12.2,56.13,7,clay,267,4.2,305,0.48,9.2,351.4,22.1,0.65,synthetic response curve (Mitscherlich-style) + noise; NOT measured yield
1885,Wheat,54.9,53.4,28.4,3.92,5,loam,327,23.7,301,0.49,6.65,54.6,23.4,-0.54,synthetic response curve (Mitscherlich-style) + noise; NOT measured yield
1886,Maize,29.9,40.7,37.4,4.3,12,loam,389,7.9,150,0.37,7.13,274.6,25.1,-1.18,synthetic response curve (Mitscherlich-style) + noise; NOT measured yield
1887,Wheat,106.9,76.2,28.8,3.24,5,loam,482,11.6,95,0.58,6.72,113.5,20.5,0.81,synthetic response curve (Mitscherlich-style) + noise; NOT measured yield
1888,Cotton,123.9,62.8,23.9,1.76,14,clay,392,6.3,202,0.46,6.92,100.0,26.1,0.96,synthetic response curve (Mitscherlich-style) + noise; NOT measured yield
1889,Rice,155.9,54.5,67.7,4.05,12,loam,320,15.7,297,0.56,8.21,253.9,24.7,-1.6,synthetic response curve (Mitscherlich-style) + noise; NOT measured yield
1890,Banana,131.9,56.6,27.3,27.48,15,clay,477,62.9,219,0.76,7.1,347.7,23.7,-1.37,synthetic response curve (Mitscherlich-style) + noise; NOT measured yield
1891,Pearl millet,105.0,48.5,40.5,2.08,10,sandy,191,7.9,67,0.35,6.43,162.5,28.1,0.07,synthetic response curve (Mitscherlich-style) + noise; NOT measured yield
1892,Wheat,12.5,56.9,52.4,3.84,9,clay,449,6.0,305,0.87,7.15,304.4,24.7,-1.42,synthetic response curve (Mitscherlich-style) + noise; NOT measured yield
1893,Soybean,21.5,54.6,6.3,1.98,6,clay,345,11.9,220,0.62,7.78,658.7,27.3,-0.4,synthetic response curve (Mitscherlich-style) + noise; NOT measured yield
1894,Potato,212.0,84.7,28.0,17.06,11,loam,342,16.4,110,0.48,6.38,44.2,26.8,-1.65,synthetic response curve (Mitscherlich-style) + noise; NOT measured yield
1895,Pigeon pea,3.3,28.8,46.4,0.98,9,clay,488,21.4,208,0.99,9.16,115.9,23.4,-0.5,synthetic response curve (Mitscherlich-style) + noise; NOT measured yield
1896,Pigeon pea,17.8,15.8,15.1,0.99,6,clay,383,11.6,256,0.54,8.33,86.3,26.4,0.3,synthetic response curve (Mitscherlich-style) + noise; NOT measured yield
1897,Cotton,69.1,40.4,1.5,1.33,2,loam,413,5.9,179,0.38,7.45,162.0,31.7,0.56,synthetic response curve (Mitscherlich-style) + noise; NOT measured yield
1898,Groundnut,34.9,48.4,4.9,1.14,1,clay,129,11.6,135,0.17,7.65,263.4,28.1,-0.99,synthetic response curve (Mitscherlich-style) + noise; NOT measured yield
1899,Maize,190.0,85.4,18.4,4.46,4,sandy,473,37.8,147,0.72,7.6,91.4,21.1,-1.46,synthetic response curve (Mitscherlich-style) + noise; NOT measured yield
1900,Rice,95.7,66.1,16.2,3.9,11,loam,385,7.9,245,0.25,7.7,147.6,28.4,-0.87,synthetic response curve (Mitscherlich-style) + noise; NOT measured yield
1901,Sorghum,45.3,29.2,47.3,2.52,14,clay,405,21.4,307,0.55,8.03,475.0,28.4,-0.52,synthetic response curve (Mitscherlich-style) + noise; NOT measured yield
1902,Mustard,10.0,59.0,12.2,1.01,15,clay,379,66.3,213,0.81,7.44,397.6,28.0,-1.54,synthetic response curve (Mitscherlich-style) + noise; NOT measured yield
1903,Rice,26.9,60.1,77.5,4.52,8,clay,427,20.2,255,0.71,7.61,339.1,26.5,1.98,synthetic response curve (Mitscherlich-style) + noise; NOT measured yield
1904,Ragi,44.1,45.3,39.3,2.27,13,sandy,260,7.5,124,0.39,6.89,41.3,24.2,0.47,synthetic response curve (Mitscherlich-style) + noise; NOT measured yield
1905,Rice,3.8,48.5,24.5,3.61,1,clay,487,15.4,142,0.73,8.08,36.3,23.8,-1.63,synthetic response curve (Mitscherlich-style) + noise; NOT measured yield
1906,Chilli,38.3,32.0,42.7,2.18,14,clay,484,59.1,319,0.84,9.2,33.9,24.9,-0.23,synthetic response curve (Mitscherlich-style) + noise; NOT measured yield
1907,Potato,129.3,27.0,73.7,17.02,15,clay,510,8.5,243,0.68,7.88,577.0,31.9,0.18,synthetic response curve (Mitscherlich-style) + noise; NOT measured yield
1908,Onion,0.7,8.9,60.4,19.05,7,clay,495,15.0,480,0.79,7.23,379.9,26.7,0.39,synthetic response curve (Mitscherlich-style) + noise; NOT measured yield
1909,Green gram,29.2,17.5,12.9,0.63,1,clay,504,11.4,217,0.73,7.53,457.9,30.4,-0.67,synthetic response curve (Mitscherlich-style) + noise; NOT measured yield
1910,Groundnut,4.8,52.4,30.4,1.67,11,loam,480,10.0,172,0.69,6.93,680.8,20.9,0.82,synthetic response curve (Mitscherlich-style) + noise; NOT measured yield
1911,Rice,17.8,33.3,47.1,3.48,1,clay,353,11.2,205,0.52,8.79,1101.5,27.5,0.71,synthetic response curve (Mitscherlich-style) + noise; NOT measured yield
1912,Turmeric,0.5,58.9,85.2,14.6,10,sandy,261,23.6,222,0.52,5.69,264.1,27.5,-0.01,synthetic response curve (Mitscherlich-style) + noise; NOT measured yield
1913,Sugarcane,317.4,17.4,120.5,57.72,5,loam,300,16.6,179,0.48,7.9,65.9,26.7,0.71,synthetic response curve (Mitscherlich-style) + noise; NOT measured yield
1914,Banana,110.4,21.0,199.8,28.23,9,clay,382,24.4,276,0.94,8.38,649.8,26.4,2.25,synthetic response curve (Mitscherlich-style) + noise; NOT measured yield
1915,Sugarcane,192.0,87.5,6.7,68.26,14,clay,466,6.0,357,0.74,6.94,324.3,24.9,-0.69,synthetic response curve (Mitscherlich-style) + noise; NOT measured yield
1916,Chilli,71.6,32.5,32.4,2.27,3,sandy,395,16.4,262,0.71,6.83,156.1,34.4,-0.28,synthetic response curve (Mitscherlich-style) + noise; NOT measured yield
1917,Rice,146.8,4.1,46.4,2.26,1,clay,363,11.8,345,0.85,7.72,65.0,31.3,-1.18,synthetic response curve (Mitscherlich-style) + noise; NOT measured yield
1918,Ragi,61.5,47.2,18.3,2.11,9,clay,575,10.2,327,0.94,6.81,248.6,25.4,-0.79,synthetic response curve (Mitscherlich-style) + noise; NOT measured yield
1919,Rice,132.4,33.2,53.2,4.11,11,loam,409,12.2,162,0.78,7.49,47.3,29.9,0.69,synthetic response curve (Mitscherlich-style) + noise; NOT measured yield
1920,Sugarcane,266.2,34.7,23.7,75.38,5,loam,361,31.3,215,0.63,7.51,47.3,27.0,-0.13,synthetic response curve (Mitscherlich-style) + noise; NOT measured yield
1921,Sugarcane,142.5,13.1,5.8,47.71,3,sandy,123,30.1,164,0.47,4.92,43.3,27.5,-0.73,synthetic response curve (Mitscherlich-style) + noise; NOT measured yield
1922,Rice,150.6,45.3,64.8,4.38,11,loam,410,12.3,171,0.53,7.37,463.6,23.7,1.11,synthetic response curve (Mitscherlich-style) + noise; NOT measured yield
1923,Banana,29.6,63.2,166.3,36.55,11,loam,407,26.0,185,0.68,6.66,106.2,25.9,0.12,synthetic response curve (Mitscherlich-style) + noise; NOT measured yield
1924,Potato,102.9,81.9,162.8,22.7,15,clay,336,10.5,242,0.37,8.29,205.4,25.1,1.69,synthetic response curve (Mitscherlich-style) + noise; NOT measured yield
1925,Ragi,90.9,43.6,18.7,1.56,13,sandy,125,21.1,111,0.1,6.29,222.9,23.6,-0.68,synthetic response curve (Mitscherlich-style) + noise; NOT measured yield
1926,Rice,31.9,34.0,42.1,4.43,11,loam,393,14.6,166,0.69,7.95,137.9,22.8,-0.04,synthetic response curve (Mitscherlich-style) + noise; NOT measured yield
1927,Groundnut,28.6,61.9,21.8,1.41,1,clay,316,14.4,423,0.7,5.92,116.2,29.1,-1.86,synthetic response curve (Mitscherlich-style) + noise; NOT measured yield
1928,Maize,30.2,31.8,6.4,3.84,4,sandy,175,14.9,150,0.3,6.79,61.7,26.2,-1.13,synthetic response curve (Mitscherlich-style) + noise; NOT measured yield
1929,Wheat,112.8,33.8,24.8,3.35,10,sandy,429,18.5,104,0.55,6.35,348.2,29.7,-0.6,synthetic response curve (Mitscherlich-style) + noise; NOT measured yield
1930,Sugarcane,190.9,90.5,28.3,65.5,7,clay,543,23.9,341,0.55,8.16,247.7,25.7,-0.54,synthetic response curve (Mitscherlich-style) + noise; NOT measured yield
1931,Groundnut,5.7,37.7,56.4,1.59,1,clay,395,9.8,236,0.22,7.86,540.6,32.3,-0.18,synthetic response curve (Mitscherlich-style) + noise; NOT measured yield
1932,Chickpea,26.7,71.8,21.0,1.43,9,clay,402,7.5,144,0.37,6.76,271.4,23.8,-0.15,synthetic response curve (Mitscherlich-style) + noise; NOT measured yield
1933,Wheat,58.4,5.8,57.7,2.31,12,loam,430,8.5,109,0.56,7.73,157.7,24.5,-1.45,synthetic response curve (Mitscherlich-style) + noise; NOT measured yield
1934,Potato,151.3,6.4,158.0,13.37,11,loam,395,7.6,187,0.79,7.05,614.6,25.8,0.75,synthetic response curve (Mitscherlich-style) + noise; NOT measured yield
1935,Sugarcane,15.1,111.1,24.2,64.88,14,clay,591,8.6,207,0.94,7.32,239.0,20.0,-1.18,synthetic response curve (Mitscherlich-style) + noise; NOT measured yield
1936,Sunflower,26.1,37.1,9.3,1.09,3,sandy,457,7.8,41,0.74,6.3,84.1,32.3,1.33,synthetic response curve (Mitscherlich-style) + noise; NOT measured yield
1937,Rice,51.9,47.4,27.8,3.66,15,clay,478,11.0,108,0.5,8.29,716.0,21.6,-1.07,synthetic response curve (Mitscherlich-style) + noise; NOT measured yield
1938,Tomato,95.9,14.7,0.2,22.96,8,clay,188,9.6,308,0.1,6.09,164.6,27.5,-0.78,synthetic response curve (Mitscherlich-style) + noise; NOT measured yield
1939,Groundnut,19.9,33.6,44.1,1.73,5,loam,436,9.4,157,0.86,7.05,100.5,26.4,-0.38,synthetic response curve (Mitscherlich-style) + noise; NOT measured yield
1940,Tomato,146.4,60.0,39.1,34.62,13,sandy,138,12.1,123,0.1,6.37,340.1,28.7,-0.09,synthetic response curve (Mitscherlich-style) + noise; NOT measured yield
1941,Maize,64.7,82.2,74.4,5.15,2,loam,313,8.1,246,0.41,7.97,39.6,27.0,1.25,synthetic response curve (Mitscherlich-style) + noise; NOT measured yield
1942,Groundnut,7.0,35.1,48.7,1.63,1,clay,394,13.2,133,0.54,7.08,393.3,31.0,-0.5,synthetic response curve (Mitscherlich-style) + noise; NOT measured yield
1943,Potato,91.7,11.4,13.3,15.61,11,loam,340,29.7,73,0.55,6.85,145.5,28.4,1.15,synthetic response curve (Mitscherlich-style) + noise; NOT measured yield
1944,Wheat,102.6,40.2,17.9,3.35,11,loam,279,16.9,279,0.46,5.15,25.6,21.8,2.31,synthetic response curve (Mitscherlich-style) + noise; NOT measured yield
1945,Maize,89.5,40.5,68.9,5.36,2,loam,307,8.7,111,0.66,7.64,59.7,22.4,0.38,synthetic response curve (Mitscherlich-style) + noise; NOT measured yield
1946,Cotton,37.3,46.1,50.2,1.84,14,clay,504,15.8,322,0.88,8.09,201.1,18.7,-0.84,synthetic response curve (Mitscherlich-style) + noise; NOT measured yield
1947,Tomato,120.7,65.1,83.3,42.39,13,sandy,420,18.2,30,0.35,7.44,122.1,21.0,0.85,synthetic response curve (Mitscherlich-style) + noise; NOT measured yield
1948,Rice,58.6,13.2,82.6,4.04,12,loam,520,23.6,287,0.8,6.48,154.6,29.0,-0.28,synthetic response curve (Mitscherlich-style) + noise; NOT measured yield
1949,Cotton,156.6,69.6,70.9,1.95,6,clay,523,18.6,274,0.73,6.82,68.6,25.6,0.69,synthetic response curve (Mitscherlich-style) + noise; NOT measured yield
1950,Cotton,107.6,36.1,60.0,1.6,14,clay,482,19.4,304,0.91,8.24,62.6,23.8,1.84,synthetic response curve (Mitscherlich-style) + noise; NOT measured yield
1951,Maize,23.6,54.4,62.6,3.58,2,loam,294,20.1,142,0.62,9.06,6.6,22.7,0.44,synthetic response curve (Mitscherlich-style) + noise; NOT measured yield
1952,Wheat,27.2,35.3,46.8,3.64,12,loam,293,6.9,263,0.36,5.68,98.3,32.0,-0.49,synthetic response curve (Mitscherlich-style) + noise; NOT measured yield
1953,Tomato,118.7,10.5,77.9,26.91,13,sandy,344,63.9,30,0.45,6.48,24.0,24.2,-2.33,synthetic response curve (Mitscherlich-style) + noise; NOT measured yield
1954,Chilli,63.0,40.0,20.2,2.31,8,clay,569,9.7,204,0.6,7.88,72.0,29.1,0.19,synthetic response curve (Mitscherlich-style) + noise; NOT measured yield
1955,Tomato,49.4,101.5,134.1,35.2,6,clay,222,18.1,243,0.46,7.61,14.0,27.5,-0.18,synthetic response curve (Mitscherlich-style) + noise; NOT measured yield
1956,Chilli,15.7,5.4,26.8,1.22,8,clay,428,5.4,366,0.95,8.65,210.9,23.2,0.14,synthetic response curve (Mitscherlich-style) + noise; NOT measured yield
1957,Banana,129.8,45.6,149.5,33.3,1,clay,455,24.9,251,0.82,8.24,239.3,28.5,1.5,synthetic response curve (Mitscherlich-style) + noise; NOT measured yield
1958,Green gram,11.9,0.9,26.4,0.51,1,clay,358,18.2,159,0.51,7.9,182.6,28.8,0.87,synthetic response curve (Mitscherlich-style) + noise; NOT measured yield
1959,Pigeon pea,1.8,53.8,8.7,1.21,6,clay,583,8.2,202,0.65,7.81,152.6,28.1,0.48,synthetic response curve (Mitscherlich-style) + noise; NOT measured yield
1960,Green gram,25.9,20.9,35.9,0.59,1,clay,532,5.9,307,0.88,8.67,174.5,34.6,-1.05,synthetic response curve (Mitscherlich-style) + noise; NOT measured yield
1961,Wheat,83.5,26.2,38.6,3.3,10,sandy,298,19.9,150,0.16,6.1,304.2,28.5,2.37,synthetic response curve (Mitscherlich-style) + noise; NOT measured yield
1962,Mustard,11.7,5.7,31.2,0.82,10,sandy,454,7.7,149,0.54,6.48,32.5,25.4,0.69,synthetic response curve (Mitscherlich-style) + noise; NOT measured yield
1963,Tomato,40.1,46.9,54.0,28.92,13,sandy,195,6.8,85,0.22,7.18,20.1,23.6,0.62,synthetic response curve (Mitscherlich-style) + noise; NOT measured yield
1964,Sugarcane,250.7,81.2,16.8,78.31,5,loam,196,18.5,350,0.52,6.81,82.7,23.2,0.65,synthetic response curve (Mitscherlich-style) + noise; NOT measured yield
1965,Tomato,94.8,103.8,10.0,26.98,13,sandy,265,8.2,133,0.12,7.07,343.9,27.6,2.51,synthetic response curve (Mitscherlich-style) + noise; NOT measured yield
1966,Rice,45.7,27.4,33.8,4.06,5,loam,327,12.3,205,0.39,7.77,480.1,26.7,-1.05,synthetic response curve (Mitscherlich-style) + noise; NOT measured yield
1967,Tomato,177.0,58.5,73.0,28.89,9,clay,521,8.7,283,0.66,8.11,273.3,28.1,-2.37,synthetic response curve (Mitscherlich-style) + noise; NOT measured yield
1968,Tomato,77.0,100.1,37.5,33.12,13,sandy,339,12.0,280,0.27,5.49,41.2,27.6,0.24,synthetic response curve (Mitscherlich-style) + noise; NOT measured yield
1969,Cotton,126.3,50.9,3.8,1.24,6,clay,442,9.5,225,0.88,6.41,153.1,30.8,-1.75,synthetic response curve (Mitscherlich-style) + noise; NOT measured yield
1970,Rice,163.0,77.9,53.4,5.42,2,loam,234,6.3,211,0.47,6.43,40.6,20.6,0.65,synthetic response curve (Mitscherlich-style) + noise; NOT measured yield
1971,Chickpea,14.2,64.9,6.2,1.45,13,sandy,389,17.5,241,0.33,6.98,156.6,30.3,1.02,synthetic response curve (Mitscherlich-style) + noise; NOT measured yield
1972,Sugarcane,128.9,39.5,32.1,64.24,5,loam,389,4.8,191,0.46,6.45,199.4,20.0,-0.3,synthetic response curve (Mitscherlich-style) + noise; NOT measured yield
1973,Rice,22.4,3.5,66.7,2.6,4,sandy,265,17.9,70,0.26,5.64,487.3,23.2,0.58,synthetic response curve (Mitscherlich-style) + noise; NOT measured yield
1974,Wheat,24.5,42.0,35.3,3.73,11,loam,242,23.9,219,0.2,7.52,374.3,23.7,1.72,synthetic response curve (Mitscherlich-style) + noise; NOT measured yield
1975,Soybean,12.0,22.4,30.7,2.11,9,clay,527,24.3,306,0.97,7.53,71.6,16.9,1.58,synthetic response curve (Mitscherlich-style) + noise; NOT measured yield
1976,Lentil,29.6,12.4,30.4,0.77,1,clay,414,35.5,274,0.65,7.78,329.1,26.1,-1.15,synthetic response curve (Mitscherlich-style) + noise; NOT measured yield
1977,Sorghum,35.4,9.5,34.1,2.07,14,clay,296,22.9,154,0.43,6.89,125.4,21.9,0.36,synthetic response curve (Mitscherlich-style) + noise; NOT measured yield
1978,Lentil,4.8,44.7,32.3,0.89,8,clay,235,6.5,247,0.65,6.22,178.3,27.9,0.42,synthetic response curve (Mitscherlich-style) + noise; NOT measured yield
1979,Wheat,157.0,35.7,47.1,3.3,5,loam,392,13.5,206,0.71,7.03,152.9,23.2,-1.5,synthetic response curve (Mitscherlich-style) + noise; NOT measured yield
1980,Cotton,154.1,68.5,29.6,1.69,2,loam,436,63.2,155,0.67,6.95,82.4,24.3,0.58,synthetic response curve (Mitscherlich-style) + noise; NOT measured yield
1981,Rice,80.0,71.1,37.6,4.26,11,loam,408,24.6,187,0.53,7.13,149.0,23.4,1.25,synthetic response curve (Mitscherlich-style) + noise; NOT measured yield
1982,Wheat,164.0,61.6,25.4,4.16,12,loam,282,43.7,235,0.67,8.69,479.3,26.6,0.64,synthetic response curve (Mitscherlich-style) + noise; NOT measured yield
1983,Maize,126.7,4.6,76.9,2.55,12,loam,396,7.8,202,0.48,8.32,571.4,20.1,-0.47,synthetic response curve (Mitscherlich-style) + noise; NOT measured yield
1984,Mustard,14.0,29.7,13.7,1.13,10,sandy,252,14.5,218,0.26,7.29,126.5,21.9,-0.73,synthetic response curve (Mitscherlich-style) + noise; NOT measured yield
1985,Cotton,132.0,72.6,78.8,1.98,14,clay,599,9.3,249,1.07,6.77,212.8,24.4,0.24,synthetic response curve (Mitscherlich-style) + noise; NOT measured yield
1986,Pearl millet,103.9,8.9,44.2,1.27,10,sandy,446,12.0,171,0.54,7.64,64.2,26.4,-1.4,synthetic response curve (Mitscherlich-style) + noise; NOT measured yield
1987,Rice,106.1,83.9,68.8,4.56,4,sandy,391,21.4,73,0.64,7.12,4.0,26.0,0.07,synthetic response curve (Mitscherlich-style) + noise; NOT measured yield
1988,Potato,77.2,110.1,156.3,23.41,4,sandy,304,12.8,187,0.34,5.82,146.0,25.8,0.51,synthetic response curve (Mitscherlich-style) + noise; NOT measured yield
1989,Pigeon pea,7.7,5.7,5.0,0.76,6,clay,590,28.0,356,0.79,9.2,534.1,24.6,1.63,synthetic response curve (Mitscherlich-style) + noise; NOT measured yield
1990,Wheat,108.0,35.5,65.2,4.46,11,loam,393,40.3,278,0.61,7.05,342.7,20.8,0.51,synthetic response curve (Mitscherlich-style) + noise; NOT measured yield
1991,Groundnut,6.0,48.4,35.0,1.81,1,clay,576,27.4,337,1.01,6.72,40.2,26.7,1.45,synthetic response curve (Mitscherlich-style) + noise; NOT measured yield
1992,Chilli,118.1,33.1,3.3,1.75,5,loam,289,12.5,231,0.45,6.93,40.2,24.8,0.08,synthetic response curve (Mitscherlich-style) + noise; NOT measured yield
1993,Maize,1.0,56.6,22.9,5.07,7,clay,503,20.7,349,0.88,7.87,166.1,27.3,-1.08,synthetic response curve (Mitscherlich-style) + noise; NOT measured yield
1994,Soybean,24.9,42.5,14.9,2.2,9,clay,361,17.5,236,0.43,7.2,162.0,28.8,0.73,synthetic response curve (Mitscherlich-style) + noise; NOT measured yield
1995,Cotton,171.2,37.4,2.8,1.03,3,sandy,417,13.4,193,0.64,8.0,70.2,32.9,-0.55,synthetic response curve (Mitscherlich-style) + noise; NOT measured yield
1996,Sorghum,28.8,44.0,4.5,2.43,2,loam,506,6.9,258,0.76,6.76,150.4,24.5,0.82,synthetic response curve (Mitscherlich-style) + noise; NOT measured yield
1997,Wheat,136.4,40.0,16.8,3.18,14,clay,519,23.6,188,0.87,9.2,95.1,28.6,-0.98,synthetic response curve (Mitscherlich-style) + noise; NOT measured yield
1998,Sorghum,66.1,51.2,26.2,2.34,2,loam,374,18.3,187,0.45,7.07,90.9,28.0,0.13,synthetic response curve (Mitscherlich-style) + noise; NOT measured yield
1999,Banana,179.6,44.6,279.7,37.57,2,loam,193,15.7,157,0.1,8.0,103.5,21.9,1.11,synthetic response curve (Mitscherlich-style) + noise; NOT measured yield
2000,Green gram,2.3,10.1,26.0,0.7,3,sandy,352,15.1,36,0.44,6.28,719.0,29.7,0.82,synthetic response curve (Mitscherlich-style) + noise; NOT measured yield
2001,Soybean,18.1,33.2,56.9,1.94,6,clay,529,90.0,229,0.87,8.51,912.8,32.7,-1.4,synthetic response curve (Mitscherlich-style) + noise; NOT measured yield
2002,Groundnut,3.1,21.8,18.8,1.5,4,sandy,312,19.5,78,0.59,7.78,4.3,26.0,0.54,synthetic response curve (Mitscherlich-style) + noise; NOT measured yield
2003,Maize,87.1,40.2,57.9,5.39,13,sandy,293,13.0,195,0.29,6.02,58.7,20.9,0.29,synthetic response curve (Mitscherlich-style) + noise; NOT measured yield
2004,Banana,90.7,66.2,171.3,38.61,2,loam,637,37.8,152,0.82,7.04,271.6,29.0,-1.03,synthetic response curve (Mitscherlich-style) + noise; NOT measured yield
2005,Cotton,37.4,75.9,61.0,1.68,3,sandy,390,5.7,115,0.62,7.05,77.0,30.4,-0.16,synthetic response curve (Mitscherlich-style) + noise; NOT measured yield
2006,Sorghum,28.2,20.0,28.9,2.41,2,loam,505,19.9,110,0.64,7.61,69.7,25.8,-0.5,synthetic response curve (Mitscherlich-style) + noise; NOT measured yield
2007,Wheat,148.1,82.0,11.6,2.53,10,sandy,369,11.6,37,0.49,6.38,212.5,25.9,1.72,synthetic response curve (Mitscherlich-style) + noise; NOT measured yield
2008,Chilli,115.2,56.1,49.3,2.52,14,clay,290,9.5,537,0.35,7.46,83.9,26.7,0.08,synthetic response curve (Mitscherlich-style) + noise; NOT measured yield
2009,Soybean,6.1,20.9,59.7,1.8,3,sandy,191,39.6,325,0.29,5.78,314.5,30.1,-0.15,synthetic response curve (Mitscherlich-style) + noise; NOT measured yield
2010,Potato,144.4,34.3,138.3,16.03,9,clay,386,6.0,65,0.59,8.65,75.7,23.9,-1.62,synthetic response curve (Mitscherlich-style) + noise; NOT measured yield
2011,Pearl millet,67.8,48.7,28.8,2.13,6,clay,484,8.4,252,0.64,7.99,704.8,24.5,-0.12,synthetic response curve (Mitscherlich-style) + noise; NOT measured yield
2012,Turmeric,122.0,1.4,134.6,7.72,10,sandy,274,12.1,213,0.29,6.13,58.1,23.7,-3.13,synthetic response curve (Mitscherlich-style) + noise; NOT measured yield
2013,Wheat,115.9,50.6,68.7,3.78,10,sandy,477,14.1,97,0.61,5.17,58.9,21.5,0.99,synthetic response curve (Mitscherlich-style) + noise; NOT measured yield
2014,Wheat,128.2,16.2,56.0,2.98,5,loam,411,15.0,317,0.42,7.68,114.3,24.2,2.6,synthetic response curve (Mitscherlich-style) + noise; NOT measured yield
2015,Banana,59.5,31.0,90.7,32.35,10,sandy,289,13.6,30,0.38,7.33,64.5,19.3,0.99,synthetic response curve (Mitscherlich-style) + noise; NOT measured yield
2016,Chilli,88.1,13.4,1.4,1.73,1,clay,450,17.3,224,0.91,6.61,261.6,30.0,-0.41,synthetic response curve (Mitscherlich-style) + noise; NOT measured yield
2017,Green gram,20.6,52.4,12.1,0.76,8,clay,603,13.2,339,0.91,7.39,307.4,24.8,0.58,synthetic response curve (Mitscherlich-style) + noise; NOT measured yield
2018,Onion,98.5,34.7,47.4,27.6,15,clay,448,30.7,182,0.59,5.88,391.1,24.3,-0.52,synthetic response curve (Mitscherlich-style) + noise; NOT measured yield
2019,Chilli,1.2,62.0,33.9,2.16,14,clay,525,10.2,268,0.77,8.0,367.3,27.3,0.39,synthetic response curve (Mitscherlich-style) + noise; NOT measured yield
2020,Rice,129.0,79.8,30.2,4.31,1,clay,491,9.4,177,0.81,8.22,26.4,28.4,0.18,synthetic response curve (Mitscherlich-style) + noise; NOT measured yield
2021,Groundnut,7.2,1.1,29.4,0.88,1,clay,392,11.7,260,0.77,7.58,152.9,25.7,1.78,synthetic response curve (Mitscherlich-style) + noise; NOT measured yield
2022,Potato,124.9,47.8,24.2,21.71,13,sandy,381,12.2,155,0.45,6.37,226.6,25.7,0.18,synthetic response curve (Mitscherlich-style) + noise; NOT measured yield
2023,Mustard,105.2,23.8,39.0,1.2,4,sandy,311,17.6,241,0.46,7.17,32.5,29.0,0.44,synthetic response curve (Mitscherlich-style) + noise; NOT measured yield
2024,Tomato,135.5,56.8,84.7,28.36,10,sandy,316,14.4,112,0.62,6.26,237.5,24.4,-2.82,synthetic response curve (Mitscherlich-style) + noise; NOT measured yield
2025,Soybean,7.8,52.4,58.4,2.12,9,clay,458,28.0,190,0.74,8.26,59.0,24.2,-0.24,synthetic response curve (Mitscherlich-style) + noise; NOT measured yield
2026,Onion,51.0,61.5,35.0,23.52,7,clay,546,44.2,135,0.82,9.03,74.9,27.7,-0.64,synthetic response curve (Mitscherlich-style) + noise; NOT measured yield
2027,Rice,162.1,0.3,37.9,2.38,5,loam,294,18.5,298,0.65,6.48,15.0,20.7,-1.78,synthetic response curve (Mitscherlich-style) + noise; NOT measured yield
2028,Rice,43.7,22.8,35.7,3.46,12,loam,416,7.5,153,0.56,7.63,303.0,29.8,1.77,synthetic response curve (Mitscherlich-style) + noise; NOT measured yield
2029,Potato,65.6,96.6,130.6,22.26,4,sandy,356,6.7,287,0.22,6.53,132.4,24.0,1.39,synthetic response curve (Mitscherlich-style) + noise; NOT measured yield
2030,Banana,102.2,27.5,120.6,28.61,12,loam,465,7.4,257,0.59,7.76,56.6,26.7,0.57,synthetic response curve (Mitscherlich-style) + noise; NOT measured yield
2031,Maize,192.7,90.0,68.2,5.35,4,sandy,373,18.1,80,0.44,7.01,274.3,23.5,1.63,synthetic response curve (Mitscherlich-style) + noise; NOT measured yield
2032,Chilli,102.4,12.8,16.2,2.01,14,clay,472,61.7,240,0.67,6.82,241.8,24.2,0.82,synthetic response curve (Mitscherlich-style) + noise; NOT measured yield
2033,Wheat,89.1,60.2,10.6,3.42,11,loam,304,15.2,169,0.58,7.26,709.1,23.4,0.28,synthetic response curve (Mitscherlich-style) + noise; NOT measured yield
2034,Maize,204.8,59.5,8.5,4.41,9,clay,110,12.4,286,0.19,8.55,168.6,23.3,-1.53,synthetic response curve (Mitscherlich-style) + noise; NOT measured yield
2035,Sorghum,35.9,54.0,16.1,1.97,2,loam,398,9.1,189,0.62,8.39,546.1,25.0,-1.27,synthetic response curve (Mitscherlich-style) + noise; NOT measured yield
2036,Maize,175.7,26.2,42.0,4.67,4,sandy,423,25.0,30,0.42,6.75,286.8,27.5,-0.34,synthetic response curve (Mitscherlich-style) + noise; NOT measured yield
2037,Mustard,76.7,13.1,29.1,0.89,10,sandy,158,16.0,56,0.24,6.54,45.9,28.4,0.02,synthetic response curve (Mitscherlich-style) + noise; NOT measured yield
2038,Chickpea,5.2,2.9,16.7,0.92,9,clay,431,9.9,202,0.55,8.45,81.1,24.3,0.58,synthetic response curve (Mitscherlich-style) + noise; NOT measured yield
2039,Cotton,158.4,70.6,79.5,1.54,2,loam,306,3.0,226,0.42,7.93,478.0,25.7,-1.57,synthetic response curve (Mitscherlich-style) + noise; NOT measured yield
2040,Sorghum,12.6,10.9,3.2,2.06,2,loam,359,18.0,170,0.25,7.83,243.9,23.3,0.33,synthetic response curve (Mitscherlich-style) + noise; NOT measured yield
2041,Wheat,164.1,1.4,58.2,2.6,10,sandy,341,20.4,101,0.44,6.5,12.4,25.3,0.92,synthetic response curve (Mitscherlich-style) + noise; NOT measured yield
2042,Pigeon pea,3.0,54.1,11.7,1.21,6,clay,337,30.1,331,0.65,8.16,212.6,24.1,0.76,synthetic response curve (Mitscherlich-style) + noise; NOT measured yield
2043,Chilli,41.0,48.3,71.3,2.31,8,clay,330,6.9,399,0.64,7.68,60.7,27.8,1.16,synthetic response curve (Mitscherlich-style) + noise; NOT measured yield
2044,Mustard,3.1,1.8,9.9,0.63,10,sandy,460,9.7,30,0.68,5.97,265.0,23.2,-0.83,synthetic response curve (Mitscherlich-style) + noise; NOT measured yield
2045,Ragi,33.9,1.6,35.8,1.12,13,sandy,375,7.4,189,0.29,5.63,181.4,26.0,1.81,synthetic response curve (Mitscherlich-style) + noise; NOT measured yield
2046,Soybean,35.8,50.4,51.4,2.1,4,sandy,256,4.9,30,0.34,6.01,364.9,21.6,-0.09,synthetic response curve (Mitscherlich-style) + noise; NOT measured yield
2047,Wheat,150.3,39.9,37.3,3.67,11,loam,286,23.6,291,0.6,7.91,264.9,31.2,-0.71,synthetic response curve (Mitscherlich-style) + noise; NOT measured yield
2048,Maize,159.7,39.8,11.3,3.62,13,sandy,355,31.1,161,0.3,6.68,51.1,22.5,-0.85,synthetic response curve (Mitscherlich-style) + noise; NOT measured yield
2049,Chilli,115.6,65.6,57.2,2.3,14,clay,391,17.6,331,0.4,7.09,115.3,28.0,0.79,synthetic response curve (Mitscherlich-style) + noise; NOT measured yield
2050,Tomato,160.9,23.5,17.1,29.82,15,clay,383,24.1,272,0.5,6.44,44.4,29.8,-0.08,synthetic response curve (Mitscherlich-style) + noise; NOT measured yield
2051,Rice,75.8,57.7,39.9,4.27,1,clay,447,15.1,199,0.75,7.43,40.6,27.7,-0.4,synthetic response curve (Mitscherlich-style) + noise; NOT measured yield
2052,Maize,192.6,20.4,20.3,3.82,2,loam,429,12.2,116,0.41,4.91,93.8,25.9,0.92,synthetic response curve (Mitscherlich-style) + noise; NOT measured yield
2053,Chickpea,28.8,68.3,3.8,1.19,14,clay,589,7.2,275,1.08,8.11,156.0,27.2,-1.78,synthetic response curve (Mitscherlich-style) + noise; NOT measured yield
2054,Wheat,26.5,55.8,12.6,2.63,4,sandy,253,8.2,49,0.26,6.79,84.2,26.7,0.43,synthetic response curve (Mitscherlich-style) + noise; NOT measured yield
2055,Sugarcane,304.1,64.0,53.0,78.36,5,loam,365,15.2,132,0.51,7.65,224.4,23.2,1.27,synthetic response curve (Mitscherlich-style) + noise; NOT measured yield
2056,Groundnut,15.9,29.9,43.1,1.45,8,clay,355,5.3,215,0.47,8.01,67.6,28.2,-0.62,synthetic response curve (Mitscherlich-style) + noise; NOT measured yield
2057,Pearl millet,6.1,20.3,13.6,1.51,10,sandy,291,23.1,32,0.1,7.12,74.5,27.3,-0.54,synthetic response curve (Mitscherlich-style) + noise; NOT measured yield
2058,Groundnut,25.6,58.6,24.8,1.68,1,clay,346,27.4,272,0.62,8.21,299.5,25.3,0.2,synthetic response curve (Mitscherlich-style) + noise; NOT measured yield
2059,Cotton,88.3,72.3,9.0,1.28,10,sandy,243,42.2,159,0.22,6.32,81.2,28.6,-0.5,synthetic response curve (Mitscherlich-style) + noise; NOT measured yield
2060,Cotton,62.0,31.4,44.3,1.6,2,loam,569,11.9,311,0.63,7.4,60.0,27.1,1.19,synthetic response curve (Mitscherlich-style) + noise; NOT measured yield
2061,Cotton,57.3,21.5,28.8,1.44,6,clay,338,7.8,272,0.57,8.55,308.7,30.3,0.02,synthetic response curve (Mitscherlich-style) + noise; NOT measured yield
2062,Sorghum,22.5,58.2,33.2,2.49,14,clay,444,80.8,382,0.67,9.2,362.2,27.2,-0.33,synthetic response curve (Mitscherlich-style) + noise; NOT measured yield
2063,Cotton,9.6,2.9,21.7,1.26,2,loam,295,22.4,122,0.28,7.59,129.6,30.0,0.62,synthetic response curve (Mitscherlich-style) + noise; NOT measured yield
2064,Wheat,42.3,65.4,56.8,3.76,1,clay,456,13.8,464,0.98,8.19,244.6,24.7,-1.16,synthetic response curve (Mitscherlich-style) + noise; NOT measured yield
2065,Rice,110.3,11.6,55.3,3.56,8,clay,342,37.3,312,0.43,8.94,436.4,24.9,0.67,synthetic response curve (Mitscherlich-style) + noise; NOT measured yield
2066,Pigeon pea,11.4,50.7,17.2,0.95,4,sandy,268,19.2,51,0.37,6.25,96.4,21.7,1.29,synthetic response curve (Mitscherlich-style) + noise; NOT measured yield
2067,Pigeon pea,4.9,40.5,37.2,1.06,4,sandy,378,6.8,91,0.43,7.12,220.4,24.6,-1.05,synthetic response curve (Mitscherlich-style) + noise; NOT measured yield
2068,Maize,135.6,9.4,67.9,4.34,7,clay,436,22.0,330,0.94,8.08,177.5,27.9,-0.51,synthetic response curve (Mitscherlich-style) + noise; NOT measured yield
2069,Rice,151.3,51.2,70.1,4.19,3,sandy,403,5.1,30,0.65,6.78,171.7,31.3,1.76,synthetic response curve (Mitscherlich-style) + noise; NOT measured yield
2070,Green gram,20.6,35.7,9.9,0.76,1,clay,570,4.6,194,1.0,8.46,53.1,27.8,-0.22,synthetic response curve (Mitscherlich-style) + noise; NOT measured yield
2071,Sunflower,4.8,61.1,37.0,1.45,14,clay,352,19.8,275,0.36,7.1,142.2,26.2,-1.17,synthetic response curve (Mitscherlich-style) + noise; NOT measured yield
2072,Ragi,6.4,39.0,33.8,1.64,13,sandy,460,21.4,30,0.75,6.75,59.8,24.3,-1.16,synthetic response curve (Mitscherlich-style) + noise; NOT measured yield
2073,Sugarcane,219.6,24.8,50.0,46.59,7,clay,399,4.0,206,0.67,8.24,109.1,26.4,-1.28,synthetic response curve (Mitscherlich-style) + noise; NOT measured yield
2074,Rice,89.3,71.0,29.7,4.19,13,sandy,415,8.1,198,0.63,6.75,125.4,23.0,-1.16,synthetic response curve (Mitscherlich-style) + noise; NOT measured yield
2075,Rice,45.5,80.5,81.6,3.94,15,clay,316,14.3,217,0.24,7.28,204.4,29.1,-1.67,synthetic response curve (Mitscherlich-style) + noise; NOT measured yield
2076,Ragi,49.3,21.4,17.1,1.58,6,clay,344,8.3,292,0.43,7.26,276.4,22.5,0.68,synthetic response curve (Mitscherlich-style) + noise; NOT measured yield
2077,Chilli,119.5,55.1,35.3,1.86,3,sandy,329,54.2,88,0.49,6.56,66.9,28.6,-0.78,synthetic response curve (Mitscherlich-style) + noise; NOT measured yield
2078,Rice,40.0,69.0,15.9,3.11,4,sandy,292,10.8,30,0.35,6.83,38.4,25.8,-0.48,synthetic response curve (Mitscherlich-style) + noise; NOT measured yield
2079,Rice,36.8,28.9,17.9,3.35,15,clay,438,18.5,97,0.64,8.33,138.9,23.7,0.06,synthetic response curve (Mitscherlich-style) + noise; NOT measured yield
2080,Sorghum,66.3,8.3,32.3,1.26,14,clay,454,3.4,280,0.8,6.45,217.5,21.5,-2.01,synthetic response curve (Mitscherlich-style) + noise; NOT measured yield
2081,Wheat,77.6,82.5,61.0,4.06,11,loam,408,31.4,176,0.79,7.48,116.8,22.9,0.2,synthetic response curve (Mitscherlich-style) + noise; NOT measured yield
2082,Wheat,124.9,43.7,24.4,3.7,11,loam,311,18.6,171,0.45,7.08,150.3,23.6,-1.25,synthetic response curve (Mitscherlich-style) + noise; NOT measured yield
2083,Turmeric,129.9,60.9,40.3,18.12,5,loam,335,36.2,284,0.49,7.59,176.6,23.0,-0.63,synthetic response curve (Mitscherlich-style) + noise; NOT measured yield
2084,Cotton,50.6,59.5,28.2,1.83,8,clay,512,26.2,358,0.62,7.74,303.7,30.3,-0.79,synthetic response curve (Mitscherlich-style) + noise; NOT measured yield
2085,Cotton,150.7,80.5,47.9,1.44,6,clay,524,20.2,177,0.79,9.03,240.7,23.5,0.57,synthetic response curve (Mitscherlich-style) + noise; NOT measured yield
2086,Soybean,10.2,5.4,6.4,1.44,6,clay,490,18.7,291,0.54,7.56,87.7,25.8,0.57,synthetic response curve (Mitscherlich-style) + noise; NOT measured yield
2087,Wheat,9.7,33.2,4.9,2.98,11,loam,383,70.4,178,0.52,7.31,287.8,23.9,-0.74,synthetic response curve (Mitscherlich-style) + noise; NOT measured yield
2088,Chickpea,1.1,71.3,28.2,1.25,9,clay,316,6.5,157,0.41,7.63,108.2,21.9,-1.05,synthetic response curve (Mitscherlich-style) + noise; NOT measured yield
2089,Onion,17.0,29.4,47.0,23.1,7,clay,332,24.4,311,0.64,9.05,64.3,25.7,-0.35,synthetic response curve (Mitscherlich-style) + noise; NOT measured yield
2090,Wheat,170.6,2.8,8.8,2.23,4,sandy,358,3.9,211,0.57,6.11,107.6,24.5,0.83,synthetic response curve (Mitscherlich-style) + noise; NOT measured yield
2091,Wheat,28.8,31.2,63.4,3.38,10,sandy,281,21.1,121,0.19,5.82,41.1,26.0,0.42,synthetic response curve (Mitscherlich-style) + noise; NOT measured yield
2092,Maize,184.5,50.5,0.4,4.65,7,clay,488,37.2,278,0.88,6.87,73.0,19.7,-0.22,synthetic response curve (Mitscherlich-style) + noise; NOT measured yield
2093,Chilli,77.2,36.2,39.2,2.17,1,clay,259,7.1,159,0.68,6.29,501.2,31.7,-0.21,synthetic response curve (Mitscherlich-style) + noise; NOT measured yield
2094,Rice,22.9,41.1,21.6,3.47,11,loam,314,10.4,89,0.43,7.71,124.8,27.6,0.68,synthetic response curve (Mitscherlich-style) + noise; NOT measured yield
2095,Soybean,5.3,1.9,55.7,1.61,6,clay,465,38.6,124,0.93,7.69,93.2,30.1,-0.4,synthetic response curve (Mitscherlich-style) + noise; NOT measured yield
2096,Sugarcane,142.1,41.7,120.5,68.26,7,clay,452,7.0,347,0.97,7.98,41.5,28.6,1.07,synthetic response curve (Mitscherlich-style) + noise; NOT measured yield
2097,Sunflower,30.0,6.6,15.3,1.01,15,clay,230,4.5,144,0.54,6.25,511.8,23.3,0.37,synthetic response curve (Mitscherlich-style) + noise; NOT measured yield
2098,Pigeon pea,26.5,2.2,15.9,0.9,11,loam,309,36.8,172,0.46,8.35,162.3,22.3,-0.49,synthetic response curve (Mitscherlich-style) + noise; NOT measured yield
2099,Maize,160.7,20.3,77.8,3.77,2,loam,149,5.8,283,0.27,5.71,215.9,21.7,1.37,synthetic response curve (Mitscherlich-style) + noise; NOT measured yield
2100,Maize,129.9,72.1,53.8,4.74,12,loam,352,7.3,205,0.5,7.35,756.2,28.5,-0.93,synthetic response curve (Mitscherlich-style) + noise; NOT measured yield
2101,Cotton,31.3,51.1,59.0,1.3,5,loam,511,9.6,220,0.97,7.29,80.6,21.9,-3.26,synthetic response curve (Mitscherlich-style) + noise; NOT measured yield
2102,Wheat,91.8,47.1,68.0,3.78,12,loam,541,8.8,164,0.69,9.2,98.4,29.4,0.16,synthetic response curve (Mitscherlich-style) + noise; NOT measured yield
2103,Cotton,156.5,75.1,67.8,2.1,6,clay,468,27.8,226,0.63,7.18,379.3,29.6,-0.71,synthetic response curve (Mitscherlich-style) + noise; NOT measured yield
2104,Wheat,14.2,80.1,56.6,3.53,9,clay,496,12.2,286,0.94,7.94,137.8,25.4,0.9,synthetic response curve (Mitscherlich-style) + noise; NOT measured yield
2105,Rice,71.4,59.5,58.0,4.4,11,loam,381,14.8,91,0.62,6.25,22.4,30.9,-0.02,synthetic response curve (Mitscherlich-style) + noise; NOT measured yield
2106,Sorghum,67.1,22.8,28.5,2.33,3,sandy,244,18.5,202,0.29,7.25,92.6,26.3,0.43,synthetic response curve (Mitscherlich-style) + noise; NOT measured yield
2107,Chilli,44.9,31.5,66.5,2.17,3,sandy,265,13.6,210,0.1,6.64,475.3,24.6,-1.14,synthetic response curve (Mitscherlich-style) + noise; NOT measured yield
2108,Potato,162.4,13.8,26.4,14.93,11,loam,405,8.6,214,0.56,8.28,61.3,24.4,-0.51,synthetic response curve (Mitscherlich-style) + noise; NOT measured yield
2109,Maize,45.3,35.2,47.5,4.9,2,loam,541,10.5,128,0.69,6.18,43.1,25.8,0.86,synthetic response curve (Mitscherlich-style) + noise; NOT measured yield
2110,Tomato,49.2,73.4,18.5,27.38,13,sandy,338,2.2,98,0.51,6.17,121.7,24.4,-1.17,synthetic response curve (Mitscherlich-style) + noise; NOT measured yield
2111,Onion,1.0,13.3,66.0,18.61,7,clay,444,19.0,194,0.65,7.64,115.1,28.1,2.32,synthetic response curve (Mitscherlich-style) + noise; NOT measured yield
2112,Banana,22.4,38.3,287.6,32.28,2,loam,498,12.4,144,0.76,9.18,84.6,28.3,-0.37,synthetic response curve (Mitscherlich-style) + noise; NOT measured yield
2113,Sugarcane,87.9,85.1,24.3,65.69,12,loam,504,18.1,104,0.98,7.05,138.7,24.1,1.18,synthetic response curve (Mitscherlich-style) + noise; NOT measured yield
2114,Cotton,148.4,71.2,78.5,1.99,14,clay,381,15.2,424,0.65,7.59,142.4,25.9,0.83,synthetic response curve (Mitscherlich-style) + noise; NOT measured yield
2115,Cotton,88.8,26.8,31.8,1.57,2,loam,389,6.2,216,0.69,7.27,847.4,30.1,0.16,synthetic response curve (Mitscherlich-style) + noise; NOT measured yield
2116,Tomato,140.2,102.6,117.0,38.64,15,clay,316,26.8,140,0.54,7.32,303.7,25.5,0.1,synthetic response curve (Mitscherlich-style) + noise; NOT measured yield
2117,Sugarcane,237.1,107.0,23.2,75.1,7,clay,356,11.1,278,0.31,8.22,108.0,32.1,-0.54,synthetic response curve (Mitscherlich-style) + noise; NOT measured yield
2118,Potato,69.7,73.8,35.4,19.54,11,loam,70,37.8,186,0.1,6.29,191.2,30.4,-0.56,synthetic response curve (Mitscherlich-style) + noise; NOT measured yield
2119,Wheat,109.0,74.4,36.1,3.79,4,sandy,368,10.0,216,0.34,6.03,249.0,23.2,-0.58,synthetic response curve (Mitscherlich-style) + noise; NOT measured yield
2120,Maize,99.0,12.2,44.3,3.56,2,loam,343,10.9,271,0.79,5.86,82.8,27.9,-0.99,synthetic response curve (Mitscherlich-style) + noise; NOT measured yield
2121,Rice,66.9,29.3,3.9,2.78,15,clay,462,24.4,63,0.72,8.19,178.2,31.2,1.15,synthetic response curve (Mitscherlich-style) + noise; NOT measured yield
2122,Cotton,29.2,60.5,44.2,1.57,10,sandy,394,17.1,142,0.18,6.69,37.7,23.1,-1.0,synthetic response curve (Mitscherlich-style) + noise; NOT measured yield
2123,Maize,41.6,66.4,62.9,5.1,4,sandy,384,10.1,140,0.47,6.21,97.3,25.5,0.75,synthetic response curve (Mitscherlich-style) + noise; NOT measured yield
2124,Wheat,30.6,52.8,63.3,3.84,6,clay,319,19.9,296,0.63,6.92,195.7,31.7,-0.05,synthetic response curve (Mitscherlich-style) + noise; NOT measured yield
2125,Wheat,142.5,1.0,7.8,1.67,12,loam,348,5.4,90,0.31,8.44,598.7,21.3,-0.49,synthetic response curve (Mitscherlich-style) + noise; NOT measured yield
2126,Wheat,137.0,54.8,4.2,3.16,5,loam,424,17.6,202,0.61,6.22,104.7,24.1,0.87,synthetic response curve (Mitscherlich-style) + noise; NOT measured yield
2127,Potato,69.6,25.2,123.3,16.82,11,loam,422,5.9,255,0.43,7.32,20.5,30.3,0.03,synthetic response curve (Mitscherlich-style) + noise; NOT measured yield
2128,Rice,85.8,53.8,56.3,4.44,1,clay,473,17.5,300,0.67,6.3,167.3,29.0,-1.04,synthetic response curve (Mitscherlich-style) + noise; NOT measured yield
2129,Mustard,66.2,21.0,18.1,1.13,15,clay,442,10.4,331,0.58,7.51,97.4,29.7,0.33,synthetic response curve (Mitscherlich-style) + noise; NOT measured yield
2130,Cotton,16.9,6.8,3.1,0.95,11,loam,277,21.1,47,0.42,7.42,226.2,30.4,-0.6,synthetic response curve (Mitscherlich-style) + noise; NOT measured yield
2131,Soybean,23.4,64.7,24.2,2.28,6,clay,414,18.2,214,0.62,7.47,171.5,33.5,1.02,synthetic response curve (Mitscherlich-style) + noise; NOT measured yield
2132,Wheat,167.9,41.4,66.2,3.67,9,clay,331,7.3,30,0.55,7.1,109.8,27.8,0.75,synthetic response curve (Mitscherlich-style) + noise; NOT measured yield
2133,Chilli,28.8,67.1,16.9,1.64,3,sandy,185,3.1,191,0.25,5.25,84.0,28.0,0.46,synthetic response curve (Mitscherlich-style) + noise; NOT measured yield
2134,Sugarcane,289.2,45.3,60.1,66.77,7,clay,328,12.7,260,0.6,7.06,129.4,26.9,1.01,synthetic response curve (Mitscherlich-style) + noise; NOT measured yield
2135,Cotton,109.0,37.8,9.2,1.79,6,clay,456,25.2,312,0.7,8.18,142.9,21.9,1.25,synthetic response curve (Mitscherlich-style) + noise; NOT measured yield
2136,Pigeon pea,12.8,59.8,26.8,1.17,6,clay,406,40.2,268,0.62,9.02,43.5,25.3,0.37,synthetic response curve (Mitscherlich-style) + noise; NOT measured yield
2137,Onion,111.0,29.3,71.0,25.52,13,sandy,384,18.0,30,0.47,5.99,399.0,26.8,-1.12,synthetic response curve (Mitscherlich-style) + noise; NOT measured yield
2138,Maize,72.5,82.0,20.8,5.25,7,clay,327,18.8,242,0.36,6.45,247.2,29.4,1.21,synthetic response curve (Mitscherlich-style) + noise; NOT measured yield
2139,Groundnut,14.3,12.9,51.3,1.39,1,clay,441,32.4,269,0.79,8.43,110.4,26.9,1.2,synthetic response curve (Mitscherlich-style) + noise; NOT measured yield
2140,Sugarcane,234.9,48.1,52.9,58.61,7,clay,299,2.8,255,0.1,6.69,113.5,28.5,-0.28,synthetic response curve (Mitscherlich-style) + noise; NOT measured yield
2141,Rice,139.2,8.0,34.0,2.92,1,clay,343,13.3,200,0.8,7.45,51.2,29.7,-0.05,synthetic response curve (Mitscherlich-style) + noise; NOT measured yield
2142,Pearl millet,101.8,46.8,15.4,1.98,8,clay,466,16.5,168,0.7,7.5,164.3,28.3,0.15,synthetic response curve (Mitscherlich-style) + noise; NOT measured yield
2143,Rice,118.0,1.3,4.1,3.1,11,loam,272,66.6,157,0.1,7.38,57.1,26.2,-0.3,synthetic response curve (Mitscherlich-style) + noise; NOT measured yield
2144,Mustard,27.1,10.6,27.3,0.84,2,loam,538,3.4,30,0.67,6.23,218.2,29.8,-0.93,synthetic response curve (Mitscherlich-style) + noise; NOT measured yield
2145,Rice,42.5,61.7,17.0,3.69,1,clay,178,15.9,312,0.39,7.83,44.6,29.1,0.19,synthetic response curve (Mitscherlich-style) + noise; NOT measured yield
2146,Turmeric,9.0,54.8,5.0,14.65,6,clay,341,38.3,197,0.44,7.3,53.6,29.3,-0.9,synthetic response curve (Mitscherlich-style) + noise; NOT measured yield
2147,Rice,99.4,19.6,21.5,3.55,8,clay,474,16.0,188,0.86,8.03,149.4,25.7,-0.36,synthetic response curve (Mitscherlich-style) + noise; NOT measured yield
2148,Groundnut,21.9,12.0,49.7,1.43,1,clay,447,19.1,56,0.78,7.94,203.4,31.1,-0.42,synthetic response curve (Mitscherlich-style) + noise; NOT measured yield
2149,Rice,77.6,49.3,68.0,4.92,5,loam,419,13.7,310,0.53,5.54,177.9,23.5,0.24,synthetic response curve (Mitscherlich-style) + noise; NOT measured yield
2150,Rice,107.7,68.8,53.5,4.57,12,loam,409,33.8,295,0.57,5.29,275.5,20.2,0.85,synthetic response curve (Mitscherlich-style) + noise; NOT measured yield
2151,Wheat,39.1,10.7,53.9,2.31,9,clay,524,4.0,280,0.78,7.61,410.0,23.9,-0.13,synthetic response curve (Mitscherlich-style) + noise; NOT measured yield
2152,Sunflower,28.1,4.2,29.9,1.15,8,clay,400,13.2,201,0.63,6.82,550.2,25.2,0.59,synthetic response curve (Mitscherlich-style) + noise; NOT measured yield
2153,Maize,37.9,49.0,61.9,4.25,2,loam,377,7.4,170,0.62,6.66,40.4,28.1,-0.81,synthetic response curve (Mitscherlich-style) + noise; NOT measured yield
2154,Maize,35.6,82.1,33.4,5.68,12,loam,501,7.2,220,0.39,7.56,111.2,23.5,0.15,synthetic response curve (Mitscherlich-style) + noise; NOT measured yield
2155,Lentil,25.9,34.6,18.1,1.14,9,clay,451,3.8,341,0.57,8.33,72.8,27.9,-0.57,synthetic response curve (Mitscherlich-style) + noise; NOT measured yield
2156,Onion,79.3,26.3,85.8,19.67,7,clay,484,12.5,317,0.93,5.52,135.2,25.1,-0.53,synthetic response curve (Mitscherlich-style) + noise; NOT measured yield
2157,Pigeon pea,18.0,35.4,34.9,1.18,10,sandy,257,4.0,87,0.27,7.4,48.5,21.0,0.25,synthetic response curve (Mitscherlich-style) + noise; NOT measured yield
2158,Rice,116.5,32.4,29.2,3.63,3,sandy,315,8.4,154,0.39,7.89,79.6,30.5,-1.81,synthetic response curve (Mitscherlich-style) + noise; NOT measured yield
2159,Tomato,117.7,93.6,37.4,31.7,11,loam,338,44.4,122,0.59,8.76,117.7,26.4,0.54,synthetic response curve (Mitscherlich-style) + noise; NOT measured yield
2160,Lentil,15.4,29.3,9.4,0.95,5,loam,489,29.4,250,0.65,7.6,63.5,26.6,0.29,synthetic response curve (Mitscherlich-style) + noise; NOT measured yield
2161,Groundnut,2.4,15.9,49.6,1.18,1,clay,388,2.9,303,0.73,7.67,265.1,32.3,-1.26,synthetic response curve (Mitscherlich-style) + noise; NOT measured yield
2162,Banana,30.3,20.9,6.9,26.15,4,sandy,300,11.2,86,0.34,7.24,16.2,26.2,0.19,synthetic response curve (Mitscherlich-style) + noise; NOT measured yield
2163,Pigeon pea,21.6,30.5,29.9,1.13,6,clay,234,10.9,321,0.38,6.65,160.0,28.4,1.52,synthetic response curve (Mitscherlich-style) + noise; NOT measured yield
2164,Maize,196.0,22.3,75.2,4.29,7,clay,540,9.7,219,0.59,7.37,54.2,24.0,-0.96,synthetic response curve (Mitscherlich-style) + noise; NOT measured yield
2165,Rice,166.2,42.3,43.6,4.26,4,sandy,364,16.8,145,0.36,5.91,232.9,24.6,-0.68,synthetic response curve (Mitscherlich-style) + noise; NOT measured yield
2166,Maize,201.8,75.3,53.8,5.76,12,loam,302,8.1,189,0.58,7.12,107.0,24.5,0.68,synthetic response curve (Mitscherlich-style) + noise; NOT measured yield
2167,Rice,172.5,49.2,79.5,4.62,4,sandy,128,6.7,242,0.29,5.67,147.2,26.6,2.15,synthetic response curve (Mitscherlich-style) + noise; NOT measured yield
2168,Pigeon pea,8.6,50.2,6.3,1.01,2,loam,227,12.8,175,0.63,6.21,233.7,27.3,0.62,synthetic response curve (Mitscherlich-style) + noise; NOT measured yield
2169,Chickpea,17.2,62.9,21.8,1.18,4,sandy,331,34.9,47,0.5,6.47,280.2,19.5,0.15,synthetic response curve (Mitscherlich-style) + noise; NOT measured yield
2170,Onion,52.5,0.9,64.0,15.66,7,clay,555,15.7,214,0.59,8.13,10.8,23.9,0.74,synthetic response curve (Mitscherlich-style) + noise; NOT measured yield
2171,Groundnut,26.1,0.4,6.8,1.33,1,clay,385,28.9,325,0.58,8.21,330.6,30.7,1.15,synthetic response curve (Mitscherlich-style) + noise; NOT measured yield
2172,Cotton,86.0,60.3,9.5,1.35,2,loam,282,8.2,139,0.53,6.23,307.7,26.8,0.38,synthetic response curve (Mitscherlich-style) + noise; NOT measured yield
2173,Chilli,113.1,9.8,67.7,1.38,3,sandy,397,9.5,139,0.78,6.92,58.1,34.3,0.44,synthetic response curve (Mitscherlich-style) + noise; NOT measured yield
2174,Soybean,3.9,17.9,30.1,1.88,6,clay,344,6.4,244,0.87,6.86,840.8,30.8,0.16,synthetic response curve (Mitscherlich-style) + noise; NOT measured yield
2175,Tomato,94.6,102.4,28.8,37.74,15,clay,437,4.7,230,0.89,7.73,274.5,26.6,-0.48,synthetic response curve (Mitscherlich-style) + noise; NOT measured yield
2176,Onion,33.1,45.2,80.7,21.36,9,clay,296,24.4,179,0.48,6.74,517.9,22.4,0.19,synthetic response curve (Mitscherlich-style) + noise; NOT measured yield
2177,Banana,183.2,51.0,79.9,33.14,2,loam,376,19.9,161,0.57,6.81,211.3,26.0,-2.32,synthetic response curve (Mitscherlich-style) + noise; NOT measured yield
2178,Maize,149.5,62.7,72.2,4.75,2,loam,284,12.5,159,0.46,6.8,272.1,27.4,-0.86,synthetic response curve (Mitscherlich-style) + noise; NOT measured yield
2179,Banana,112.4,38.2,255.0,31.39,2,loam,450,5.3,205,0.71,7.59,109.3,26.7,-1.26,synthetic response curve (Mitscherlich-style) + noise; NOT measured yield
2180,Lentil,3.0,10.2,3.9,0.7,1,clay,314,25.9,247,0.32,8.25,92.1,26.2,-1.22,synthetic response curve (Mitscherlich-style) + noise; NOT measured yield
2181,Cotton,27.6,36.9,67.4,1.56,8,clay,456,5.1,376,0.96,6.1,115.4,31.0,-0.25,synthetic response curve (Mitscherlich-style) + noise; NOT measured yield
2182,Sorghum,58.0,2.5,19.5,1.25,11,loam,452,10.4,265,0.92,8.19,256.6,25.9,-1.56,synthetic response curve (Mitscherlich-style) + noise; NOT measured yield
2183,Soybean,22.0,62.0,35.2,2.24,7,clay,399,12.1,254,0.58,8.13,416.3,24.0,0.88,synthetic response curve (Mitscherlich-style) + noise; NOT measured yield
2184,Potato,5.0,28.8,55.7,18.08,7,clay,465,21.8,275,0.64,8.28,136.6,27.7,-0.92,synthetic response curve (Mitscherlich-style) + noise; NOT measured yield
2185,Cotton,53.9,41.9,59.6,1.7,9,clay,384,7.1,193,0.43,7.42,245.0,23.9,-0.52,synthetic response curve (Mitscherlich-style) + noise; NOT measured yield
2186,Ragi,41.1,25.0,25.6,1.72,6,clay,483,9.0,264,0.59,8.05,149.5,26.4,2.26,synthetic response curve (Mitscherlich-style) + noise; NOT measured yield
2187,Pearl millet,105.8,27.8,37.6,1.77,13,sandy,181,6.1,32,0.15,6.86,89.2,20.8,-1.03,synthetic response curve (Mitscherlich-style) + noise; NOT measured yield
2188,Wheat,33.8,25.7,27.2,4.03,11,loam,362,42.4,385,0.6,7.11,201.0,21.1,0.26,synthetic response curve (Mitscherlich-style) + noise; NOT measured yield
2189,Lentil,27.4,21.7,12.3,0.74,15,clay,324,16.1,68,0.49,7.81,1913.4,30.8,0.05,synthetic response curve (Mitscherlich-style) + noise; NOT measured yield
2190,Maize,192.0,38.3,52.4,4.7,2,loam,434,13.9,181,0.7,7.17,147.0,26.7,1.04,synthetic response curve (Mitscherlich-style) + noise; NOT measured yield
2191,Sugarcane,87.8,90.9,121.5,86.42,7,clay,484,24.9,213,0.88,7.64,281.9,27.9,1.44,synthetic response curve (Mitscherlich-style) + noise; NOT measured yield
2192,Ragi,63.0,47.0,39.5,2.28,13,sandy,341,16.2,153,0.61,6.21,297.2,22.8,0.73,synthetic response curve (Mitscherlich-style) + noise; NOT measured yield
2193,Potato,104.0,58.7,175.2,22.25,11,loam,293,14.2,255,0.53,7.35,46.9,24.9,-0.61,synthetic response curve (Mitscherlich-style) + noise; NOT measured yield
2194,Rice,163.4,37.3,15.9,4.3,12,loam,507,9.9,232,0.63,7.79,149.1,30.1,-0.43,synthetic response curve (Mitscherlich-style) + noise; NOT measured yield
2195,Onion,8.5,31.5,54.6,23.68,8,clay,396,18.7,286,0.45,6.82,68.3,30.6,-0.84,synthetic response curve (Mitscherlich-style) + noise; NOT measured yield
2196,Soybean,17.5,63.7,34.2,2.06,6,clay,407,18.4,320,0.54,8.43,216.1,21.4,0.06,synthetic response curve (Mitscherlich-style) + noise; NOT measured yield
2197,Chilli,28.2,31.8,44.6,2.09,12,loam,259,40.2,116,0.72,8.0,435.5,29.4,-0.68,synthetic response curve (Mitscherlich-style) + noise; NOT measured yield
2198,Cotton,118.8,35.3,24.7,1.63,8,clay,404,21.1,302,0.81,9.18,131.7,31.5,1.6,synthetic response curve (Mitscherlich-style) + noise; NOT measured yield
2199,Maize,42.8,87.4,29.5,5.43,7,clay,337,11.7,275,0.63,8.32,32.2,24.5,-0.01,synthetic response curve (Mitscherlich-style) + noise; NOT measured yield
2200,Pigeon pea,5.7,32.8,5.7,0.9,6,clay,506,6.1,140,0.83,8.32,234.9,22.3,-1.61,synthetic response curve (Mitscherlich-style) + noise; NOT measured yield
2201,Wheat,48.3,32.5,48.9,4.16,2,loam,586,11.3,172,0.79,6.11,103.1,25.9,-0.21,synthetic response curve (Mitscherlich-style) + noise; NOT measured yield
2202,Wheat,176.5,35.1,13.8,3.3,12,loam,291,12.4,227,0.18,7.15,214.0,25.0,-1.01,synthetic response curve (Mitscherlich-style) + noise; NOT measured yield
2203,Maize,108.7,48.4,22.0,3.86,13,sandy,503,11.5,115,0.67,6.6,98.9,23.5,-0.47,synthetic response curve (Mitscherlich-style) + noise; NOT measured yield
2204,Mustard,106.8,8.0,35.7,1.15,1,clay,331,23.5,172,0.67,6.86,388.0,30.0,0.47,synthetic response curve (Mitscherlich-style) + noise; NOT measured yield
2205,Sunflower,109.1,64.1,26.8,1.55,7,clay,437,27.4,361,0.91,7.94,172.6,28.5,-0.85,synthetic response curve (Mitscherlich-style) + noise; NOT measured yield
2206,Ragi,49.0,29.7,15.8,2.01,11,loam,235,6.9,232,0.49,7.38,141.8,24.8,1.02,synthetic response curve (Mitscherlich-style) + noise; NOT measured yield
2207,Rice,158.1,20.7,80.1,3.49,3,sandy,335,16.7,83,0.17,5.89,46.6,30.6,-0.32,synthetic response curve (Mitscherlich-style) + noise; NOT measured yield
2208,Turmeric,29.6,51.0,44.9,17.0,5,loam,327,9.3,163,0.57,7.43,121.2,23.0,1.14,synthetic response curve (Mitscherlich-style) + noise; NOT measured yield
2209,Potato,34.8,39.8,63.8,23.89,15,clay,558,48.0,285,0.85,8.19,804.0,30.7,1.46,synthetic response curve (Mitscherlich-style) + noise; NOT measured yield
2210,Wheat,31.6,28.3,36.0,3.11,12,loam,420,10.8,284,0.54,6.78,135.1,29.0,-0.99,synthetic response curve (Mitscherlich-style) + noise; NOT measured yield
2211,Cotton,87.2,43.0,18.3,1.5,14,clay,533,13.6,259,0.87,9.15,361.4,18.7,0.81,synthetic response curve (Mitscherlich-style) + noise; NOT measured yield
2212,Mustard,84.2,15.4,40.8,1.06,15,clay,297,15.9,266,0.61,6.78,248.5,22.6,0.08,synthetic response curve (Mitscherlich-style) + noise; NOT measured yield
2213,Potato,6.6,114.7,19.4,17.81,11,loam,486,10.9,239,0.53,6.95,116.9,27.8,-0.34,synthetic response curve (Mitscherlich-style) + noise; NOT measured yield
2214,Wheat,161.4,77.7,61.8,4.86,5,loam,310,26.0,230,0.58,6.43,215.8,22.6,-0.41,synthetic response curve (Mitscherlich-style) + noise; NOT measured yield
2215,Rice,36.5,66.1,67.5,3.43,15,clay,326,20.7,221,0.8,7.73,2253.4,24.3,2.58,synthetic response curve (Mitscherlich-style) + noise; NOT measured yield
2216,Sugarcane,133.0,41.3,143.1,78.27,7,clay,471,17.9,246,0.65,7.7,100.6,27.1,0.1,synthetic response curve (Mitscherlich-style) + noise; NOT measured yield
2217,Chickpea,25.8,36.3,40.6,1.42,9,clay,422,5.6,322,0.58,6.49,281.1,24.9,0.74,synthetic response curve (Mitscherlich-style) + noise; NOT measured yield
2218,Chickpea,3.2,23.6,36.2,1.54,9,clay,429,29.8,318,0.65,6.3,55.1,23.3,-0.42,synthetic response curve (Mitscherlich-style) + noise; NOT measured yield
2219,Chickpea,6.7,20.9,16.8,1.33,9,clay,561,9.6,302,0.7,6.29,591.7,22.3,1.65,synthetic response curve (Mitscherlich-style) + noise; NOT measured yield
2220,Wheat,154.6,28.9,43.9,2.7,9,clay,622,7.6,368,0.71,8.57,156.4,25.2,3.11,synthetic response curve (Mitscherlich-style) + noise; NOT measured yield
2221,Rice,179.4,70.1,70.0,4.26,12,loam,60,14.5,259,0.14,8.39,412.6,24.6,1.53,synthetic response curve (Mitscherlich-style) + noise; NOT measured yield
2222,Rice,79.6,75.3,44.3,5.06,3,sandy,338,29.3,238,0.28,6.54,72.5,28.0,0.75,synthetic response curve (Mitscherlich-style) + noise; NOT measured yield
2223,Chickpea,10.8,55.5,37.7,1.5,7,clay,407,16.8,262,0.86,6.28,188.5,26.9,0.8,synthetic response curve (Mitscherlich-style) + noise; NOT measured yield
2224,Chickpea,2.5,59.6,30.2,1.26,9,clay,384,24.2,253,0.69,8.34,349.2,25.3,-2.82,synthetic response curve (Mitscherlich-style) + noise; NOT measured yield
2225,Chickpea,17.9,45.3,28.1,1.61,9,clay,479,25.2,247,0.46,7.84,1388.8,23.0,0.59,synthetic response curve (Mitscherlich-style) + noise; NOT measured yield
2226,Rice,75.1,48.8,74.5,3.87,11,loam,163,26.4,216,0.53,6.78,164.6,24.1,-1.2,synthetic response curve (Mitscherlich-style) + noise; NOT measured yield
2227,Cotton,22.3,29.5,22.6,1.43,6,clay,247,19.9,268,0.62,8.28,8.6,31.3,-0.37,synthetic response curve (Mitscherlich-style) + noise; NOT measured yield
2228,Green gram,10.4,25.8,23.0,0.71,15,clay,447,14.8,263,0.91,9.2,205.3,26.1,-0.53,synthetic response curve (Mitscherlich-style) + noise; NOT measured yield
2229,Groundnut,20.8,40.3,9.7,1.55,1,clay,427,4.4,221,0.86,7.31,719.5,25.9,-1.5,synthetic response curve (Mitscherlich-style) + noise; NOT measured yield
2230,Rice,178.2,26.4,40.4,3.35,11,loam,453,9.4,164,0.7,6.51,134.8,27.5,1.1,synthetic response curve (Mitscherlich-style) + noise; NOT measured yield
2231,Green gram,23.3,33.1,16.7,0.75,3,sandy,372,12.3,129,0.49,7.41,58.8,26.4,-0.36,synthetic response curve (Mitscherlich-style) + noise; NOT measured yield
2232,Wheat,169.2,28.6,42.3,3.86,10,sandy,440,45.0,222,0.21,6.96,125.4,26.0,0.86,synthetic response curve (Mitscherlich-style) + noise; NOT measured yield
2233,Pearl millet,28.4,47.2,43.3,1.66,1,clay,319,18.4,282,0.43,7.36,32.1,27.1,-1.24,synthetic response curve (Mitscherlich-style) + noise; NOT measured yield
2234,Green gram,18.1,59.6,35.4,0.85,4,sandy,375,7.3,118,0.65,6.82,180.8,24.1,1.47,synthetic response curve (Mitscherlich-style) + noise; NOT measured yield
2235,Soybean,26.7,74.9,20.8,2.44,6,clay,504,12.3,387,0.56,7.43,164.7,27.6,1.65,synthetic response curve (Mitscherlich-style) + noise; NOT measured yield
2236,Cotton,38.7,59.5,51.2,1.66,2,loam,355,20.4,236,0.57,6.88,166.1,23.8,0.68,synthetic response curve (Mitscherlich-style) + noise; NOT measured yield
2237,Rice,106.8,1.2,69.0,2.27,5,loam,370,13.2,148,0.76,6.67,438.6,23.1,-0.74,synthetic response curve (Mitscherlich-style) + noise; NOT measured yield
2238,Mustard,49.3,17.4,16.9,0.98,10,sandy,303,11.4,30,0.35,7.38,153.1,23.0,1.52,synthetic response curve (Mitscherlich-style) + noise; NOT measured yield
2239,Cotton,11.1,37.8,81.2,1.7,3,sandy,404,12.5,76,0.24,6.18,144.0,27.6,0.06,synthetic response curve (Mitscherlich-style) + noise; NOT measured yield
2240,Mustard,56.0,15.1,2.9,0.88,10,sandy,415,5.3,123,0.49,6.75,44.3,24.6,0.02,synthetic response curve (Mitscherlich-style) + noise; NOT measured yield
2241,Rice,142.4,37.7,13.6,3.78,8,clay,419,7.3,326,0.7,8.62,86.2,24.9,-0.69,synthetic response curve (Mitscherlich-style) + noise; NOT measured yield
2242,Maize,177.4,12.8,51.2,3.24,13,sandy,363,3.8,76,0.49,7.27,66.6,24.8,-1.7,synthetic response curve (Mitscherlich-style) + noise; NOT measured yield
2243,Wheat,22.1,53.7,49.5,3.57,10,sandy,365,16.4,123,0.44,6.55,34.6,29.2,0.34,synthetic response curve (Mitscherlich-style) + noise; NOT measured yield
2244,Onion,58.6,3.8,42.4,20.13,7,clay,266,36.6,332,0.6,7.13,184.0,26.2,0.15,synthetic response curve (Mitscherlich-style) + noise; NOT measured yield
2245,Tomato,108.5,14.6,33.4,23.85,13,sandy,516,6.4,133,0.56,6.08,67.3,22.2,-1.72,synthetic response curve (Mitscherlich-style) + noise; NOT measured yield
2246,Rice,109.5,20.4,18.7,4.01,3,sandy,452,11.0,169,0.52,5.92,126.3,24.6,-0.13,synthetic response curve (Mitscherlich-style) + noise; NOT measured yield
2247,Chickpea,24.0,51.2,13.2,1.19,9,clay,227,17.4,185,0.33,8.78,334.2,25.9,0.17,synthetic response curve (Mitscherlich-style) + noise; NOT measured yield
2248,Banana,12.0,21.7,115.0,23.18,4,sandy,125,33.4,30,0.43,8.02,150.6,25.1,-0.14,synthetic response curve (Mitscherlich-style) + noise; NOT measured yield
2249,Potato,119.2,106.1,109.1,22.64,7,clay,372,4.3,280,0.53,7.88,668.1,25.3,0.31,synthetic response curve (Mitscherlich-style) + noise; NOT measured yield
2250,Rice,57.2,44.4,8.2,3.83,8,clay,450,20.5,265,0.76,8.14,161.7,32.7,-0.83,synthetic response curve (Mitscherlich-style) + noise; NOT measured yield
2251,Chickpea,9.0,22.5,36.9,1.38,9,clay,290,18.5,291,0.38,8.83,36.2,22.2,0.55,synthetic response curve (Mitscherlich-style) + noise; NOT measured yield
2252,Chilli,130.6,21.5,6.5,1.68,5,loam,496,8.7,172,0.73,7.13,36.9,21.0,0.34,synthetic response curve (Mitscherlich-style) + noise; NOT measured yield
2253,Rice,79.6,40.2,74.1,3.48,10,sandy,335,8.2,115,0.59,7.19,9.0,26.3,-2.13,synthetic response curve (Mitscherlich-style) + noise; NOT measured yield
2254,Rice,1.9,53.0,24.3,3.18,3,sandy,177,18.0,170,0.34,5.95,88.0,29.4,1.64,synthetic response curve (Mitscherlich-style) + noise; NOT measured yield
2255,Chilli,112.5,69.2,40.3,2.32,3,sandy,115,55.9,169,0.24,7.88,117.7,28.1,0.28,synthetic response curve (Mitscherlich-style) + noise; NOT measured yield
2256,Cotton,110.2,56.7,52.1,1.72,2,loam,370,8.6,187,0.7,7.69,105.9,22.9,-0.18,synthetic response curve (Mitscherlich-style) + noise; NOT measured yield
2257,Rice,31.2,1.4,4.3,2.58,8,clay,534,13.4,260,0.78,7.21,105.5,29.8,-0.2,synthetic response curve (Mitscherlich-style) + noise; NOT measured yield
2258,Chickpea,11.9,11.6,20.3,1.22,7,clay,607,18.4,271,0.89,7.4,155.9,24.0,0.71,synthetic response curve (Mitscherlich-style) + noise; NOT measured yield
2259,Ragi,72.2,0.9,12.1,1.22,13,sandy,210,18.2,91,0.1,5.96,96.2,30.2,2.34,synthetic response curve (Mitscherlich-style) + noise; NOT measured yield
2260,Wheat,85.4,46.8,63.1,4.76,6,clay,312,90.0,291,0.77,6.92,89.7,29.1,0.86,synthetic response curve (Mitscherlich-style) + noise; NOT measured yield
2261,Soybean,17.9,36.5,45.5,2.06,9,clay,417,6.7,188,0.69,7.55,260.6,22.8,0.15,synthetic response curve (Mitscherlich-style) + noise; NOT measured yield
2262,Rice,170.4,14.5,75.6,3.14,15,clay,441,20.8,137,0.79,7.04,884.7,31.8,1.82,synthetic response curve (Mitscherlich-style) + noise; NOT measured yield
2263,Rice,17.2,55.7,10.5,3.38,10,sandy,411,9.3,159,0.92,6.79,61.1,31.4,-1.24,synthetic response curve (Mitscherlich-style) + noise; NOT measured yield
2264,Pearl millet,10.3,41.5,17.6,1.67,13,sandy,318,6.1,98,0.74,5.84,68.4,25.7,1.91,synthetic response curve (Mitscherlich-style) + noise; NOT measured yield
2265,Rice,177.0,36.2,48.1,3.82,8,clay,430,17.4,356,0.73,7.39,99.7,30.8,-0.62,synthetic response curve (Mitscherlich-style) + noise; NOT measured yield
2266,Rice,64.6,12.5,37.1,2.53,3,sandy,424,9.7,231,0.76,7.39,74.8,33.3,-1.6,synthetic response curve (Mitscherlich-style) + noise; NOT measured yield
2267,Maize,149.4,25.9,34.6,4.26,7,clay,354,6.3,328,0.5,8.07,68.3,23.5,0.01,synthetic response curve (Mitscherlich-style) + noise; NOT measured yield
2268,Chilli,111.2,56.6,43.1,2.32,12,loam,482,13.1,281,0.63,6.27,475.9,23.7,-0.63,synthetic response curve (Mitscherlich-style) + noise; NOT measured yield
2269,Banana,92.0,38.5,108.7,35.08,2,loam,397,26.6,250,0.61,7.86,10.7,26.3,-1.02,synthetic response curve (Mitscherlich-style) + noise; NOT measured yield
2270,Chilli,130.2,55.5,8.5,1.83,8,clay,307,13.8,306,0.42,7.4,925.2,30.3,-0.75,synthetic response curve (Mitscherlich-style) + noise; NOT measured yield
2271,Chilli,2.5,43.6,30.5,1.96,8,clay,388,9.2,217,0.33,8.42,70.8,32.9,-0.22,synthetic response curve (Mitscherlich-style) + noise; NOT measured yield
2272,Chilli,0.7,19.2,14.8,1.45,14,clay,400,8.2,355,0.79,8.39,166.1,28.6,-1.0,synthetic response curve (Mitscherlich-style) + noise; NOT measured yield
2273,Potato,215.6,54.4,81.0,23.0,15,clay,438,35.8,265,0.55,8.11,865.7,25.5,-0.85,synthetic response curve (Mitscherlich-style) + noise; NOT measured yield
2274,Ragi,13.3,19.0,22.9,1.79,10,sandy,318,12.4,120,0.53,6.79,134.1,23.6,0.02,synthetic response curve (Mitscherlich-style) + noise; NOT measured yield
2275,Rice,75.0,7.7,19.9,2.62,4,sandy,244,21.0,30,0.26,6.94,355.0,24.8,-0.94,synthetic response curve (Mitscherlich-style) + noise; NOT measured yield
2276,Wheat,130.8,4.3,5.7,3.04,4,sandy,306,36.7,146,0.55,5.7,133.0,25.7,0.79,synthetic response curve (Mitscherlich-style) + noise; NOT measured yield
2277,Wheat,31.5,20.5,62.0,2.82,9,clay,442,8.6,288,0.56,7.07,73.1,31.8,-1.31,synthetic response curve (Mitscherlich-style) + noise; NOT measured yield
2278,Wheat,106.9,1.1,68.9,1.98,3,sandy,220,5.2,259,0.1,5.79,399.4,27.8,0.52,synthetic response curve (Mitscherlich-style) + noise; NOT measured yield
2279,Wheat,96.3,55.4,66.3,4.22,11,loam,406,19.2,322,0.52,6.69,49.3,29.8,-0.28,synthetic response curve (Mitscherlich-style) + noise; NOT measured yield
2280,Mustard,19.1,17.5,45.8,1.11,15,clay,639,21.7,349,1.11,7.56,327.8,28.3,0.13,synthetic response curve (Mitscherlich-style) + noise; NOT measured yield
2281,Rice,7.1,66.5,16.8,3.86,3,sandy,299,31.3,187,0.29,6.58,769.5,29.3,0.43,synthetic response curve (Mitscherlich-style) + noise; NOT measured yield
2282,Cotton,87.4,0.0,31.6,0.7,14,clay,484,4.2,56,0.79,7.37,122.6,22.0,-0.36,synthetic response curve (Mitscherlich-style) + noise; NOT measured yield
2283,Tomato,176.0,11.1,39.4,30.33,1,clay,484,34.9,249,0.62,7.33,312.4,26.5,0.9,synthetic response curve (Mitscherlich-style) + noise; NOT measured yield
2284,Rice,161.8,47.2,24.2,3.9,8,clay,373,21.1,396,0.48,7.67,219.2,26.8,-0.32,synthetic response curve (Mitscherlich-style) + noise; NOT measured yield
2285,Soybean,7.2,62.6,32.4,1.82,6,clay,388,25.4,246,0.73,7.68,170.3,29.9,-1.0,synthetic response curve (Mitscherlich-style) + noise; NOT measured yield
2286,Soybean,12.5,41.2,1.7,1.57,9,clay,406,7.4,152,0.65,6.27,115.4,28.5,-0.99,synthetic response curve (Mitscherlich-style) + noise; NOT measured yield
2287,Rice,132.7,47.4,38.5,3.82,8,clay,402,7.6,178,0.42,9.04,55.6,28.1,-0.13,synthetic response curve (Mitscherlich-style) + noise; NOT measured yield
2288,Chickpea,19.9,60.3,39.3,1.21,9,clay,218,9.5,209,0.39,7.83,171.9,24.7,1.15,synthetic response curve (Mitscherlich-style) + noise; NOT measured yield
2289,Sorghum,63.9,8.2,44.9,1.46,2,loam,350,6.3,253,0.42,8.18,244.5,24.2,0.18,synthetic response curve (Mitscherlich-style) + noise; NOT measured yield
2290,Rice,77.1,36.4,63.0,4.15,12,loam,450,23.0,160,0.59,7.24,49.0,32.6,-0.65,synthetic response curve (Mitscherlich-style) + noise; NOT measured yield
2291,Mustard,54.9,28.8,14.6,1.44,15,clay,362,36.1,241,0.44,7.76,84.2,29.5,0.58,synthetic response curve (Mitscherlich-style) + noise; NOT measured yield
2292,Groundnut,14.4,18.6,26.5,1.25,8,clay,382,10.8,249,0.46,7.65,117.9,31.1,0.4,synthetic response curve (Mitscherlich-style) + noise; NOT measured yield
2293,Pearl millet,66.2,0.5,43.3,1.12,13,sandy,346,21.4,376,0.38,7.13,296.3,24.0,1.29,synthetic response curve (Mitscherlich-style) + noise; NOT measured yield
2294,Sorghum,34.8,34.0,11.6,1.61,2,loam,565,17.5,30,0.82,6.57,194.4,29.6,-0.78,synthetic response curve (Mitscherlich-style) + noise; NOT measured yield
2295,Rice,29.6,17.7,59.4,4.02,11,loam,337,30.4,208,0.59,6.16,178.2,24.2,0.52,synthetic response curve (Mitscherlich-style) + noise; NOT measured yield
2296,Groundnut,7.7,62.3,59.3,1.32,5,loam,438,7.0,100,0.66,6.96,20.3,25.2,-0.13,synthetic response curve (Mitscherlich-style) + noise; NOT measured yield
2297,Rice,104.6,55.7,3.0,3.38,11,loam,395,19.7,294,0.75,7.01,93.4,28.4,-1.29,synthetic response curve (Mitscherlich-style) + noise; NOT measured yield
2298,Turmeric,133.8,27.2,130.0,14.69,9,clay,530,7.6,332,0.76,8.36,57.8,26.6,-0.05,synthetic response curve (Mitscherlich-style) + noise; NOT measured yield
2299,Green gram,24.3,24.8,8.2,0.68,1,clay,266,6.8,337,0.63,8.89,480.5,24.5,0.49,synthetic response curve (Mitscherlich-style) + noise; NOT measured yield
2300,Rice,146.6,74.8,28.7,4.44,6,clay,515,15.1,240,0.62,7.42,281.0,22.9,0.1,synthetic response curve (Mitscherlich-style) + noise; NOT measured yield
2301,Sugarcane,317.3,31.0,54.6,55.0,7,clay,248,26.7,133,0.27,9.2,202.6,25.7,0.13,synthetic response curve (Mitscherlich-style) + noise; NOT measured yield
2302,Lentil,23.5,25.7,31.7,0.8,13,sandy,306,14.3,181,0.48,6.7,184.6,23.2,-1.47,synthetic response curve (Mitscherlich-style) + noise; NOT measured yield
2303,Sorghum,25.9,32.3,12.0,2.23,2,loam,347,12.8,197,0.51,7.37,557.1,25.5,0.78,synthetic response curve (Mitscherlich-style) + noise; NOT measured yield
2304,Mustard,24.0,2.0,1.7,0.72,15,clay,375,14.0,266,0.72,6.43,820.2,29.5,-0.2,synthetic response curve (Mitscherlich-style) + noise; NOT measured yield
2305,Groundnut,23.0,49.6,55.4,1.76,1,clay,446,21.5,147,0.51,7.91,261.9,28.0,-0.34,synthetic response curve (Mitscherlich-style) + noise; NOT measured yield
2306,Sugarcane,89.7,81.4,103.8,85.44,4,sandy,425,9.5,42,0.3,7.61,135.9,22.4,1.8,synthetic response curve (Mitscherlich-style) + noise; NOT measured yield
2307,Cotton,7.2,0.2,45.9,1.17,3,sandy,212,23.3,69,0.33,6.5,330.3,26.8,-0.54,synthetic response curve (Mitscherlich-style) + noise; NOT measured yield
2308,Cotton,99.8,20.5,72.5,0.95,14,clay,527,5.6,293,1.02,8.97,539.2,25.5,-2.5,synthetic response curve (Mitscherlich-style) + noise; NOT measured yield
2309,Soybean,20.0,83.8,6.8,2.03,9,clay,362,17.3,322,0.7,7.03,63.4,23.9,-0.82,synthetic response curve (Mitscherlich-style) + noise; NOT measured yield
2310,Rice,2.6,20.8,26.1,3.38,11,loam,307,10.7,286,0.36,6.71,186.1,27.2,-0.82,synthetic response curve (Mitscherlich-style) + noise; NOT measured yield
2311,Potato,209.9,80.7,66.6,27.25,11,loam,279,5.9,362,0.43,6.83,55.6,27.1,0.72,synthetic response curve (Mitscherlich-style) + noise; NOT measured yield
2312,Sorghum,106.5,26.2,21.8,1.96,9,clay,509,23.4,291,0.63,7.53,252.0,22.2,-1.52,synthetic response curve (Mitscherlich-style) + noise; NOT measured yield
2313,Rice,37.0,78.8,69.0,4.41,5,loam,303,13.7,205,0.66,6.28,42.7,21.3,0.04,synthetic response curve (Mitscherlich-style) + noise; NOT measured yield
2314,Maize,6.9,55.3,69.9,4.15,2,loam,259,5.2,298,0.55,7.81,45.4,23.7,-1.13,synthetic response curve (Mitscherlich-style) + noise; NOT measured yield
2315,Sugarcane,278.4,33.9,27.0,65.5,7,clay,459,29.1,319,0.73,7.55,389.7,23.1,-0.51,synthetic response curve (Mitscherlich-style) + noise; NOT measured yield
2316,Onion,115.5,12.3,57.4,16.24,7,clay,268,21.1,337,0.5,9.2,65.4,32.0,-2.77,synthetic response curve (Mitscherlich-style) + noise; NOT measured yield
2317,Onion,22.7,67.5,1.4,20.85,7,clay,202,29.3,323,0.58,6.93,34.4,28.1,-0.91,synthetic response curve (Mitscherlich-style) + noise; NOT measured yield
2318,Soybean,28.8,35.5,16.4,1.92,15,clay,347,8.4,273,0.5,8.46,56.7,26.0,0.11,synthetic response curve (Mitscherlich-style) + noise; NOT measured yield
2319,Cotton,96.2,77.8,6.7,1.55,2,loam,437,21.0,270,0.65,5.43,132.9,27.6,0.46,synthetic response curve (Mitscherlich-style) + noise; NOT measured yield
2320,Pearl millet,54.1,6.3,12.3,1.57,10,sandy,317,24.3,219,0.22,5.97,22.5,26.1,0.32,synthetic response curve (Mitscherlich-style) + noise; NOT measured yield
2321,Cotton,110.1,25.7,61.0,1.53,3,sandy,214,26.3,126,0.1,5.81,277.4,28.6,-0.69,synthetic response curve (Mitscherlich-style) + noise; NOT measured yield
2322,Wheat,4.2,77.5,18.4,3.83,9,clay,444,7.8,167,0.6,7.21,265.7,25.9,0.33,synthetic response curve (Mitscherlich-style) + noise; NOT measured yield
2323,Potato,64.2,43.9,177.7,22.64,11,loam,380,5.7,194,0.6,5.64,101.2,23.8,-0.28,synthetic response curve (Mitscherlich-style) + noise; NOT measured yield
2324,Soybean,17.3,74.1,19.6,1.54,1,clay,540,13.6,195,0.6,9.2,193.8,31.2,-0.23,synthetic response curve (Mitscherlich-style) + noise; NOT measured yield
2325,Soybean,23.5,24.2,52.5,1.94,7,clay,340,14.9,351,0.44,8.49,80.9,25.1,1.46,synthetic response curve (Mitscherlich-style) + noise; NOT measured yield
2326,Sugarcane,69.9,64.4,37.0,63.84,5,loam,388,22.1,156,0.44,8.33,160.3,30.1,2.51,synthetic response curve (Mitscherlich-style) + noise; NOT measured yield
2327,Cotton,98.0,2.9,61.5,0.96,8,clay,354,13.8,390,0.53,7.49,127.1,30.5,1.06,synthetic response curve (Mitscherlich-style) + noise; NOT measured yield
2328,Cotton,158.3,33.6,6.3,1.48,8,clay,437,9.1,264,0.64,8.65,62.4,29.4,-0.29,synthetic response curve (Mitscherlich-style) + noise; NOT measured yield
2329,Rice,47.5,45.2,78.7,3.76,8,clay,225,21.0,230,0.4,7.91,349.2,31.2,-1.33,synthetic response curve (Mitscherlich-style) + noise; NOT measured yield
2330,Pearl millet,3.1,51.0,22.1,1.38,10,sandy,348,11.6,30,0.41,6.28,179.1,30.9,0.19,synthetic response curve (Mitscherlich-style) + noise; NOT measured yield
2331,Maize,85.4,49.5,75.6,5.18,4,sandy,386,5.2,61,0.36,6.69,95.4,23.0,0.28,synthetic response curve (Mitscherlich-style) + noise; NOT measured yield
2332,Ragi,58.3,9.1,25.8,1.67,13,sandy,213,42.4,264,0.1,6.45,369.0,18.6,-1.8,synthetic response curve (Mitscherlich-style) + noise; NOT measured yield
2333,Maize,110.8,25.9,33.5,4.95,13,sandy,395,5.6,134,0.5,5.85,56.0,24.3,0.53,synthetic response curve (Mitscherlich-style) + noise; NOT measured yield
2334,Mustard,115.0,34.2,0.7,0.99,7,clay,395,36.3,210,0.67,6.96,130.0,20.5,-0.55,synthetic response curve (Mitscherlich-style) + noise; NOT measured yield
2335,Cotton,141.2,9.5,15.6,1.38,14,clay,358,22.1,264,0.34,8.09,189.4,28.0,-0.12,synthetic response curve (Mitscherlich-style) + noise; NOT measured yield
2336,Ragi,85.4,27.1,16.1,1.62,5,loam,336,8.8,152,0.31,6.87,257.3,26.5,-2.48,synthetic response curve (Mitscherlich-style) + noise; NOT measured yield
2337,Maize,182.6,87.1,60.8,5.68,4,sandy,267,8.7,124,0.23,6.0,104.3,27.2,-0.77,synthetic response curve (Mitscherlich-style) + noise; NOT measured yield
2338,Sugarcane,321.1,51.1,83.4,74.69,5,loam,252,12.1,121,0.46,8.38,53.0,24.2,2.34,synthetic response curve (Mitscherlich-style) + noise; NOT measured yield
2339,Green gram,27.9,7.0,13.3,0.55,12,loam,443,18.1,193,0.74,6.38,637.4,28.4,-0.2,synthetic response curve (Mitscherlich-style) + noise; NOT measured yield
2340,Chilli,19.8,49.9,43.5,2.03,3,sandy,484,4.4,30,0.76,7.2,20.2,27.2,-1.17,synthetic response curve (Mitscherlich-style) + noise; NOT measured yield
2341,Sugarcane,18.4,11.2,108.1,53.47,5,loam,240,18.4,154,0.49,7.34,337.8,29.4,1.18,synthetic response curve (Mitscherlich-style) + noise; NOT measured yield
2342,Chilli,105.2,54.6,19.5,2.37,3,sandy,320,21.1,266,0.51,7.08,322.6,31.1,-0.62,synthetic response curve (Mitscherlich-style) + noise; NOT measured yield
2343,Sugarcane,269.2,68.2,9.6,43.56,7,clay,388,2.5,30,0.72,7.76,220.9,26.1,1.68,synthetic response curve (Mitscherlich-style) + noise; NOT measured yield
2344,Sugarcane,204.3,25.7,95.7,53.67,5,loam,552,11.3,30,0.87,8.31,623.6,24.0,-1.34,synthetic response curve (Mitscherlich-style) + noise; NOT measured yield
2345,Tomato,63.4,42.9,10.6,28.84,13,sandy,292,8.7,101,0.19,7.76,157.9,29.0,0.86,synthetic response curve (Mitscherlich-style) + noise; NOT measured yield
2346,Rice,14.5,38.7,20.3,4.71,12,loam,383,19.4,235,0.44,7.07,316.5,27.7,0.62,synthetic response curve (Mitscherlich-style) + noise; NOT measured yield
2347,Rice,69.4,52.8,30.4,5.17,14,clay,425,5.4,387,0.48,6.05,76.7,27.8,1.53,synthetic response curve (Mitscherlich-style) + noise; NOT measured yield
2348,Sugarcane,255.0,22.4,96.6,65.46,7,clay,526,17.9,213,0.72,8.21,80.6,23.5,1.31,synthetic response curve (Mitscherlich-style) + noise; NOT measured yield
2349,Rice,106.8,76.4,22.6,4.69,8,clay,328,12.6,318,0.44,6.81,497.2,27.0,0.13,synthetic response curve (Mitscherlich-style) + noise; NOT measured yield
2350,Tomato,174.6,98.9,135.6,42.86,13,sandy,503,26.4,58,0.69,6.31,129.3,21.8,-1.38,synthetic response curve (Mitscherlich-style) + noise; NOT measured yield
2351,Potato,152.6,22.3,32.5,19.68,11,loam,268,11.6,119,0.25,6.88,198.4,30.0,0.12,synthetic response curve (Mitscherlich-style) + noise; NOT measured yield
2352,Tomato,120.2,21.5,113.5,27.98,15,clay,282,8.0,313,0.55,7.33,687.5,26.4,0.93,synthetic response curve (Mitscherlich-style) + noise; NOT measured yield
2353,Potato,26.8,81.0,4.1,16.02,15,clay,361,17.8,133,0.42,7.68,897.1,26.3,0.97,synthetic response curve (Mitscherlich-style) + noise; NOT measured yield
2354,Sorghum,102.0,14.9,26.7,1.72,2,loam,374,4.7,255,0.68,6.93,81.4,27.6,-0.72,synthetic response curve (Mitscherlich-style) + noise; NOT measured yield
2355,Soybean,21.6,46.3,13.5,1.67,4,sandy,448,90.0,93,0.55,8.04,116.0,18.1,0.84,synthetic response curve (Mitscherlich-style) + noise; NOT measured yield
2356,Wheat,34.1,7.9,53.0,3.02,11,loam,252,18.6,303,0.46,6.48,405.6,26.0,-0.1,synthetic response curve (Mitscherlich-style) + noise; NOT measured yield
2357,Maize,175.0,26.6,6.0,3.41,2,loam,329,13.0,73,0.48,7.1,331.5,24.6,0.98,synthetic response curve (Mitscherlich-style) + noise; NOT measured yield
2358,Cotton,15.2,80.5,58.1,1.68,2,loam,469,15.1,156,0.76,7.36,91.0,26.8,0.32,synthetic response curve (Mitscherlich-style) + noise; NOT measured yield
2359,Green gram,10.8,27.3,3.9,0.52,3,sandy,409,23.0,62,0.52,6.45,53.2,33.9,0.38,synthetic response curve (Mitscherlich-style) + noise; NOT measured yield
2360,Banana,71.8,17.4,189.6,29.21,2,loam,201,9.3,336,0.21,7.4,84.8,29.7,1.11,synthetic response curve (Mitscherlich-style) + noise; NOT measured yield
2361,Pearl millet,104.0,1.7,21.7,0.91,10,sandy,192,5.1,178,0.1,6.6,170.6,31.6,-0.44,synthetic response curve (Mitscherlich-style) + noise; NOT measured yield
2362,Rice,125.8,33.6,46.3,3.45,5,loam,433,6.8,378,0.76,6.84,338.6,26.6,2.09,synthetic response curve (Mitscherlich-style) + noise; NOT measured yield
2363,Mustard,77.4,57.4,28.5,1.41,15,clay,459,8.3,397,0.79,7.44,46.9,25.1,-1.32,synthetic response curve (Mitscherlich-style) + noise; NOT measured yield
2364,Ragi,79.8,46.6,1.7,1.32,2,loam,457,14.2,121,0.56,6.76,360.9,24.7,-1.07,synthetic response curve (Mitscherlich-style) + noise; NOT measured yield
2365,Groundnut,12.6,7.1,8.2,1.61,7,clay,518,32.4,262,0.8,8.01,252.9,27.2,0.25,synthetic response curve (Mitscherlich-style) + noise; NOT measured yield
2366,Pearl millet,76.3,45.8,45.4,1.9,10,sandy,438,8.3,107,0.44,5.28,410.4,27.5,0.18,synthetic response curve (Mitscherlich-style) + noise; NOT measured yield
2367,Maize,11.4,59.7,25.0,4.48,6,clay,293,12.6,279,0.38,7.26,78.0,22.3,-0.27,synthetic response curve (Mitscherlich-style) + noise; NOT measured yield
2368,Sugarcane,217.0,105.4,87.8,70.95,11,loam,370,3.4,293,0.5,9.2,60.2,25.5,0.83,synthetic response curve (Mitscherlich-style) + noise; NOT measured yield
2369,Pearl millet,92.9,33.4,31.4,2.16,13,sandy,316,29.2,110,0.63,8.02,113.7,23.5,-1.02,synthetic response curve (Mitscherlich-style) + noise; NOT measured yield
2370,Mustard,32.9,57.2,44.2,1.43,10,sandy,373,8.9,160,0.31,5.56,312.6,28.8,-0.43,synthetic response curve (Mitscherlich-style) + noise; NOT measured yield
2371,Pearl millet,74.3,5.9,6.3,1.26,10,sandy,371,14.2,30,0.51,6.14,16.2,24.3,0.27,synthetic response curve (Mitscherlich-style) + noise; NOT measured yield
2372,Soybean,9.8,50.6,26.4,2.22,9,clay,546,9.2,146,0.73,7.58,138.7,28.4,0.06,synthetic response curve (Mitscherlich-style) + noise; NOT measured yield
2373,Potato,67.1,45.3,179.7,21.87,15,clay,327,13.6,270,0.37,8.32,335.0,29.6,0.71,synthetic response curve (Mitscherlich-style) + noise; NOT measured yield
2374,Maize,118.5,55.0,17.9,5.05,12,loam,447,13.8,230,0.64,6.3,1872.8,25.1,-1.38,synthetic response curve (Mitscherlich-style) + noise; NOT measured yield
2375,Groundnut,15.1,20.5,23.5,1.33,1,clay,343,24.0,269,0.49,7.3,200.3,29.5,2.86,synthetic response curve (Mitscherlich-style) + noise; NOT measured yield
2376,Rice,109.8,10.7,36.0,3.48,12,loam,388,21.4,254,0.53,7.16,113.3,28.0,2.09,synthetic response curve (Mitscherlich-style) + noise; NOT measured yield
2377,Sugarcane,35.6,53.4,3.6,42.27,3,sandy,489,24.3,89,0.68,6.53,956.9,31.3,0.59,synthetic response curve (Mitscherlich-style) + noise; NOT measured yield
2378,Cotton,75.5,74.7,14.2,1.71,14,clay,349,24.8,379,0.46,9.2,160.5,25.6,1.24,synthetic response curve (Mitscherlich-style) + noise; NOT measured yield
2379,Rice,24.7,20.9,38.5,3.52,5,loam,221,7.1,68,0.32,8.07,124.2,24.3,0.26,synthetic response curve (Mitscherlich-style) + noise; NOT measured yield
2380,Rice,168.7,70.8,61.1,4.79,11,loam,449,18.8,87,0.76,6.54,39.9,26.2,0.93,synthetic response curve (Mitscherlich-style) + noise; NOT measured yield
2381,Sunflower,2.0,47.5,36.5,1.6,12,loam,519,15.1,102,0.63,6.15,13.0,30.2,-0.02,synthetic response curve (Mitscherlich-style) + noise; NOT measured yield
2382,Soybean,9.8,32.1,18.2,1.87,6,clay,446,8.8,434,0.74,7.01,117.1,23.4,-0.35,synthetic response curve (Mitscherlich-style) + noise; NOT measured yield
2383,Potato,212.4,6.9,73.1,16.34,15,clay,517,23.1,176,0.94,7.68,59.6,28.9,0.38,synthetic response curve (Mitscherlich-style) + noise; NOT measured yield
2384,Chilli,41.9,22.5,43.3,1.76,8,clay,491,27.0,71,0.91,7.7,253.4,26.1,-0.39,synthetic response curve (Mitscherlich-style) + noise; NOT measured yield
2385,Onion,33.7,47.7,65.1,26.28,7,clay,426,23.4,333,0.4,6.74,300.5,21.9,0.66,synthetic response curve (Mitscherlich-style) + noise; NOT measured yield
2386,Rice,56.2,17.1,14.3,3.67,8,clay,401,10.7,157,0.4,7.36,90.0,31.7,0.79,synthetic response curve (Mitscherlich-style) + noise; NOT measured yield
2387,Sugarcane,258.9,91.3,121.5,89.05,5,loam,409,12.7,251,0.75,8.23,18.9,27.1,0.05,synthetic response curve (Mitscherlich-style) + noise; NOT measured yield
2388,Groundnut,29.1,58.7,53.6,1.5,2,loam,442,8.2,196,0.71,7.61,115.6,26.8,-1.89,synthetic response curve (Mitscherlich-style) + noise; NOT measured yield
2389,Potato,66.7,41.4,128.2,21.31,15,clay,318,5.7,73,0.74,8.13,211.0,29.2,1.13,synthetic response curve (Mitscherlich-style) + noise; NOT measured yield
2390,Maize,16.0,13.8,45.7,3.31,13,sandy,409,16.3,179,0.59,4.98,38.1,26.3,1.22,synthetic response curve (Mitscherlich-style) + noise; NOT measured yield
2391,Ragi,42.8,33.5,10.8,1.76,13,sandy,352,8.5,187,0.59,7.01,204.6,24.4,0.89,synthetic response curve (Mitscherlich-style) + noise; NOT measured yield
2392,Chilli,46.4,29.0,67.9,1.79,14,clay,357,53.9,343,0.48,8.13,178.3,25.5,-1.42,synthetic response curve (Mitscherlich-style) + noise; NOT measured yield
2393,Wheat,44.3,10.7,54.5,2.54,10,sandy,381,6.8,32,0.48,5.84,111.1,21.8,1.21,synthetic response curve (Mitscherlich-style) + noise; NOT measured yield
2394,Potato,94.7,75.4,163.4,22.94,15,clay,611,15.1,200,0.95,8.33,74.6,26.7,0.12,synthetic response curve (Mitscherlich-style) + noise; NOT measured yield
2395,Potato,58.9,25.7,166.5,21.52,15,clay,394,14.2,439,0.45,8.03,1151.5,32.1,-0.51,synthetic response curve (Mitscherlich-style) + noise; NOT measured yield
2396,Rice,146.9,53.3,5.0,3.07,4,sandy,181,17.2,130,0.27,7.13,40.1,26.3,-0.37,synthetic response curve (Mitscherlich-style) + noise; NOT measured yield
2397,Onion,54.6,31.9,62.5,26.24,7,clay,257,11.0,170,0.59,8.24,255.1,26.4,-0.39,synthetic response curve (Mitscherlich-style) + noise; NOT measured yield
2398,Banana,214.6,43.8,243.9,33.13,2,loam,330,59.2,179,0.55,7.18,49.5,20.9,-0.52,synthetic response curve (Mitscherlich-style) + noise; NOT measured yield
2399,Potato,206.7,108.6,42.8,23.35,11,loam,367,12.0,297,0.36,6.98,75.1,33.5,1.02,synthetic response curve (Mitscherlich-style) + noise; NOT measured yield
2400,Sugarcane,25.5,48.8,83.1,61.94,2,loam,264,45.2,70,0.52,6.76,824.7,24.5,0.45,synthetic response curve (Mitscherlich-style) + noise; NOT measured yield
2401,Maize,52.4,30.6,14.4,3.95,12,loam,427,18.7,117,0.62,7.55,286.0,27.5,1.38,synthetic response curve (Mitscherlich-style) + noise; NOT measured yield
2402,Maize,194.9,83.3,27.0,4.38,13,sandy,385,11.8,195,0.37,6.01,477.0,17.1,0.87,synthetic response curve (Mitscherlich-style) + noise; NOT measured yield
2403,Sugarcane,278.7,3.4,82.8,46.37,7,clay,323,16.6,367,0.6,7.61,23.4,25.0,-0.44,synthetic response curve (Mitscherlich-style) + noise; NOT measured yield
2404,Tomato,3.9,32.5,119.7,29.84,10,sandy,299,4.7,163,0.35,6.31,112.7,20.6,0.0,synthetic response curve (Mitscherlich-style) + noise; NOT measured yield
2405,Rice,42.8,76.8,78.3,3.8,15,clay,356,25.2,236,0.51,8.9,414.8,26.0,0.69,synthetic response curve (Mitscherlich-style) + noise; NOT measured yield
2406,Maize,13.3,49.5,34.4,5.1,12,loam,432,42.5,186,0.69,7.47,549.7,25.8,1.17,synthetic response curve (Mitscherlich-style) + noise; NOT measured yield
2407,Onion,9.6,23.6,7.6,19.06,7,clay,222,23.0,345,0.29,7.97,146.1,24.9,-1.56,synthetic response curve (Mitscherlich-style) + noise; NOT measured yield
2408,Chilli,49.8,37.2,64.4,1.59,14,clay,378,5.8,30,0.52,9.17,20.4,17.3,-0.51,synthetic response curve (Mitscherlich-style) + noise; NOT measured yield
2409,Green gram,16.3,55.6,35.0,0.82,1,clay,286,9.0,187,0.65,8.4,227.6,31.9,1.17,synthetic response curve (Mitscherlich-style) + noise; NOT measured yield
2410,Tomato,120.0,0.8,117.8,14.78,4,sandy,397,6.8,36,0.46,5.81,247.8,22.0,2.31,synthetic response curve (Mitscherlich-style) + noise; NOT measured yield
2411,Groundnut,17.4,9.2,16.4,1.2,5,loam,272,16.9,314,0.53,7.06,73.0,25.5,-0.31,synthetic response curve (Mitscherlich-style) + noise; NOT measured yield
2412,Ragi,3.2,22.6,25.6,1.66,6,clay,381,2.3,173,0.61,8.21,256.3,27.7,-0.66,synthetic response curve (Mitscherlich-style) + noise; NOT measured yield
2413,Wheat,129.8,38.9,17.5,3.06,11,loam,439,2.6,170,0.56,6.87,101.2,26.1,-1.21,synthetic response curve (Mitscherlich-style) + noise; NOT measured yield
2414,Sunflower,5.4,67.2,19.5,1.25,12,loam,329,39.9,432,0.45,7.57,395.0,28.5,-0.7,synthetic response curve (Mitscherlich-style) + noise; NOT measured yield
2415,Banana,167.7,12.5,181.5,24.64,1,clay,394,6.2,197,0.65,6.98,32.0,26.6,0.53,synthetic response curve (Mitscherlich-style) + noise; NOT measured yield
2416,Wheat,133.6,13.6,32.1,2.79,4,sandy,419,10.4,31,0.58,6.55,122.9,18.1,-1.69,synthetic response curve (Mitscherlich-style) + noise; NOT measured yield
2417,Tomato,36.8,4.4,61.8,21.94,13,sandy,364,21.7,30,0.38,8.66,113.7,21.6,0.31,synthetic response curve (Mitscherlich-style) + noise; NOT measured yield
2418,Rice,109.4,68.5,21.5,4.35,8,clay,455,5.2,326,0.68,8.1,86.4,26.7,1.18,synthetic response curve (Mitscherlich-style) + noise; NOT measured yield
2419,Wheat,0.0,58.5,58.5,3.53,5,loam,434,21.5,353,0.78,7.62,98.4,24.1,-0.38,synthetic response curve (Mitscherlich-style) + noise; NOT measured yield
2420,Pigeon pea,20.7,43.2,20.1,1.08,7,clay,285,12.6,268,0.45,7.85,283.6,23.3,-1.92,synthetic response curve (Mitscherlich-style) + noise; NOT measured yield
2421,Mustard,98.1,33.7,47.3,1.37,10,sandy,518,24.6,206,0.64,7.3,268.2,23.6,0.57,synthetic response curve (Mitscherlich-style) + noise; NOT measured yield
2422,Wheat,67.7,0.4,16.0,3.61,9,clay,338,55.1,197,0.53,7.65,239.6,25.6,0.41,synthetic response curve (Mitscherlich-style) + noise; NOT measured yield
2423,Ragi,85.0,24.6,16.6,1.42,13,sandy,217,18.2,30,0.44,5.81,108.2,22.8,0.69,synthetic response curve (Mitscherlich-style) + noise; NOT measured yield
2424,Potato,145.7,47.9,65.4,20.95,15,clay,190,7.9,239,0.27,7.57,43.0,28.6,-0.27,synthetic response curve (Mitscherlich-style) + noise; NOT measured yield
2425,Green gram,10.4,5.5,2.8,0.53,13,sandy,366,18.6,237,0.41,6.38,244.6,22.3,-1.49,synthetic response curve (Mitscherlich-style) + noise; NOT measured yield
2426,Maize,171.8,27.1,78.9,4.9,2,loam,372,13.8,265,0.48,6.76,435.4,34.5,1.1,synthetic response curve (Mitscherlich-style) + noise; NOT measured yield
2427,Sugarcane,1.9,85.0,124.7,71.81,7,clay,474,12.0,254,0.5,7.1,550.0,18.1,1.4,synthetic response curve (Mitscherlich-style) + noise; NOT measured yield
2428,Cotton,116.8,45.7,40.9,1.86,8,clay,238,14.7,336,0.79,7.13,301.3,33.6,1.22,synthetic response curve (Mitscherlich-style) + noise; NOT measured yield
2429,Wheat,87.6,72.0,11.6,2.55,10,sandy,366,25.8,67,0.41,6.54,126.9,23.8,0.67,synthetic response curve (Mitscherlich-style) + noise; NOT measured yield
2430,Groundnut,10.4,52.1,56.3,1.68,15,clay,301,17.1,405,0.57,8.09,230.4,22.0,1.09,synthetic response curve (Mitscherlich-style) + noise; NOT measured yield
2431,Onion,18.3,66.8,96.5,20.7,7,clay,431,18.6,212,0.85,9.2,21.2,28.0,-1.08,synthetic response curve (Mitscherlich-style) + noise; NOT measured yield
2432,Soybean,22.9,45.7,4.3,1.69,6,clay,438,8.3,183,0.67,6.06,136.8,28.1,0.18,synthetic response curve (Mitscherlich-style) + noise; NOT measured yield
2433,Sorghum,81.6,54.2,26.3,2.64,14,clay,375,21.8,212,0.58,8.23,156.3,24.0,-0.42,synthetic response curve (Mitscherlich-style) + noise; NOT measured yield
2434,Maize,191.3,4.2,16.8,3.4,12,loam,397,13.7,132,0.73,7.53,162.1,26.1,0.25,synthetic response curve (Mitscherlich-style) + noise; NOT measured yield
2435,Maize,120.2,48.0,61.1,5.69,7,clay,345,12.8,372,0.67,7.62,258.2,22.6,-0.44,synthetic response curve (Mitscherlich-style) + noise; NOT measured yield
2436,Sorghum,89.1,53.0,45.1,2.43,14,clay,200,16.9,203,0.4,7.01,99.0,20.0,1.12,synthetic response curve (Mitscherlich-style) + noise; NOT measured yield
2437,Rice,132.8,57.1,78.8,4.58,5,loam,529,7.2,193,0.72,7.85,60.1,24.0,-0.41,synthetic response curve (Mitscherlich-style) + noise; NOT measured yield
2438,Wheat,94.0,35.5,58.5,4.25,4,sandy,221,23.9,177,0.38,7.15,628.7,20.5,-0.29,synthetic response curve (Mitscherlich-style) + noise; NOT measured yield
2439,Soybean,27.5,58.8,51.0,2.09,1,clay,431,17.5,427,0.61,7.83,41.7,31.5,-1.32,synthetic response curve (Mitscherlich-style) + noise; NOT measured yield
2440,Sorghum,52.8,47.8,17.1,2.12,2,loam,355,6.4,241,0.38,6.66,911.8,26.0,-0.78,synthetic response curve (Mitscherlich-style) + noise; NOT measured yield
2441,Ragi,45.9,36.4,22.7,1.93,13,sandy,172,14.8,82,0.21,5.91,59.1,28.3,-0.29,synthetic response curve (Mitscherlich-style) + noise; NOT measured yield
2442,Mustard,50.3,30.6,20.7,1.16,2,loam,278,17.3,199,0.66,7.99,370.1,30.3,-0.48,synthetic response curve (Mitscherlich-style) + noise; NOT measured yield
2443,Maize,1.6,40.4,46.3,4.91,12,loam,497,43.2,272,0.64,5.85,245.2,28.8,2.01,synthetic response curve (Mitscherlich-style) + noise; NOT measured yield
2444,Cotton,76.2,82.6,56.5,1.66,2,loam,336,12.3,116,0.33,7.09,87.8,31.3,1.34,synthetic response curve (Mitscherlich-style) + noise; NOT measured yield
2445,Mustard,46.0,30.4,38.2,1.14,4,sandy,354,7.0,168,0.34,4.97,566.2,31.3,-0.78,synthetic response curve (Mitscherlich-style) + noise; NOT measured yield
2446,Chickpea,3.0,25.5,27.4,1.19,6,clay,414,13.9,200,0.51,6.73,37.9,25.0,-2.08,synthetic response curve (Mitscherlich-style) + noise; NOT measured yield
2447,Rice,54.7,23.4,43.7,3.31,4,sandy,253,2.0,131,0.22,6.48,56.6,19.5,0.91,synthetic response curve (Mitscherlich-style) + noise; NOT measured yield
2448,Maize,164.9,39.1,27.2,4.97,2,loam,424,8.5,101,0.74,6.49,533.4,27.6,-0.36,synthetic response curve (Mitscherlich-style) + noise; NOT measured yield
2449,Potato,129.0,30.5,38.8,21.86,15,clay,498,74.5,190,0.68,7.68,201.9,34.5,-0.41,synthetic response curve (Mitscherlich-style) + noise; NOT measured yield
2450,Wheat,103.7,53.5,53.8,3.72,7,clay,513,19.1,331,0.97,7.35,103.3,26.0,-0.64,synthetic response curve (Mitscherlich-style) + noise; NOT measured yield
2451,Maize,8.9,62.9,70.0,5.51,7,clay,530,11.0,245,0.86,7.27,49.0,20.9,0.7,synthetic response curve (Mitscherlich-style) + noise; NOT measured yield
2452,Wheat,74.5,10.1,13.7,2.46,12,loam,427,9.7,236,0.69,8.28,108.5,22.6,-0.58,synthetic response curve (Mitscherlich-style) + noise; NOT measured yield
2453,Banana,67.7,56.5,119.8,38.65,14,clay,465,9.0,263,0.74,7.74,35.5,25.6,1.1,synthetic response curve (Mitscherlich-style) + noise; NOT measured yield
2454,Wheat,92.5,18.3,5.0,3.2,5,loam,272,12.5,173,0.55,7.11,365.4,21.6,1.24,synthetic response curve (Mitscherlich-style) + noise; NOT measured yield
2455,Pearl millet,46.2,37.3,28.6,2.25,7,clay,274,49.2,294,0.39,7.61,39.1,24.3,0.33,synthetic response curve (Mitscherlich-style) + noise; NOT measured yield
2456,Cotton,70.8,6.5,6.1,1.24,8,clay,371,9.9,230,0.71,7.5,203.1,22.0,-0.01,synthetic response curve (Mitscherlich-style) + noise; NOT measured yield
2457,Mustard,118.7,35.4,38.2,1.28,4,sandy,152,12.9,214,0.3,6.85,135.4,18.7,-0.14,synthetic response curve (Mitscherlich-style) + noise; NOT measured yield
2458,Maize,61.7,51.2,4.7,5.03,2,loam,244,38.0,354,0.43,6.87,316.8,22.7,0.35,synthetic response curve (Mitscherlich-style) + noise; NOT measured yield
2459,Sorghum,71.8,15.6,43.7,1.98,14,clay,424,9.1,298,0.5,7.18,17.2,23.8,-0.02,synthetic response curve (Mitscherlich-style) + noise; NOT measured yield
2460,Lentil,14.1,47.4,11.6,0.99,11,loam,430,9.0,276,0.74,6.14,23.8,28.8,-0.52,synthetic response curve (Mitscherlich-style) + noise; NOT measured yield
2461,Green gram,26.0,2.4,33.9,0.46,11,loam,236,15.0,97,0.49,7.57,230.4,23.7,-0.92,synthetic response curve (Mitscherlich-style) + noise; NOT measured yield
2462,Rice,12.8,39.2,26.3,4.31,5,loam,499,7.3,189,0.48,6.19,126.6,26.5,0.83,synthetic response curve (Mitscherlich-style) + noise; NOT measured yield
2463,Tomato,32.2,60.4,98.0,27.22,10,sandy,382,16.6,154,0.31,6.38,78.6,27.2,-2.03,synthetic response curve (Mitscherlich-style) + noise; NOT measured yield
2464,Rice,152.3,63.4,12.2,3.19,3,sandy,456,7.4,60,0.81,6.49,134.8,26.7,0.32,synthetic response curve (Mitscherlich-style) + noise; NOT measured yield
2465,Maize,119.0,51.9,66.4,5.45,2,loam,307,15.7,120,0.34,7.93,142.3,22.4,-0.19,synthetic response curve (Mitscherlich-style) + noise; NOT measured yield
2466,Mustard,83.6,10.2,8.1,0.88,15,clay,298,8.8,325,0.5,7.56,102.2,25.9,1.78,synthetic response curve (Mitscherlich-style) + noise; NOT measured yield
2467,Maize,28.2,73.9,82.6,4.91,4,sandy,413,16.7,30,0.44,6.52,861.7,27.5,0.6,synthetic response curve (Mitscherlich-style) + noise; NOT measured yield
2468,Sugarcane,27.0,111.4,125.0,69.28,12,loam,384,13.1,108,0.62,6.99,95.1,23.2,-0.92,synthetic response curve (Mitscherlich-style) + noise; NOT measured yield
2469,Wheat,21.1,12.2,10.5,3.24,5,loam,445,14.0,116,0.75,6.97,347.7,20.0,0.04,synthetic response curve (Mitscherlich-style) + noise; NOT measured yield
2470,Rice,162.7,26.2,16.2,3.52,10,sandy,326,8.2,151,0.62,6.21,69.9,24.7,0.66,synthetic response curve (Mitscherlich-style) + noise; NOT measured yield
2471,Pearl millet,74.9,29.9,35.0,1.87,10,sandy,317,11.6,52,0.6,6.17,146.0,25.2,-0.28,synthetic response curve (Mitscherlich-style) + noise; NOT measured yield
2472,Soybean,7.9,51.2,37.9,2.25,11,loam,499,31.2,155,0.72,7.34,64.9,29.9,-0.05,synthetic response curve (Mitscherlich-style) + noise; NOT measured yield
2473,Potato,39.3,60.6,73.3,19.85,15,clay,582,31.9,346,0.82,8.89,913.2,25.2,1.4,synthetic response curve (Mitscherlich-style) + noise; NOT measured yield
2474,Onion,95.3,39.8,58.8,23.97,7,clay,471,9.6,101,0.85,7.63,243.7,32.6,-0.48,synthetic response curve (Mitscherlich-style) + noise; NOT measured yield
2475,Green gram,17.2,6.4,14.4,0.67,13,sandy,370,90.0,100,0.47,6.97,135.9,25.3,-0.9,synthetic response curve (Mitscherlich-style) + noise; NOT measured yield
2476,Rice,17.3,44.7,10.0,3.54,5,loam,485,26.0,194,0.9,7.81,245.3,26.6,1.82,synthetic response curve (Mitscherlich-style) + noise; NOT measured yield
2477,Green gram,29.9,19.7,31.3,0.68,15,clay,412,14.6,305,0.65,7.45,71.8,25.2,-0.98,synthetic response curve (Mitscherlich-style) + noise; NOT measured yield
2478,Chilli,103.4,31.1,59.7,2.14,8,clay,501,18.4,184,0.64,9.04,80.0,27.6,1.38,synthetic response curve (Mitscherlich-style) + noise; NOT measured yield
2479,Turmeric,26.8,19.6,64.4,15.54,13,sandy,315,21.7,121,0.41,5.97,15.8,25.0,1.34,synthetic response curve (Mitscherlich-style) + noise; NOT measured yield
2480,Tomato,41.7,46.4,50.4,35.31,13,sandy,432,9.4,78,0.49,6.9,92.5,21.1,-0.23,synthetic response curve (Mitscherlich-style) + noise; NOT measured yield
2481,Soybean,21.2,57.4,12.5,2.27,10,sandy,363,32.8,280,0.48,6.61,126.6,21.5,0.68,synthetic response curve (Mitscherlich-style) + noise; NOT measured yield
2482,Potato,43.5,55.5,166.0,22.4,15,clay,411,9.8,150,0.71,7.28,439.6,22.6,0.59,synthetic response curve (Mitscherlich-style) + noise; NOT measured yield
2483,Potato,83.3,81.8,85.9,20.54,11,loam,453,15.4,75,0.8,6.57,367.2,28.6,-0.34,synthetic response curve (Mitscherlich-style) + noise; NOT measured yield
2484,Onion,111.3,53.5,52.9,27.32,10,sandy,395,17.2,207,0.53,7.43,11.6,25.9,1.69,synthetic response curve (Mitscherlich-style) + noise; NOT measured yield
2485,Wheat,129.9,2.5,61.2,2.11,4,sandy,319,19.4,113,0.27,4.5,65.4,21.0,0.9,synthetic response curve (Mitscherlich-style) + noise; NOT measured yield
2486,Cotton,70.9,28.7,14.7,1.36,6,clay,318,34.7,165,0.62,6.84,473.1,24.7,0.34,synthetic response curve (Mitscherlich-style) + noise; NOT measured yield
2487,Groundnut,1.3,29.8,32.1,1.61,1,clay,511,52.6,294,0.85,7.92,100.4,26.7,2.04,synthetic response curve (Mitscherlich-style) + noise; NOT measured yield
2488,Potato,182.9,17.8,54.5,16.82,11,loam,218,6.1,292,0.1,7.38,40.2,25.7,1.19,synthetic response curve (Mitscherlich-style) + noise; NOT measured yield
2489,Wheat,37.0,23.9,62.6,3.08,10,sandy,213,3.6,227,0.41,5.99,222.9,24.0,0.07,synthetic response curve (Mitscherlich-style) + noise; NOT measured yield
2490,Rice,2.1,13.5,49.6,3.47,11,loam,410,8.4,212,0.62,6.03,25.8,24.5,0.76,synthetic response curve (Mitscherlich-style) + noise; NOT measured yield
2491,Wheat,160.1,27.2,40.3,3.08,10,sandy,528,4.8,78,0.77,7.67,209.6,25.0,2.41,synthetic response curve (Mitscherlich-style) + noise; NOT measured yield
2492,Wheat,154.2,52.9,5.5,3.38,4,sandy,220,8.1,188,0.28,5.52,8.4,25.2,-0.34,synthetic response curve (Mitscherlich-style) + noise; NOT measured yield
2493,Rice,133.8,50.7,77.3,4.68,15,clay,567,7.9,245,0.92,6.23,154.7,24.5,0.37,synthetic response curve (Mitscherlich-style) + noise; NOT measured yield
2494,Maize,151.5,43.2,14.2,4.83,7,clay,514,7.7,224,0.81,7.44,107.5,23.6,0.42,synthetic response curve (Mitscherlich-style) + noise; NOT measured yield
2495,Groundnut,2.1,7.2,39.3,1.67,11,loam,307,37.9,176,0.53,6.06,332.0,17.8,1.08,synthetic response curve (Mitscherlich-style) + noise; NOT measured yield
2496,Chickpea,19.4,47.1,45.1,1.09,3,sandy,288,12.6,314,0.27,5.22,74.9,28.8,2.58,synthetic response curve (Mitscherlich-style) + noise; NOT measured yield
2497,Soybean,10.8,53.0,43.8,1.88,9,clay,500,12.2,130,0.77,8.67,338.4,33.1,0.33,synthetic response curve (Mitscherlich-style) + noise; NOT measured yield
2498,Onion,49.1,39.5,55.3,21.19,7,clay,383,2.2,200,0.64,9.2,19.8,27.7,-0.26,synthetic response curve (Mitscherlich-style) + noise; NOT measured yield
2499,Sorghum,117.2,33.2,9.1,1.79,14,clay,317,4.6,109,0.48,8.33,383.5,22.1,0.79,synthetic response curve (Mitscherlich-style) + noise; NOT measured yield
2500,Rice,159.8,42.0,29.2,3.49,12,loam,513,4.0,77,0.86,7.03,122.7,30.3,-1.41,synthetic response curve (Mitscherlich-style) + noise; NOT measured yield
2501,Mustard,11.0,29.1,33.2,1.33,15,clay,557,38.0,301,0.77,7.6,924.2,28.2,-0.99,synthetic response curve (Mitscherlich-style) + noise; NOT measured yield
2502,Rice,7.0,30.3,21.9,3.29,5,loam,265,21.2,99,0.43,7.9,121.0,28.0,0.89,synthetic response curve (Mitscherlich-style) + noise; NOT measured yield
2503,Green gram,11.4,30.6,32.7,0.64,10,sandy,286,9.1,63,0.55,5.35,259.9,27.9,-0.1,synthetic response curve (Mitscherlich-style) + noise; NOT measured yield
2504,Wheat,128.6,36.8,25.2,3.37,10,sandy,253,12.6,147,0.18,7.13,294.9,28.5,-0.74,synthetic response curve (Mitscherlich-style) + noise; NOT measured yield
2505,Maize,85.3,11.1,10.4,3.91,4,sandy,371,8.1,78,0.56,7.92,107.6,25.7,0.1,synthetic response curve (Mitscherlich-style) + noise; NOT measured yield
2506,Soybean,28.5,47.2,37.6,2.5,5,loam,438,35.4,225,0.68,7.1,243.0,26.4,0.43,synthetic response curve (Mitscherlich-style) + noise; NOT measured yield
2507,Potato,155.0,103.8,1.5,19.64,11,loam,369,21.8,264,0.54,7.72,86.3,25.4,0.02,synthetic response curve (Mitscherlich-style) + noise; NOT measured yield
2508,Chilli,141.0,69.4,54.2,1.98,3,sandy,261,6.6,30,0.37,6.04,42.0,31.0,0.98,synthetic response curve (Mitscherlich-style) + noise; NOT measured yield
2509,Ragi,74.2,6.3,33.1,1.31,7,clay,412,17.5,368,0.49,7.82,233.0,26.7,-1.52,synthetic response curve (Mitscherlich-style) + noise; NOT measured yield
2510,Maize,28.1,77.2,45.7,5.18,12,loam,331,1.6,55,0.32,7.24,444.7,26.1,1.03,synthetic response curve (Mitscherlich-style) + noise; NOT measured yield
2511,Maize,83.9,56.0,10.4,4.09,13,sandy,261,16.4,213,0.25,6.88,251.5,22.9,-0.81,synthetic response curve (Mitscherlich-style) + noise; NOT measured yield
2512,Mustard,81.2,51.7,18.6,1.46,9,clay,418,17.2,339,0.57,8.11,52.5,18.6,0.54,synthetic response curve (Mitscherlich-style) + noise; NOT measured yield
2513,Wheat,59.7,74.4,26.3,3.39,11,loam,364,40.7,49,0.72,7.57,387.1,29.5,0.42,synthetic response curve (Mitscherlich-style) + noise; NOT measured yield
2514,Pigeon pea,3.5,31.4,46.0,0.71,13,sandy,147,7.5,54,0.1,6.09,361.0,26.6,-2.59,synthetic response curve (Mitscherlich-style) + noise; NOT measured yield
2515,Wheat,124.0,78.0,48.8,4.27,4,sandy,351,2.3,281,0.49,8.15,291.8,23.8,-0.83,synthetic response curve (Mitscherlich-style) + noise; NOT measured yield
2516,Wheat,177.1,15.7,2.1,2.34,11,loam,578,17.8,221,0.89,7.46,93.1,26.8,-2.62,synthetic response curve (Mitscherlich-style) + noise; NOT measured yield
2517,Cotton,50.1,53.1,1.9,1.41,12,loam,263,5.7,208,0.44,6.62,147.4,26.8,-0.13,synthetic response curve (Mitscherlich-style) + noise; NOT measured yield
2518,Ragi,68.3,44.5,16.6,2.1,13,sandy,277,21.1,265,0.3,6.16,490.0,22.8,-0.53,synthetic response curve (Mitscherlich-style) + noise; NOT measured yield
2519,Wheat,98.2,21.6,51.7,3.13,10,sandy,242,22.1,60,0.26,7.29,137.3,20.9,-1.73,synthetic response curve (Mitscherlich-style) + noise; NOT measured yield
2520,Chilli,31.3,42.6,12.2,1.53,3,sandy,231,16.9,60,0.46,6.65,107.6,27.8,0.03,synthetic response curve (Mitscherlich-style) + noise; NOT measured yield
2521,Rice,121.6,40.1,27.1,4.0,1,clay,551,10.8,288,0.8,6.16,593.1,27.6,0.42,synthetic response curve (Mitscherlich-style) + noise; NOT measured yield
2522,Wheat,129.2,63.5,5.9,2.46,10,sandy,341,7.9,95,0.31,5.71,215.2,31.8,0.73,synthetic response curve (Mitscherlich-style) + noise; NOT measured yield
2523,Wheat,69.3,23.5,66.8,3.78,5,loam,259,25.0,343,0.54,6.51,193.8,28.0,1.27,synthetic response curve (Mitscherlich-style) + noise; NOT measured yield
2524,Soybean,15.3,63.8,18.4,1.95,6,clay,371,27.2,261,0.7,7.69,147.8,29.2,-1.23,synthetic response curve (Mitscherlich-style) + noise; NOT measured yield
2525,Green gram,6.9,50.4,15.6,0.79,7,clay,384,6.2,287,0.71,7.43,58.8,20.6,-0.93,synthetic response curve (Mitscherlich-style) + noise; NOT measured yield
2526,Mustard,89.5,1.5,43.8,0.77,12,loam,504,7.6,134,0.89,7.53,217.3,27.0,1.2,synthetic response curve (Mitscherlich-style) + noise; NOT measured yield
2527,Chilli,121.6,15.9,14.2,2.22,6,clay,425,90.0,244,0.64,7.94,44.5,18.5,-0.41,synthetic response curve (Mitscherlich-style) + noise; NOT measured yield
2528,Banana,222.4,52.3,52.1,35.86,9,clay,375,23.2,361,0.56,8.84,27.3,25.3,1.5,synthetic response curve (Mitscherlich-style) + noise; NOT measured yield
2529,Cotton,150.5,30.4,67.6,1.58,8,clay,399,6.4,380,0.54,7.45,369.1,29.4,0.43,synthetic response curve (Mitscherlich-style) + noise; NOT measured yield
2530,Green gram,12.6,35.8,17.7,0.7,1,clay,520,20.5,207,0.83,7.62,287.1,32.9,-1.31,synthetic response curve (Mitscherlich-style) + noise; NOT measured yield
2531,Wheat,45.0,1.4,0.2,1.84,11,loam,566,16.1,177,0.82,7.41,34.0,28.5,-1.97,synthetic response curve (Mitscherlich-style) + noise; NOT measured yield
2532,Banana,166.5,1.8,248.5,18.64,9,clay,451,12.0,300,0.65,7.84,109.8,24.5,1.04,synthetic response curve (Mitscherlich-style) + noise; NOT measured yield
2533,Sunflower,51.3,28.3,1.6,1.32,4,sandy,197,33.2,152,0.1,6.43,71.0,30.7,-0.89,synthetic response curve (Mitscherlich-style) + noise; NOT measured yield
2534,Chilli,52.3,66.6,54.8,2.39,12,loam,427,35.3,314,0.57,6.8,132.7,24.4,-0.05,synthetic response curve (Mitscherlich-style) + noise; NOT measured yield
2535,Banana,48.6,48.5,56.1,40.86,2,loam,459,61.8,250,0.78,7.76,197.1,27.7,-0.14,synthetic response curve (Mitscherlich-style) + noise; NOT measured yield
2536,Wheat,146.8,2.3,36.2,2.9,4,sandy,328,28.2,126,0.42,6.1,304.8,23.2,1.57,synthetic response curve (Mitscherlich-style) + noise; NOT measured yield
2537,Rice,50.7,21.5,46.3,4.18,4,sandy,468,21.7,340,0.58,6.6,375.4,23.0,-0.81,synthetic response curve (Mitscherlich-style) + noise; NOT measured yield
2538,Pearl millet,26.7,21.5,26.3,1.44,10,sandy,347,8.4,79,0.38,7.17,184.9,21.8,-1.99,synthetic response curve (Mitscherlich-style) + noise; NOT measured yield
2539,Rice,24.6,6.9,73.7,3.14,15,clay,381,46.4,246,0.46,9.11,1535.6,22.9,-0.57,synthetic response curve (Mitscherlich-style) + noise; NOT measured yield
2540,Ragi,39.2,43.3,28.5,1.98,13,sandy,315,11.7,77,0.41,6.74,66.8,24.7,-0.28,synthetic response curve (Mitscherlich-style) + noise; NOT measured yield
2541,Chilli,125.4,35.0,56.0,1.97,3,sandy,447,2.4,85,0.18,7.01,89.1,25.2,0.88,synthetic response curve (Mitscherlich-style) + noise; NOT measured yield
2542,Lentil,12.9,24.4,4.8,0.8,1,clay,462,14.9,198,0.65,6.87,750.1,25.6,-1.14,synthetic response curve (Mitscherlich-style) + noise; NOT measured yield
2543,Lentil,28.0,9.6,22.3,0.61,12,loam,377,9.8,179,0.58,5.45,494.0,26.7,1.81,synthetic response curve (Mitscherlich-style) + noise; NOT measured yield
2544,Soybean,24.1,16.1,4.7,1.75,9,clay,407,13.8,243,0.75,8.04,53.6,28.9,0.44,synthetic response curve (Mitscherlich-style) + noise; NOT measured yield
2545,Mustard,27.4,1.4,11.6,0.89,6,clay,401,25.0,330,0.49,7.78,408.3,28.1,-1.95,synthetic response curve (Mitscherlich-style) + noise; NOT measured yield
2546,Potato,106.0,50.2,39.0,24.96,14,clay,431,41.2,213,0.68,7.89,278.5,27.2,-0.04,synthetic response curve (Mitscherlich-style) + noise; NOT measured yield
2547,Rice,57.8,36.5,72.1,3.52,3,sandy,467,16.1,204,0.59,7.31,28.1,22.7,-1.01,synthetic response curve (Mitscherlich-style) + noise; NOT measured yield
2548,Maize,38.6,84.9,56.1,5.57,2,loam,492,27.3,214,0.63,6.54,199.9,28.0,0.09,synthetic response curve (Mitscherlich-style) + noise; NOT measured yield
2549,Turmeric,111.4,10.9,121.8,19.96,8,clay,290,86.0,420,0.51,6.79,135.4,31.7,0.37,synthetic response curve (Mitscherlich-style) + noise; NOT measured yield
2550,Rice,155.6,83.2,59.2,4.67,5,loam,353,5.6,176,0.64,6.96,142.1,20.8,0.26,synthetic response curve (Mitscherlich-style) + noise; NOT measured yield
2551,Sugarcane,239.5,21.1,46.8,58.48,4,sandy,493,90.0,30,0.78,8.27,23.3,22.7,-1.39,synthetic response curve (Mitscherlich-style) + noise; NOT measured yield
2552,Soybean,18.9,42.9,16.4,1.73,10,sandy,255,12.1,125,0.44,6.96,217.3,28.3,0.97,synthetic response curve (Mitscherlich-style) + noise; NOT measured yield
2553,Wheat,175.0,78.0,9.5,3.86,5,loam,447,24.5,301,0.51,7.27,329.4,27.4,1.18,synthetic response curve (Mitscherlich-style) + noise; NOT measured yield
2554,Ragi,12.1,9.1,7.2,1.58,9,clay,484,33.7,288,0.72,8.01,935.7,26.2,-0.59,synthetic response curve (Mitscherlich-style) + noise; NOT measured yield
2555,Chickpea,20.5,16.0,14.7,1.14,9,clay,496,16.6,277,0.85,8.76,229.1,20.3,-0.86,synthetic response curve (Mitscherlich-style) + noise; NOT measured yield
2556,Wheat,101.9,20.8,4.5,3.68,12,loam,323,9.8,174,0.18,6.51,323.8,25.7,0.65,synthetic response curve (Mitscherlich-style) + noise; NOT measured yield
2557,Rice,108.8,6.1,76.2,2.47,15,clay,488,8.4,291,1.03,8.82,399.9,28.7,-0.09,synthetic response curve (Mitscherlich-style) + noise; NOT measured yield
2558,Pearl millet,42.9,17.0,4.7,1.49,10,sandy,492,7.6,104,0.77,6.81,21.2,20.2,-0.79,synthetic response curve (Mitscherlich-style) + noise; NOT measured yield
2559,Pigeon pea,28.5,6.9,0.4,0.96,5,loam,559,26.6,207,0.84,6.21,39.0,24.0,-0.13,synthetic response curve (Mitscherlich-style) + noise; NOT measured yield
2560,Mustard,52.7,20.5,4.3,1.08,9,clay,357,12.1,184,0.57,6.68,238.2,29.9,-0.63,synthetic response curve (Mitscherlich-style) + noise; NOT measured yield
2561,Cotton,147.7,26.1,83.4,1.37,8,clay,372,15.2,334,0.56,7.97,38.0,25.8,-0.77,synthetic response curve (Mitscherlich-style) + noise; NOT measured yield
2562,Sugarcane,26.0,70.3,143.4,73.12,7,clay,406,10.8,342,0.53,7.31,121.2,32.9,1.46,synthetic response curve (Mitscherlich-style) + noise; NOT measured yield
2563,Soybean,34.2,68.8,41.3,2.12,6,clay,388,3.1,275,0.86,7.67,79.6,26.3,-0.42,synthetic response curve (Mitscherlich-style) + noise; NOT measured yield
2564,Maize,186.1,16.2,53.1,3.75,2,loam,219,1.9,229,0.3,7.91,42.1,28.6,0.75,synthetic response curve (Mitscherlich-style) + noise; NOT measured yield
2565,Rice,85.5,23.4,30.3,3.23,4,sandy,205,12.0,227,0.19,5.99,140.3,21.6,-1.6,synthetic response curve (Mitscherlich-style) + noise; NOT measured yield
2566,Chilli,121.4,55.3,43.5,2.3,9,clay,380,34.3,230,0.53,8.06,32.1,23.1,-0.21,synthetic response curve (Mitscherlich-style) + noise; NOT measured yield
2567,Sorghum,22.5,36.1,6.2,2.51,2,loam,373,13.2,246,0.67,7.74,133.7,27.1,0.46,synthetic response curve (Mitscherlich-style) + noise; NOT measured yield
2568,Chilli,1.0,45.2,20.9,1.21,3,sandy,194,30.9,103,0.24,5.42,214.7,26.1,-1.96,synthetic response curve (Mitscherlich-style) + noise; NOT measured yield
2569,Soybean,15.8,17.5,20.1,1.93,9,clay,421,17.7,205,0.73,8.12,357.9,19.8,0.68,synthetic response curve (Mitscherlich-style) + noise; NOT measured yield
2570,Ragi,64.1,40.7,14.2,2.07,15,clay,372,7.6,282,0.49,7.6,353.5,31.9,2.25,synthetic response curve (Mitscherlich-style) + noise; NOT measured yield
2571,Cotton,135.5,6.2,35.3,0.95,3,sandy,405,10.9,286,0.58,7.37,400.0,28.6,-2.61,synthetic response curve (Mitscherlich-style) + noise; NOT measured yield
2572,Sorghum,31.5,38.2,16.7,2.92,2,loam,390,21.0,301,0.74,5.54,53.5,25.5,-0.53,synthetic response curve (Mitscherlich-style) + noise; NOT measured yield
2573,Onion,110.7,16.6,83.1,22.19,6,clay,525,16.2,242,0.88,8.38,240.1,30.4,-0.07,synthetic response curve (Mitscherlich-style) + noise; NOT measured yield
2574,Ragi,26.3,12.8,9.8,1.49,2,loam,462,4.4,210,0.73,7.21,417.2,25.8,-0.84,synthetic response curve (Mitscherlich-style) + noise; NOT measured yield
2575,Sorghum,99.9,0.4,1.5,2.07,14,clay,548,32.0,255,0.91,7.63,57.7,21.7,0.18,synthetic response curve (Mitscherlich-style) + noise; NOT measured yield
2576,Maize,18.8,86.3,2.7,4.0,12,loam,287,3.5,165,0.66,7.09,172.3,21.9,-0.11,synthetic response curve (Mitscherlich-style) + noise; NOT measured yield
2577,Banana,59.3,6.3,152.0,27.38,2,loam,400,32.9,149,0.44,6.75,284.4,29.0,1.39,synthetic response curve (Mitscherlich-style) + noise; NOT measured yield
2578,Banana,34.8,46.7,122.3,37.28,2,loam,425,5.7,126,0.71,6.87,33.3,29.2,0.26,synthetic response curve (Mitscherlich-style) + noise; NOT measured yield
2579,Chickpea,1.1,24.1,14.4,1.48,9,clay,423,9.3,312,0.43,7.51,116.6,20.4,0.29,synthetic response curve (Mitscherlich-style) + noise; NOT measured yield
2580,Sugarcane,185.1,97.8,48.0,81.89,7,clay,383,16.8,338,0.64,7.58,45.3,26.0,-0.23,synthetic response curve (Mitscherlich-style) + noise; NOT measured yield
2581,Potato,158.6,9.2,42.3,13.89,11,loam,403,9.8,216,0.58,7.51,703.2,29.1,1.0,synthetic response curve (Mitscherlich-style) + noise; NOT measured yield
2582,Sorghum,117.9,37.0,47.8,2.35,14,clay,515,13.6,96,0.79,5.94,15.8,20.0,2.06,synthetic response curve (Mitscherlich-style) + noise; NOT measured yield
2583,Pigeon pea,11.6,1.1,34.4,0.65,6,clay,257,9.1,217,0.4,7.54,21.6,25.2,-0.31,synthetic response curve (Mitscherlich-style) + noise; NOT measured yield
2584,Potato,65.1,53.1,144.7,21.12,12,loam,442,11.3,252,0.62,5.49,150.8,21.1,1.12,synthetic response curve (Mitscherlich-style) + noise; NOT measured yield
2585,Sugarcane,204.8,105.3,21.7,76.53,5,loam,438,15.6,326,0.53,6.62,240.7,22.0,0.29,synthetic response curve (Mitscherlich-style) + noise; NOT measured yield
2586,Sugarcane,55.9,55.7,55.5,62.11,4,sandy,176,28.3,30,0.27,7.03,102.0,23.7,-0.17,synthetic response curve (Mitscherlich-style) + noise; NOT measured yield
2587,Rice,73.1,69.7,53.4,4.28,15,clay,496,51.3,194,0.98,7.81,382.0,27.1,-1.37,synthetic response curve (Mitscherlich-style) + noise; NOT measured yield
2588,Sugarcane,281.5,92.9,7.2,38.91,4,sandy,219,21.9,30,0.3,6.68,21.6,23.9,-1.35,synthetic response curve (Mitscherlich-style) + noise; NOT measured yield
2589,Maize,198.7,70.7,24.0,5.38,3,sandy,338,10.7,243,0.39,6.27,33.9,31.4,0.04,synthetic response curve (Mitscherlich-style) + noise; NOT measured yield
2590,Chickpea,14.3,47.7,5.4,1.21,9,clay,208,20.6,286,0.41,7.04,176.1,21.1,-0.66,synthetic response curve (Mitscherlich-style) + noise; NOT measured yield
2591,Sugarcane,167.2,71.2,115.9,88.46,9,clay,458,17.0,153,0.53,8.51,112.0,27.2,-0.62,synthetic response curve (Mitscherlich-style) + noise; NOT measured yield
2592,Sunflower,42.4,13.1,23.2,1.64,8,clay,395,66.2,212,0.52,8.19,376.3,31.0,-0.34,synthetic response curve (Mitscherlich-style) + noise; NOT measured yield
2593,Banana,86.8,12.6,86.4,29.86,2,loam,353,23.4,121,0.66,5.91,49.0,28.2,-0.33,synthetic response curve (Mitscherlich-style) + noise; NOT measured yield
2594,Maize,202.8,66.1,27.8,4.57,2,loam,187,22.5,124,0.34,7.35,146.3,22.5,-0.65,synthetic response curve (Mitscherlich-style) + noise; NOT measured yield
2595,Rice,145.6,12.5,52.4,3.68,12,loam,511,13.3,310,0.77,7.32,189.2,29.3,1.25,synthetic response curve (Mitscherlich-style) + noise; NOT measured yield
2596,Cotton,60.4,3.0,70.6,0.89,3,sandy,214,7.7,178,0.1,7.54,196.1,29.8,1.46,synthetic response curve (Mitscherlich-style) + noise; NOT measured yield
2597,Soybean,30.1,5.0,26.5,1.78,5,loam,224,27.9,231,0.38,6.77,198.3,20.7,0.13,synthetic response curve (Mitscherlich-style) + noise; NOT measured yield
2598,Tomato,107.4,28.4,142.4,30.78,13,sandy,170,14.3,30,0.26,6.29,92.5,24.0,-0.28,synthetic response curve (Mitscherlich-style) + noise; NOT measured yield
2599,Cotton,158.7,69.0,11.2,1.38,6,clay,386,8.4,283,0.81,8.94,361.1,27.9,-1.5,synthetic response curve (Mitscherlich-style) + noise; NOT measured yield
2600,Cotton,153.4,6.7,48.9,1.02,6,clay,424,4.7,247,0.43,7.04,557.9,29.3,-0.03,synthetic response curve (Mitscherlich-style) + noise; NOT measured yield
2601,Sorghum,51.4,14.6,9.2,2.08,14,clay,328,24.7,267,0.56,8.17,80.4,29.3,-0.58,synthetic response curve (Mitscherlich-style) + noise; NOT measured yield
2602,Maize,15.8,34.1,47.4,4.59,12,loam,377,6.5,105,0.59,7.8,110.2,28.4,0.58,synthetic response curve (Mitscherlich-style) + noise; NOT measured yield
2603,Potato,184.5,101.9,111.3,24.64,11,loam,293,17.0,184,0.47,6.83,407.4,25.9,0.48,synthetic response curve (Mitscherlich-style) + noise; NOT measured yield
2604,Rice,53.4,22.6,52.2,3.85,3,sandy,362,90.0,35,0.49,7.79,30.7,28.3,-0.85,synthetic response curve (Mitscherlich-style) + noise; NOT measured yield
2605,Lentil,15.4,37.2,23.2,0.98,5,loam,543,12.5,187,0.74,8.61,140.7,28.5,1.38,synthetic response curve (Mitscherlich-style) + noise; NOT measured yield
2606,Sugarcane,4.9,74.8,89.3,58.2,9,clay,419,37.5,269,0.57,7.97,138.4,30.9,-0.91,synthetic response curve (Mitscherlich-style) + noise; NOT measured yield
2607,Maize,40.8,92.8,45.8,5.03,13,sandy,221,16.4,83,0.31,6.9,496.9,23.0,0.76,synthetic response curve (Mitscherlich-style) + noise; NOT measured yield
2608,Rice,119.2,68.2,7.7,3.18,8,clay,425,6.7,202,0.79,8.14,41.1,29.4,-0.35,synthetic response curve (Mitscherlich-style) + noise; NOT measured yield
2609,Maize,168.9,41.1,60.3,4.77,12,loam,241,26.0,245,0.5,7.65,80.7,23.2,-2.26,synthetic response curve (Mitscherlich-style) + noise; NOT measured yield
2610,Rice,2.4,71.0,82.3,4.35,5,loam,319,30.5,227,0.43,6.06,55.3,24.6,0.25,synthetic response curve (Mitscherlich-style) + noise; NOT measured yield
2611,Green gram,10.7,39.7,9.3,0.83,6,clay,493,25.8,322,0.78,8.4,42.9,28.4,1.2,synthetic response curve (Mitscherlich-style) + noise; NOT measured yield
2612,Wheat,125.3,19.5,18.2,3.07,10,sandy,320,28.8,70,0.3,6.69,277.6,30.9,0.56,synthetic response curve (Mitscherlich-style) + noise; NOT measured yield
2613,Chickpea,26.3,42.3,42.1,1.47,9,clay,408,14.9,161,0.59,8.0,356.5,22.5,-0.72,synthetic response curve (Mitscherlich-style) + noise; NOT measured yield
2614,Maize,51.3,6.2,27.0,4.55,2,loam,424,32.5,107,0.7,8.23,54.6,32.2,0.86,synthetic response curve (Mitscherlich-style) + noise; NOT measured yield
2615,Soybean,30.3,3.1,1.0,1.05,6,clay,427,10.6,217,0.68,9.04,188.7,28.7,2.63,synthetic response curve (Mitscherlich-style) + noise; NOT measured yield
2616,Tomato,88.3,70.9,38.5,35.87,13,sandy,366,13.3,252,0.28,6.06,607.3,22.5,0.94,synthetic response curve (Mitscherlich-style) + noise; NOT measured yield
2617,Soybean,17.3,24.0,41.9,1.59,9,clay,334,3.6,156,0.59,7.58,180.8,28.1,0.57,synthetic response curve (Mitscherlich-style) + noise; NOT measured yield
2618,Maize,77.4,20.5,2.8,3.44,12,loam,368,36.2,138,0.61,6.82,137.3,23.1,-1.61,synthetic response curve (Mitscherlich-style) + noise; NOT measured yield
2619,Tomato,160.0,90.9,92.7,32.14,13,sandy,488,14.7,176,0.69,7.29,449.4,31.4,-1.35,synthetic response curve (Mitscherlich-style) + noise; NOT measured yield
2620,Sugarcane,140.5,40.3,107.5,60.46,5,loam,532,15.9,265,0.86,6.66,79.9,22.7,-0.47,synthetic response curve (Mitscherlich-style) + noise; NOT measured yield
2621,Maize,158.0,28.4,0.2,3.0,4,sandy,161,6.9,50,0.45,7.56,288.3,19.9,-0.22,synthetic response curve (Mitscherlich-style) + noise; NOT measured yield
2622,Wheat,69.6,26.1,44.9,3.52,9,clay,285,6.5,275,0.46,7.85,424.9,26.4,0.93,synthetic response curve (Mitscherlich-style) + noise; NOT measured yield
2623,Banana,57.5,38.1,246.3,30.23,8,clay,415,5.2,321,0.66,8.95,164.2,31.8,1.34,synthetic response curve (Mitscherlich-style) + noise; NOT measured yield
2624,Sorghum,91.7,30.0,12.7,1.54,14,clay,480,13.0,30,0.56,8.15,226.9,20.5,-0.74,synthetic response curve (Mitscherlich-style) + noise; NOT measured yield
2625,Turmeric,42.7,69.7,42.5,17.11,3,sandy,266,20.3,116,0.18,7.1,26.2,29.9,0.61,synthetic response curve (Mitscherlich-style) + noise; NOT measured yield
2626,Maize,81.9,55.7,4.5,5.26,7,clay,545,9.1,362,0.7,6.75,53.2,26.0,-0.71,synthetic response curve (Mitscherlich-style) + noise; NOT measured yield
2627,Cotton,41.0,6.5,48.0,1.6,1,clay,279,51.8,235,0.54,7.79,274.6,27.9,-0.3,synthetic response curve (Mitscherlich-style) + noise; NOT measured yield
2628,Pearl millet,29.9,21.6,13.5,1.76,6,clay,384,24.7,154,0.8,7.94,598.7,28.1,-0.01,synthetic response curve (Mitscherlich-style) + noise; NOT measured yield
2629,Wheat,144.0,0.3,38.0,2.33,9,clay,429,14.1,228,0.76,7.23,76.4,23.3,1.18,synthetic response curve (Mitscherlich-style) + noise; NOT measured yield
2630,Wheat,99.5,53.9,13.2,3.57,12,loam,567,15.1,212,0.89,7.51,630.7,28.0,1.5,synthetic response curve (Mitscherlich-style) + noise; NOT measured yield
2631,Mustard,75.9,21.8,7.3,0.86,13,sandy,299,3.8,70,0.39,5.62,236.9,23.3,-0.23,synthetic response curve (Mitscherlich-style) + noise; NOT measured yield
2632,Green gram,8.5,11.4,35.7,0.54,1,clay,435,3.9,123,0.37,8.4,657.4,28.3,-0.81,synthetic response curve (Mitscherlich-style) + noise; NOT measured yield
2633,Cotton,98.8,68.1,47.5,2.21,14,clay,418,12.6,296,0.57,7.49,19.5,23.7,0.31,synthetic response curve (Mitscherlich-style) + noise; NOT measured yield
2634,Potato,15.1,46.4,18.6,18.35,11,loam,404,15.9,139,0.51,8.08,79.7,25.4,0.15,synthetic response curve (Mitscherlich-style) + noise; NOT measured yield
2635,Rice,162.7,53.1,35.2,4.16,4,sandy,416,2.0,30,0.24,6.24,33.1,25.2,-0.82,synthetic response curve (Mitscherlich-style) + noise; NOT measured yield
2636,Wheat,138.8,10.7,20.4,2.3,4,sandy,404,17.1,109,0.43,6.41,118.2,18.7,-1.43,synthetic response curve (Mitscherlich-style) + noise; NOT measured yield
2637,Wheat,88.5,60.3,43.6,3.98,12,loam,355,75.8,186,0.5,5.51,217.5,24.7,-0.85,synthetic response curve (Mitscherlich-style) + noise; NOT measured yield
2638,Wheat,56.3,77.9,45.3,4.13,11,loam,424,90.0,212,0.51,7.63,470.4,34.7,1.19,synthetic response curve (Mitscherlich-style) + noise; NOT measured yield
2639,Maize,19.5,19.2,17.1,3.14,4,sandy,487,66.8,87,0.45,5.3,473.1,27.3,-0.92,synthetic response curve (Mitscherlich-style) + noise; NOT measured yield
2640,Lentil,19.7,44.9,29.5,1.16,7,clay,403,34.3,303,0.65,7.37,46.3,25.9,1.14,synthetic response curve (Mitscherlich-style) + noise; NOT measured yield
2641,Ragi,94.8,40.6,10.6,1.46,13,sandy,152,42.9,114,0.27,6.78,160.6,24.1,-0.56,synthetic response curve (Mitscherlich-style) + noise; NOT measured yield
2642,Chickpea,23.6,19.3,4.9,1.28,1,clay,525,47.7,199,0.72,9.2,694.7,25.4,-0.18,synthetic response curve (Mitscherlich-style) + noise; NOT measured yield
2643,Cotton,132.1,20.8,76.3,1.32,8,clay,409,11.7,289,0.61,7.2,140.7,24.5,-0.41,synthetic response curve (Mitscherlich-style) + noise; NOT measured yield
2644,Cotton,11.8,73.2,79.1,1.34,14,clay,216,17.3,132,0.33,7.7,60.0,24.3,2.13,synthetic response curve (Mitscherlich-style) + noise; NOT measured yield
2645,Lentil,14.9,24.9,27.4,0.91,1,clay,343,2.7,375,0.64,8.28,207.9,29.7,0.42,synthetic response curve (Mitscherlich-style) + noise; NOT measured yield
2646,Chickpea,26.7,31.2,11.5,1.22,9,clay,273,9.8,327,0.38,8.21,198.0,24.6,-0.95,synthetic response curve (Mitscherlich-style) + noise; NOT measured yield
2647,Wheat,153.9,49.4,52.0,4.47,9,clay,379,11.0,281,0.53,7.98,142.8,25.7,0.15,synthetic response curve (Mitscherlich-style) + noise; NOT measured yield
2648,Sugarcane,218.0,40.8,115.0,67.26,5,loam,260,13.6,163,0.43,9.2,58.5,23.3,-0.27,synthetic response curve (Mitscherlich-style) + noise; NOT measured yield
2649,Soybean,14.0,62.1,24.7,1.63,9,clay,388,12.2,329,0.56,8.87,318.4,24.3,-1.6,synthetic response curve (Mitscherlich-style) + noise; NOT measured yield
2650,Wheat,57.2,22.1,61.0,2.9,11,loam,267,11.7,89,0.33,7.16,364.1,26.7,-0.27,synthetic response curve (Mitscherlich-style) + noise; NOT measured yield
2651,Wheat,97.8,23.0,40.2,2.86,5,loam,330,4.0,160,0.36,7.08,159.8,29.6,-0.46,synthetic response curve (Mitscherlich-style) + noise; NOT measured yield
2652,Chilli,32.3,12.4,32.2,1.21,8,clay,404,12.0,375,0.67,9.2,64.2,25.8,-0.33,synthetic response curve (Mitscherlich-style) + noise; NOT measured yield
2653,Soybean,17.8,71.4,26.4,1.74,9,clay,211,4.2,285,0.35,7.92,42.8,27.2,-1.17,synthetic response curve (Mitscherlich-style) + noise; NOT measured yield
2654,Green gram,23.8,50.1,1.4,0.83,1,clay,430,6.7,274,0.54,7.52,184.7,24.9,-0.21,synthetic response curve (Mitscherlich-style) + noise; NOT measured yield
2655,Rice,127.5,56.9,17.9,3.79,4,sandy,367,5.5,208,0.37,7.06,294.9,22.0,0.55,synthetic response curve (Mitscherlich-style) + noise; NOT measured yield
2656,Wheat,81.4,80.2,8.3,3.14,10,sandy,360,47.7,145,0.14,6.05,142.6,24.4,-0.17,synthetic response curve (Mitscherlich-style) + noise; NOT measured yield
2657,Cotton,156.2,7.9,8.2,1.02,8,clay,305,17.4,397,0.4,6.94,254.9,29.3,2.27,synthetic response curve (Mitscherlich-style) + noise; NOT measured yield
2658,Potato,0.3,27.9,143.9,16.0,15,clay,484,11.0,126,0.93,8.72,327.2,28.3,-0.95,synthetic response curve (Mitscherlich-style) + noise; NOT measured yield
2659,Ragi,11.1,44.0,46.3,1.96,13,sandy,423,34.7,129,0.65,5.85,358.5,25.5,-0.0,synthetic response curve (Mitscherlich-style) + noise; NOT measured yield
2660,Potato,130.3,14.3,91.3,17.91,4,sandy,321,42.1,30,0.48,5.43,45.4,20.8,-0.09,synthetic response curve (Mitscherlich-style) + noise; NOT measured yield
2661,Mustard,20.7,50.8,13.8,1.16,15,clay,310,20.4,107,0.77,7.77,214.5,23.1,-0.04,synthetic response curve (Mitscherlich-style) + noise; NOT measured yield
2662,Turmeric,69.2,10.4,92.9,14.47,13,sandy,311,37.4,134,0.46,7.34,98.6,28.3,-0.42,synthetic response curve (Mitscherlich-style) + noise; NOT measured yield
2663,Sugarcane,260.8,78.1,29.3,66.73,7,clay,392,13.9,264,0.48,8.71,210.7,22.8,0.11,synthetic response curve (Mitscherlich-style) + noise; NOT measured yield
2664,Mustard,28.4,24.7,32.1,1.25,10,sandy,316,11.3,174,0.43,6.93,97.1,23.6,0.68,synthetic response curve (Mitscherlich-style) + noise; NOT measured yield
2665,Turmeric,92.7,15.7,43.3,14.81,5,loam,565,37.1,285,0.59,7.81,30.8,19.4,-0.28,synthetic response curve (Mitscherlich-style) + noise; NOT measured yield
2666,Banana,101.3,59.8,128.1,35.46,2,loam,376,8.1,131,0.72,6.95,479.5,28.6,-1.21,synthetic response curve (Mitscherlich-style) + noise; NOT measured yield
2667,Potato,90.4,2.5,36.7,15.59,4,sandy,404,32.8,52,0.38,6.52,223.7,26.0,-0.24,synthetic response curve (Mitscherlich-style) + noise; NOT measured yield
2668,Potato,118.1,48.2,42.1,22.71,11,loam,429,48.5,246,0.68,6.75,298.8,17.6,-0.96,synthetic response curve (Mitscherlich-style) + noise; NOT measured yield
2669,Wheat,73.6,74.2,43.3,3.62,9,clay,524,2.5,178,0.69,8.12,118.0,32.8,-1.07,synthetic response curve (Mitscherlich-style) + noise; NOT measured yield
2670,Maize,174.9,64.7,67.4,5.46,7,clay,642,8.6,234,1.03,6.41,94.3,25.6,-0.47,synthetic response curve (Mitscherlich-style) + noise; NOT measured yield
2671,Chilli,82.5,69.7,57.1,2.22,8,clay,337,8.1,337,0.71,6.46,18.9,35.4,1.87,synthetic response curve (Mitscherlich-style) + noise; NOT measured yield
2672,Sugarcane,64.1,43.5,92.6,64.29,12,loam,391,9.1,280,0.69,7.38,92.5,28.2,1.74,synthetic response curve (Mitscherlich-style) + noise; NOT measured yield
2673,Potato,188.0,58.5,55.1,25.19,11,loam,362,12.9,220,0.5,7.76,213.5,26.8,-0.78,synthetic response curve (Mitscherlich-style) + noise; NOT measured yield
2674,Pearl millet,91.6,32.2,31.3,1.85,10,sandy,422,42.5,30,0.43,7.35,181.5,17.8,-0.99,synthetic response curve (Mitscherlich-style) + noise; NOT measured yield
2675,Chilli,142.2,13.1,67.6,1.56,8,clay,272,9.5,239,0.38,8.03,70.9,29.2,0.76,synthetic response curve (Mitscherlich-style) + noise; NOT measured yield
2676,Ragi,85.3,14.4,21.6,1.41,1,clay,485,4.2,259,0.62,6.58,151.2,33.1,0.18,synthetic response curve (Mitscherlich-style) + noise; NOT measured yield
2677,Pigeon pea,25.0,42.4,4.1,1.01,6,clay,453,8.3,260,0.58,7.75,45.0,23.1,-0.81,synthetic response curve (Mitscherlich-style) + noise; NOT measured yield
2678,Cotton,44.1,12.1,75.6,1.03,2,loam,372,15.1,216,0.66,6.77,68.2,18.8,-2.66,synthetic response curve (Mitscherlich-style) + noise; NOT measured yield
2679,Rice,134.2,1.1,9.5,2.29,12,loam,206,12.6,116,0.52,6.95,211.9,26.3,-1.78,synthetic response curve (Mitscherlich-style) + noise; NOT measured yield
2680,Soybean,34.9,23.8,23.3,2.17,6,clay,415,39.6,239,0.69,6.74,20.5,25.9,1.08,synthetic response curve (Mitscherlich-style) + noise; NOT measured yield
2681,Rice,76.2,38.0,5.4,2.98,4,sandy,354,14.9,152,0.48,6.39,98.8,28.9,-0.32,synthetic response curve (Mitscherlich-style) + noise; NOT measured yield
2682,Cotton,143.7,76.6,52.2,1.69,8,clay,426,18.6,419,0.52,8.85,79.2,27.3,0.71,synthetic response curve (Mitscherlich-style) + noise; NOT measured yield
2683,Chilli,75.6,68.8,43.8,2.58,8,clay,511,5.4,342,0.92,7.97,391.8,29.4,0.44,synthetic response curve (Mitscherlich-style) + noise; NOT measured yield
2684,Turmeric,27.8,40.4,105.4,16.79,14,clay,283,13.8,441,0.64,6.64,244.6,23.7,0.2,synthetic response curve (Mitscherlich-style) + noise; NOT measured yield
2685,Chilli,141.1,60.1,66.4,1.92,3,sandy,248,23.0,189,0.41,7.5,745.0,30.8,-2.17,synthetic response curve (Mitscherlich-style) + noise; NOT measured yield
2686,Potato,16.2,12.9,164.2,13.57,13,sandy,261,15.1,151,0.3,5.5,109.5,23.8,-1.08,synthetic response curve (Mitscherlich-style) + noise; NOT measured yield
2687,Maize,211.2,21.1,26.7,3.64,4,sandy,389,4.7,175,0.71,6.22,131.4,18.1,-0.52,synthetic response curve (Mitscherlich-style) + noise; NOT measured yield
2688,Tomato,62.5,61.0,126.4,26.3,13,sandy,166,22.4,131,0.13,5.12,278.4,25.6,-0.57,synthetic response curve (Mitscherlich-style) + noise; NOT measured yield
2689,Wheat,147.4,78.8,64.2,4.37,9,clay,297,5.8,357,0.27,6.43,102.3,28.1,0.69,synthetic response curve (Mitscherlich-style) + noise; NOT measured yield
2690,Ragi,87.4,18.9,32.9,1.62,9,clay,423,10.7,314,0.81,8.67,60.8,28.8,0.46,synthetic response curve (Mitscherlich-style) + noise; NOT measured yield
2691,Rice,13.4,64.8,12.5,3.73,11,loam,467,6.5,217,0.55,6.41,194.0,24.7,-0.63,synthetic response curve (Mitscherlich-style) + noise; NOT measured yield
2692,Sorghum,42.4,33.8,36.2,3.02,2,loam,448,21.6,336,0.63,6.3,158.0,25.2,1.03,synthetic response curve (Mitscherlich-style) + noise; NOT measured yield
2693,Rice,0.4,78.2,56.5,1.97,12,loam,64,4.1,272,0.35,8.08,9.6,29.2,1.81,synthetic response curve (Mitscherlich-style) + noise; NOT measured yield
2694,Wheat,35.0,53.1,8.8,3.87,12,loam,441,67.5,295,0.54,6.23,1119.4,29.3,0.53,synthetic response curve (Mitscherlich-style) + noise; NOT measured yield
2695,Rice,19.4,40.2,37.9,3.85,3,sandy,330,65.4,283,0.31,6.45,264.7,31.0,0.74,synthetic response curve (Mitscherlich-style) + noise; NOT measured yield
2696,Maize,51.5,33.6,57.0,4.99,2,loam,264,16.8,269,0.46,8.06,49.2,28.2,-0.65,synthetic response curve (Mitscherlich-style) + noise; NOT measured yield
2697,Wheat,166.4,44.3,69.7,4.71,11,loam,405,23.5,191,0.45,6.84,543.1,24.6,0.51,synthetic response curve (Mitscherlich-style) + noise; NOT measured yield
2698,Wheat,53.4,79.3,48.6,3.49,2,loam,324,3.8,39,0.4,7.11,24.9,25.6,-0.68,synthetic response curve (Mitscherlich-style) + noise; NOT measured yield
2699,Soybean,3.6,41.6,48.2,2.09,9,clay,411,29.3,235,0.57,6.63,159.3,24.3,0.37,synthetic response curve (Mitscherlich-style) + noise; NOT measured yield
2700,Rice,53.5,15.0,12.3,3.42,4,sandy,602,12.7,72,0.82,6.1,33.4,26.7,-0.08,synthetic response curve (Mitscherlich-style) + noise; NOT measured yield
2701,Potato,67.0,1.8,75.4,12.27,11,loam,415,8.1,130,0.76,7.41,21.6,25.4,0.43,synthetic response curve (Mitscherlich-style) + noise; NOT measured yield
2702,Sorghum,58.3,44.3,32.1,2.73,14,clay,242,13.5,257,0.45,8.52,85.2,20.1,0.52,synthetic response curve (Mitscherlich-style) + noise; NOT measured yield
2703,Pigeon pea,28.8,11.9,17.5,0.96,13,sandy,251,11.3,300,0.19,5.88,540.0,20.9,-0.47,synthetic response curve (Mitscherlich-style) + noise; NOT measured yield
2704,Ragi,56.0,43.8,35.7,2.05,12,loam,287,9.2,274,0.42,6.05,183.3,26.2,1.06,synthetic response curve (Mitscherlich-style) + noise; NOT measured yield
2705,Mustard,110.6,37.8,27.2,1.17,10,sandy,510,7.4,133,0.6,6.82,36.3,27.4,-0.7,synthetic response curve (Mitscherlich-style) + noise; NOT measured yield
2706,Maize,199.0,71.6,1.0,3.55,2,loam,320,16.9,137,0.57,8.4,136.3,21.0,0.21,synthetic response curve (Mitscherlich-style) + noise; NOT measured yield
2707,Potato,52.6,15.7,37.7,15.02,15,clay,427,10.1,332,0.88,8.37,112.5,32.8,-0.45,synthetic response curve (Mitscherlich-style) + noise; NOT measured yield
2708,Cotton,145.0,77.7,38.5,1.42,14,clay,467,22.2,43,0.69,9.2,74.9,25.7,0.7,synthetic response curve (Mitscherlich-style) + noise; NOT measured yield
2709,Groundnut,34.5,60.7,48.4,1.62,1,clay,266,6.0,334,0.26,7.07,402.0,24.9,-1.02,synthetic response curve (Mitscherlich-style) + noise; NOT measured yield
2710,Wheat,88.0,83.8,19.1,3.77,12,loam,317,28.3,280,0.36,5.72,9.5,24.2,-0.31,synthetic response curve (Mitscherlich-style) + noise; NOT measured yield
2711,Sorghum,48.4,31.6,13.5,2.49,2,loam,271,6.5,319,0.43,8.18,110.9,23.8,0.76,synthetic response curve (Mitscherlich-style) + noise; NOT measured yield
2712,Pearl millet,102.3,36.7,4.1,1.47,10,sandy,286,18.1,115,0.36,7.2,204.3,25.6,-0.2,synthetic response curve (Mitscherlich-style) + noise; NOT measured yield
2713,Maize,175.8,84.5,77.0,5.96,4,sandy,217,15.9,105,0.53,6.21,164.0,21.2,-0.22,synthetic response curve (Mitscherlich-style) + noise; NOT measured yield
2714,Potato,165.1,8.6,30.6,17.0,2,loam,410,41.0,251,0.76,5.17,171.0,22.1,1.13,synthetic response curve (Mitscherlich-style) + noise; NOT measured yield
2715,Maize,106.9,11.6,42.9,3.21,4,sandy,333,6.4,161,0.56,6.37,60.1,24.5,-0.09,synthetic response curve (Mitscherlich-style) + noise; NOT measured yield
2716,Wheat,34.8,4.6,4.7,2.83,5,loam,451,17.4,148,0.56,6.38,242.6,20.4,-0.32,synthetic response curve (Mitscherlich-style) + noise; NOT measured yield
2717,Pigeon pea,18.9,10.7,26.5,1.01,6,clay,424,38.4,341,0.38,8.81,359.5,28.8,1.41,synthetic response curve (Mitscherlich-style) + noise; NOT measured yield
2718,Potato,43.4,51.6,120.8,21.87,5,loam,205,4.8,192,0.56,7.71,142.1,20.1,0.77,synthetic response curve (Mitscherlich-style) + noise; NOT measured yield
2719,Maize,122.9,90.8,73.0,6.21,7,clay,445,25.1,231,0.68,8.18,19.0,22.3,0.61,synthetic response curve (Mitscherlich-style) + noise; NOT measured yield
2720,Pearl millet,76.7,33.1,11.0,1.64,10,sandy,304,9.8,94,0.2,7.47,147.5,28.1,0.22,synthetic response curve (Mitscherlich-style) + noise; NOT measured yield
2721,Cotton,78.2,21.6,42.6,1.28,7,clay,485,36.6,188,0.84,7.17,803.6,30.6,-1.82,synthetic response curve (Mitscherlich-style) + noise; NOT measured yield
2722,Wheat,81.7,19.8,7.7,2.65,9,clay,353,6.8,236,0.19,7.03,625.1,24.1,1.64,synthetic response curve (Mitscherlich-style) + noise; NOT measured yield
2723,Soybean,2.9,41.4,14.8,1.63,6,clay,280,37.9,150,0.55,7.8,25.5,30.1,-1.11,synthetic response curve (Mitscherlich-style) + noise; NOT measured yield
2724,Wheat,8.4,43.9,52.6,3.18,5,loam,362,44.7,165,0.52,7.74,348.0,22.1,-0.47,synthetic response curve (Mitscherlich-style) + noise; NOT measured yield
2725,Rice,105.8,48.0,35.5,3.87,3,sandy,453,22.0,30,0.56,6.35,154.4,30.6,-1.49,synthetic response curve (Mitscherlich-style) + noise; NOT measured yield
2726,Wheat,133.5,81.8,13.3,3.4,5,loam,252,44.1,211,0.62,6.64,74.4,25.4,1.6,synthetic response curve (Mitscherlich-style) + noise; NOT measured yield
2727,Chilli,23.8,58.4,26.5,1.49,3,sandy,362,16.3,30,0.45,6.35,155.3,27.7,-1.34,synthetic response curve (Mitscherlich-style) + noise; NOT measured yield
2728,Chilli,3.8,11.0,15.8,1.83,8,clay,495,32.2,272,0.98,6.7,116.0,24.6,-0.46,synthetic response curve (Mitscherlich-style) + noise; NOT measured yield
2729,Pearl millet,12.8,48.0,27.8,1.46,10,sandy,408,9.5,63,0.53,7.08,239.5,25.9,-3.38,synthetic response curve (Mitscherlich-style) + noise; NOT measured yield
2730,Onion,121.8,34.4,37.1,22.13,13,sandy,243,11.0,105,0.22,7.46,434.2,20.4,0.62,synthetic response curve (Mitscherlich-style) + noise; NOT measured yield
2731,Wheat,6.1,54.7,66.4,2.91,5,loam,337,4.1,120,0.26,5.48,26.5,24.9,-0.91,synthetic response curve (Mitscherlich-style) + noise; NOT measured yield
2732,Maize,88.5,1.7,39.4,2.44,2,loam,400,6.5,194,0.74,8.65,217.3,22.1,0.15,synthetic response curve (Mitscherlich-style) + noise; NOT measured yield
2733,Cotton,106.2,63.1,16.7,1.37,13,sandy,367,8.3,114,0.51,7.16,77.8,23.3,-0.46,synthetic response curve (Mitscherlich-style) + noise; NOT measured yield
2734,Rice,19.1,76.7,57.8,3.87,11,loam,317,2.5,174,0.59,7.18,197.8,27.1,0.55,synthetic response curve (Mitscherlich-style) + noise; NOT measured yield
2735,Sugarcane,146.5,82.3,121.9,72.85,5,loam,450,10.2,302,0.74,6.18,39.7,22.6,-1.58,synthetic response curve (Mitscherlich-style) + noise; NOT measured yield
2736,Mustard,94.6,50.9,42.6,1.38,15,clay,464,11.8,135,0.81,7.65,385.8,31.1,0.34,synthetic response curve (Mitscherlich-style) + noise; NOT measured yield
2737,Rice,5.7,21.9,57.9,3.66,10,sandy,258,7.1,173,0.33,7.37,443.1,25.0,-0.66,synthetic response curve (Mitscherlich-style) + noise; NOT measured yield
2738,Maize,99.0,40.5,46.6,4.89,12,loam,453,10.3,239,0.76,6.48,493.2,20.8,-0.77,synthetic response curve (Mitscherlich-style) + noise; NOT measured yield
2739,Pigeon pea,20.2,44.1,0.1,1.13,6,clay,523,7.3,287,1.08,8.11,34.5,31.9,-0.6,synthetic response curve (Mitscherlich-style) + noise; NOT measured yield
2740,Maize,112.3,80.6,53.5,5.67,7,clay,546,9.3,165,0.9,7.26,184.1,23.5,0.85,synthetic response curve (Mitscherlich-style) + noise; NOT measured yield
2741,Cotton,99.4,61.8,13.5,1.68,6,clay,235,15.6,257,0.5,7.39,326.1,20.1,-1.63,synthetic response curve (Mitscherlich-style) + noise; NOT measured yield
2742,Chickpea,25.7,48.6,4.1,1.32,11,loam,552,12.1,149,0.88,7.28,50.2,24.4,0.32,synthetic response curve (Mitscherlich-style) + noise; NOT measured yield
2743,Maize,56.8,47.6,20.6,3.65,13,sandy,451,8.9,51,0.47,6.22,165.6,21.0,-0.46,synthetic response curve (Mitscherlich-style) + noise; NOT measured yield
2744,Tomato,165.9,82.0,15.5,33.03,13,sandy,374,44.3,194,0.59,5.86,222.0,26.1,-0.06,synthetic response curve (Mitscherlich-style) + noise; NOT measured yield
2745,Turmeric,91.6,54.1,94.7,16.02,5,loam,204,16.3,207,0.51,7.0,96.1,26.4,-1.07,synthetic response curve (Mitscherlich-style) + noise; NOT measured yield
2746,Green gram,11.4,5.1,13.1,0.48,12,loam,267,10.2,202,0.55,7.32,65.2,25.1,-1.13,synthetic response curve (Mitscherlich-style) + noise; NOT measured yield
2747,Pigeon pea,7.9,30.6,14.1,1.1,11,loam,239,25.6,246,0.31,8.63,499.3,26.1,-0.8,synthetic response curve (Mitscherlich-style) + noise; NOT measured yield
2748,Groundnut,22.1,0.6,32.4,0.97,1,clay,544,17.8,292,0.74,8.01,6.6,29.1,-0.4,synthetic response curve (Mitscherlich-style) + noise; NOT measured yield
2749,Maize,76.0,19.8,83.9,4.48,12,loam,99,23.8,134,0.21,8.57,169.3,25.5,-1.11,synthetic response curve (Mitscherlich-style) + noise; NOT measured yield
2750,Sorghum,61.4,14.1,39.0,1.97,2,loam,427,13.5,150,0.55,7.31,302.4,22.3,0.65,synthetic response curve (Mitscherlich-style) + noise; NOT measured yield
2751,Maize,33.1,51.2,64.3,4.58,2,loam,404,13.0,221,0.72,5.33,333.2,22.3,0.76,synthetic response curve (Mitscherlich-style) + noise; NOT measured yield
2752,Maize,33.6,57.0,61.1,4.38,2,loam,236,21.6,207,0.27,7.73,170.0,30.4,0.42,synthetic response curve (Mitscherlich-style) + noise; NOT measured yield
2753,Soybean,26.3,55.9,13.5,2.09,9,clay,345,25.0,335,0.58,7.62,405.8,26.9,0.82,synthetic response curve (Mitscherlich-style) + noise; NOT measured yield
2754,Rice,116.0,79.4,61.7,4.33,1,clay,511,14.2,440,0.46,7.95,64.8,25.9,-0.98,synthetic response curve (Mitscherlich-style) + noise; NOT measured yield
2755,Rice,108.6,80.2,26.6,4.8,8,clay,437,11.1,382,0.78,6.5,242.9,23.7,0.16,synthetic response curve (Mitscherlich-style) + noise; NOT measured yield
2756,Wheat,167.3,31.7,57.1,3.37,11,loam,391,3.6,229,0.73,7.17,112.3,28.1,-0.76,synthetic response curve (Mitscherlich-style) + noise; NOT measured yield
2757,Soybean,33.2,79.8,34.9,2.31,9,clay,500,3.2,306,0.77,7.12,683.2,26.7,-0.04,synthetic response curve (Mitscherlich-style) + noise; NOT measured yield
2758,Maize,103.4,94.4,52.2,5.81,5,loam,200,8.4,196,0.3,8.51,46.0,23.9,0.67,synthetic response curve (Mitscherlich-style) + noise; NOT measured yield
2759,Soybean,11.4,37.8,12.4,1.49,6,clay,409,8.1,233,0.75,9.2,41.2,26.1,-1.54,synthetic response curve (Mitscherlich-style) + noise; NOT measured yield
2760,Lentil,18.7,10.2,2.5,0.72,11,loam,333,10.6,127,0.26,6.44,159.6,20.5,0.8,synthetic response curve (Mitscherlich-style) + noise; NOT measured yield
2761,Soybean,4.9,18.2,12.2,1.72,6,clay,479,31.7,356,0.78,6.81,191.5,29.0,-1.42,synthetic response curve (Mitscherlich-style) + noise; NOT measured yield
2762,Sorghum,5.5,54.2,45.4,2.46,10,sandy,491,42.4,118,0.67,5.82,21.0,25.7,-0.39,synthetic response curve (Mitscherlich-style) + noise; NOT measured yield
2763,Ragi,29.2,32.6,42.9,1.82,11,loam,234,4.1,181,0.64,8.27,360.7,28.1,0.27,synthetic response curve (Mitscherlich-style) + noise; NOT measured yield
2764,Chilli,42.2,12.8,11.7,1.67,8,clay,444,10.4,374,0.45,6.11,241.7,29.3,1.44,synthetic response curve (Mitscherlich-style) + noise; NOT measured yield
2765,Cotton,27.4,74.4,79.0,1.73,6,clay,404,24.3,337,0.72,7.57,199.4,27.9,0.35,synthetic response curve (Mitscherlich-style) + noise; NOT measured yield
2766,Groundnut,22.8,51.5,42.3,1.56,1,clay,360,25.2,446,0.42,7.32,172.8,33.2,0.39,synthetic response curve (Mitscherlich-style) + noise; NOT measured yield
2767,Sorghum,40.9,26.1,3.2,2.22,12,loam,216,10.4,237,0.17,7.55,363.6,24.5,-0.05,synthetic response curve (Mitscherlich-style) + noise; NOT measured yield
2768,Sugarcane,104.5,72.5,127.4,69.62,5,loam,172,9.0,302,0.36,8.33,328.3,31.3,-0.21,synthetic response curve (Mitscherlich-style) + noise; NOT measured yield
2769,Onion,84.7,69.5,51.4,25.69,7,clay,594,7.8,343,0.68,7.6,98.1,26.3,-1.63,synthetic response curve (Mitscherlich-style) + noise; NOT measured yield
2770,Banana,132.8,65.3,19.6,33.16,1,clay,322,13.0,285,0.48,8.62,48.2,29.9,1.21,synthetic response curve (Mitscherlich-style) + noise; NOT measured yield
2771,Wheat,49.2,75.7,13.2,3.34,12,loam,334,8.9,218,0.29,7.46,161.9,31.5,-0.26,synthetic response curve (Mitscherlich-style) + noise; NOT measured yield
2772,Chilli,27.1,19.2,69.0,2.19,14,clay,316,43.0,321,0.74,6.99,129.7,27.8,-0.57,synthetic response curve (Mitscherlich-style) + noise; NOT measured yield
2773,Cotton,101.7,0.5,36.9,0.87,14,clay,481,9.4,422,0.75,7.01,125.4,23.6,2.41,synthetic response curve (Mitscherlich-style) + noise; NOT measured yield
2774,Wheat,156.7,14.6,30.3,2.87,5,loam,418,6.6,138,0.78,7.78,178.0,22.9,1.15,synthetic response curve (Mitscherlich-style) + noise; NOT measured yield
2775,Cotton,81.5,62.8,21.4,1.61,2,loam,448,3.4,150,0.54,5.99,180.2,23.4,0.4,synthetic response curve (Mitscherlich-style) + noise; NOT measured yield
2776,Sorghum,75.1,31.1,21.7,2.6,2,loam,264,24.2,216,0.34,6.36,113.0,24.7,1.05,synthetic response curve (Mitscherlich-style) + noise; NOT measured yield
2777,Soybean,3.3,23.6,16.9,1.65,6,clay,431,5.8,250,0.49,9.2,25.4,26.0,1.86,synthetic response curve (Mitscherlich-style) + noise; NOT measured yield
2778,Groundnut,30.7,47.4,58.1,1.82,1,clay,443,13.8,363,0.69,8.42,384.5,28.5,-0.14,synthetic response curve (Mitscherlich-style) + noise; NOT measured yield
2779,Cotton,170.3,25.7,22.0,1.51,3,sandy,429,6.4,168,0.11,6.77,52.1,25.9,0.03,synthetic response curve (Mitscherlich-style) + noise; NOT measured yield
2780,Wheat,47.2,55.0,27.2,4.27,10,sandy,294,17.8,193,0.4,5.64,21.2,27.9,0.9,synthetic response curve (Mitscherlich-style) + noise; NOT measured yield
2781,Groundnut,15.7,61.1,38.0,1.42,1,clay,320,38.5,190,0.47,8.22,404.5,33.9,1.97,synthetic response curve (Mitscherlich-style) + noise; NOT measured yield
2782,Pearl millet,3.9,18.0,5.1,1.49,10,sandy,314,15.4,120,0.5,7.48,107.1,25.3,0.97,synthetic response curve (Mitscherlich-style) + noise; NOT measured yield
2783,Wheat,121.9,27.6,48.2,3.58,14,clay,369,14.2,139,0.55,8.13,890.0,21.4,0.08,synthetic response curve (Mitscherlich-style) + noise; NOT measured yield
2784,Mustard,42.2,45.2,11.1,1.24,15,clay,384,39.9,251,0.68,6.7,645.9,27.8,-0.98,synthetic response curve (Mitscherlich-style) + noise; NOT measured yield
2785,Mustard,44.7,31.2,4.0,1.25,15,clay,404,13.1,242,0.77,7.76,181.9,27.2,0.56,synthetic response curve (Mitscherlich-style) + noise; NOT measured yield
2786,Wheat,153.9,41.8,14.0,3.39,5,loam,242,7.4,225,0.25,7.77,336.2,26.5,-0.26,synthetic response curve (Mitscherlich-style) + noise; NOT measured yield
2787,Pearl millet,67.6,28.1,6.8,1.25,10,sandy,220,14.2,44,0.37,5.73,10.4,23.7,-0.26,synthetic response curve (Mitscherlich-style) + noise; NOT measured yield
2788,Rice,76.8,63.7,4.0,3.36,1,clay,390,10.7,307,0.47,7.74,214.3,26.9,-1.57,synthetic response curve (Mitscherlich-style) + noise; NOT measured yield
2789,Rice,74.5,80.4,20.7,3.1,4,sandy,210,27.0,83,0.1,6.32,120.1,24.7,-1.67,synthetic response curve (Mitscherlich-style) + noise; NOT measured yield
2790,Rice,22.1,69.7,8.6,3.71,12,loam,382,4.8,275,0.48,6.53,393.1,22.3,1.33,synthetic response curve (Mitscherlich-style) + noise; NOT measured yield
2791,Wheat,80.2,14.4,24.9,2.92,4,sandy,285,3.9,173,0.1,6.02,105.6,24.0,0.72,synthetic response curve (Mitscherlich-style) + noise; NOT measured yield
2792,Wheat,85.4,24.8,10.0,3.13,5,loam,363,19.2,231,0.6,7.9,290.3,20.4,-0.61,synthetic response curve (Mitscherlich-style) + noise; NOT measured yield
2793,Sorghum,3.5,0.7,33.4,1.3,7,clay,468,11.2,260,0.71,8.7,100.9,25.1,-0.84,synthetic response curve (Mitscherlich-style) + noise; NOT measured yield
2794,Sugarcane,118.9,55.8,79.5,77.98,5,loam,430,28.2,178,0.58,6.63,163.1,29.3,-0.92,synthetic response curve (Mitscherlich-style) + noise; NOT measured yield
2795,Cotton,151.8,51.1,44.8,1.69,12,loam,436,32.8,158,0.57,7.8,387.8,23.9,0.77,synthetic response curve (Mitscherlich-style) + noise; NOT measured yield
2796,Cotton,10.0,72.4,31.0,1.58,14,clay,511,12.6,330,0.86,7.35,139.9,24.8,0.76,synthetic response curve (Mitscherlich-style) + noise; NOT measured yield
2797,Chickpea,23.2,16.1,30.3,1.03,9,clay,450,15.9,290,0.62,8.51,159.1,26.8,1.24,synthetic response curve (Mitscherlich-style) + noise; NOT measured yield
2798,Soybean,8.3,50.0,44.0,2.07,9,clay,299,6.7,247,0.56,7.13,324.3,25.1,0.35,synthetic response curve (Mitscherlich-style) + noise; NOT measured yield
2799,Cotton,35.7,72.5,58.0,1.81,11,loam,496,8.8,132,0.66,6.89,165.1,25.2,-0.01,synthetic response curve (Mitscherlich-style) + noise; NOT measured yield
2800,Onion,90.7,67.4,103.3,30.78,7,clay,531,18.0,401,0.79,8.51,151.1,20.6,-0.1,synthetic response curve (Mitscherlich-style) + noise; NOT measured yield
2801,Tomato,61.6,52.0,125.4,40.11,7,clay,553,18.2,316,0.68,8.26,208.7,28.4,0.86,synthetic response curve (Mitscherlich-style) + noise; NOT measured yield
2802,Potato,97.3,8.0,59.7,13.7,15,clay,320,5.8,212,0.63,7.96,77.5,22.3,0.18,synthetic response curve (Mitscherlich-style) + noise; NOT measured yield
2803,Soybean,31.8,19.3,26.7,1.63,6,clay,492,12.0,299,1.03,7.76,210.7,28.3,-0.89,synthetic response curve (Mitscherlich-style) + noise; NOT measured yield
2804,Sorghum,2.4,38.2,11.5,1.67,4,sandy,389,29.0,50,0.29,7.58,145.7,21.1,-1.87,synthetic response curve (Mitscherlich-style) + noise; NOT measured yield
2805,Groundnut,25.7,38.6,9.5,1.43,1,clay,380,16.6,213,0.45,7.55,159.6,24.2,-0.69,synthetic response curve (Mitscherlich-style) + noise; NOT measured yield
2806,Ragi,34.7,10.1,9.9,1.64,1,clay,316,17.8,306,0.61,7.5,471.1,31.0,-1.45,synthetic response curve (Mitscherlich-style) + noise; NOT measured yield
2807,Maize,128.3,42.6,51.0,4.97,12,loam,364,20.2,219,0.55,7.22,160.1,25.2,-1.21,synthetic response curve (Mitscherlich-style) + noise; NOT measured yield
2808,Soybean,14.5,14.5,37.3,1.81,4,sandy,450,18.6,210,0.61,5.96,147.9,29.2,1.69,synthetic response curve (Mitscherlich-style) + noise; NOT measured yield
2809,Wheat,22.7,16.1,40.3,2.67,12,loam,449,8.5,101,0.78,6.21,40.0,26.9,-1.4,synthetic response curve (Mitscherlich-style) + noise; NOT measured yield
2810,Groundnut,3.4,33.5,24.6,1.65,1,clay,467,13.1,370,0.63,8.01,164.7,27.8,0.2,synthetic response curve (Mitscherlich-style) + noise; NOT measured yield
2811,Potato,163.7,39.3,7.6,15.51,12,loam,450,18.6,154,0.75,8.05,318.1,22.4,-0.63,synthetic response curve (Mitscherlich-style) + noise; NOT measured yield
2812,Soybean,27.5,73.4,43.5,2.09,7,clay,411,13.1,256,0.64,7.37,57.1,29.0,0.69,synthetic response curve (Mitscherlich-style) + noise; NOT measured yield
2813,Maize,170.6,39.6,35.1,5.16,13,sandy,425,29.0,130,0.57,6.39,133.3,24.5,-0.2,synthetic response curve (Mitscherlich-style) + noise; NOT measured yield
2814,Ragi,72.9,25.0,13.2,1.35,13,sandy,293,10.6,78,0.19,5.26,59.4,26.0,-0.13,synthetic response curve (Mitscherlich-style) + noise; NOT measured yield
2815,Potato,58.5,32.0,34.7,20.83,9,clay,529,4.0,176,0.88,7.7,127.0,24.3,0.7,synthetic response curve (Mitscherlich-style) + noise; NOT measured yield
2816,Turmeric,89.3,4.9,114.6,9.33,15,clay,311,4.1,244,0.41,8.63,156.9,25.3,-0.56,synthetic response curve (Mitscherlich-style) + noise; NOT measured yield
2817,Mustard,32.0,24.2,44.2,1.3,15,clay,491,24.1,212,0.77,7.67,376.4,23.6,-1.05,synthetic response curve (Mitscherlich-style) + noise; NOT measured yield
2818,Potato,166.1,76.4,98.3,22.57,11,loam,479,7.2,240,0.73,8.55,230.7,23.1,-0.76,synthetic response curve (Mitscherlich-style) + noise; NOT measured yield
2819,Chilli,95.1,65.8,12.9,1.92,8,clay,356,44.0,299,0.64,8.41,358.1,28.3,-2.23,synthetic response curve (Mitscherlich-style) + noise; NOT measured yield
2820,Sorghum,27.9,34.4,41.2,2.46,14,clay,370,19.3,432,0.5,8.17,92.1,24.3,-0.15,synthetic response curve (Mitscherlich-style) + noise; NOT measured yield
2821,Mustard,47.9,2.0,25.5,0.77,15,clay,408,16.6,312,0.69,9.2,1154.1,26.4,-0.12,synthetic response curve (Mitscherlich-style) + noise; NOT measured yield
2822,Maize,93.3,62.7,9.6,4.66,7,clay,533,8.8,292,0.73,8.29,38.7,22.4,1.33,synthetic response curve (Mitscherlich-style) + noise; NOT measured yield
2823,Mustard,33.9,36.4,39.6,1.28,5,loam,443,9.7,240,0.85,5.39,68.1,24.4,0.82,synthetic response curve (Mitscherlich-style) + noise; NOT measured yield
2824,Sugarcane,137.4,76.7,92.1,72.51,5,loam,411,16.9,440,0.52,8.02,149.6,23.6,-0.77,synthetic response curve (Mitscherlich-style) + noise; NOT measured yield
2825,Rice,94.5,58.9,2.7,4.08,15,clay,414,14.8,363,0.72,8.53,83.6,29.8,0.02,synthetic response curve (Mitscherlich-style) + noise; NOT measured yield
2826,Chickpea,29.6,35.2,1.5,1.21,3,sandy,377,47.5,207,0.59,6.67,117.7,28.0,-0.68,synthetic response curve (Mitscherlich-style) + noise; NOT measured yield
2827,Green gram,22.8,18.8,9.8,0.67,1,clay,468,44.6,198,0.58,7.51,373.5,27.1,-0.37,synthetic response curve (Mitscherlich-style) + noise; NOT measured yield
2828,Pearl millet,82.0,21.8,0.9,1.74,8,clay,536,17.8,313,0.84,8.69,97.4,35.1,-0.24,synthetic response curve (Mitscherlich-style) + noise; NOT measured yield
2829,Potato,195.8,102.9,127.9,24.18,15,clay,342,8.6,249,0.64,7.69,261.8,27.3,0.44,synthetic response curve (Mitscherlich-style) + noise; NOT measured yield
2830,Turmeric,119.8,29.8,94.8,15.73,5,loam,354,11.0,244,0.54,7.69,154.0,21.4,0.28,synthetic response curve (Mitscherlich-style) + noise; NOT measured yield
2831,Chilli,141.3,5.9,55.9,1.31,8,clay,456,8.9,274,0.8,7.28,56.1,31.6,-0.1,synthetic response curve (Mitscherlich-style) + noise; NOT measured yield
2832,Maize,162.8,31.2,23.4,5.13,2,loam,320,18.7,187,0.44,6.49,59.2,24.5,-0.45,synthetic response curve (Mitscherlich-style) + noise; NOT measured yield
2833,Maize,74.8,33.1,16.8,3.76,13,sandy,361,46.8,39,0.33,7.46,315.9,27.4,-0.19,synthetic response curve (Mitscherlich-style) + noise; NOT measured yield
2834,Chilli,75.8,46.0,57.9,1.85,14,clay,591,11.2,308,0.92,7.43,224.0,25.2,-1.07,synthetic response curve (Mitscherlich-style) + noise; NOT measured yield
2835,Pearl millet,33.0,32.4,35.0,2.08,10,sandy,438,13.4,190,0.64,5.98,21.4,27.7,-0.87,synthetic response curve (Mitscherlich-style) + noise; NOT measured yield
2836,Banana,78.2,62.1,205.8,34.46,2,loam,382,25.1,219,0.48,6.39,130.0,28.6,-1.35,synthetic response curve (Mitscherlich-style) + noise; NOT measured yield
2837,Banana,169.8,53.1,215.0,30.57,2,loam,314,5.1,289,0.4,8.1,189.6,20.6,-2.25,synthetic response curve (Mitscherlich-style) + noise; NOT measured yield
2838,Maize,122.8,1.3,47.6,3.01,12,loam,251,12.1,66,0.54,7.21,280.3,28.0,0.04,synthetic response curve (Mitscherlich-style) + noise; NOT measured yield
2839,Soybean,30.4,59.4,11.1,1.86,2,loam,223,12.2,175,0.42,8.16,507.0,28.5,-0.5,synthetic response curve (Mitscherlich-style) + noise; NOT measured yield
2840,Groundnut,34.5,19.1,31.7,1.53,2,loam,332,22.4,113,0.44,6.55,131.9,26.8,1.55,synthetic response curve (Mitscherlich-style) + noise; NOT measured yield
2841,Lentil,27.2,14.8,18.6,0.75,14,clay,439,8.1,365,0.57,7.36,68.9,24.8,2.05,synthetic response curve (Mitscherlich-style) + noise; NOT measured yield
2842,Onion,104.7,20.9,82.1,21.31,8,clay,328,7.9,185,0.65,7.25,413.8,30.4,-0.71,synthetic response curve (Mitscherlich-style) + noise; NOT measured yield
2843,Wheat,59.1,39.5,37.3,3.03,9,clay,553,14.7,400,0.9,8.25,257.1,19.4,-1.85,synthetic response curve (Mitscherlich-style) + noise; NOT measured yield
2844,Wheat,102.0,20.2,19.4,3.35,11,loam,339,28.5,138,0.45,5.94,99.7,27.8,0.69,synthetic response curve (Mitscherlich-style) + noise; NOT measured yield
2845,Soybean,19.2,16.8,32.0,1.71,6,clay,526,24.1,81,1.05,7.73,101.9,33.3,1.65,synthetic response curve (Mitscherlich-style) + noise; NOT measured yield
2846,Maize,100.0,39.8,18.1,4.42,4,sandy,555,7.3,150,0.71,5.58,68.0,18.3,0.86,synthetic response curve (Mitscherlich-style) + noise; NOT measured yield
2847,Cotton,139.0,56.4,21.1,1.46,8,clay,286,5.3,206,0.62,7.06,468.8,31.5,-0.93,synthetic response curve (Mitscherlich-style) + noise; NOT measured yield
2848,Cotton,1.6,10.6,23.7,1.23,2,loam,336,9.7,251,0.43,6.13,69.5,29.4,-0.4,synthetic response curve (Mitscherlich-style) + noise; NOT measured yield
2849,Rice,112.1,15.7,63.9,3.31,5,loam,369,21.6,272,0.32,8.31,99.8,19.1,-0.46,synthetic response curve (Mitscherlich-style) + noise; NOT measured yield
2850,Wheat,86.4,66.8,54.3,4.31,9,clay,435,10.7,287,0.75,8.25,74.0,25.1,-0.93,synthetic response curve (Mitscherlich-style) + noise; NOT measured yield
2851,Rice,162.3,7.9,13.3,2.53,15,clay,267,8.7,320,0.49,6.54,73.4,21.9,-0.28,synthetic response curve (Mitscherlich-style) + noise; NOT measured yield
2852,Pearl millet,30.7,46.7,28.2,2.08,10,sandy,264,3.5,275,0.1,6.44,52.6,24.5,0.08,synthetic response curve (Mitscherlich-style) + noise; NOT measured yield
2853,Rice,167.3,59.6,83.9,4.69,12,loam,353,20.0,197,0.35,8.02,1195.7,23.0,0.44,synthetic response curve (Mitscherlich-style) + noise; NOT measured yield
2854,Ragi,63.9,15.0,36.0,1.33,5,loam,531,13.1,110,0.68,7.76,154.4,25.4,-1.98,synthetic response curve (Mitscherlich-style) + noise; NOT measured yield
2855,Green gram,28.4,52.1,2.9,0.65,1,clay,364,11.9,205,0.53,7.67,242.5,30.8,1.05,synthetic response curve (Mitscherlich-style) + noise; NOT measured yield
2856,Onion,59.6,22.7,37.4,22.03,6,clay,349,24.3,282,0.65,7.25,431.8,30.1,1.21,synthetic response curve (Mitscherlich-style) + noise; NOT measured yield
2857,Sorghum,47.0,54.8,19.1,2.24,11,loam,364,12.0,290,0.56,6.92,54.5,30.3,-1.12,synthetic response curve (Mitscherlich-style) + noise; NOT measured yield
2858,Tomato,135.7,65.2,34.9,39.11,1,clay,361,15.7,229,0.54,6.77,459.3,30.0,0.88,synthetic response curve (Mitscherlich-style) + noise; NOT measured yield
2859,Onion,65.9,38.7,27.7,18.96,13,sandy,139,21.4,30,0.19,7.25,310.0,25.0,-1.9,synthetic response curve (Mitscherlich-style) + noise; NOT measured yield
2860,Ragi,53.8,17.6,11.0,1.57,5,loam,521,27.7,142,0.78,8.13,131.5,20.6,-0.48,synthetic response curve (Mitscherlich-style) + noise; NOT measured yield
2861,Wheat,169.8,49.1,33.0,3.71,11,loam,341,52.3,209,0.63,7.13,54.9,24.1,2.06,synthetic response curve (Mitscherlich-style) + noise; NOT measured yield
2862,Onion,137.2,35.4,88.8,23.49,14,clay,559,18.6,377,0.91,8.06,601.1,25.3,0.51,synthetic response curve (Mitscherlich-style) + noise; NOT measured yield
2863,Wheat,89.7,76.4,61.4,4.24,10,sandy,325,15.4,129,0.27,6.83,31.2,24.4,1.34,synthetic response curve (Mitscherlich-style) + noise; NOT measured yield
2864,Mustard,1.4,20.0,1.0,0.94,3,sandy,327,31.7,148,0.52,5.64,214.1,27.1,-1.64,synthetic response curve (Mitscherlich-style) + noise; NOT measured yield
2865,Sunflower,58.7,2.4,8.5,0.92,4,sandy,437,17.0,142,0.74,7.29,41.8,25.0,-1.44,synthetic response curve (Mitscherlich-style) + noise; NOT measured yield
2866,Wheat,70.3,20.1,15.9,2.66,8,clay,358,17.5,202,0.84,9.2,261.7,26.3,-0.97,synthetic response curve (Mitscherlich-style) + noise; NOT measured yield
2867,Pigeon pea,11.6,4.3,14.8,0.66,15,clay,303,13.9,414,0.53,9.2,168.8,21.6,-1.76,synthetic response curve (Mitscherlich-style) + noise; NOT measured yield
2868,Potato,186.5,55.4,29.8,17.13,11,loam,231,18.1,30,0.3,8.37,106.8,30.0,0.87,synthetic response curve (Mitscherlich-style) + noise; NOT measured yield
2869,Wheat,45.2,24.6,0.1,1.94,10,sandy,425,11.9,70,0.62,6.51,45.3,27.1,-1.0,synthetic response curve (Mitscherlich-style) + noise; NOT measured yield
2870,Tomato,10.8,13.2,68.8,24.79,13,sandy,306,12.4,107,0.53,6.02,37.3,22.3,0.46,synthetic response curve (Mitscherlich-style) + noise; NOT measured yield
2871,Tomato,5.5,80.8,142.6,32.14,3,sandy,292,23.5,182,0.49,7.76,1453.0,27.4,-0.37,synthetic response curve (Mitscherlich-style) + noise; NOT measured yield
2872,Onion,128.3,44.4,58.1,25.74,2,loam,312,13.6,288,0.37,8.13,553.3,27.4,-0.07,synthetic response curve (Mitscherlich-style) + noise; NOT measured yield
2873,Chickpea,17.1,51.1,31.2,1.59,9,clay,456,35.0,323,0.49,7.15,102.4,21.1,1.18,synthetic response curve (Mitscherlich-style) + noise; NOT measured yield
2874,Chickpea,23.8,59.5,6.4,1.39,9,clay,266,24.2,177,0.56,8.19,75.1,25.3,0.16,synthetic response curve (Mitscherlich-style) + noise; NOT measured yield
2875,Rice,109.1,43.6,42.0,4.57,4,sandy,318,60.5,205,0.68,6.25,512.6,26.3,-0.03,synthetic response curve (Mitscherlich-style) + noise; NOT measured yield
2876,Pearl millet,69.0,11.1,3.4,1.49,10,sandy,283,33.8,137,0.49,6.56,204.3,25.4,0.09,synthetic response curve (Mitscherlich-style) + noise; NOT measured yield
2877,Rice,33.8,69.9,68.9,4.74,3,sandy,330,3.1,333,0.36,6.66,43.7,29.3,0.86,synthetic response curve (Mitscherlich-style) + noise; NOT measured yield
2878,Rice,16.7,9.5,20.4,3.48,3,sandy,494,17.9,124,0.53,6.57,189.9,24.9,0.11,synthetic response curve (Mitscherlich-style) + noise; NOT measured yield
2879,Cotton,124.0,55.6,6.1,1.47,14,clay,344,7.7,283,0.52,8.78,118.5,25.9,0.26,synthetic response curve (Mitscherlich-style) + noise; NOT measured yield
2880,Chilli,131.4,38.6,51.9,1.78,1,clay,463,11.1,296,0.87,6.52,787.8,29.5,-0.96,synthetic response curve (Mitscherlich-style) + noise; NOT measured yield
2881,Wheat,157.7,77.3,41.8,4.2,9,clay,416,24.3,278,0.76,6.83,70.3,23.1,-0.19,synthetic response curve (Mitscherlich-style) + noise; NOT measured yield
2882,Tomato,23.0,91.1,32.7,22.4,13,sandy,60,44.3,221,0.13,7.78,191.1,25.9,-0.34,synthetic response curve (Mitscherlich-style) + noise; NOT measured yield
2883,Rice,138.7,53.1,0.0,2.67,11,loam,291,19.3,102,0.55,6.55,151.2,24.4,0.45,synthetic response curve (Mitscherlich-style) + noise; NOT measured yield
2884,Sugarcane,92.5,74.3,19.9,73.73,7,clay,352,10.3,268,0.48,7.28,246.3,24.5,-0.02,synthetic response curve (Mitscherlich-style) + noise; NOT measured yield
2885,Potato,14.7,84.2,136.8,18.65,5,loam,427,15.7,139,0.82,5.21,294.0,21.8,1.18,synthetic response curve (Mitscherlich-style) + noise; NOT measured yield
2886,Groundnut,29.8,42.7,10.1,1.35,1,clay,401,8.6,129,0.85,9.2,97.4,28.1,-0.68,synthetic response curve (Mitscherlich-style) + noise; NOT measured yield
2887,Sorghum,11.9,49.9,22.2,2.61,2,loam,460,21.8,183,0.8,5.74,115.3,30.6,1.3,synthetic response curve (Mitscherlich-style) + noise; NOT measured yield
2888,Soybean,29.4,24.1,57.7,1.89,9,clay,594,12.6,365,0.87,8.82,41.7,22.8,1.52,synthetic response curve (Mitscherlich-style) + noise; NOT measured yield
2889,Chilli,80.3,57.2,29.5,2.08,8,clay,307,11.4,322,0.68,7.81,105.2,28.6,1.77,synthetic response curve (Mitscherlich-style) + noise; NOT measured yield
2890,Cotton,2.6,74.7,22.6,1.75,6,clay,414,12.6,131,0.4,6.73,131.4,26.2,0.3,synthetic response curve (Mitscherlich-style) + noise; NOT measured yield
2891,Pearl millet,20.5,4.4,31.9,1.33,5,loam,208,16.0,430,0.34,6.08,61.4,23.7,-0.69,synthetic response curve (Mitscherlich-style) + noise; NOT measured yield
2892,Sorghum,53.7,11.3,14.0,2.03,2,loam,374,18.3,284,0.78,5.93,32.8,21.9,0.72,synthetic response curve (Mitscherlich-style) + noise; NOT measured yield
2893,Sugarcane,186.8,109.5,10.9,50.39,2,loam,379,30.9,132,0.65,7.3,428.2,23.8,1.07,synthetic response curve (Mitscherlich-style) + noise; NOT measured yield
2894,Sugarcane,319.0,37.0,0.4,28.21,5,loam,479,5.6,45,0.56,7.56,149.3,21.2,-0.41,synthetic response curve (Mitscherlich-style) + noise; NOT measured yield
2895,Sorghum,22.8,51.5,43.7,2.73,14,clay,430,20.1,218,0.81,7.47,372.5,25.5,-0.38,synthetic response curve (Mitscherlich-style) + noise; NOT measured yield
2896,Sugarcane,302.6,119.7,81.3,92.01,5,loam,426,8.3,251,0.35,7.51,288.7,24.5,0.47,synthetic response curve (Mitscherlich-style) + noise; NOT measured yield
2897,Banana,98.5,71.9,194.9,36.64,2,loam,247,12.0,370,0.67,7.49,10.0,26.1,-1.33,synthetic response curve (Mitscherlich-style) + noise; NOT measured yield
2898,Chickpea,21.3,26.3,30.3,1.05,9,clay,200,15.2,349,0.18,9.2,101.4,25.0,1.87,synthetic response curve (Mitscherlich-style) + noise; NOT measured yield
2899,Maize,160.6,29.9,28.2,4.08,2,loam,309,10.8,285,0.58,7.0,256.2,25.9,-1.32,synthetic response curve (Mitscherlich-style) + noise; NOT measured yield
2900,Maize,74.6,25.4,8.1,5.28,7,clay,470,16.2,301,0.66,6.83,214.4,24.6,0.75,synthetic response curve (Mitscherlich-style) + noise; NOT measured yield
2901,Ragi,83.4,26.0,44.1,1.75,11,loam,304,13.8,169,0.56,7.53,217.4,26.5,1.26,synthetic response curve (Mitscherlich-style) + noise; NOT measured yield
2902,Sunflower,30.6,62.1,26.9,1.83,2,loam,323,16.1,265,0.51,7.23,133.7,26.7,0.43,synthetic response curve (Mitscherlich-style) + noise; NOT measured yield
2903,Sorghum,72.6,18.2,6.8,2.09,14,clay,395,14.3,263,0.7,6.95,172.3,27.6,0.16,synthetic response curve (Mitscherlich-style) + noise; NOT measured yield
2904,Mustard,23.5,6.4,18.2,0.74,10,sandy,251,10.7,386,0.47,5.53,29.1,24.7,-1.87,synthetic response curve (Mitscherlich-style) + noise; NOT measured yield
2905,Sugarcane,58.0,14.1,100.1,47.48,14,clay,446,14.3,135,0.62,7.73,505.7,23.9,0.21,synthetic response curve (Mitscherlich-style) + noise; NOT measured yield
2906,Potato,45.6,112.6,63.0,20.5,11,loam,300,21.1,154,0.42,7.48,188.9,27.3,-0.94,synthetic response curve (Mitscherlich-style) + noise; NOT measured yield
2907,Rice,40.5,38.0,53.5,3.49,15,clay,140,10.7,202,0.37,8.32,2289.3,31.1,1.59,synthetic response curve (Mitscherlich-style) + noise; NOT measured yield
2908,Rice,24.1,1.1,43.2,1.98,8,clay,253,5.5,253,0.58,7.44,368.7,28.2,-0.24,synthetic response curve (Mitscherlich-style) + noise; NOT measured yield
2909,Rice,170.9,18.5,14.2,4.0,1,clay,649,48.0,247,0.82,7.44,60.9,28.7,0.29,synthetic response curve (Mitscherlich-style) + noise; NOT measured yield
2910,Rice,119.8,35.3,11.3,3.71,1,clay,507,11.8,292,0.83,7.75,285.9,29.4,-1.9,synthetic response curve (Mitscherlich-style) + noise; NOT measured yield
2911,Cotton,143.9,33.7,41.2,1.6,3,sandy,182,16.7,109,0.1,7.27,273.8,36.5,2.04,synthetic response curve (Mitscherlich-style) + noise; NOT measured yield
2912,Maize,40.0,7.2,0.8,3.02,2,loam,396,16.2,77,0.73,7.18,348.8,29.9,-0.36,synthetic response curve (Mitscherlich-style) + noise; NOT measured yield
2913,Maize,35.4,75.3,0.5,2.73,13,sandy,383,73.1,30,0.64,6.2,215.9,23.2,0.85,synthetic response curve (Mitscherlich-style) + noise; NOT measured yield
2914,Chickpea,20.4,51.5,10.5,1.23,15,clay,380,24.1,140,0.65,7.79,1075.0,28.7,-0.3,synthetic response curve (Mitscherlich-style) + noise; NOT measured yield
2915,Mustard,111.7,32.0,5.6,0.98,10,sandy,331,10.8,105,0.29,7.58,2.3,22.4,0.28,synthetic response curve (Mitscherlich-style) + noise; NOT measured yield
2916,Cotton,151.1,30.1,13.9,1.13,3,sandy,341,26.3,116,0.55,8.86,277.6,30.3,-2.18,synthetic response curve (Mitscherlich-style) + noise; NOT measured yield
2917,Mustard,108.1,43.2,24.9,1.22,15,clay,500,6.1,276,0.77,7.9,1104.1,27.1,-0.25,synthetic response curve (Mitscherlich-style) + noise; NOT measured yield
2918,Wheat,58.0,47.7,35.0,3.27,5,loam,332,9.6,256,0.34,6.92,365.2,29.5,-1.29,synthetic response curve (Mitscherlich-style) + noise; NOT measured yield
2919,Chilli,7.5,60.4,0.7,1.68,14,clay,526,8.6,222,0.82,9.2,33.5,21.8,-0.61,synthetic response curve (Mitscherlich-style) + noise; NOT measured yield
2920,Potato,13.7,25.0,123.1,22.19,11,loam,478,66.3,327,0.6,6.26,567.0,26.0,0.34,synthetic response curve (Mitscherlich-style) + noise; NOT measured yield
2921,Onion,51.2,68.7,88.8,28.86,7,clay,423,20.4,253,0.71,8.22,433.0,26.0,0.55,synthetic response curve (Mitscherlich-style) + noise; NOT measured yield
2922,Maize,186.2,61.2,58.9,4.7,12,loam,599,19.2,180,0.94,7.55,194.0,24.4,-1.58,synthetic response curve (Mitscherlich-style) + noise; NOT measured yield
2923,Chickpea,27.2,65.5,41.0,1.35,10,sandy,245,8.6,154,0.26,5.65,103.1,23.5,0.79,synthetic response curve (Mitscherlich-style) + noise; NOT measured yield
2924,Chilli,78.8,50.2,28.6,2.38,14,clay,523,7.8,372,0.93,7.51,245.0,24.7,-0.86,synthetic response curve (Mitscherlich-style) + noise; NOT measured yield
2925,Pearl millet,4.8,40.3,36.1,2.08,10,sandy,445,9.7,199,0.58,7.82,86.3,28.0,-1.23,synthetic response curve (Mitscherlich-style) + noise; NOT measured yield
2926,Cotton,17.7,64.0,72.8,1.49,6,clay,390,12.6,202,0.59,9.2,301.7,29.0,-0.49,synthetic response curve (Mitscherlich-style) + noise; NOT measured yield
2927,Chilli,38.1,19.1,68.7,1.57,2,loam,443,6.9,198,0.64,6.74,42.4,29.0,-0.27,synthetic response curve (Mitscherlich-style) + noise; NOT measured yield
2928,Sorghum,81.0,30.5,13.7,2.3,15,clay,401,8.1,149,0.8,8.02,110.2,28.9,0.55,synthetic response curve (Mitscherlich-style) + noise; NOT measured yield
2929,Onion,45.2,64.1,100.5,29.6,12,loam,272,7.4,170,0.38,8.39,16.3,30.2,1.41,synthetic response curve (Mitscherlich-style) + noise; NOT measured yield
2930,Pearl millet,21.5,52.6,15.9,1.79,2,loam,458,8.4,279,0.54,5.22,351.4,27.6,-0.75,synthetic response curve (Mitscherlich-style) + noise; NOT measured yield
2931,Pearl millet,93.5,28.3,14.1,1.91,10,sandy,263,10.1,168,0.13,6.81,33.4,24.8,1.08,synthetic response curve (Mitscherlich-style) + noise; NOT measured yield
2932,Turmeric,71.8,47.4,90.8,17.62,13,sandy,405,14.5,269,0.46,6.17,197.4,19.3,-0.49,synthetic response curve (Mitscherlich-style) + noise; NOT measured yield
2933,Wheat,134.4,30.7,71.9,3.44,11,loam,348,16.1,234,0.69,7.28,132.2,28.5,0.81,synthetic response curve (Mitscherlich-style) + noise; NOT measured yield
2934,Sugarcane,276.8,45.7,61.9,55.24,5,loam,414,7.9,30,0.52,5.81,235.8,27.6,1.13,synthetic response curve (Mitscherlich-style) + noise; NOT measured yield
2935,Chilli,105.4,36.7,15.7,2.05,3,sandy,569,14.8,253,0.69,6.13,102.2,26.5,-1.17,synthetic response curve (Mitscherlich-style) + noise; NOT measured yield
2936,Potato,151.4,112.2,103.6,26.67,15,clay,334,9.2,151,0.49,6.75,828.3,26.2,0.38,synthetic response curve (Mitscherlich-style) + noise; NOT measured yield
2937,Turmeric,124.3,1.0,73.0,14.04,6,clay,403,90.0,213,0.72,7.46,438.5,26.5,-2.68,synthetic response curve (Mitscherlich-style) + noise; NOT measured yield
2938,Sorghum,115.7,33.3,26.0,2.18,14,clay,426,17.8,346,0.47,8.76,703.1,29.3,0.03,synthetic response curve (Mitscherlich-style) + noise; NOT measured yield
2939,Sugarcane,180.5,46.4,59.7,65.92,7,clay,241,9.4,330,0.31,7.52,391.0,21.6,-0.23,synthetic response curve (Mitscherlich-style) + noise; NOT measured yield
2940,Rice,74.6,14.0,55.1,2.85,12,loam,175,10.6,284,0.32,7.66,116.5,29.6,-0.11,synthetic response curve (Mitscherlich-style) + noise; NOT measured yield
2941,Maize,31.6,26.6,8.7,3.08,4,sandy,361,13.0,30,0.37,8.32,363.2,19.8,-0.2,synthetic response curve (Mitscherlich-style) + noise; NOT measured yield
2942,Pearl millet,91.1,48.8,36.3,2.2,10,sandy,199,8.7,166,0.35,7.69,142.4,27.0,-0.75,synthetic response curve (Mitscherlich-style) + noise; NOT measured yield
2943,Soybean,35.7,56.7,2.8,1.42,9,clay,255,46.8,209,0.21,6.35,495.3,22.9,-1.21,synthetic response curve (Mitscherlich-style) + noise; NOT measured yield
2944,Rice,70.1,24.2,20.6,3.97,4,sandy,448,9.7,261,0.53,6.74,55.0,25.3,-0.69,synthetic response curve (Mitscherlich-style) + noise; NOT measured yield
2945,Potato,4.2,33.1,66.1,15.36,11,loam,243,9.6,180,0.29,7.51,39.1,28.3,-0.45,synthetic response curve (Mitscherlich-style) + noise; NOT measured yield
2946,Maize,21.2,21.8,79.7,5.11,7,clay,426,28.9,300,0.49,6.36,196.7,23.4,-0.1,synthetic response curve (Mitscherlich-style) + noise; NOT measured yield
2947,Pearl millet,76.7,44.0,35.4,2.07,10,sandy,156,9.7,187,0.47,7.4,207.7,20.5,-1.35,synthetic response curve (Mitscherlich-style) + noise; NOT measured yield
2948,Rice,20.8,78.4,15.5,3.93,1,clay,458,10.3,188,0.78,8.67,25.6,28.7,0.16,synthetic response curve (Mitscherlich-style) + noise; NOT measured yield
2949,Sorghum,4.0,55.8,41.0,2.19,2,loam,366,11.6,116,0.76,7.33,64.5,20.2,-0.16,synthetic response curve (Mitscherlich-style) + noise; NOT measured yield
2950,Potato,212.9,26.5,96.0,17.43,11,loam,282,13.3,141,0.58,8.05,91.4,25.1,0.62,synthetic response curve (Mitscherlich-style) + noise; NOT measured yield
2951,Potato,108.5,64.6,155.4,21.49,15,clay,417,14.5,279,0.64,8.15,27.5,25.2,-1.46,synthetic response curve (Mitscherlich-style) + noise; NOT measured yield
2952,Banana,65.6,64.3,267.2,37.98,2,loam,436,6.4,166,0.58,6.79,271.6,27.8,-0.25,synthetic response curve (Mitscherlich-style) + noise; NOT measured yield
2953,Green gram,1.7,57.0,8.5,0.76,1,clay,380,39.6,267,0.42,8.33,100.1,28.1,-1.15,synthetic response curve (Mitscherlich-style) + noise; NOT measured yield
2954,Maize,190.5,62.5,0.3,3.45,4,sandy,250,7.2,110,0.28,7.12,120.1,21.0,1.14,synthetic response curve (Mitscherlich-style) + noise; NOT measured yield
2955,Groundnut,14.0,20.1,5.0,1.23,1,clay,535,4.1,168,1.08,7.63,921.7,25.5,-0.44,synthetic response curve (Mitscherlich-style) + noise; NOT measured yield
2956,Wheat,110.2,51.4,49.2,4.46,4,sandy,357,10.0,118,0.3,6.03,169.1,27.6,-0.05,synthetic response curve (Mitscherlich-style) + noise; NOT measured yield
2957,Wheat,1.0,35.9,41.2,3.49,11,loam,435,61.5,217,0.61,5.52,261.9,30.5,-1.42,synthetic response curve (Mitscherlich-style) + noise; NOT measured yield
2958,Wheat,154.6,7.2,67.8,2.51,12,loam,400,3.3,210,0.4,7.6,325.2,23.3,0.33,synthetic response curve (Mitscherlich-style) + noise; NOT measured yield
2959,Soybean,8.2,21.6,0.4,1.48,10,sandy,345,17.5,146,0.5,7.4,4.5,21.0,1.04,synthetic response curve (Mitscherlich-style) + noise; NOT measured yield
2960,Maize,85.8,25.3,75.1,3.81,7,clay,408,11.6,262,0.83,8.94,47.7,24.9,-0.93,synthetic response curve (Mitscherlich-style) + noise; NOT measured yield
2961,Rice,85.2,15.1,70.8,3.52,3,sandy,263,25.4,70,0.44,7.56,49.5,27.4,0.52,synthetic response curve (Mitscherlich-style) + noise; NOT measured yield
2962,Lentil,14.8,47.1,25.7,1.08,9,clay,532,16.8,316,0.82,7.51,342.7,25.2,-0.53,synthetic response curve (Mitscherlich-style) + noise; NOT measured yield
2963,Potato,113.5,49.4,160.3,23.88,15,clay,240,10.4,366,0.4,6.29,1015.9,28.9,1.51,synthetic response curve (Mitscherlich-style) + noise; NOT measured yield
2964,Rice,68.4,54.8,21.4,3.61,4,sandy,416,15.9,137,0.43,7.11,103.8,27.3,-0.68,synthetic response curve (Mitscherlich-style) + noise; NOT measured yield
2965,Soybean,21.5,43.1,34.2,2.13,9,clay,374,13.8,250,0.7,6.49,154.4,25.1,0.67,synthetic response curve (Mitscherlich-style) + noise; NOT measured yield
2966,Soybean,18.5,38.3,55.7,1.46,6,clay,243,45.5,238,0.47,8.95,183.0,24.0,0.66,synthetic response curve (Mitscherlich-style) + noise; NOT measured yield
2967,Pigeon pea,2.0,12.9,40.9,0.91,6,clay,525,17.9,240,0.9,9.2,166.0,28.3,0.31,synthetic response curve (Mitscherlich-style) + noise; NOT measured yield
2968,Cotton,45.1,29.1,60.9,1.54,8,clay,511,6.6,162,0.7,8.05,750.9,30.0,1.19,synthetic response curve (Mitscherlich-style) + noise; NOT measured yield
2969,Cotton,122.6,10.9,8.4,1.27,3,sandy,195,42.8,94,0.1,5.76,515.0,28.0,1.66,synthetic response curve (Mitscherlich-style) + noise; NOT measured yield
2970,Lentil,29.2,6.9,6.1,0.52,3,sandy,430,17.9,30,0.65,6.94,213.4,26.2,-1.02,synthetic response curve (Mitscherlich-style) + noise; NOT measured yield
2971,Green gram,21.4,3.3,8.0,0.48,1,clay,301,13.4,311,0.59,8.02,105.4,30.9,0.31,synthetic response curve (Mitscherlich-style) + noise; NOT measured yield
2972,Potato,125.3,1.8,142.4,11.9,11,loam,499,3.3,327,0.78,7.07,35.8,23.7,0.14,synthetic response curve (Mitscherlich-style) + noise; NOT measured yield
2973,Sorghum,78.0,31.1,31.0,2.7,14,clay,399,22.4,210,0.6,7.68,380.5,24.0,-0.47,synthetic response curve (Mitscherlich-style) + noise; NOT measured yield
2974,Maize,100.6,62.7,67.0,4.84,7,clay,374,14.8,56,0.1,9.2,73.1,24.0,-0.81,synthetic response curve (Mitscherlich-style) + noise; NOT measured yield
2975,Wheat,33.4,74.6,55.8,3.96,10,sandy,485,9.2,102,0.66,5.11,56.0,24.3,0.05,synthetic response curve (Mitscherlich-style) + noise; NOT measured yield
2976,Rice,4.7,1.5,16.5,3.71,15,clay,390,88.8,256,0.62,9.19,14.2,27.3,0.46,synthetic response curve (Mitscherlich-style) + noise; NOT measured yield
2977,Rice,12.6,50.5,52.4,4.87,12,loam,493,11.5,90,0.56,8.07,207.5,30.3,0.08,synthetic response curve (Mitscherlich-style) + noise; NOT measured yield
2978,Rice,41.8,59.4,29.9,4.08,4,sandy,294,19.6,109,0.56,7.13,256.4,29.7,1.4,synthetic response curve (Mitscherlich-style) + noise; NOT measured yield
2979,Sunflower,73.4,13.9,20.7,1.35,12,loam,442,8.1,233,0.54,6.52,414.9,25.5,0.32,synthetic response curve (Mitscherlich-style) + noise; NOT measured yield
2980,Chilli,107.0,0.7,34.1,1.37,6,clay,413,21.4,206,0.65,7.96,850.6,19.1,0.44,synthetic response curve (Mitscherlich-style) + noise; NOT measured yield
2981,Soybean,24.2,42.7,13.1,1.9,15,clay,432,4.4,225,0.85,7.25,72.8,28.9,0.18,synthetic response curve (Mitscherlich-style) + noise; NOT measured yield
2982,Chilli,30.9,63.0,63.1,2.03,14,clay,406,25.2,157,0.76,6.4,96.9,22.6,1.39,synthetic response curve (Mitscherlich-style) + noise; NOT measured yield
2983,Pearl millet,3.4,53.4,28.3,1.83,1,clay,443,15.3,77,0.94,7.38,445.7,26.0,-1.19,synthetic response curve (Mitscherlich-style) + noise; NOT measured yield
2984,Chilli,98.8,13.7,16.0,1.77,14,clay,498,24.4,233,0.72,8.7,594.6,22.7,2.12,synthetic response curve (Mitscherlich-style) + noise; NOT measured yield
2985,Wheat,102.4,18.5,3.4,2.89,4,sandy,183,11.0,195,0.58,6.3,69.2,24.8,0.54,synthetic response curve (Mitscherlich-style) + noise; NOT measured yield
2986,Mustard,77.0,32.0,8.6,1.33,8,clay,248,18.5,377,0.52,8.29,197.9,29.3,-0.62,synthetic response curve (Mitscherlich-style) + noise; NOT measured yield
2987,Rice,118.5,80.5,25.2,5.02,12,loam,260,23.4,232,0.4,8.39,668.8,25.0,0.53,synthetic response curve (Mitscherlich-style) + noise; NOT measured yield
2988,Sorghum,1.4,41.5,2.8,2.08,2,loam,369,7.8,157,0.17,6.72,304.2,26.8,0.22,synthetic response curve (Mitscherlich-style) + noise; NOT measured yield
2989,Green gram,11.3,55.0,17.8,0.79,1,clay,402,18.1,235,0.5,9.2,317.9,27.7,1.62,synthetic response curve (Mitscherlich-style) + noise; NOT measured yield
2990,Sugarcane,162.2,66.9,94.8,73.0,7,clay,393,23.4,348,0.72,7.66,186.6,25.7,-1.47,synthetic response curve (Mitscherlich-style) + noise; NOT measured yield
2991,Soybean,8.1,53.7,41.4,1.75,9,clay,351,10.9,209,0.4,9.2,83.2,25.7,-1.29,synthetic response curve (Mitscherlich-style) + noise; NOT measured yield
2992,Chickpea,9.4,8.6,17.1,0.97,9,clay,424,5.6,268,0.73,7.9,172.0,25.7,0.66,synthetic response curve (Mitscherlich-style) + noise; NOT measured yield
2993,Mustard,56.9,38.6,3.2,0.67,15,clay,254,11.1,34,0.54,7.13,740.8,27.8,-1.48,synthetic response curve (Mitscherlich-style) + noise; NOT measured yield
2994,Maize,42.5,93.6,83.7,5.28,4,sandy,301,19.3,66,0.3,6.05,683.1,30.3,0.35,synthetic response curve (Mitscherlich-style) + noise; NOT measured yield
2995,Wheat,73.7,80.0,56.9,3.74,11,loam,386,4.6,30,0.61,8.18,52.5,23.7,0.19,synthetic response curve (Mitscherlich-style) + noise; NOT measured yield
2996,Chilli,73.4,65.5,60.0,2.04,3,sandy,133,8.2,30,0.31,7.55,59.7,26.4,-0.45,synthetic response curve (Mitscherlich-style) + noise; NOT measured yield
2997,Maize,187.5,8.1,47.3,4.5,7,clay,179,76.8,354,0.28,6.61,95.5,23.5,0.08,synthetic response curve (Mitscherlich-style) + noise; NOT measured yield
2998,Chickpea,21.5,14.9,17.0,1.16,8,clay,443,10.6,288,0.71,8.02,31.9,30.7,1.01,synthetic response curve (Mitscherlich-style) + noise; NOT measured yield
2999,Sugarcane,200.4,2.3,119.4,38.0,7,clay,428,8.2,399,0.64,8.5,51.1,27.6,0.06,synthetic response curve (Mitscherlich-style) + noise; NOT measured yield
3000,Rice,31.4,43.6,58.8,4.54,3,sandy,355,14.9,71,0.5,5.64,287.1,24.2,0.86,synthetic response curve (Mitscherlich-style) + noise; NOT measured yield
3001,Cotton,119.0,54.6,46.6,1.97,3,sandy,235,16.1,248,0.49,5.65,169.9,29.5,0.82,synthetic response curve (Mitscherlich-style) + noise; NOT measured yield
3002,Ragi,46.0,38.9,39.5,2.16,14,clay,362,12.8,324,0.57,8.44,190.3,22.5,-0.84,synthetic response curve (Mitscherlich-style) + noise; NOT measured yield
3003,Rice,51.9,75.5,35.0,3.88,15,clay,452,11.6,248,0.65,8.09,271.2,29.5,-2.21,synthetic response curve (Mitscherlich-style) + noise; NOT measured yield
3004,Chickpea,27.9,46.8,45.5,1.53,2,loam,471,10.3,205,0.73,7.68,606.0,24.2,1.21,synthetic response curve (Mitscherlich-style) + noise; NOT measured yield
3005,Rice,64.6,44.3,45.2,3.5,4,sandy,414,13.4,145,0.6,5.48,506.5,27.3,-1.51,synthetic response curve (Mitscherlich-style) + noise; NOT measured yield
3006,Lentil,19.3,11.1,28.3,0.53,15,clay,532,4.6,277,0.88,6.79,114.9,30.5,0.5,synthetic response curve (Mitscherlich-style) + noise; NOT measured yield
3007,Cotton,44.2,14.5,3.4,1.28,2,loam,345,9.5,212,0.53,8.54,464.0,25.8,0.49,synthetic response curve (Mitscherlich-style) + noise; NOT measured yield
3008,Chickpea,26.3,46.2,6.3,1.34,9,clay,254,29.3,223,0.42,7.54,163.1,28.6,-0.82,synthetic response curve (Mitscherlich-style) + noise; NOT measured yield
3009,Wheat,147.0,64.3,63.5,4.34,5,loam,381,10.1,139,0.46,7.37,73.9,21.2,-0.1,synthetic response curve (Mitscherlich-style) + noise; NOT measured yield
3010,Rice,30.1,55.6,77.1,4.59,15,clay,498,27.8,259,0.78,7.48,486.0,30.6,-1.08,synthetic response curve (Mitscherlich-style) + noise; NOT measured yield
3011,Wheat,93.3,72.1,11.5,3.51,12,loam,363,16.8,332,0.55,7.13,246.2,28.9,0.61,synthetic response curve (Mitscherlich-style) + noise; NOT measured yield
3012,Rice,146.6,54.0,10.2,3.33,12,loam,422,11.9,119,0.56,6.83,197.1,26.5,-0.41,synthetic response curve (Mitscherlich-style) + noise; NOT measured yield
3013,Maize,78.1,93.8,31.3,5.21,1,clay,260,22.5,275,0.35,6.72,307.8,33.0,-0.17,synthetic response curve (Mitscherlich-style) + noise; NOT measured yield
3014,Rice,85.1,12.2,29.8,3.03,3,sandy,302,4.5,64,0.33,7.79,121.1,31.5,0.3,synthetic response curve (Mitscherlich-style) + noise; NOT measured yield
3015,Wheat,31.0,25.9,34.6,3.55,12,loam,286,5.3,124,0.36,7.37,267.6,26.7,1.8,synthetic response curve (Mitscherlich-style) + noise; NOT measured yield
3016,Onion,72.9,5.2,70.4,15.94,4,sandy,278,14.9,127,0.2,6.39,42.9,20.2,-0.19,synthetic response curve (Mitscherlich-style) + noise; NOT measured yield
3017,Green gram,27.0,13.6,23.6,0.65,7,clay,372,12.2,229,0.4,8.66,422.8,26.3,-0.11,synthetic response curve (Mitscherlich-style) + noise; NOT measured yield
3018,Ragi,61.8,36.9,23.2,1.89,2,loam,296,6.6,276,0.37,7.15,57.4,28.5,0.44,synthetic response curve (Mitscherlich-style) + noise; NOT measured yield
3019,Green gram,6.5,17.6,30.9,0.71,1,clay,366,21.6,291,0.55,8.42,265.6,27.9,-1.28,synthetic response curve (Mitscherlich-style) + noise; NOT measured yield
3020,Potato,151.1,91.8,67.8,23.39,11,loam,230,5.9,122,0.38,7.61,210.8,27.6,-0.19,synthetic response curve (Mitscherlich-style) + noise; NOT measured yield
3021,Chilli,93.3,7.5,52.9,1.35,3,sandy,327,9.5,110,0.27,7.08,147.6,29.7,-0.29,synthetic response curve (Mitscherlich-style) + noise; NOT measured yield
3022,Chilli,117.5,22.7,19.4,2.17,3,sandy,366,29.1,185,0.51,6.36,222.7,24.1,0.44,synthetic response curve (Mitscherlich-style) + noise; NOT measured yield
3023,Ragi,66.0,35.1,15.3,1.37,13,sandy,273,8.0,45,0.5,6.07,181.0,23.2,-0.68,synthetic response curve (Mitscherlich-style) + noise; NOT measured yield
3024,Sugarcane,103.5,34.0,54.3,60.98,11,loam,271,25.7,308,0.46,6.8,154.8,22.3,-1.34,synthetic response curve (Mitscherlich-style) + noise; NOT measured yield
3025,Wheat,76.4,7.9,17.3,2.5,4,sandy,317,7.1,98,0.17,6.89,302.2,19.3,0.69,synthetic response curve (Mitscherlich-style) + noise; NOT measured yield
3026,Wheat,33.3,56.0,49.4,3.94,13,sandy,345,25.9,110,0.49,6.84,80.6,30.3,0.13,synthetic response curve (Mitscherlich-style) + noise; NOT measured yield
3027,Potato,24.8,97.4,152.0,20.69,15,clay,420,11.6,308,0.51,6.88,97.2,25.6,1.37,synthetic response curve (Mitscherlich-style) + noise; NOT measured yield
3028,Onion,129.2,41.4,38.4,26.61,7,clay,328,8.1,99,0.61,7.22,71.9,26.2,0.33,synthetic response curve (Mitscherlich-style) + noise; NOT measured yield
3029,Sugarcane,191.7,112.5,102.9,84.27,7,clay,467,62.4,325,0.56,7.85,64.0,15.8,-0.07,synthetic response curve (Mitscherlich-style) + noise; NOT measured yield
3030,Wheat,62.9,68.5,70.3,3.76,10,sandy,468,19.8,288,0.5,6.77,204.5,24.5,-0.2,synthetic response curve (Mitscherlich-style) + noise; NOT measured yield
3031,Chilli,62.6,12.8,46.1,1.64,3,sandy,345,14.2,187,0.43,6.42,164.4,25.6,-0.82,synthetic response curve (Mitscherlich-style) + noise; NOT measured yield
3032,Sunflower,56.9,41.7,13.1,1.83,14,clay,460,13.8,373,0.59,8.06,669.0,25.4,-0.44,synthetic response curve (Mitscherlich-style) + noise; NOT measured yield
3033,Maize,155.6,59.5,18.8,4.75,2,loam,269,5.8,185,0.33,6.4,260.4,22.2,1.03,synthetic response curve (Mitscherlich-style) + noise; NOT measured yield
3034,Rice,129.0,45.9,18.7,3.8,12,loam,258,37.0,167,0.43,7.14,74.3,20.7,-0.9,synthetic response curve (Mitscherlich-style) + noise; NOT measured yield
3035,Sorghum,88.8,13.6,29.2,2.52,9,clay,384,49.8,264,0.74,7.86,10.0,28.2,-1.63,synthetic response curve (Mitscherlich-style) + noise; NOT measured yield
3036,Cotton,30.5,2.6,50.5,0.97,2,loam,507,8.1,383,0.63,7.29,115.7,27.9,0.53,synthetic response curve (Mitscherlich-style) + noise; NOT measured yield
3037,Onion,101.6,19.3,63.9,21.24,7,clay,538,7.3,119,0.65,7.5,255.8,27.5,1.4,synthetic response curve (Mitscherlich-style) + noise; NOT measured yield
3038,Wheat,156.3,54.3,47.8,4.16,5,loam,302,5.2,206,0.27,7.07,181.6,30.8,0.26,synthetic response curve (Mitscherlich-style) + noise; NOT measured yield
3039,Lentil,21.9,10.2,10.6,0.91,15,clay,344,30.0,248,0.65,8.57,356.9,25.5,-0.88,synthetic response curve (Mitscherlich-style) + noise; NOT measured yield
3040,Soybean,10.8,27.2,32.5,2.08,9,clay,397,42.5,231,0.42,8.0,65.7,22.9,-0.72,synthetic response curve (Mitscherlich-style) + noise; NOT measured yield
3041,Cotton,167.1,69.1,45.6,1.59,6,clay,451,10.4,297,0.74,7.14,117.1,25.2,-1.76,synthetic response curve (Mitscherlich-style) + noise; NOT measured yield
3042,Groundnut,16.3,23.2,16.8,1.26,4,sandy,287,7.0,30,0.23,6.27,531.6,24.8,0.02,synthetic response curve (Mitscherlich-style) + noise; NOT measured yield
3043,Rice,176.4,69.0,13.0,3.42,3,sandy,324,90.0,197,0.52,6.43,52.3,33.1,-0.97,synthetic response curve (Mitscherlich-style) + noise; NOT measured yield
3044,Rice,45.1,15.0,49.5,3.06,8,clay,311,9.7,322,0.47,7.28,333.1,27.2,-0.34,synthetic response curve (Mitscherlich-style) + noise; NOT measured yield
3045,Chilli,116.7,4.5,35.8,2.16,8,clay,542,90.0,284,0.87,7.69,255.6,37.8,-0.67,synthetic response curve (Mitscherlich-style) + noise; NOT measured yield
3046,Wheat,93.5,70.1,8.2,3.99,15,clay,587,16.6,317,0.9,7.04,87.1,28.3,-0.32,synthetic response curve (Mitscherlich-style) + noise; NOT measured yield
3047,Green gram,0.4,51.5,11.1,0.71,10,sandy,432,5.6,181,0.61,6.34,181.4,23.3,0.51,synthetic response curve (Mitscherlich-style) + noise; NOT measured yield
3048,Onion,19.8,30.7,33.5,24.45,7,clay,291,16.0,448,0.2,9.2,196.2,23.0,-0.45,synthetic response curve (Mitscherlich-style) + noise; NOT measured yield
3049,Pigeon pea,25.8,36.4,47.4,1.36,6,clay,320,19.1,235,0.55,6.96,223.5,30.5,0.78,synthetic response curve (Mitscherlich-style) + noise; NOT measured yield
3050,Wheat,102.1,19.8,8.1,2.03,4,sandy,222,7.9,36,0.11,5.1,327.3,27.6,0.07,synthetic response curve (Mitscherlich-style) + noise; NOT measured yield
3051,Mustard,21.3,28.4,10.6,1.11,10,sandy,148,18.2,182,0.26,6.44,186.2,28.4,1.06,synthetic response curve (Mitscherlich-style) + noise; NOT measured yield
3052,Rice,73.6,18.5,38.5,3.08,3,sandy,420,14.5,209,0.57,5.85,36.5,35.0,-0.99,synthetic response curve (Mitscherlich-style) + noise; NOT measured yield
3053,Rice,93.7,17.9,12.3,3.92,1,clay,477,18.5,301,0.7,8.14,508.2,29.3,0.21,synthetic response curve (Mitscherlich-style) + noise; NOT measured yield
3054,Chilli,9.1,7.8,5.4,1.23,14,clay,366,3.7,292,0.69,6.83,303.7,22.3,1.01,synthetic response curve (Mitscherlich-style) + noise; NOT measured yield
3055,Rice,142.9,58.9,75.4,5.43,1,clay,293,18.9,221,0.57,8.66,265.4,28.9,0.27,synthetic response curve (Mitscherlich-style) + noise; NOT measured yield
3056,Groundnut,1.5,15.9,4.0,1.08,4,sandy,467,8.9,70,0.69,7.29,175.3,22.8,0.56,synthetic response curve (Mitscherlich-style) + noise; NOT measured yield
3057,Soybean,33.3,38.1,6.9,2.06,9,clay,487,37.5,286,0.64,8.51,163.3,30.9,0.03,synthetic response curve (Mitscherlich-style) + noise; NOT measured yield
3058,Cotton,78.4,81.7,67.6,1.86,3,sandy,335,15.0,224,0.43,5.75,291.3,30.0,-0.17,synthetic response curve (Mitscherlich-style) + noise; NOT measured yield
3059,Potato,206.0,31.5,69.9,21.01,11,loam,350,29.8,201,0.35,7.79,139.0,23.3,0.71,synthetic response curve (Mitscherlich-style) + noise; NOT measured yield
3060,Chickpea,27.6,1.8,46.9,0.9,9,clay,452,14.4,214,0.5,7.69,141.5,32.1,-0.09,synthetic response curve (Mitscherlich-style) + noise; NOT measured yield
3061,Maize,128.0,18.8,39.1,4.37,2,loam,446,17.7,150,0.76,7.02,23.7,25.4,-0.18,synthetic response curve (Mitscherlich-style) + noise; NOT measured yield
3062,Maize,112.0,70.8,72.8,5.92,7,clay,484,25.9,255,0.59,8.57,83.4,23.3,0.39,synthetic response curve (Mitscherlich-style) + noise; NOT measured yield
3063,Maize,11.1,60.2,27.2,5.32,13,sandy,344,13.8,221,0.41,6.84,141.2,17.0,0.21,synthetic response curve (Mitscherlich-style) + noise; NOT measured yield
3064,Soybean,20.9,42.5,6.5,1.98,6,clay,352,22.1,253,0.59,7.25,213.8,27.7,0.24,synthetic response curve (Mitscherlich-style) + noise; NOT measured yield
3065,Chilli,11.5,54.2,39.8,1.91,11,loam,384,4.9,239,0.57,7.69,123.7,25.9,-0.56,synthetic response curve (Mitscherlich-style) + noise; NOT measured yield
3066,Chickpea,5.2,61.9,32.0,1.42,9,clay,435,22.9,410,0.78,8.64,546.9,24.4,-1.25,synthetic response curve (Mitscherlich-style) + noise; NOT measured yield
3067,Sugarcane,43.7,59.5,22.7,72.67,7,clay,477,11.1,202,0.68,8.34,753.5,25.0,-0.46,synthetic response curve (Mitscherlich-style) + noise; NOT measured yield
3068,Chickpea,10.5,66.2,46.0,1.38,9,clay,502,12.1,182,1.05,6.68,88.0,25.1,0.59,synthetic response curve (Mitscherlich-style) + noise; NOT measured yield
3069,Cotton,48.1,20.1,73.1,1.65,8,clay,340,14.4,261,0.36,6.75,560.0,26.2,0.96,synthetic response curve (Mitscherlich-style) + noise; NOT measured yield
3070,Sorghum,41.1,55.8,4.8,2.26,2,loam,306,10.4,251,0.6,6.29,27.8,23.8,-0.86,synthetic response curve (Mitscherlich-style) + noise; NOT measured yield
3071,Wheat,153.2,33.7,3.8,3.08,7,clay,442,19.9,210,0.83,7.71,85.2,27.4,-0.12,synthetic response curve (Mitscherlich-style) + noise; NOT measured yield
3072,Sugarcane,57.0,59.1,55.0,70.53,7,clay,271,12.6,301,0.35,6.77,265.6,24.3,-1.02,synthetic response curve (Mitscherlich-style) + noise; NOT measured yield
3073,Wheat,110.4,74.8,44.3,4.47,12,loam,393,32.8,361,0.57,7.27,748.0,28.3,0.42,synthetic response curve (Mitscherlich-style) + noise; NOT measured yield
3074,Potato,105.0,62.6,102.8,21.95,11,loam,384,13.2,138,0.74,6.99,76.6,22.3,-0.85,synthetic response curve (Mitscherlich-style) + noise; NOT measured yield
3075,Wheat,147.5,69.3,46.5,3.93,9,clay,455,12.8,379,0.43,8.63,53.6,24.4,0.6,synthetic response curve (Mitscherlich-style) + noise; NOT measured yield
3076,Pigeon pea,29.0,18.9,43.4,0.84,6,clay,315,13.2,362,0.5,7.17,1323.4,28.7,-2.32,synthetic response curve (Mitscherlich-style) + noise; NOT measured yield
3077,Mustard,96.9,59.3,29.3,1.47,10,sandy,391,38.0,276,0.62,7.07,284.0,21.2,-0.65,synthetic response curve (Mitscherlich-style) + noise; NOT measured yield
3078,Rice,67.7,69.7,9.0,3.59,15,clay,570,34.9,277,0.96,9.19,629.7,27.9,0.51,synthetic response curve (Mitscherlich-style) + noise; NOT measured yield
3079,Tomato,88.0,70.0,47.5,36.91,13,sandy,190,7.6,191,0.32,6.9,596.2,22.9,1.35,synthetic response curve (Mitscherlich-style) + noise; NOT measured yield
3080,Maize,30.6,94.2,79.1,4.27,4,sandy,366,9.0,134,0.53,5.42,140.4,32.0,-0.6,synthetic response curve (Mitscherlich-style) + noise; NOT measured yield
3081,Pearl millet,90.5,52.6,15.9,1.65,5,loam,288,14.7,153,0.31,7.2,254.2,25.9,-0.57,synthetic response curve (Mitscherlich-style) + noise; NOT measured yield
3082,Cotton,157.2,3.4,52.2,1.02,8,clay,461,15.2,264,0.78,7.08,243.9,28.0,0.18,synthetic response curve (Mitscherlich-style) + noise; NOT measured yield
3083,Mustard,86.4,35.4,24.7,0.9,10,sandy,362,11.2,30,0.48,5.84,235.1,23.9,-2.25,synthetic response curve (Mitscherlich-style) + noise; NOT measured yield
3084,Soybean,24.6,82.5,45.9,2.09,11,loam,269,4.8,204,0.57,7.26,44.2,26.2,0.51,synthetic response curve (Mitscherlich-style) + noise; NOT measured yield
3085,Cotton,95.8,45.3,53.0,2.02,12,loam,424,19.9,218,0.81,6.69,192.0,23.0,-0.49,synthetic response curve (Mitscherlich-style) + noise; NOT measured yield
3086,Wheat,146.0,60.3,37.0,4.36,9,clay,352,84.3,318,0.58,6.48,475.2,22.0,0.88,synthetic response curve (Mitscherlich-style) + noise; NOT measured yield
3087,Ragi,24.1,12.4,35.1,1.52,13,sandy,330,15.6,30,0.49,4.69,255.8,23.7,2.42,synthetic response curve (Mitscherlich-style) + noise; NOT measured yield
3088,Groundnut,25.3,7.2,20.4,1.24,1,clay,292,20.2,239,0.7,7.47,111.9,29.7,0.67,synthetic response curve (Mitscherlich-style) + noise; NOT measured yield
3089,Rice,113.6,11.3,52.0,3.5,4,sandy,314,17.2,275,0.69,6.88,228.2,28.0,-0.06,synthetic response curve (Mitscherlich-style) + noise; NOT measured yield
3090,Rice,166.4,57.8,80.6,4.39,8,clay,358,9.5,266,0.46,7.8,214.3,27.7,-0.73,synthetic response curve (Mitscherlich-style) + noise; NOT measured yield
3091,Rice,26.7,69.5,74.3,3.39,8,clay,307,22.7,357,0.41,7.72,19.1,23.1,-1.34,synthetic response curve (Mitscherlich-style) + noise; NOT measured yield
3092,Rice,93.2,56.1,62.9,4.26,15,clay,411,4.2,320,0.61,7.81,280.4,26.9,-0.25,synthetic response curve (Mitscherlich-style) + noise; NOT measured yield
3093,Wheat,164.6,47.4,11.0,3.33,10,sandy,321,3.5,126,0.44,5.82,295.5,22.1,-0.02,synthetic response curve (Mitscherlich-style) + noise; NOT measured yield
3094,Maize,205.7,71.6,1.8,4.21,7,clay,565,17.9,140,0.76,7.26,102.4,32.9,0.07,synthetic response curve (Mitscherlich-style) + noise; NOT measured yield
3095,Soybean,15.6,1.3,33.5,1.02,9,clay,333,6.4,222,0.58,8.42,103.7,23.0,-0.64,synthetic response curve (Mitscherlich-style) + noise; NOT measured yield
3096,Sorghum,113.7,20.3,21.8,2.42,2,loam,497,15.6,105,0.7,7.51,39.2,29.5,1.18,synthetic response curve (Mitscherlich-style) + noise; NOT measured yield
3097,Sugarcane,4.2,13.6,101.4,48.58,6,clay,421,14.9,383,0.51,7.57,138.3,28.5,-0.7,synthetic response curve (Mitscherlich-style) + noise; NOT measured yield
3098,Rice,24.0,32.6,66.8,3.19,1,clay,291,4.3,298,0.36,7.67,171.0,36.4,-1.34,synthetic response curve (Mitscherlich-style) + noise; NOT measured yield
3099,Banana,9.4,54.8,60.2,25.23,3,sandy,259,8.1,48,0.43,6.6,169.9,28.3,-0.38,synthetic response curve (Mitscherlich-style) + noise; NOT measured yield
3100,Onion,15.4,51.7,38.4,21.56,7,clay,299,12.1,246,0.35,8.78,50.8,24.6,-0.27,synthetic response curve (Mitscherlich-style) + noise; NOT measured yield
3101,Groundnut,24.5,56.5,7.6,1.08,1,clay,272,7.7,77,0.36,7.91,220.3,30.0,0.95,synthetic response curve (Mitscherlich-style) + noise; NOT measured yield
3102,Cotton,124.9,27.5,20.0,1.4,3,sandy,322,16.8,172,0.44,6.99,176.1,33.6,-0.89,synthetic response curve (Mitscherlich-style) + noise; NOT measured yield
3103,Cotton,28.7,62.6,14.8,1.49,14,clay,235,7.9,226,0.56,8.45,142.1,24.2,-0.54,synthetic response curve (Mitscherlich-style) + noise; NOT measured yield
3104,Tomato,40.7,65.1,99.9,31.27,13,sandy,311,4.3,235,0.47,6.77,143.3,27.1,-1.56,synthetic response curve (Mitscherlich-style) + noise; NOT measured yield
3105,Chilli,79.0,7.6,58.6,1.25,9,clay,410,3.5,154,0.41,7.77,242.6,25.9,1.17,synthetic response curve (Mitscherlich-style) + noise; NOT measured yield
3106,Rice,94.8,5.7,40.3,2.72,15,clay,317,12.5,174,0.56,8.8,969.1,28.7,1.42,synthetic response curve (Mitscherlich-style) + noise; NOT measured yield
3107,Rice,129.3,23.7,16.5,3.55,1,clay,484,9.4,230,0.93,7.8,547.9,28.6,-0.24,synthetic response curve (Mitscherlich-style) + noise; NOT measured yield
3108,Rice,161.2,22.4,74.3,3.71,15,clay,227,2.4,252,0.21,8.33,399.2,28.5,-0.03,synthetic response curve (Mitscherlich-style) + noise; NOT measured yield
3109,Chilli,30.4,18.7,37.7,1.69,8,clay,302,9.9,199,0.65,6.85,143.3,30.1,0.31,synthetic response curve (Mitscherlich-style) + noise; NOT measured yield
3110,Soybean,13.7,22.5,6.0,1.61,6,clay,382,17.1,301,0.68,6.42,106.1,26.2,-2.76,synthetic response curve (Mitscherlich-style) + noise; NOT measured yield
3111,Chilli,95.1,41.5,68.9,2.24,12,loam,272,14.4,264,0.23,8.22,123.4,26.8,-0.51,synthetic response curve (Mitscherlich-style) + noise; NOT measured yield
3112,Maize,150.7,0.3,67.5,2.87,7,clay,125,11.7,205,0.33,7.2,26.3,23.5,1.09,synthetic response curve (Mitscherlich-style) + noise; NOT measured yield
3113,Mustard,113.8,0.2,2.0,0.68,10,sandy,263,9.5,193,0.65,7.59,162.2,26.9,0.6,synthetic response curve (Mitscherlich-style) + noise; NOT measured yield
3114,Sugarcane,318.1,17.1,3.5,54.48,5,loam,234,5.5,254,0.53,8.16,150.7,29.0,0.86,synthetic response curve (Mitscherlich-style) + noise; NOT measured yield
3115,Maize,113.0,64.2,53.5,5.51,8,clay,477,9.4,164,0.59,7.7,100.3,27.1,-0.32,synthetic response curve (Mitscherlich-style) + noise; NOT measured yield
3116,Maize,79.0,14.9,64.5,3.96,2,loam,316,33.9,157,0.34,7.26,194.6,28.4,-2.74,synthetic response curve (Mitscherlich-style) + noise; NOT measured yield
3117,Cotton,134.6,55.5,19.3,1.4,4,sandy,265,5.8,173,0.27,8.92,195.7,24.0,0.21,synthetic response curve (Mitscherlich-style) + noise; NOT measured yield
3118,Wheat,44.5,45.4,21.7,3.86,9,clay,543,8.3,274,0.78,7.67,273.5,25.6,-0.18,synthetic response curve (Mitscherlich-style) + noise; NOT measured yield
3119,Potato,22.9,22.3,162.4,18.33,15,clay,268,9.7,267,0.28,7.24,42.6,29.7,-0.9,synthetic response curve (Mitscherlich-style) + noise; NOT measured yield
3120,Sugarcane,251.9,118.2,15.7,46.25,3,sandy,417,7.1,63,0.6,6.62,63.2,26.3,-1.12,synthetic response curve (Mitscherlich-style) + noise; NOT measured yield
3121,Mustard,6.1,27.7,30.9,1.13,9,clay,510,8.0,258,0.52,8.93,41.9,24.8,0.38,synthetic response curve (Mitscherlich-style) + noise; NOT measured yield
3122,Groundnut,0.4,62.4,32.7,1.7,1,clay,457,26.9,201,0.55,7.82,273.9,28.0,-0.05,synthetic response curve (Mitscherlich-style) + noise; NOT measured yield
3123,Chilli,31.2,32.3,35.1,1.96,8,clay,295,4.1,334,0.54,7.82,127.5,29.2,-0.31,synthetic response curve (Mitscherlich-style) + noise; NOT measured yield
3124,Sunflower,49.5,62.1,44.4,1.59,13,sandy,498,41.2,38,0.65,7.56,166.4,26.2,-0.2,synthetic response curve (Mitscherlich-style) + noise; NOT measured yield
3125,Rice,159.4,75.9,65.7,5.76,6,clay,343,13.8,397,0.65,7.7,392.6,25.5,-0.28,synthetic response curve (Mitscherlich-style) + noise; NOT measured yield
3126,Pearl millet,22.2,8.2,11.8,1.25,12,loam,162,4.8,177,0.26,6.8,200.6,27.2,0.98,synthetic response curve (Mitscherlich-style) + noise; NOT measured yield
3127,Chilli,96.6,22.0,40.7,1.66,6,clay,413,14.5,347,0.6,7.04,243.4,24.3,-1.15,synthetic response curve (Mitscherlich-style) + noise; NOT measured yield
3128,Cotton,102.1,35.1,56.2,1.92,14,clay,384,52.7,266,0.53,7.96,215.5,23.8,-0.06,synthetic response curve (Mitscherlich-style) + noise; NOT measured yield
3129,Chilli,128.3,61.1,21.9,2.23,10,sandy,399,18.8,118,0.49,7.03,11.8,22.9,-0.5,synthetic response curve (Mitscherlich-style) + noise; NOT measured yield
3130,Sugarcane,274.9,61.7,85.9,80.93,5,loam,508,4.9,282,0.62,7.98,155.1,19.1,0.46,synthetic response curve (Mitscherlich-style) + noise; NOT measured yield
3131,Groundnut,5.3,32.1,40.8,1.38,4,sandy,231,11.5,73,0.24,7.61,133.0,23.4,0.54,synthetic response curve (Mitscherlich-style) + noise; NOT measured yield
3132,Green gram,25.8,40.0,29.8,0.77,14,clay,409,15.3,232,0.75,8.5,387.8,25.5,-2.33,synthetic response curve (Mitscherlich-style) + noise; NOT measured yield
3133,Chilli,85.1,56.5,62.8,2.65,8,clay,376,8.0,271,0.68,6.97,137.9,30.1,0.21,synthetic response curve (Mitscherlich-style) + noise; NOT measured yield
3134,Pigeon pea,22.8,34.8,33.0,1.45,6,clay,537,20.6,268,0.95,6.28,378.1,23.7,0.69,synthetic response curve (Mitscherlich-style) + noise; NOT measured yield
3135,Chickpea,6.6,7.0,47.7,0.82,9,clay,358,2.6,225,0.47,7.19,151.7,26.9,0.89,synthetic response curve (Mitscherlich-style) + noise; NOT measured yield
3136,Banana,73.3,49.4,131.8,40.88,2,loam,415,20.4,146,0.62,6.51,26.1,26.5,0.61,synthetic response curve (Mitscherlich-style) + noise; NOT measured yield
3137,Tomato,157.3,37.1,112.0,34.31,3,sandy,337,15.7,102,0.46,5.95,246.7,28.2,-0.71,synthetic response curve (Mitscherlich-style) + noise; NOT measured yield
3138,Mustard,88.0,16.4,11.5,0.98,7,clay,455,16.1,389,0.81,6.83,35.6,23.6,0.85,synthetic response curve (Mitscherlich-style) + noise; NOT measured yield
3139,Sugarcane,117.8,96.8,133.9,80.24,5,loam,259,25.2,114,0.17,8.05,324.7,18.9,-1.64,synthetic response curve (Mitscherlich-style) + noise; NOT measured yield
3140,Wheat,153.3,83.1,62.1,4.78,9,clay,486,25.1,253,0.75,7.45,129.8,31.4,0.84,synthetic response curve (Mitscherlich-style) + noise; NOT measured yield
3141,Cotton,26.0,27.6,25.3,1.55,6,clay,471,15.2,222,0.65,6.41,22.6,31.0,-0.15,synthetic response curve (Mitscherlich-style) + noise; NOT measured yield
3142,Sugarcane,242.9,23.5,142.4,60.88,7,clay,326,7.3,292,0.57,7.01,301.6,23.5,0.99,synthetic response curve (Mitscherlich-style) + noise; NOT measured yield
3143,Rice,30.7,36.6,25.0,3.81,12,loam,273,12.0,272,0.62,5.37,73.7,27.2,2.12,synthetic response curve (Mitscherlich-style) + noise; NOT measured yield
3144,Rice,85.1,41.5,65.8,4.08,12,loam,239,19.0,203,0.28,7.7,1473.1,27.0,2.39,synthetic response curve (Mitscherlich-style) + noise; NOT measured yield
3145,Sugarcane,224.3,71.8,64.7,69.98,5,loam,423,12.2,313,0.45,6.9,65.1,19.9,-1.93,synthetic response curve (Mitscherlich-style) + noise; NOT measured yield
3146,Cotton,169.3,49.2,7.7,1.62,6,clay,445,22.1,277,0.8,8.26,119.2,25.7,-0.05,synthetic response curve (Mitscherlich-style) + noise; NOT measured yield
3147,Pearl millet,42.5,45.2,34.4,2.23,10,sandy,393,8.8,260,0.52,7.2,45.5,23.9,-1.13,synthetic response curve (Mitscherlich-style) + noise; NOT measured yield
3148,Chilli,118.3,23.2,61.9,2.14,14,clay,302,44.0,304,0.57,8.23,121.9,30.1,-0.51,synthetic response curve (Mitscherlich-style) + noise; NOT measured yield
3149,Soybean,18.2,3.9,54.9,1.27,9,clay,356,10.2,208,0.45,8.27,75.2,26.1,-0.34,synthetic response curve (Mitscherlich-style) + noise; NOT measured yield
3150,Tomato,175.9,99.5,68.3,40.51,2,loam,497,3.6,243,0.74,6.87,120.0,25.1,-0.16,synthetic response curve (Mitscherlich-style) + noise; NOT measured yield
3151,Turmeric,82.7,52.6,14.7,15.0,9,clay,255,27.5,303,0.5,7.22,188.4,26.9,-1.31,synthetic response curve (Mitscherlich-style) + noise; NOT measured yield
3152,Mustard,16.9,15.5,13.4,1.17,11,loam,292,21.6,289,0.54,7.14,184.4,25.2,1.62,synthetic response curve (Mitscherlich-style) + noise; NOT measured yield
3153,Rice,17.0,38.8,65.6,3.43,15,clay,365,37.6,164,0.33,8.26,111.2,31.1,0.49,synthetic response curve (Mitscherlich-style) + noise; NOT measured yield
3154,Chilli,33.9,26.7,45.0,1.95,14,clay,332,21.2,232,0.32,7.85,345.6,25.2,-1.35,synthetic response curve (Mitscherlich-style) + noise; NOT measured yield
3155,Wheat,13.6,12.4,40.4,2.9,11,loam,431,17.0,189,0.52,6.45,766.8,21.4,-0.33,synthetic response curve (Mitscherlich-style) + noise; NOT measured yield
3156,Chickpea,28.2,16.2,18.4,1.16,9,clay,364,24.3,57,0.73,7.87,148.6,29.5,1.37,synthetic response curve (Mitscherlich-style) + noise; NOT measured yield
3157,Chilli,53.9,23.0,1.0,1.85,3,sandy,421,14.1,213,0.53,6.63,36.7,25.6,0.64,synthetic response curve (Mitscherlich-style) + noise; NOT measured yield
3158,Rice,30.6,2.2,78.6,1.96,14,clay,332,7.0,329,0.57,9.2,104.7,23.8,2.12,synthetic response curve (Mitscherlich-style) + noise; NOT measured yield
3159,Cotton,172.0,77.7,75.2,1.53,8,clay,394,10.9,260,0.62,7.4,568.7,28.0,-1.48,synthetic response curve (Mitscherlich-style) + noise; NOT measured yield
3160,Ragi,69.3,16.0,2.7,1.88,11,loam,347,18.4,215,0.52,6.82,71.9,25.3,0.95,synthetic response curve (Mitscherlich-style) + noise; NOT measured yield
3161,Rice,127.7,48.8,47.0,4.13,12,loam,355,6.5,260,0.29,6.72,195.2,27.4,0.72,synthetic response curve (Mitscherlich-style) + noise; NOT measured yield
3162,Green gram,8.2,10.3,25.2,0.63,1,clay,358,10.7,180,0.47,8.02,93.2,30.1,1.34,synthetic response curve (Mitscherlich-style) + noise; NOT measured yield
3163,Cotton,167.1,36.7,26.5,1.35,6,clay,602,34.3,74,0.87,8.28,182.0,25.2,-1.28,synthetic response curve (Mitscherlich-style) + noise; NOT measured yield
3164,Pearl millet,29.4,36.5,25.6,1.68,11,loam,485,20.0,177,0.57,6.91,167.1,18.6,-1.39,synthetic response curve (Mitscherlich-style) + noise; NOT measured yield
3165,Cotton,160.0,22.0,62.4,1.31,8,clay,203,13.1,293,0.1,7.46,86.6,30.3,-1.22,synthetic response curve (Mitscherlich-style) + noise; NOT measured yield
3166,Pearl millet,83.7,23.3,9.1,1.86,10,sandy,243,22.3,245,0.23,5.8,10.1,27.5,-1.42,synthetic response curve (Mitscherlich-style) + noise; NOT measured yield
3167,Lentil,18.0,9.2,24.6,0.74,9,clay,428,7.5,290,0.71,7.9,128.1,24.6,0.24,synthetic response curve (Mitscherlich-style) + noise; NOT measured yield
3168,Turmeric,110.3,61.1,74.7,15.26,1,clay,363,13.2,211,0.64,8.89,172.0,28.2,-1.61,synthetic response curve (Mitscherlich-style) + noise; NOT measured yield
3169,Sugarcane,234.5,45.9,51.9,66.26,5,loam,456,11.1,215,0.42,7.02,82.2,29.0,0.38,synthetic response curve (Mitscherlich-style) + noise; NOT measured yield
3170,Onion,116.8,9.6,67.6,16.07,7,clay,541,8.5,236,0.8,7.81,39.7,22.3,-1.47,synthetic response curve (Mitscherlich-style) + noise; NOT measured yield
3171,Cotton,17.1,3.7,55.3,0.88,6,clay,449,5.9,285,0.59,7.65,856.7,28.6,1.02,synthetic response curve (Mitscherlich-style) + noise; NOT measured yield
3172,Onion,59.7,58.8,84.9,23.94,1,clay,350,5.4,242,0.72,7.27,97.1,28.7,-1.84,synthetic response curve (Mitscherlich-style) + noise; NOT measured yield
3173,Green gram,9.9,47.4,35.6,0.82,1,clay,415,3.7,171,0.56,8.25,392.0,28.5,-1.38,synthetic response curve (Mitscherlich-style) + noise; NOT measured yield
3174,Wheat,162.6,42.7,53.5,4.31,5,loam,388,2.8,30,0.5,8.61,654.1,29.5,-0.13,synthetic response curve (Mitscherlich-style) + noise; NOT measured yield
3175,Ragi,53.1,13.8,34.9,1.45,13,sandy,216,5.3,130,0.34,7.3,105.3,24.1,-0.78,synthetic response curve (Mitscherlich-style) + noise; NOT measured yield
3176,Potato,33.8,109.4,82.5,23.94,15,clay,377,11.7,130,0.6,7.46,993.3,25.4,0.92,synthetic response curve (Mitscherlich-style) + noise; NOT measured yield
3177,Tomato,97.5,47.9,115.7,35.86,13,sandy,320,12.9,43,0.41,7.31,184.7,26.7,-0.59,synthetic response curve (Mitscherlich-style) + noise; NOT measured yield
3178,Groundnut,2.0,36.2,10.6,1.28,15,clay,266,8.0,143,0.34,8.58,273.2,30.0,-1.62,synthetic response curve (Mitscherlich-style) + noise; NOT measured yield
3179,Cotton,146.3,13.6,13.3,1.39,14,clay,336,20.2,234,0.53,7.87,26.3,24.0,0.47,synthetic response curve (Mitscherlich-style) + noise; NOT measured yield
3180,Wheat,79.6,0.4,31.6,1.7,11,loam,357,6.1,268,0.63,6.3,46.0,24.5,-0.2,synthetic response curve (Mitscherlich-style) + noise; NOT measured yield
3181,Maize,102.8,10.7,58.3,3.04,2,loam,378,7.3,139,0.64,6.99,136.8,24.8,-0.79,synthetic response curve (Mitscherlich-style) + noise; NOT measured yield
3182,Cotton,138.5,16.5,80.5,1.54,6,clay,510,29.4,285,0.96,8.26,116.2,25.9,-0.18,synthetic response curve (Mitscherlich-style) + noise; NOT measured yield
3183,Maize,190.2,6.0,25.9,2.66,12,loam,332,9.0,64,0.37,9.06,417.5,33.5,-0.05,synthetic response curve (Mitscherlich-style) + noise; NOT measured yield
3184,Cotton,154.5,56.1,7.8,1.77,6,clay,296,17.0,364,0.5,7.38,111.8,30.1,-0.24,synthetic response curve (Mitscherlich-style) + noise; NOT measured yield
3185,Sorghum,15.1,35.8,15.2,1.88,5,loam,432,14.9,30,0.68,6.75,166.5,24.0,-0.06,synthetic response curve (Mitscherlich-style) + noise; NOT measured yield
3186,Groundnut,28.6,9.3,1.2,1.2,1,clay,564,26.5,266,0.7,8.06,387.2,30.1,-0.91,synthetic response curve (Mitscherlich-style) + noise; NOT measured yield
3187,Pigeon pea,20.9,27.1,1.2,0.79,6,clay,452,35.3,95,0.69,9.08,167.3,26.2,1.46,synthetic response curve (Mitscherlich-style) + noise; NOT measured yield
3188,Pigeon pea,8.5,45.4,7.5,1.13,6,clay,542,14.3,166,0.88,7.42,39.3,27.8,0.87,synthetic response curve (Mitscherlich-style) + noise; NOT measured yield
3189,Tomato,98.8,62.6,14.8,30.5,13,sandy,224,12.8,192,0.33,6.69,62.8,32.1,0.3,synthetic response curve (Mitscherlich-style) + noise; NOT measured yield
3190,Rice,129.2,33.0,0.2,3.34,12,loam,262,63.0,144,0.49,8.21,16.5,26.1,0.17,synthetic response curve (Mitscherlich-style) + noise; NOT measured yield
3191,Potato,5.4,42.8,167.2,21.05,2,loam,322,24.8,183,0.76,6.29,487.6,25.9,0.43,synthetic response curve (Mitscherlich-style) + noise; NOT measured yield
3192,Soybean,23.1,83.4,6.5,1.93,8,clay,413,13.6,234,0.48,8.6,292.4,25.6,-0.43,synthetic response curve (Mitscherlich-style) + noise; NOT measured yield
3193,Chilli,53.4,6.8,24.4,1.43,14,clay,224,4.7,210,0.21,7.52,93.5,21.0,-0.08,synthetic response curve (Mitscherlich-style) + noise; NOT measured yield
3194,Cotton,173.4,7.3,72.1,0.86,8,clay,395,7.4,249,0.58,7.5,265.2,26.6,-1.65,synthetic response curve (Mitscherlich-style) + noise; NOT measured yield
3195,Potato,1.3,41.6,31.7,20.42,15,clay,412,7.4,199,0.68,8.11,178.4,26.9,-0.96,synthetic response curve (Mitscherlich-style) + noise; NOT measured yield
3196,Banana,186.4,63.9,44.8,30.21,2,loam,537,16.0,46,0.84,5.96,219.6,24.1,1.2,synthetic response curve (Mitscherlich-style) + noise; NOT measured yield
3197,Rice,117.9,0.7,39.1,2.34,5,loam,386,15.5,229,0.61,7.73,121.2,31.0,-0.71,synthetic response curve (Mitscherlich-style) + noise; NOT measured yield
3198,Pearl millet,69.4,4.5,33.6,1.8,14,clay,391,29.4,261,0.49,6.24,182.2,23.0,-0.31,synthetic response curve (Mitscherlich-style) + noise; NOT measured yield
3199,Wheat,161.9,69.4,15.5,3.5,11,loam,314,7.6,153,0.64,6.92,333.0,27.2,-0.41,synthetic response curve (Mitscherlich-style) + noise; NOT measured yield
3200,Wheat,135.2,52.3,58.8,3.47,5,loam,298,11.4,112,0.44,7.57,138.2,26.1,-1.8,synthetic response curve (Mitscherlich-style) + noise; NOT measured yield
3201,Sorghum,9.3,43.2,5.8,1.91,14,clay,180,21.3,338,0.23,7.94,92.4,25.0,0.18,synthetic response curve (Mitscherlich-style) + noise; NOT measured yield
3202,Soybean,17.4,13.7,0.6,1.49,6,clay,573,15.9,160,0.79,7.18,524.9,25.0,-0.29,synthetic response curve (Mitscherlich-style) + noise; NOT measured yield
3203,Wheat,14.2,36.9,39.8,3.31,12,loam,265,13.3,217,0.39,6.42,262.2,28.2,-0.58,synthetic response curve (Mitscherlich-style) + noise; NOT measured yield
3204,Sorghum,117.1,8.9,1.2,1.63,5,loam,439,8.9,243,0.87,6.18,72.9,31.9,-0.41,synthetic response curve (Mitscherlich-style) + noise; NOT measured yield
3205,Cotton,173.9,21.0,32.7,1.06,6,clay,355,8.5,146,0.49,8.05,178.3,26.9,3.03,synthetic response curve (Mitscherlich-style) + noise; NOT measured yield
3206,Cotton,95.7,23.5,69.2,1.54,5,loam,537,6.9,224,0.65,6.7,24.8,19.2,-0.37,synthetic response curve (Mitscherlich-style) + noise; NOT measured yield
3207,Pigeon pea,13.8,8.2,36.8,0.86,6,clay,472,12.0,225,0.82,8.05,575.2,25.3,0.75,synthetic response curve (Mitscherlich-style) + noise; NOT measured yield
3208,Mustard,16.2,48.1,8.4,1.35,9,clay,463,23.1,376,0.75,7.1,44.6,27.0,-0.34,synthetic response curve (Mitscherlich-style) + noise; NOT measured yield
3209,Tomato,113.5,67.0,22.2,30.28,13,sandy,311,6.7,109,0.43,5.93,84.4,25.3,-0.93,synthetic response curve (Mitscherlich-style) + noise; NOT measured yield
3210,Mustard,87.1,48.5,32.5,1.29,10,sandy,286,3.9,122,0.25,5.54,48.1,28.8,-0.36,synthetic response curve (Mitscherlich-style) + noise; NOT measured yield
3211,Groundnut,6.4,12.1,59.2,1.24,1,clay,267,9.9,213,0.33,7.97,106.7,31.5,1.56,synthetic response curve (Mitscherlich-style) + noise; NOT measured yield
3212,Wheat,138.4,47.0,22.4,3.56,9,clay,480,9.1,255,0.71,8.84,105.3,22.1,0.39,synthetic response curve (Mitscherlich-style) + noise; NOT measured yield
3213,Onion,130.7,56.7,100.7,24.07,7,clay,362,7.6,254,0.59,8.22,192.3,26.0,-1.28,synthetic response curve (Mitscherlich-style) + noise; NOT measured yield
3214,Pigeon pea,18.4,46.8,38.3,1.24,2,loam,475,35.6,253,0.5,7.18,62.9,27.0,-1.56,synthetic response curve (Mitscherlich-style) + noise; NOT measured yield
3215,Wheat,12.9,13.7,65.8,3.14,5,loam,318,53.6,246,0.81,5.15,35.8,23.2,-1.08,synthetic response curve (Mitscherlich-style) + noise; NOT measured yield
3216,Rice,1.8,62.9,0.1,4.22,15,clay,368,21.1,406,0.4,8.13,904.4,26.8,0.48,synthetic response curve (Mitscherlich-style) + noise; NOT measured yield
3217,Soybean,7.6,58.7,3.0,1.82,6,clay,303,12.6,211,0.53,7.66,121.5,28.6,0.74,synthetic response curve (Mitscherlich-style) + noise; NOT measured yield
3218,Chilli,26.8,45.9,16.1,1.89,11,loam,303,5.2,170,0.44,9.02,584.2,24.8,0.93,synthetic response curve (Mitscherlich-style) + noise; NOT measured yield
3219,Cotton,69.6,40.4,31.6,1.44,3,sandy,391,8.9,30,0.44,7.14,269.1,31.9,-0.15,synthetic response curve (Mitscherlich-style) + noise; NOT measured yield
3220,Chilli,65.3,20.3,35.8,1.91,14,clay,559,17.1,181,1.01,8.0,154.9,23.4,0.97,synthetic response curve (Mitscherlich-style) + noise; NOT measured yield
3221,Tomato,39.0,95.1,16.8,25.98,13,sandy,507,6.5,33,0.49,6.41,613.6,25.4,1.32,synthetic response curve (Mitscherlich-style) + noise; NOT measured yield
3222,Cotton,31.8,40.7,24.6,1.33,3,sandy,239,6.1,117,0.16,7.75,319.3,31.8,0.05,synthetic response curve (Mitscherlich-style) + noise; NOT measured yield
3223,Rice,180.0,55.9,56.2,3.99,11,loam,378,6.4,231,0.53,6.4,123.6,24.6,0.6,synthetic response curve (Mitscherlich-style) + noise; NOT measured yield
3224,Cotton,18.1,82.4,55.8,1.44,14,clay,395,21.0,229,0.31,9.2,15.0,22.0,-0.88,synthetic response curve (Mitscherlich-style) + noise; NOT measured yield
3225,Cotton,137.6,12.3,9.7,1.19,14,clay,359,28.6,160,0.61,7.84,11.9,25.8,3.07,synthetic response curve (Mitscherlich-style) + noise; NOT measured yield
3226,Wheat,23.4,60.4,61.4,3.55,11,loam,347,15.8,191,0.63,6.54,78.2,30.6,-0.93,synthetic response curve (Mitscherlich-style) + noise; NOT measured yield
3227,Rice,107.3,40.0,65.7,4.3,11,loam,227,9.9,200,0.38,6.19,258.9,20.7,1.13,synthetic response curve (Mitscherlich-style) + noise; NOT measured yield
3228,Pigeon pea,23.3,44.6,30.5,1.36,8,clay,347,17.6,340,0.55,6.16,129.8,27.0,-0.39,synthetic response curve (Mitscherlich-style) + noise; NOT measured yield
3229,Cotton,99.0,72.2,70.9,1.8,3,sandy,236,55.1,166,0.33,6.73,75.4,24.3,0.9,synthetic response curve (Mitscherlich-style) + noise; NOT measured yield
3230,Maize,22.3,6.7,22.0,3.75,1,clay,403,18.3,148,0.8,7.29,280.2,29.4,1.09,synthetic response curve (Mitscherlich-style) + noise; NOT measured yield
3231,Wheat,156.7,81.7,12.9,3.43,5,loam,333,7.2,232,0.5,8.14,45.4,26.0,-1.67,synthetic response curve (Mitscherlich-style) + noise; NOT measured yield
3232,Wheat,167.8,12.0,58.2,2.6,4,sandy,326,7.8,159,0.59,6.07,128.2,20.2,-0.44,synthetic response curve (Mitscherlich-style) + noise; NOT measured yield
3233,Sorghum,103.4,21.5,5.4,1.99,14,clay,408,26.3,197,0.65,7.78,380.7,24.4,-1.41,synthetic response curve (Mitscherlich-style) + noise; NOT measured yield
3234,Sugarcane,244.7,16.9,34.3,56.38,13,sandy,346,7.2,254,0.47,7.24,380.2,25.9,-0.2,synthetic response curve (Mitscherlich-style) + noise; NOT measured yield
3235,Rice,101.2,33.1,49.8,4.48,5,loam,443,11.9,133,0.83,7.29,79.5,28.4,0.24,synthetic response curve (Mitscherlich-style) + noise; NOT measured yield
3236,Cotton,13.6,25.6,32.6,1.53,6,clay,409,17.0,189,1.12,7.83,302.2,22.9,0.75,synthetic response curve (Mitscherlich-style) + noise; NOT measured yield
3237,Maize,180.4,75.9,67.6,5.63,12,loam,283,11.2,213,0.24,9.2,80.3,26.2,2.44,synthetic response curve (Mitscherlich-style) + noise; NOT measured yield
3238,Rice,103.8,68.5,16.6,4.26,11,loam,391,16.6,299,0.32,6.22,2.3,26.2,-0.1,synthetic response curve (Mitscherlich-style) + noise; NOT measured yield
3239,Green gram,2.8,57.7,31.2,0.86,14,clay,511,51.0,271,0.68,8.15,39.1,23.1,-0.39,synthetic response curve (Mitscherlich-style) + noise; NOT measured yield
3240,Wheat,30.4,0.7,46.0,1.96,11,loam,434,13.9,226,0.63,8.62,111.8,24.5,-1.03,synthetic response curve (Mitscherlich-style) + noise; NOT measured yield
3241,Green gram,21.3,33.4,1.2,0.62,11,loam,280,25.8,177,0.44,7.14,51.1,24.2,0.91,synthetic response curve (Mitscherlich-style) + noise; NOT measured yield
3242,Banana,41.2,23.3,277.2,30.32,12,loam,366,14.0,142,0.6,7.03,247.9,26.4,1.15,synthetic response curve (Mitscherlich-style) + noise; NOT measured yield
3243,Onion,131.6,20.2,28.6,25.22,14,clay,213,27.9,285,0.34,7.02,144.9,22.7,1.28,synthetic response curve (Mitscherlich-style) + noise; NOT measured yield
3244,Wheat,52.9,20.7,48.1,3.31,6,clay,547,17.9,316,0.9,7.87,169.0,28.8,0.99,synthetic response curve (Mitscherlich-style) + noise; NOT measured yield
3245,Tomato,149.5,75.0,47.5,32.01,4,sandy,386,9.0,150,0.49,6.96,244.5,26.2,0.03,synthetic response curve (Mitscherlich-style) + noise; NOT measured yield
3246,Chilli,92.5,51.0,9.0,1.59,14,clay,315,10.1,150,0.5,7.91,567.5,26.3,0.43,synthetic response curve (Mitscherlich-style) + noise; NOT measured yield
3247,Rice,176.6,19.4,13.9,3.06,3,sandy,255,22.0,111,0.52,7.27,90.6,27.5,-1.43,synthetic response curve (Mitscherlich-style) + noise; NOT measured yield
3248,Sugarcane,253.1,12.2,49.4,48.14,5,loam,279,14.1,233,0.39,6.57,82.4,21.8,0.84,synthetic response curve (Mitscherlich-style) + noise; NOT measured yield
3249,Cotton,32.9,81.2,43.7,1.6,3,sandy,191,9.9,159,0.32,6.51,142.6,29.1,0.16,synthetic response curve (Mitscherlich-style) + noise; NOT measured yield
3250,Tomato,150.6,106.4,41.0,35.38,13,sandy,323,25.3,110,0.26,6.07,93.3,23.8,1.48,synthetic response curve (Mitscherlich-style) + noise; NOT measured yield
3251,Turmeric,74.6,37.5,5.7,16.18,14,clay,429,9.9,276,0.81,7.86,26.6,24.1,-0.67,synthetic response curve (Mitscherlich-style) + noise; NOT measured yield
3252,Sunflower,84.6,64.2,47.8,1.5,7,clay,327,24.1,385,0.39,8.43,63.4,25.0,0.78,synthetic response curve (Mitscherlich-style) + noise; NOT measured yield
3253,Maize,59.2,55.7,78.8,6.01,2,loam,390,25.4,88,0.37,7.28,197.4,25.7,0.79,synthetic response curve (Mitscherlich-style) + noise; NOT measured yield
3254,Rice,66.8,50.4,10.8,2.88,4,sandy,157,57.1,139,0.28,7.44,142.9,20.7,1.09,synthetic response curve (Mitscherlich-style) + noise; NOT measured yield
3255,Wheat,135.5,47.8,9.1,3.53,9,clay,333,13.7,276,0.35,7.99,136.3,27.2,1.07,synthetic response curve (Mitscherlich-style) + noise; NOT measured yield
3256,Pearl millet,7.2,53.4,25.6,1.88,6,clay,419,60.7,354,0.57,8.76,583.3,21.9,-0.23,synthetic response curve (Mitscherlich-style) + noise; NOT measured yield
3257,Wheat,61.4,46.0,63.2,4.17,12,loam,514,14.5,357,0.57,7.82,223.7,28.0,1.29,synthetic response curve (Mitscherlich-style) + noise; NOT measured yield
3258,Rice,66.9,74.7,23.2,4.04,12,loam,328,28.1,205,0.42,6.16,255.7,27.9,1.49,synthetic response curve (Mitscherlich-style) + noise; NOT measured yield
3259,Maize,14.4,19.7,17.0,3.44,7,clay,451,5.5,189,0.62,7.83,35.4,21.6,-0.75,synthetic response curve (Mitscherlich-style) + noise; NOT measured yield
3260,Wheat,175.7,8.0,22.0,3.12,10,sandy,299,33.1,163,0.5,6.45,36.2,23.2,-0.43,synthetic response curve (Mitscherlich-style) + noise; NOT measured yield
3261,Rice,130.1,37.7,32.3,4.29,1,clay,288,7.7,279,0.48,6.69,137.7,31.1,-0.36,synthetic response curve (Mitscherlich-style) + noise; NOT measured yield
3262,Chilli,91.1,35.7,8.9,2.04,3,sandy,297,9.2,208,0.33,5.69,10.5,30.4,-0.85,synthetic response curve (Mitscherlich-style) + noise; NOT measured yield
3263,Cotton,6.3,22.4,76.9,1.34,6,clay,450,15.8,226,0.68,8.05,41.9,24.0,-0.89,synthetic response curve (Mitscherlich-style) + noise; NOT measured yield
3264,Cotton,111.3,65.1,28.4,1.53,2,loam,359,15.0,100,0.47,8.64,140.1,27.0,-0.08,synthetic response curve (Mitscherlich-style) + noise; NOT measured yield
3265,Rice,36.7,46.1,5.0,3.32,1,clay,527,4.2,212,0.81,7.57,265.6,27.6,1.03,synthetic response curve (Mitscherlich-style) + noise; NOT measured yield
3266,Rice,173.2,47.2,20.2,3.85,11,loam,515,22.1,234,0.82,8.55,81.7,24.2,-1.2,synthetic response curve (Mitscherlich-style) + noise; NOT measured yield
3267,Green gram,29.9,31.6,4.2,0.81,1,clay,316,8.3,357,0.7,8.29,422.5,26.5,-0.15,synthetic response curve (Mitscherlich-style) + noise; NOT measured yield
3268,Maize,164.5,64.4,39.4,6.04,4,sandy,241,14.4,236,0.17,6.17,186.5,25.7,1.22,synthetic response curve (Mitscherlich-style) + noise; NOT measured yield
3269,Rice,130.2,19.9,31.1,3.39,11,loam,295,8.4,142,0.44,6.58,185.7,26.7,0.42,synthetic response curve (Mitscherlich-style) + noise; NOT measured yield
3270,Rice,51.9,41.9,14.0,3.45,4,sandy,236,5.6,167,0.25,5.8,240.1,21.8,-0.92,synthetic response curve (Mitscherlich-style) + noise; NOT measured yield
3271,Maize,90.2,14.9,65.7,4.16,4,sandy,570,40.8,114,0.74,5.47,162.3,18.7,1.3,synthetic response curve (Mitscherlich-style) + noise; NOT measured yield
3272,Wheat,161.8,57.3,4.1,2.64,12,loam,399,11.7,203,0.45,7.08,1630.4,31.4,-1.68,synthetic response curve (Mitscherlich-style) + noise; NOT measured yield
3273,Chickpea,6.6,71.7,18.1,1.37,1,clay,379,10.3,118,0.56,6.99,88.4,22.0,-1.07,synthetic response curve (Mitscherlich-style) + noise; NOT measured yield
3274,Chilli,112.3,18.9,16.1,1.64,5,loam,242,24.6,249,0.53,9.06,91.7,23.6,1.35,synthetic response curve (Mitscherlich-style) + noise; NOT measured yield
3275,Soybean,30.5,33.5,59.1,1.88,9,clay,404,27.6,348,0.44,5.73,35.8,22.7,-0.73,synthetic response curve (Mitscherlich-style) + noise; NOT measured yield
3276,Maize,24.3,24.8,12.8,3.32,2,loam,421,65.3,57,0.71,6.69,175.4,26.8,0.93,synthetic response curve (Mitscherlich-style) + noise; NOT measured yield
3277,Wheat,138.5,68.8,49.1,3.84,10,sandy,349,24.9,75,0.15,6.81,12.3,28.6,1.07,synthetic response curve (Mitscherlich-style) + noise; NOT measured yield
3278,Maize,96.6,19.5,28.7,3.73,7,clay,262,11.8,261,0.29,8.14,49.4,26.6,-0.36,synthetic response curve (Mitscherlich-style) + noise; NOT measured yield
3279,Wheat,166.5,16.6,47.4,3.5,5,loam,560,21.8,113,0.86,8.22,293.4,27.9,0.52,synthetic response curve (Mitscherlich-style) + noise; NOT measured yield
3280,Chickpea,5.5,3.7,20.4,0.85,9,clay,486,8.6,233,0.76,9.2,24.9,30.2,-0.35,synthetic response curve (Mitscherlich-style) + noise; NOT measured yield
3281,Rice,101.7,50.4,74.2,4.71,1,clay,435,9.0,253,0.84,7.35,1656.9,25.6,-0.31,synthetic response curve (Mitscherlich-style) + noise; NOT measured yield
3282,Mustard,98.1,15.7,37.3,1.12,10,sandy,268,7.9,203,0.35,7.73,25.0,29.1,0.62,synthetic response curve (Mitscherlich-style) + noise; NOT measured yield
3283,Maize,214.3,66.3,82.4,4.73,7,clay,447,34.8,261,0.56,8.53,532.3,29.4,2.42,synthetic response curve (Mitscherlich-style) + noise; NOT measured yield
3284,Groundnut,25.0,61.4,33.1,1.57,1,clay,424,10.9,248,0.37,8.81,51.2,29.3,0.1,synthetic response curve (Mitscherlich-style) + noise; NOT measured yield
3285,Maize,135.7,12.0,31.0,3.73,12,loam,441,4.3,354,0.55,7.42,379.8,23.1,-0.11,synthetic response curve (Mitscherlich-style) + noise; NOT measured yield
3286,Soybean,21.3,70.0,54.7,2.18,7,clay,490,41.2,53,0.85,9.2,396.1,27.5,1.86,synthetic response curve (Mitscherlich-style) + noise; NOT measured yield
3287,Banana,97.1,23.4,204.8,28.29,2,loam,288,14.2,254,0.43,7.87,81.7,25.5,0.1,synthetic response curve (Mitscherlich-style) + noise; NOT measured yield
3288,Rice,102.0,67.9,47.4,4.44,6,clay,295,3.0,260,0.49,8.73,282.7,27.7,1.9,synthetic response curve (Mitscherlich-style) + noise; NOT measured yield
3289,Maize,39.3,66.2,22.8,4.23,12,loam,275,18.4,82,0.65,7.28,436.2,27.1,-2.63,synthetic response curve (Mitscherlich-style) + noise; NOT measured yield
3290,Sugarcane,167.9,114.3,14.2,56.24,7,clay,240,20.0,231,0.12,7.98,63.3,28.6,-1.59,synthetic response curve (Mitscherlich-style) + noise; NOT measured yield
3291,Soybean,16.2,44.4,11.0,1.59,6,clay,364,9.9,113,0.62,8.0,231.5,25.5,1.0,synthetic response curve (Mitscherlich-style) + noise; NOT measured yield
3292,Rice,166.2,70.9,17.3,4.06,1,clay,406,31.6,349,0.51,8.1,396.2,31.8,-0.99,synthetic response curve (Mitscherlich-style) + noise; NOT measured yield
3293,Groundnut,3.2,5.7,14.5,0.92,1,clay,316,8.1,306,0.59,8.33,55.2,27.0,-1.96,synthetic response curve (Mitscherlich-style) + noise; NOT measured yield
3294,Sugarcane,250.9,102.0,105.2,78.53,5,loam,621,31.1,225,0.77,5.46,48.3,24.3,0.56,synthetic response curve (Mitscherlich-style) + noise; NOT measured yield
3295,Sugarcane,200.8,116.8,63.5,73.35,5,loam,333,19.9,225,0.73,6.61,189.9,26.5,-2.21,synthetic response curve (Mitscherlich-style) + noise; NOT measured yield
3296,Pearl millet,2.9,19.7,3.5,1.59,10,sandy,412,6.4,126,0.69,7.94,41.9,24.4,0.35,synthetic response curve (Mitscherlich-style) + noise; NOT measured yield
3297,Cotton,168.8,59.2,32.0,1.61,8,clay,536,5.9,370,0.84,6.82,123.9,30.2,-0.13,synthetic response curve (Mitscherlich-style) + noise; NOT measured yield
3298,Green gram,10.9,59.0,35.0,0.91,2,loam,522,10.3,151,0.67,7.84,30.9,24.8,-0.08,synthetic response curve (Mitscherlich-style) + noise; NOT measured yield
3299,Wheat,140.3,11.7,41.4,1.99,10,sandy,267,8.5,109,0.24,6.7,187.2,24.7,3.34,synthetic response curve (Mitscherlich-style) + noise; NOT measured yield
3300,Rice,7.3,52.0,34.9,4.15,15,clay,446,14.3,212,0.68,8.24,116.0,26.7,-1.12,synthetic response curve (Mitscherlich-style) + noise; NOT measured yield
3301,Maize,89.6,0.2,25.5,4.06,13,sandy,128,26.9,119,0.1,7.09,121.5,21.4,0.27,synthetic response curve (Mitscherlich-style) + noise; NOT measured yield
3302,Rice,110.1,29.3,22.3,4.19,15,clay,428,20.0,201,0.82,8.45,219.4,25.1,0.28,synthetic response curve (Mitscherlich-style) + noise; NOT measured yield
3303,Rice,41.4,62.7,3.1,3.99,8,clay,340,5.3,269,0.48,8.38,161.7,29.3,1.2,synthetic response curve (Mitscherlich-style) + noise; NOT measured yield
3304,Pigeon pea,0.1,28.1,34.3,1.18,6,clay,514,15.3,269,0.94,7.36,105.2,24.9,0.62,synthetic response curve (Mitscherlich-style) + noise; NOT measured yield
3305,Groundnut,12.5,39.5,29.6,1.81,1,clay,341,24.6,129,0.54,6.2,213.5,31.0,0.16,synthetic response curve (Mitscherlich-style) + noise; NOT measured yield
3306,Rice,7.8,63.8,32.1,3.51,11,loam,315,5.8,261,0.74,6.3,542.2,24.6,-0.87,synthetic response curve (Mitscherlich-style) + noise; NOT measured yield
3307,Sugarcane,300.6,116.1,37.0,55.47,7,clay,596,21.5,123,0.7,8.72,265.7,23.1,2.22,synthetic response curve (Mitscherlich-style) + noise; NOT measured yield
3308,Mustard,3.2,35.6,21.2,1.29,10,sandy,415,21.0,129,0.23,6.15,77.7,22.9,0.52,synthetic response curve (Mitscherlich-style) + noise; NOT measured yield
3309,Rice,155.9,14.7,8.3,3.21,5,loam,336,3.6,102,0.56,7.33,379.1,22.9,0.44,synthetic response curve (Mitscherlich-style) + noise; NOT measured yield
3310,Ragi,78.8,16.5,11.5,1.44,3,sandy,321,16.2,109,0.5,4.91,540.5,32.0,-0.92,synthetic response curve (Mitscherlich-style) + noise; NOT measured yield
3311,Potato,114.7,75.8,106.8,26.3,11,loam,515,10.9,176,0.68,7.07,111.5,25.6,0.62,synthetic response curve (Mitscherlich-style) + noise; NOT measured yield
3312,Cotton,16.8,44.8,30.4,1.6,6,clay,433,10.9,332,0.41,8.64,39.9,32.1,0.07,synthetic response curve (Mitscherlich-style) + noise; NOT measured yield
3313,Rice,177.5,50.6,42.3,3.97,8,clay,546,15.3,335,0.91,7.34,86.3,23.3,2.28,synthetic response curve (Mitscherlich-style) + noise; NOT measured yield
3314,Sunflower,18.5,12.8,7.4,1.02,15,clay,354,9.3,231,0.84,8.94,423.2,25.0,-1.47,synthetic response curve (Mitscherlich-style) + noise; NOT measured yield
3315,Sugarcane,298.3,29.2,45.7,63.17,5,loam,250,6.0,161,0.23,7.61,252.0,24.8,0.91,synthetic response curve (Mitscherlich-style) + noise; NOT measured yield
3316,Banana,209.3,37.0,144.6,37.45,2,loam,394,41.8,146,0.43,6.75,237.3,27.0,0.28,synthetic response curve (Mitscherlich-style) + noise; NOT measured yield
3317,Wheat,147.4,22.5,40.8,3.42,11,loam,326,15.2,319,0.77,7.27,63.1,24.7,0.68,synthetic response curve (Mitscherlich-style) + noise; NOT measured yield
3318,Chickpea,23.8,34.8,10.3,1.57,9,clay,496,44.6,352,0.82,7.64,86.7,21.7,-0.97,synthetic response curve (Mitscherlich-style) + noise; NOT measured yield
3319,Cotton,35.7,43.5,41.6,1.56,6,clay,267,36.4,185,0.39,7.55,87.3,23.1,-0.68,synthetic response curve (Mitscherlich-style) + noise; NOT measured yield
3320,Soybean,13.6,49.7,19.8,2.01,9,clay,471,27.7,253,0.58,8.44,114.6,27.0,-1.06,synthetic response curve (Mitscherlich-style) + noise; NOT measured yield
3321,Ragi,55.8,34.4,30.3,2.24,14,clay,341,9.1,145,0.43,8.59,364.0,20.9,-0.3,synthetic response curve (Mitscherlich-style) + noise; NOT measured yield
3322,Rice,160.1,4.2,1.4,2.68,3,sandy,286,24.2,82,0.38,7.32,27.4,32.0,-0.65,synthetic response curve (Mitscherlich-style) + noise; NOT measured yield
3323,Maize,47.4,76.8,57.6,5.78,12,loam,337,14.1,228,0.36,7.1,368.5,29.0,0.04,synthetic response curve (Mitscherlich-style) + noise; NOT measured yield
3324,Wheat,74.8,18.4,27.5,3.67,9,clay,523,26.7,236,0.89,7.79,203.7,28.2,0.94,synthetic response curve (Mitscherlich-style) + noise; NOT measured yield
3325,Pearl millet,39.1,14.8,46.6,1.44,13,sandy,237,10.0,30,0.23,6.12,161.2,25.4,-1.63,synthetic response curve (Mitscherlich-style) + noise; NOT measured yield
3326,Pearl millet,73.3,4.2,29.5,0.8,14,clay,498,6.3,187,0.8,9.2,3.7,30.3,-1.02,synthetic response curve (Mitscherlich-style) + noise; NOT measured yield
3327,Chilli,51.5,48.4,2.8,1.38,3,sandy,254,29.8,136,0.69,7.18,1340.4,29.6,1.53,synthetic response curve (Mitscherlich-style) + noise; NOT measured yield
3328,Chilli,46.9,26.1,47.3,1.52,2,loam,391,7.4,230,0.58,7.42,291.5,25.0,0.81,synthetic response curve (Mitscherlich-style) + noise; NOT measured yield
3329,Groundnut,17.4,70.1,20.9,1.58,1,clay,284,10.1,321,0.48,7.84,94.0,26.1,0.1,synthetic response curve (Mitscherlich-style) + noise; NOT measured yield
3330,Chilli,19.9,68.5,50.1,1.62,3,sandy,201,23.3,109,0.18,5.95,1011.0,29.1,-0.35,synthetic response curve (Mitscherlich-style) + noise; NOT measured yield
3331,Onion,79.8,52.3,39.6,26.75,6,clay,312,35.4,263,0.57,8.01,50.9,26.9,0.41,synthetic response curve (Mitscherlich-style) + noise; NOT measured yield
3332,Wheat,17.5,67.3,20.3,3.03,4,sandy,222,5.4,49,0.33,6.05,345.4,18.9,0.06,synthetic response curve (Mitscherlich-style) + noise; NOT measured yield
3333,Tomato,141.8,9.6,57.7,24.33,13,sandy,72,16.8,50,0.17,7.3,391.9,27.9,-1.37,synthetic response curve (Mitscherlich-style) + noise; NOT measured yield
3334,Maize,165.9,46.2,30.0,5.79,12,loam,373,17.2,146,0.56,6.45,618.2,22.0,0.37,synthetic response curve (Mitscherlich-style) + noise; NOT measured yield
3335,Cotton,8.0,32.6,41.0,1.53,6,clay,234,34.2,332,0.52,8.55,193.6,30.4,2.03,synthetic response curve (Mitscherlich-style) + noise; NOT measured yield
3336,Soybean,11.1,50.9,27.0,1.44,9,clay,240,37.8,236,0.1,7.0,51.8,28.0,-1.24,synthetic response curve (Mitscherlich-style) + noise; NOT measured yield
3337,Wheat,17.3,44.6,34.0,3.18,5,loam,258,22.9,322,0.36,7.34,73.7,22.4,0.46,synthetic response curve (Mitscherlich-style) + noise; NOT measured yield
3338,Cotton,165.5,28.2,67.9,1.57,8,clay,392,13.8,190,0.65,8.42,64.8,24.1,0.57,synthetic response curve (Mitscherlich-style) + noise; NOT measured yield
3339,Sugarcane,186.0,93.0,14.2,52.43,5,loam,363,12.7,196,0.42,7.43,115.8,26.6,1.1,synthetic response curve (Mitscherlich-style) + noise; NOT measured yield
3340,Maize,207.6,79.8,9.8,4.56,12,loam,443,26.1,260,0.99,6.08,154.5,29.7,-0.69,synthetic response curve (Mitscherlich-style) + noise; NOT measured yield
3341,Rice,62.2,23.3,48.2,3.47,4,sandy,316,5.0,30,0.39,5.93,472.9,22.8,-0.37,synthetic response curve (Mitscherlich-style) + noise; NOT measured yield
3342,Rice,95.9,76.3,43.4,4.29,15,clay,454,9.1,333,0.69,8.78,662.3,31.4,0.66,synthetic response curve (Mitscherlich-style) + noise; NOT measured yield
3343,Sorghum,58.7,40.1,14.9,2.57,14,clay,463,14.8,267,0.65,7.41,104.2,30.0,-0.38,synthetic response curve (Mitscherlich-style) + noise; NOT measured yield
3344,Cotton,171.2,59.5,46.3,1.76,3,sandy,188,13.9,136,0.14,6.3,70.7,27.2,1.08,synthetic response curve (Mitscherlich-style) + noise; NOT measured yield
3345,Chickpea,14.7,26.9,28.0,1.58,9,clay,324,36.6,275,0.46,6.42,267.0,27.3,-0.15,synthetic response curve (Mitscherlich-style) + noise; NOT measured yield
3346,Tomato,21.2,105.5,38.0,34.36,13,sandy,315,16.0,211,0.37,6.98,319.2,23.6,0.07,synthetic response curve (Mitscherlich-style) + noise; NOT measured yield
3347,Maize,151.2,55.9,59.9,5.77,13,sandy,531,15.6,173,0.68,6.43,264.8,21.2,0.86,synthetic response curve (Mitscherlich-style) + noise; NOT measured yield
3348,Groundnut,32.0,28.8,33.9,1.39,6,clay,353,16.0,153,0.3,8.35,28.0,25.8,-0.78,synthetic response curve (Mitscherlich-style) + noise; NOT measured yield
3349,Soybean,14.6,56.5,35.9,2.18,9,clay,394,8.4,227,0.65,6.93,71.5,27.6,-0.07,synthetic response curve (Mitscherlich-style) + noise; NOT measured yield
3350,Pearl millet,14.7,10.8,45.2,1.76,3,sandy,292,30.3,188,0.4,6.85,79.7,33.6,0.2,synthetic response curve (Mitscherlich-style) + noise; NOT measured yield
3351,Sunflower,51.3,64.9,11.4,1.59,4,sandy,270,10.5,178,0.16,7.04,38.2,29.5,0.16,synthetic response curve (Mitscherlich-style) + noise; NOT measured yield
3352,Rice,179.8,44.5,79.7,4.09,4,sandy,238,31.6,74,0.33,5.47,165.9,17.4,-0.41,synthetic response curve (Mitscherlich-style) + noise; NOT measured yield
3353,Rice,87.0,60.9,40.2,5.05,5,loam,582,6.1,260,0.99,6.75,39.3,18.7,0.41,synthetic response curve (Mitscherlich-style) + noise; NOT measured yield
3354,Pigeon pea,16.4,13.1,20.4,0.98,6,clay,412,28.6,317,0.82,8.21,157.8,25.0,-0.95,synthetic response curve (Mitscherlich-style) + noise; NOT measured yield
3355,Rice,85.6,54.7,81.9,4.29,11,loam,464,7.4,165,0.69,6.5,125.8,31.0,-0.72,synthetic response curve (Mitscherlich-style) + noise; NOT measured yield
3356,Chilli,71.7,65.7,58.1,2.2,14,clay,365,11.6,190,0.81,8.52,644.7,21.5,-1.18,synthetic response curve (Mitscherlich-style) + noise; NOT measured yield
3357,Soybean,25.3,42.8,36.9,2.19,9,clay,489,10.5,267,0.77,8.07,307.9,29.9,0.93,synthetic response curve (Mitscherlich-style) + noise; NOT measured yield
3358,Rice,94.2,36.2,25.3,4.02,8,clay,197,15.2,265,0.26,7.77,619.7,28.8,-0.21,synthetic response curve (Mitscherlich-style) + noise; NOT measured yield
3359,Rice,164.5,28.7,45.1,4.08,11,loam,303,22.8,52,0.26,8.58,66.6,27.9,0.49,synthetic response curve (Mitscherlich-style) + noise; NOT measured yield
3360,Wheat,148.5,82.0,22.3,3.18,10,sandy,240,17.8,111,0.2,7.12,113.7,23.3,-1.64,synthetic response curve (Mitscherlich-style) + noise; NOT measured yield
3361,Sugarcane,265.7,46.2,31.7,74.79,7,clay,594,34.6,200,0.73,8.14,120.4,20.3,1.03,synthetic response curve (Mitscherlich-style) + noise; NOT measured yield
3362,Groundnut,31.2,37.1,56.2,1.68,1,clay,256,11.5,330,0.34,7.81,359.5,28.6,0.74,synthetic response curve (Mitscherlich-style) + noise; NOT measured yield
3363,Ragi,93.2,30.2,26.3,2.3,9,clay,340,41.2,207,0.56,7.39,19.8,27.9,0.46,synthetic response curve (Mitscherlich-style) + noise; NOT measured yield
3364,Green gram,2.8,44.6,2.8,0.5,1,clay,445,21.0,42,0.8,6.84,17.0,32.4,1.44,synthetic response curve (Mitscherlich-style) + noise; NOT measured yield
3365,Mustard,4.6,58.1,25.1,1.36,10,sandy,314,11.9,198,0.48,6.15,101.3,27.2,0.73,synthetic response curve (Mitscherlich-style) + noise; NOT measured yield
3366,Turmeric,55.0,35.1,139.1,13.41,15,clay,392,2.9,293,0.35,7.76,163.8,27.8,-2.78,synthetic response curve (Mitscherlich-style) + noise; NOT measured yield
3367,Wheat,28.0,15.2,54.0,3.41,12,loam,359,28.6,207,0.42,7.3,147.9,27.6,0.36,synthetic response curve (Mitscherlich-style) + noise; NOT measured yield
3368,Tomato,67.4,83.3,10.1,25.68,13,sandy,251,4.6,108,0.12,8.15,41.5,17.5,-0.68,synthetic response curve (Mitscherlich-style) + noise; NOT measured yield
3369,Onion,134.9,8.6,25.2,17.6,7,clay,397,15.8,210,0.84,7.93,383.2,35.4,-0.5,synthetic response curve (Mitscherlich-style) + noise; NOT measured yield
3370,Cotton,24.9,15.6,78.7,1.31,8,clay,518,8.2,184,0.81,7.42,154.3,25.8,2.44,synthetic response curve (Mitscherlich-style) + noise; NOT measured yield
3371,Cotton,151.5,1.6,12.4,1.43,8,clay,162,31.1,222,0.31,7.76,39.9,27.4,0.32,synthetic response curve (Mitscherlich-style) + noise; NOT measured yield
3372,Maize,44.3,8.1,27.4,3.19,4,sandy,270,26.6,30,0.1,5.51,41.7,23.6,-1.34,synthetic response curve (Mitscherlich-style) + noise; NOT measured yield
3373,Potato,129.8,51.9,46.6,20.09,15,clay,413,5.6,237,0.8,6.99,99.2,23.5,1.61,synthetic response curve (Mitscherlich-style) + noise; NOT measured yield
3374,Green gram,14.0,20.6,26.1,0.76,1,clay,253,10.1,97,0.77,6.96,79.8,26.1,0.5,synthetic response curve (Mitscherlich-style) + noise; NOT measured yield
3375,Pearl millet,46.5,14.4,22.4,1.64,15,clay,471,5.8,325,0.95,8.16,556.2,25.3,0.35,synthetic response curve (Mitscherlich-style) + noise; NOT measured yield
3376,Sorghum,50.1,22.5,27.1,2.38,15,clay,195,37.8,281,0.28,8.22,571.5,30.7,0.13,synthetic response curve (Mitscherlich-style) + noise; NOT measured yield
3377,Maize,169.4,64.2,56.0,5.27,15,clay,496,19.8,321,0.66,6.08,220.1,29.2,-1.21,synthetic response curve (Mitscherlich-style) + noise; NOT measured yield
3378,Potato,214.3,39.3,15.7,18.83,1,clay,491,9.6,238,0.62,7.56,120.1,34.1,-1.54,synthetic response curve (Mitscherlich-style) + noise; NOT measured yield
3379,Potato,161.2,8.8,97.8,15.23,15,clay,513,11.5,263,0.96,7.86,467.4,24.2,0.25,synthetic response curve (Mitscherlich-style) + noise; NOT measured yield
3380,Rice,148.5,12.2,19.1,3.05,4,sandy,218,10.0,90,0.19,8.1,62.8,28.5,1.5,synthetic response curve (Mitscherlich-style) + noise; NOT measured yield
3381,Wheat,129.4,27.0,44.8,3.48,4,sandy,285,15.0,36,0.46,7.24,581.5,24.8,1.54,synthetic response curve (Mitscherlich-style) + noise; NOT measured yield
3382,Rice,179.1,22.2,68.4,3.47,11,loam,423,7.3,200,0.77,7.3,112.3,28.4,-0.3,synthetic response curve (Mitscherlich-style) + noise; NOT measured yield
3383,Pigeon pea,5.2,9.2,47.3,0.87,6,clay,413,6.6,242,0.72,7.11,144.9,24.2,0.47,synthetic response curve (Mitscherlich-style) + noise; NOT measured yield
3384,Maize,113.3,52.0,47.8,4.99,15,clay,299,18.6,268,0.69,9.2,379.0,30.8,0.06,synthetic response curve (Mitscherlich-style) + noise; NOT measured yield
3385,Potato,167.6,7.6,97.6,14.73,8,clay,551,7.0,225,0.76,6.67,140.3,28.3,0.17,synthetic response curve (Mitscherlich-style) + noise; NOT measured yield
3386,Cotton,25.5,79.1,15.3,1.48,2,loam,499,27.7,340,0.63,6.26,73.2,25.6,-0.37,synthetic response curve (Mitscherlich-style) + noise; NOT measured yield
3387,Banana,93.2,54.0,271.1,34.4,4,sandy,540,69.2,93,0.64,5.79,31.4,22.8,0.74,synthetic response curve (Mitscherlich-style) + noise; NOT measured yield
3388,Maize,180.3,33.1,11.3,4.08,12,loam,394,22.2,152,0.56,7.46,569.0,24.5,-0.09,synthetic response curve (Mitscherlich-style) + noise; NOT measured yield
3389,Soybean,31.9,47.0,39.6,2.12,9,clay,417,9.9,173,0.58,8.08,98.7,25.8,0.75,synthetic response curve (Mitscherlich-style) + noise; NOT measured yield
3390,Sugarcane,0.5,7.2,87.8,52.85,5,loam,493,38.0,250,0.86,6.89,50.1,28.0,-0.71,synthetic response curve (Mitscherlich-style) + noise; NOT measured yield
3391,Green gram,28.6,32.9,2.5,0.6,4,sandy,481,7.8,142,0.56,8.67,90.8,26.6,-1.02,synthetic response curve (Mitscherlich-style) + noise; NOT measured yield
3392,Rice,73.6,47.6,21.2,5.02,11,loam,558,11.3,311,0.73,8.61,184.5,19.3,-0.12,synthetic response curve (Mitscherlich-style) + noise; NOT measured yield
3393,Rice,161.2,66.4,79.6,4.22,4,sandy,334,14.3,120,0.46,6.45,354.3,26.1,-0.27,synthetic response curve (Mitscherlich-style) + noise; NOT measured yield
3394,Cotton,5.3,32.6,36.5,1.41,2,loam,386,34.2,232,0.55,8.75,220.3,27.1,-1.29,synthetic response curve (Mitscherlich-style) + noise; NOT measured yield
3395,Soybean,7.9,47.7,6.2,1.9,9,clay,281,12.4,253,0.39,8.43,297.8,36.3,0.15,synthetic response curve (Mitscherlich-style) + noise; NOT measured yield
3396,Maize,51.2,15.2,36.2,3.69,13,sandy,299,11.7,87,0.19,8.01,237.9,29.1,0.09,synthetic response curve (Mitscherlich-style) + noise; NOT measured yield
3397,Sugarcane,206.4,80.0,38.4,73.12,5,loam,341,3.4,175,0.66,6.18,116.2,28.7,0.42,synthetic response curve (Mitscherlich-style) + noise; NOT measured yield
3398,Wheat,43.8,57.7,13.7,3.38,11,loam,353,41.4,197,0.46,6.96,210.9,28.6,1.32,synthetic response curve (Mitscherlich-style) + noise; NOT measured yield
3399,Maize,170.2,38.1,56.6,5.23,7,clay,314,13.0,494,0.61,7.77,106.2,25.6,0.82,synthetic response curve (Mitscherlich-style) + noise; NOT measured yield
3400,Mustard,47.7,24.0,43.6,0.92,15,clay,369,6.4,265,0.82,8.76,288.5,29.6,0.82,synthetic response curve (Mitscherlich-style) + noise; NOT measured yield
3401,Ragi,9.8,32.0,6.7,1.37,10,sandy,461,12.4,173,0.66,6.06,125.4,25.0,-2.22,synthetic response curve (Mitscherlich-style) + noise; NOT measured yield
3402,Chilli,30.6,59.0,48.6,2.22,8,clay,334,22.4,245,0.1,8.61,167.4,27.7,0.6,synthetic response curve (Mitscherlich-style) + noise; NOT measured yield
3403,Wheat,18.7,56.6,22.4,3.49,4,sandy,427,7.2,139,0.6,6.64,188.4,22.4,-0.56,synthetic response curve (Mitscherlich-style) + noise; NOT measured yield
3404,Sorghum,30.9,59.2,17.1,2.54,14,clay,216,12.3,249,0.33,8.59,220.5,23.1,0.25,synthetic response curve (Mitscherlich-style) + noise; NOT measured yield
3405,Green gram,9.6,54.8,35.3,0.8,1,clay,493,15.5,386,0.44,7.58,207.1,27.9,-0.1,synthetic response curve (Mitscherlich-style) + noise; NOT measured yield
3406,Wheat,154.3,0.0,54.9,2.58,9,clay,469,21.1,237,0.48,8.53,155.2,25.8,0.5,synthetic response curve (Mitscherlich-style) + noise; NOT measured yield
3407,Wheat,33.3,26.3,45.0,4.09,4,sandy,352,64.7,145,0.36,6.52,99.8,29.4,0.49,synthetic response curve (Mitscherlich-style) + noise; NOT measured yield
3408,Cotton,160.7,25.3,63.5,1.69,8,clay,433,16.3,372,0.72,7.45,107.7,27.2,-0.58,synthetic response curve (Mitscherlich-style) + noise; NOT measured yield
3409,Potato,189.6,71.6,165.9,21.48,15,clay,182,25.2,277,0.44,9.2,211.7,25.4,0.91,synthetic response curve (Mitscherlich-style) + noise; NOT measured yield
3410,Sorghum,10.0,55.0,0.2,1.49,2,loam,429,15.3,74,0.48,8.23,138.3,20.7,-0.6,synthetic response curve (Mitscherlich-style) + noise; NOT measured yield
3411,Maize,159.7,63.1,79.3,5.61,1,clay,514,9.5,203,0.85,7.95,332.0,26.1,-1.06,synthetic response curve (Mitscherlich-style) + noise; NOT measured yield
3412,Ragi,68.8,6.2,12.1,1.5,13,sandy,126,11.0,152,0.22,6.47,244.0,26.0,-1.14,synthetic response curve (Mitscherlich-style) + noise; NOT measured yield
3413,Wheat,168.4,65.3,61.9,4.24,11,loam,349,26.8,225,0.31,6.53,127.4,27.1,-0.02,synthetic response curve (Mitscherlich-style) + noise; NOT measured yield
3414,Sugarcane,247.9,119.4,55.7,65.74,7,clay,395,12.4,235,0.65,9.2,113.9,26.1,0.09,synthetic response curve (Mitscherlich-style) + noise; NOT measured yield
3415,Potato,207.6,64.6,125.0,22.39,4,sandy,303,9.9,194,0.39,7.34,426.7,26.6,-1.03,synthetic response curve (Mitscherlich-style) + noise; NOT measured yield
3416,Wheat,145.0,76.4,44.4,4.28,10,sandy,432,46.1,224,0.39,5.8,239.1,23.3,-0.29,synthetic response curve (Mitscherlich-style) + noise; NOT measured yield
3417,Wheat,137.8,79.9,4.1,2.38,4,sandy,363,23.8,157,0.31,8.29,67.0,26.6,-0.44,synthetic response curve (Mitscherlich-style) + noise; NOT measured yield
3418,Wheat,89.0,62.8,20.2,2.35,10,sandy,212,17.7,48,0.24,5.41,82.9,27.0,2.79,synthetic response curve (Mitscherlich-style) + noise; NOT measured yield
3419,Onion,8.5,20.4,84.0,20.78,7,clay,589,7.6,134,1.15,7.55,17.3,22.0,-0.43,synthetic response curve (Mitscherlich-style) + noise; NOT measured yield
3420,Wheat,84.0,42.8,28.8,3.03,12,loam,495,16.2,107,0.57,7.1,42.2,24.9,-1.68,synthetic response curve (Mitscherlich-style) + noise; NOT measured yield
3421,Mustard,30.1,28.8,36.3,1.0,10,sandy,295,7.4,39,0.59,5.29,185.3,24.2,-0.65,synthetic response curve (Mitscherlich-style) + noise; NOT measured yield
3422,Lentil,2.2,44.4,16.9,1.01,9,clay,438,6.9,267,0.76,7.95,87.5,26.8,0.95,synthetic response curve (Mitscherlich-style) + noise; NOT measured yield
3423,Cotton,178.2,7.6,40.2,1.06,2,loam,393,19.6,265,0.45,7.3,193.7,25.6,1.79,synthetic response curve (Mitscherlich-style) + noise; NOT measured yield
3424,Wheat,152.7,13.0,68.7,3.52,10,sandy,368,34.1,146,0.53,6.12,125.8,19.9,-0.5,synthetic response curve (Mitscherlich-style) + noise; NOT measured yield
3425,Rice,64.9,7.4,69.5,3.08,11,loam,323,23.5,180,0.54,7.33,159.6,28.6,0.42,synthetic response curve (Mitscherlich-style) + noise; NOT measured yield
3426,Cotton,150.8,79.2,41.6,1.65,8,clay,488,10.5,333,0.85,8.64,272.3,25.2,-0.37,synthetic response curve (Mitscherlich-style) + noise; NOT measured yield
3427,Chickpea,17.1,30.0,26.0,1.22,9,clay,268,14.1,329,0.27,9.2,311.4,28.4,0.19,synthetic response curve (Mitscherlich-style) + noise; NOT measured yield
3428,Green gram,21.6,13.9,30.7,0.71,10,sandy,411,18.8,174,0.51,5.64,385.8,26.1,0.99,synthetic response curve (Mitscherlich-style) + noise; NOT measured yield
3429,Wheat,171.2,43.7,43.4,3.22,4,sandy,323,7.6,51,0.64,4.88,102.7,21.7,-0.85,synthetic response curve (Mitscherlich-style) + noise; NOT measured yield
3430,Sugarcane,168.2,112.9,24.9,74.58,7,clay,529,8.5,344,0.65,8.0,47.6,30.9,0.54,synthetic response curve (Mitscherlich-style) + noise; NOT measured yield
3431,Banana,151.6,31.8,38.4,32.37,2,loam,449,11.4,196,0.49,6.7,269.8,25.6,-0.79,synthetic response curve (Mitscherlich-style) + noise; NOT measured yield
3432,Wheat,135.7,46.9,68.5,3.63,12,loam,270,40.6,180,0.42,7.44,69.9,28.4,-0.87,synthetic response curve (Mitscherlich-style) + noise; NOT measured yield
3433,Chilli,62.0,55.5,60.5,2.12,3,sandy,214,14.6,151,0.26,7.15,116.2,30.3,1.28,synthetic response curve (Mitscherlich-style) + noise; NOT measured yield
3434,Tomato,18.1,53.9,18.6,37.94,13,sandy,311,5.9,299,0.19,5.73,47.1,29.3,0.77,synthetic response curve (Mitscherlich-style) + noise; NOT measured yield
3435,Groundnut,31.2,32.2,43.5,1.56,10,sandy,404,19.3,186,0.82,6.44,33.2,30.7,0.62,synthetic response curve (Mitscherlich-style) + noise; NOT measured yield
3436,Rice,3.4,18.3,28.0,3.27,8,clay,503,9.9,324,0.92,7.41,230.7,29.2,-0.49,synthetic response curve (Mitscherlich-style) + noise; NOT measured yield
3437,Chilli,62.3,47.8,8.5,1.97,8,clay,415,47.8,262,0.53,8.81,65.7,30.8,0.38,synthetic response curve (Mitscherlich-style) + noise; NOT measured yield
3438,Potato,10.3,39.3,1.1,13.64,3,sandy,171,10.4,192,0.3,5.2,129.4,29.6,-0.39,synthetic response curve (Mitscherlich-style) + noise; NOT measured yield
3439,Pearl millet,26.3,40.1,20.6,1.69,10,sandy,443,3.3,53,0.39,7.03,291.4,24.8,0.36,synthetic response curve (Mitscherlich-style) + noise; NOT measured yield
3440,Sunflower,10.8,52.7,24.6,1.59,6,clay,528,8.6,131,0.8,7.69,57.2,25.2,-0.05,synthetic response curve (Mitscherlich-style) + noise; NOT measured yield
3441,Wheat,87.7,36.5,58.9,3.43,12,loam,424,8.3,89,0.83,7.85,527.1,24.3,-0.05,synthetic response curve (Mitscherlich-style) + noise; NOT measured yield
3442,Chilli,41.5,54.1,41.0,1.84,13,sandy,281,7.6,241,0.27,5.22,0.9,23.2,0.41,synthetic response curve (Mitscherlich-style) + noise; NOT measured yield
3443,Chilli,17.1,27.8,64.2,1.85,14,clay,454,25.7,301,0.65,7.56,45.8,28.0,0.67,synthetic response curve (Mitscherlich-style) + noise; NOT measured yield
3444,Sorghum,52.9,51.7,29.7,3.03,14,clay,460,14.1,216,0.58,6.27,110.4,25.5,0.51,synthetic response curve (Mitscherlich-style) + noise; NOT measured yield
3445,Onion,72.8,9.2,46.0,21.69,12,loam,288,24.8,131,0.54,6.77,112.8,25.3,-0.08,synthetic response curve (Mitscherlich-style) + noise; NOT measured yield
3446,Sugarcane,331.1,35.1,48.3,66.87,5,loam,467,17.2,178,0.59,6.84,110.4,23.0,0.43,synthetic response curve (Mitscherlich-style) + noise; NOT measured yield
3447,Sugarcane,209.0,72.0,45.4,80.19,5,loam,398,48.5,125,0.44,7.81,94.7,23.8,1.22,synthetic response curve (Mitscherlich-style) + noise; NOT measured yield
3448,Wheat,13.6,36.1,14.5,3.4,15,clay,441,14.7,272,0.73,7.15,144.0,21.9,-1.67,synthetic response curve (Mitscherlich-style) + noise; NOT measured yield
3449,Rice,38.8,17.7,54.1,3.21,15,clay,490,14.0,300,0.94,8.92,241.2,25.2,1.22,synthetic response curve (Mitscherlich-style) + noise; NOT measured yield
3450,Mustard,6.6,49.7,7.6,1.31,5,loam,396,11.4,268,0.5,7.26,139.0,28.6,0.72,synthetic response curve (Mitscherlich-style) + noise; NOT measured yield
3451,Mustard,41.3,9.7,30.9,1.25,10,sandy,106,75.6,31,0.1,6.36,222.3,28.9,0.64,synthetic response curve (Mitscherlich-style) + noise; NOT measured yield
3452,Sorghum,0.0,44.0,40.0,1.75,14,clay,322,15.3,209,0.3,9.2,299.6,29.3,-1.7,synthetic response curve (Mitscherlich-style) + noise; NOT measured yield
3453,Maize,8.4,27.5,81.5,3.97,13,sandy,241,7.1,136,0.23,7.56,43.8,26.2,0.29,synthetic response curve (Mitscherlich-style) + noise; NOT measured yield
3454,Potato,184.4,37.2,5.0,17.54,15,clay,284,39.3,185,0.57,7.71,1746.6,30.2,1.33,synthetic response curve (Mitscherlich-style) + noise; NOT measured yield
3455,Cotton,155.8,49.1,69.3,1.79,6,clay,359,26.5,196,0.88,7.92,301.9,24.7,-1.05,synthetic response curve (Mitscherlich-style) + noise; NOT measured yield
3456,Rice,98.5,60.4,76.2,4.82,8,clay,509,13.8,260,0.64,6.83,89.0,28.2,1.15,synthetic response curve (Mitscherlich-style) + noise; NOT measured yield
3457,Soybean,1.2,56.3,59.1,1.86,9,clay,405,29.7,254,0.67,6.96,108.2,28.3,0.74,synthetic response curve (Mitscherlich-style) + noise; NOT measured yield
3458,Rice,143.5,10.8,72.6,3.11,15,clay,347,19.4,202,0.57,6.69,232.6,26.3,-1.19,synthetic response curve (Mitscherlich-style) + noise; NOT measured yield
3459,Rice,71.1,52.4,20.5,4.1,15,clay,302,14.1,264,0.51,7.6,1304.7,25.5,0.86,synthetic response curve (Mitscherlich-style) + noise; NOT measured yield
3460,Chickpea,28.9,37.9,19.0,1.13,9,clay,398,5.4,252,0.52,5.4,59.7,23.4,-1.49,synthetic response curve (Mitscherlich-style) + noise; NOT measured yield
3461,Maize,151.6,68.7,21.1,4.41,13,sandy,363,17.7,172,0.53,6.89,192.8,21.5,0.52,synthetic response curve (Mitscherlich-style) + noise; NOT measured yield
3462,Cotton,33.2,38.3,3.6,1.31,6,clay,473,16.4,175,0.69,7.38,131.9,24.7,1.94,synthetic response curve (Mitscherlich-style) + noise; NOT measured yield
3463,Pigeon pea,15.3,3.6,12.2,0.67,10,sandy,312,11.7,193,0.25,6.34,31.7,22.8,-1.41,synthetic response curve (Mitscherlich-style) + noise; NOT measured yield
3464,Maize,19.0,62.5,8.4,3.84,13,sandy,125,11.8,177,0.1,6.33,340.8,26.2,-0.95,synthetic response curve (Mitscherlich-style) + noise; NOT measured yield
3465,Sorghum,1.6,13.9,15.4,1.94,14,clay,483,11.0,120,0.7,8.18,139.0,23.1,-1.03,synthetic response curve (Mitscherlich-style) + noise; NOT measured yield
3466,Tomato,25.8,37.2,63.9,31.59,2,loam,309,7.5,316,0.4,7.59,79.7,24.0,1.48,synthetic response curve (Mitscherlich-style) + noise; NOT measured yield
3467,Banana,217.2,40.0,196.2,31.48,2,loam,240,5.7,376,0.22,6.11,231.3,26.7,-0.99,synthetic response curve (Mitscherlich-style) + noise; NOT measured yield
3468,Wheat,113.7,69.7,51.4,3.48,4,sandy,110,27.1,175,0.14,8.07,68.6,21.2,-1.8,synthetic response curve (Mitscherlich-style) + noise; NOT measured yield
3469,Banana,181.8,0.4,54.5,18.26,2,loam,429,6.3,190,0.52,6.57,76.0,22.0,1.58,synthetic response curve (Mitscherlich-style) + noise; NOT measured yield
3470,Wheat,153.8,40.6,17.0,3.32,4,sandy,516,33.4,132,0.95,6.84,517.6,30.3,-0.66,synthetic response curve (Mitscherlich-style) + noise; NOT measured yield
3471,Rice,166.7,54.5,66.7,4.0,15,clay,311,34.6,184,0.31,8.17,104.4,27.0,-0.6,synthetic response curve (Mitscherlich-style) + noise; NOT measured yield
3472,Wheat,17.7,12.0,61.8,3.05,10,sandy,326,11.0,30,0.23,6.43,24.2,26.8,1.01,synthetic response curve (Mitscherlich-style) + noise; NOT measured yield
3473,Maize,18.6,57.2,12.5,4.48,2,loam,369,26.9,194,0.65,7.05,156.7,28.2,-0.18,synthetic response curve (Mitscherlich-style) + noise; NOT measured yield
3474,Wheat,118.2,27.6,22.6,3.55,11,loam,286,17.6,165,0.47,7.13,621.2,25.8,-0.03,synthetic response curve (Mitscherlich-style) + noise; NOT measured yield
3475,Potato,148.3,72.1,74.8,26.58,15,clay,319,6.7,162,0.67,7.88,236.9,27.6,0.56,synthetic response curve (Mitscherlich-style) + noise; NOT measured yield
3476,Ragi,89.7,43.0,9.4,1.26,13,sandy,218,30.3,30,0.1,5.68,437.1,18.9,-0.89,synthetic response curve (Mitscherlich-style) + noise; NOT measured yield
3477,Tomato,86.3,76.4,3.6,30.96,13,sandy,201,5.7,258,0.1,6.64,29.2,27.1,-0.33,synthetic response curve (Mitscherlich-style) + noise; NOT measured yield
3478,Cotton,59.6,5.7,50.8,0.84,14,clay,416,1.2,202,0.5,6.82,5.3,28.8,0.06,synthetic response curve (Mitscherlich-style) + noise; NOT measured yield
3479,Maize,212.1,46.7,36.7,4.47,12,loam,141,3.0,343,0.1,6.63,116.4,24.8,-0.9,synthetic response curve (Mitscherlich-style) + noise; NOT measured yield
3480,Sorghum,106.2,32.4,21.0,2.22,14,clay,478,8.9,193,1.01,8.72,183.9,24.4,-0.37,synthetic response curve (Mitscherlich-style) + noise; NOT measured yield
3481,Maize,93.2,43.3,30.7,4.92,12,loam,316,7.9,228,0.36,6.95,78.3,25.9,-0.76,synthetic response curve (Mitscherlich-style) + noise; NOT measured yield
3482,Rice,12.1,4.8,24.5,2.2,11,loam,351,2.3,150,0.51,7.21,812.0,28.6,0.44,synthetic response curve (Mitscherlich-style) + noise; NOT measured yield
3483,Cotton,31.3,32.9,9.4,1.01,3,sandy,277,14.9,30,0.44,8.37,145.5,31.9,0.0,synthetic response curve (Mitscherlich-style) + noise; NOT measured yield
3484,Onion,143.9,12.4,71.7,19.17,14,clay,336,13.5,236,0.72,8.23,105.4,23.1,1.18,synthetic response curve (Mitscherlich-style) + noise; NOT measured yield
3485,Cotton,95.8,67.5,43.3,1.52,2,loam,314,3.1,382,0.51,7.6,85.8,25.3,-1.83,synthetic response curve (Mitscherlich-style) + noise; NOT measured yield
3486,Groundnut,4.3,45.7,8.1,1.0,5,loam,250,23.9,38,0.35,7.26,305.4,28.8,-0.48,synthetic response curve (Mitscherlich-style) + noise; NOT measured yield
3487,Green gram,0.5,26.8,18.4,0.59,11,loam,389,9.1,284,0.66,7.64,150.7,24.4,-0.75,synthetic response curve (Mitscherlich-style) + noise; NOT measured yield
3488,Pigeon pea,25.8,36.1,27.1,1.32,11,loam,447,10.0,231,0.58,6.74,133.4,24.3,-0.22,synthetic response curve (Mitscherlich-style) + noise; NOT measured yield
3489,Sorghum,55.3,52.3,5.8,2.06,14,clay,404,18.4,308,0.74,8.84,41.1,22.8,0.43,synthetic response curve (Mitscherlich-style) + noise; NOT measured yield
3490,Maize,110.5,58.9,40.1,5.03,2,loam,379,22.0,162,0.57,6.02,117.7,27.8,0.64,synthetic response curve (Mitscherlich-style) + noise; NOT measured yield
3491,Maize,213.4,81.7,73.5,5.63,12,loam,243,27.8,131,0.54,6.79,156.9,23.6,-0.81,synthetic response curve (Mitscherlich-style) + noise; NOT measured yield
3492,Banana,81.0,55.2,183.7,38.31,2,loam,455,21.8,179,0.68,8.0,94.7,20.8,0.27,synthetic response curve (Mitscherlich-style) + noise; NOT measured yield
3493,Wheat,66.9,46.7,8.9,2.63,10,sandy,358,7.9,95,0.48,7.34,70.0,27.3,-0.25,synthetic response curve (Mitscherlich-style) + noise; NOT measured yield
3494,Maize,103.3,86.6,4.5,3.08,4,sandy,175,15.6,40,0.1,6.34,530.5,25.6,0.25,synthetic response curve (Mitscherlich-style) + noise; NOT measured yield
3495,Wheat,116.4,21.3,11.1,3.49,9,clay,512,39.4,413,0.67,9.2,256.8,23.4,-0.0,synthetic response curve (Mitscherlich-style) + noise; NOT measured yield
3496,Banana,88.6,2.0,273.4,16.06,2,loam,392,8.4,291,0.78,7.42,158.7,31.5,-1.09,synthetic response curve (Mitscherlich-style) + noise; NOT measured yield
3497,Rice,61.8,25.3,67.5,3.29,1,clay,478,15.4,422,0.7,5.92,785.1,22.8,-0.31,synthetic response curve (Mitscherlich-style) + noise; NOT measured yield
3498,Mustard,110.6,56.0,42.1,1.6,15,clay,387,22.7,225,0.62,7.12,170.3,29.0,-0.53,synthetic response curve (Mitscherlich-style) + noise; NOT measured yield
3499,Chilli,112.2,67.0,26.8,2.43,8,clay,488,13.3,365,0.67,8.39,827.7,34.8,0.2,synthetic response curve (Mitscherlich-style) + noise; NOT measured yield
3500,Green gram,14.9,57.6,34.1,0.67,7,clay,536,28.2,42,0.8,7.38,51.6,18.9,2.69,synthetic response curve (Mitscherlich-style) + noise; NOT measured yield
3501,Pigeon pea,14.4,19.6,10.6,1.07,6,clay,435,40.7,189,0.81,7.74,158.4,29.7,-0.48,synthetic response curve (Mitscherlich-style) + noise; NOT measured yield
3502,Chilli,62.4,11.8,49.4,1.46,14,clay,501,24.2,236,0.7,9.2,15.9,26.3,-2.26,synthetic response curve (Mitscherlich-style) + noise; NOT measured yield
3503,Wheat,62.7,58.2,16.8,2.84,12,loam,198,13.3,77,0.1,7.4,76.9,29.8,1.38,synthetic response curve (Mitscherlich-style) + noise; NOT measured yield
3504,Tomato,91.1,76.0,3.3,34.56,8,clay,413,11.6,297,0.8,8.0,85.6,29.1,-0.37,synthetic response curve (Mitscherlich-style) + noise; NOT measured yield
3505,Cotton,131.1,45.6,80.7,1.79,2,loam,292,8.3,247,0.33,8.42,106.6,26.4,1.6,synthetic response curve (Mitscherlich-style) + noise; NOT measured yield
3506,Potato,89.7,18.9,113.9,15.62,11,loam,220,17.3,368,0.47,7.88,363.1,27.3,-1.49,synthetic response curve (Mitscherlich-style) + noise; NOT measured yield
3507,Maize,73.7,28.5,63.9,4.67,4,sandy,399,13.2,158,0.62,7.52,491.6,25.6,-1.29,synthetic response curve (Mitscherlich-style) + noise; NOT measured yield
3508,Sugarcane,74.3,29.0,99.8,55.09,5,loam,430,12.3,292,0.7,7.42,379.6,24.2,-2.02,synthetic response curve (Mitscherlich-style) + noise; NOT measured yield
3509,Pearl millet,87.1,44.0,42.4,2.18,10,sandy,275,7.9,95,0.43,6.67,37.4,26.6,-1.3,synthetic response curve (Mitscherlich-style) + noise; NOT measured yield
3510,Pigeon pea,15.3,30.3,6.1,1.33,15,clay,318,11.0,266,0.84,8.0,303.3,29.3,0.29,synthetic response curve (Mitscherlich-style) + noise; NOT measured yield
3511,Maize,94.6,65.7,67.9,5.57,4,sandy,249,36.5,60,0.39,5.6,94.9,21.9,0.8,synthetic response curve (Mitscherlich-style) + noise; NOT measured yield
3512,Chilli,52.1,56.1,64.6,2.19,1,clay,523,37.2,237,0.83,6.63,91.1,29.8,0.61,synthetic response curve (Mitscherlich-style) + noise; NOT measured yield
3513,Maize,198.1,65.3,49.5,5.17,7,clay,462,38.6,265,0.65,9.2,221.7,28.9,0.51,synthetic response curve (Mitscherlich-style) + noise; NOT measured yield
3514,Rice,162.7,33.1,9.2,2.12,11,loam,379,4.1,30,0.73,8.66,39.8,26.0,-1.79,synthetic response curve (Mitscherlich-style) + noise; NOT measured yield
3515,Wheat,179.9,62.7,45.5,3.37,10,sandy,363,82.9,222,0.25,4.5,47.5,22.6,-0.53,synthetic response curve (Mitscherlich-style) + noise; NOT measured yield
3516,Rice,30.6,18.1,20.3,3.31,15,clay,461,8.9,105,0.76,7.18,583.9,27.9,0.88,synthetic response curve (Mitscherlich-style) + noise; NOT measured yield
3517,Wheat,92.3,25.0,40.1,3.52,4,sandy,233,35.8,80,0.32,5.73,73.3,24.1,0.95,synthetic response curve (Mitscherlich-style) + noise; NOT measured yield
3518,Maize,199.7,72.7,11.3,2.9,12,loam,246,10.3,30,0.38,7.27,428.1,25.5,0.47,synthetic response curve (Mitscherlich-style) + noise; NOT measured yield
3519,Maize,114.8,90.9,78.6,6.58,12,loam,364,34.7,229,0.58,7.69,197.9,23.0,0.06,synthetic response curve (Mitscherlich-style) + noise; NOT measured yield
3520,Ragi,51.3,37.5,42.4,2.29,13,sandy,313,10.7,190,0.54,6.12,150.4,23.8,1.8,synthetic response curve (Mitscherlich-style) + noise; NOT measured yield
3521,Sorghum,86.5,54.1,28.1,2.68,14,clay,279,3.2,325,0.61,9.2,80.0,22.7,0.43,synthetic response curve (Mitscherlich-style) + noise; NOT measured yield
3522,Groundnut,12.6,24.9,8.9,1.37,5,loam,205,25.9,172,0.34,7.82,305.6,23.9,1.29,synthetic response curve (Mitscherlich-style) + noise; NOT measured yield
3523,Wheat,123.8,5.6,47.3,2.13,5,loam,365,11.7,349,0.4,7.2,103.1,21.8,-1.83,synthetic response curve (Mitscherlich-style) + noise; NOT measured yield
3524,Onion,20.0,57.1,79.0,27.31,7,clay,422,82.4,147,0.8,8.22,107.2,27.8,-0.94,synthetic response curve (Mitscherlich-style) + noise; NOT measured yield
3525,Soybean,14.0,51.4,30.5,1.92,6,clay,364,17.8,287,0.81,8.7,118.7,25.9,0.29,synthetic response curve (Mitscherlich-style) + noise; NOT measured yield
3526,Cotton,123.7,68.4,14.0,1.52,3,sandy,248,19.3,187,0.1,4.93,102.4,33.9,0.72,synthetic response curve (Mitscherlich-style) + noise; NOT measured yield
3527,Rice,142.2,16.4,9.7,3.02,5,loam,294,13.2,92,0.77,7.31,185.3,25.1,-0.64,synthetic response curve (Mitscherlich-style) + noise; NOT measured yield
3528,Pigeon pea,27.4,6.2,38.8,0.82,6,clay,456,8.7,310,0.58,7.63,178.5,27.6,-0.11,synthetic response curve (Mitscherlich-style) + noise; NOT measured yield
3529,Wheat,115.5,10.0,49.1,2.44,12,loam,353,8.5,352,0.58,7.09,367.8,27.9,-0.17,synthetic response curve (Mitscherlich-style) + noise; NOT measured yield
3530,Rice,100.7,76.2,8.5,4.08,1,clay,442,16.7,266,0.54,7.23,150.0,23.2,-0.03,synthetic response curve (Mitscherlich-style) + noise; NOT measured yield
3531,Maize,213.0,55.2,71.0,5.2,12,loam,273,5.6,272,0.68,7.52,427.2,22.0,1.46,synthetic response curve (Mitscherlich-style) + noise; NOT measured yield
3532,Rice,36.8,40.7,67.1,4.51,12,loam,375,15.3,105,0.82,8.61,44.4,26.4,0.52,synthetic response curve (Mitscherlich-style) + noise; NOT measured yield
3533,Rice,112.4,17.6,63.4,3.19,2,loam,301,22.5,30,0.51,7.28,91.9,32.9,-0.7,synthetic response curve (Mitscherlich-style) + noise; NOT measured yield
3534,Maize,105.5,60.3,35.8,4.67,15,clay,460,18.1,106,0.58,7.54,325.1,27.5,1.88,synthetic response curve (Mitscherlich-style) + noise; NOT measured yield
3535,Rice,138.8,35.8,56.5,4.0,11,loam,358,21.6,99,0.51,6.59,550.6,28.4,-1.62,synthetic response curve (Mitscherlich-style) + noise; NOT measured yield
3536,Wheat,128.3,39.0,42.7,3.62,11,loam,368,6.9,89,0.51,6.36,139.9,27.9,-0.31,synthetic response curve (Mitscherlich-style) + noise; NOT measured yield
3537,Wheat,112.3,34.1,45.3,3.09,12,loam,339,18.7,280,0.44,8.96,50.3,23.9,1.63,synthetic response curve (Mitscherlich-style) + noise; NOT measured yield
3538,Rice,87.6,81.3,70.3,4.71,13,sandy,268,3.4,56,0.38,6.09,214.2,18.9,-0.33,synthetic response curve (Mitscherlich-style) + noise; NOT measured yield
3539,Lentil,6.8,50.1,5.3,0.69,7,clay,425,13.3,96,0.81,7.49,97.1,26.5,-0.77,synthetic response curve (Mitscherlich-style) + noise; NOT measured yield
3540,Cotton,179.1,39.9,76.0,1.57,8,clay,343,7.7,311,0.3,8.08,557.8,29.3,0.12,synthetic response curve (Mitscherlich-style) + noise; NOT measured yield
3541,Pearl millet,62.8,6.7,1.4,1.45,10,sandy,443,6.0,114,0.4,5.84,505.7,24.6,1.15,synthetic response curve (Mitscherlich-style) + noise; NOT measured yield
3542,Cotton,122.5,80.2,72.3,1.83,3,sandy,357,12.0,57,0.42,6.8,139.1,26.2,-1.18,synthetic response curve (Mitscherlich-style) + noise; NOT measured yield
3543,Sorghum,62.3,46.2,22.1,2.37,1,clay,325,6.2,231,0.47,7.57,103.4,24.5,1.13,synthetic response curve (Mitscherlich-style) + noise; NOT measured yield
3544,Wheat,101.2,81.0,25.6,3.19,11,loam,512,48.4,61,0.9,6.85,74.7,33.4,-0.36,synthetic response curve (Mitscherlich-style) + noise; NOT measured yield
3545,Turmeric,91.7,26.5,89.1,13.1,4,sandy,403,11.0,215,0.47,5.45,86.9,24.1,-0.51,synthetic response curve (Mitscherlich-style) + noise; NOT measured yield
3546,Sugarcane,99.4,57.8,15.3,47.09,5,loam,347,17.0,33,0.85,7.96,178.0,27.6,-1.14,synthetic response curve (Mitscherlich-style) + noise; NOT measured yield
3547,Banana,67.3,40.4,129.3,32.4,2,loam,494,10.8,318,0.5,8.62,89.8,25.8,0.41,synthetic response curve (Mitscherlich-style) + noise; NOT measured yield
3548,Chickpea,8.4,67.5,33.7,1.4,7,clay,327,15.7,365,0.49,7.67,320.9,25.2,-0.53,synthetic response curve (Mitscherlich-style) + noise; NOT measured yield
3549,Soybean,15.7,8.8,10.4,1.56,9,clay,374,16.9,280,0.82,7.53,396.9,23.5,0.38,synthetic response curve (Mitscherlich-style) + noise; NOT measured yield
3550,Cotton,11.2,54.0,3.4,1.42,14,clay,428,12.3,194,0.52,7.32,50.6,26.0,-1.18,synthetic response curve (Mitscherlich-style) + noise; NOT measured yield
3551,Sugarcane,281.0,15.7,128.6,45.5,8,clay,402,9.7,271,0.77,7.9,28.4,33.5,-2.18,synthetic response curve (Mitscherlich-style) + noise; NOT measured yield
3552,Cotton,117.1,51.0,32.3,1.64,6,clay,472,16.5,251,0.64,8.03,68.5,26.1,-0.97,synthetic response curve (Mitscherlich-style) + noise; NOT measured yield
3553,Wheat,29.1,82.2,18.0,3.85,12,loam,400,15.3,248,0.52,8.15,167.1,26.0,-0.2,synthetic response curve (Mitscherlich-style) + noise; NOT measured yield
3554,Rice,23.4,6.3,1.9,2.32,5,loam,333,3.2,128,0.59,8.09,122.4,17.0,-0.86,synthetic response curve (Mitscherlich-style) + noise; NOT measured yield
3555,Green gram,1.0,28.7,24.1,0.71,1,clay,345,14.3,211,0.4,7.89,316.9,22.7,-1.3,synthetic response curve (Mitscherlich-style) + noise; NOT measured yield
3556,Groundnut,2.6,40.8,44.8,1.55,1,clay,378,17.5,155,0.39,8.59,92.8,30.6,-1.44,synthetic response curve (Mitscherlich-style) + noise; NOT measured yield
3557,Maize,9.5,79.8,33.2,5.53,13,sandy,433,4.7,187,0.39,6.54,330.7,26.4,0.76,synthetic response curve (Mitscherlich-style) + noise; NOT measured yield
3558,Rice,145.7,74.7,55.9,5.46,11,loam,419,6.2,168,0.66,6.83,819.0,26.9,0.43,synthetic response curve (Mitscherlich-style) + noise; NOT measured yield
3559,Chilli,64.3,66.7,14.7,1.75,3,sandy,223,16.4,294,0.33,6.48,333.4,32.2,-2.1,synthetic response curve (Mitscherlich-style) + noise; NOT measured yield
3560,Wheat,62.1,0.5,31.3,1.81,4,sandy,227,10.0,219,0.17,7.4,22.8,17.2,-0.64,synthetic response curve (Mitscherlich-style) + noise; NOT measured yield
3561,Tomato,0.3,90.3,94.7,24.85,13,sandy,229,7.2,78,0.1,6.14,65.9,24.5,-1.09,synthetic response curve (Mitscherlich-style) + noise; NOT measured yield
3562,Mustard,8.3,1.1,6.4,0.84,10,sandy,234,20.7,195,0.13,6.94,212.8,30.9,0.68,synthetic response curve (Mitscherlich-style) + noise; NOT measured yield
3563,Sunflower,33.0,21.5,28.6,1.92,8,clay,516,55.5,263,0.58,7.82,111.9,31.8,0.66,synthetic response curve (Mitscherlich-style) + noise; NOT measured yield
3564,Soybean,33.6,12.9,46.5,1.38,6,clay,357,4.1,119,0.63,6.46,61.9,25.8,0.56,synthetic response curve (Mitscherlich-style) + noise; NOT measured yield
3565,Cotton,106.9,78.9,82.6,2.0,6,clay,308,17.1,374,0.65,7.51,99.3,29.0,0.27,synthetic response curve (Mitscherlich-style) + noise; NOT measured yield
3566,Wheat,106.0,24.4,62.4,3.29,12,loam,324,8.0,170,0.77,7.24,838.8,25.3,0.19,synthetic response curve (Mitscherlich-style) + noise; NOT measured yield
3567,Cotton,60.1,75.6,1.3,1.14,3,sandy,315,8.5,180,0.62,5.96,70.6,32.2,0.25,synthetic response curve (Mitscherlich-style) + noise; NOT measured yield
3568,Chilli,32.4,69.7,46.6,1.9,14,clay,314,14.6,209,0.43,6.77,399.6,26.9,-0.93,synthetic response curve (Mitscherlich-style) + noise; NOT measured yield
3569,Maize,178.7,88.4,38.0,5.03,4,sandy,208,22.2,30,0.33,6.07,527.1,24.4,0.45,synthetic response curve (Mitscherlich-style) + noise; NOT measured yield
3570,Wheat,3.4,18.2,2.5,2.35,4,sandy,322,10.3,88,0.53,5.76,103.6,22.8,0.73,synthetic response curve (Mitscherlich-style) + noise; NOT measured yield
3571,Pigeon pea,2.9,55.7,22.5,1.38,6,clay,472,13.5,255,0.84,7.6,674.1,27.9,0.02,synthetic response curve (Mitscherlich-style) + noise; NOT measured yield
3572,Potato,45.6,108.8,58.9,19.73,12,loam,391,8.6,309,0.69,6.93,110.6,25.5,-0.37,synthetic response curve (Mitscherlich-style) + noise; NOT measured yield
3573,Potato,17.5,78.1,128.4,15.96,1,clay,227,7.1,234,0.36,7.02,100.8,28.4,-1.34,synthetic response curve (Mitscherlich-style) + noise; NOT measured yield
3574,Cotton,128.7,46.5,52.2,1.76,3,sandy,178,30.4,96,0.23,6.99,277.9,24.8,0.89,synthetic response curve (Mitscherlich-style) + noise; NOT measured yield
3575,Tomato,119.0,20.6,31.7,25.52,6,clay,481,10.3,304,0.64,9.2,156.4,32.0,0.43,synthetic response curve (Mitscherlich-style) + noise; NOT measured yield
3576,Rice,130.4,13.3,58.1,3.1,3,sandy,221,13.1,56,0.43,7.8,44.8,29.4,0.23,synthetic response curve (Mitscherlich-style) + noise; NOT measured yield
3577,Mustard,21.0,50.3,11.1,1.43,6,clay,386,25.7,350,0.62,6.99,757.1,24.1,-0.15,synthetic response curve (Mitscherlich-style) + noise; NOT measured yield
3578,Sugarcane,179.1,36.8,127.4,64.19,7,clay,444,7.5,221,0.72,6.95,158.2,27.0,0.34,synthetic response curve (Mitscherlich-style) + noise; NOT measured yield
3579,Rice,31.1,78.7,64.4,3.79,10,sandy,261,30.0,74,0.24,6.35,446.3,24.5,1.7,synthetic response curve (Mitscherlich-style) + noise; NOT measured yield
3580,Sugarcane,228.3,71.4,5.1,50.33,5,loam,560,13.6,199,0.68,8.97,280.6,22.8,0.41,synthetic response curve (Mitscherlich-style) + noise; NOT measured yield
3581,Soybean,12.7,32.1,35.9,1.76,9,clay,499,3.3,275,0.79,8.24,485.7,26.3,-2.33,synthetic response curve (Mitscherlich-style) + noise; NOT measured yield
3582,Soybean,10.4,11.5,6.1,1.79,15,clay,579,15.3,306,0.89,7.91,65.8,23.5,-0.13,synthetic response curve (Mitscherlich-style) + noise; NOT measured yield
3583,Tomato,60.3,18.4,53.8,24.04,7,clay,269,20.3,326,0.35,9.2,203.9,27.4,0.48,synthetic response curve (Mitscherlich-style) + noise; NOT measured yield
3584,Tomato,57.7,44.7,121.6,30.73,13,sandy,313,21.1,139,0.51,5.11,154.1,23.7,0.95,synthetic response curve (Mitscherlich-style) + noise; NOT measured yield
3585,Rice,140.5,49.1,29.2,3.65,5,loam,182,6.5,81,0.16,6.34,196.1,26.1,0.61,synthetic response curve (Mitscherlich-style) + noise; NOT measured yield
3586,Chilli,127.7,49.3,34.2,2.34,14,clay,487,12.1,353,0.88,7.66,358.3,25.8,0.68,synthetic response curve (Mitscherlich-style) + noise; NOT measured yield
3587,Soybean,10.0,10.5,0.7,1.36,9,clay,471,6.3,158,0.63,7.96,516.6,28.0,-0.21,synthetic response curve (Mitscherlich-style) + noise; NOT measured yield
3588,Cotton,47.8,7.2,13.2,1.04,3,sandy,375,10.8,245,0.52,7.33,113.5,27.8,0.22,synthetic response curve (Mitscherlich-style) + noise; NOT measured yield
3589,Mustard,78.0,36.5,26.5,1.19,14,clay,429,24.2,332,0.73,7.49,140.1,30.2,-1.35,synthetic response curve (Mitscherlich-style) + noise; NOT measured yield
3590,Potato,39.1,17.2,106.3,19.47,11,loam,272,7.2,261,0.14,7.16,115.5,29.3,0.55,synthetic response curve (Mitscherlich-style) + noise; NOT measured yield
3591,Soybean,20.5,55.4,29.4,2.26,6,clay,299,37.6,334,0.41,6.82,313.0,23.2,0.15,synthetic response curve (Mitscherlich-style) + noise; NOT measured yield
3592,Wheat,2.9,71.0,52.9,3.55,10,sandy,382,11.9,152,0.35,6.65,36.0,28.4,2.28,synthetic response curve (Mitscherlich-style) + noise; NOT measured yield
3593,Potato,55.4,75.2,67.8,22.5,15,clay,408,13.2,193,0.73,8.89,361.4,25.9,0.8,synthetic response curve (Mitscherlich-style) + noise; NOT measured yield
3594,Banana,119.9,30.8,72.3,32.21,2,loam,361,19.9,408,0.46,8.37,140.9,25.3,0.81,synthetic response curve (Mitscherlich-style) + noise; NOT measured yield
3595,Lentil,3.9,29.5,35.3,0.95,1,clay,378,21.4,276,0.67,8.18,143.1,28.1,-0.87,synthetic response curve (Mitscherlich-style) + noise; NOT measured yield
3596,Sunflower,88.2,18.3,56.7,1.22,12,loam,178,9.1,139,0.5,6.94,205.1,28.0,-0.36,synthetic response curve (Mitscherlich-style) + noise; NOT measured yield
3597,Rice,61.4,24.0,22.0,3.05,5,loam,507,7.2,224,0.67,8.83,278.8,24.0,-1.15,synthetic response curve (Mitscherlich-style) + noise; NOT measured yield
3598,Cotton,171.3,34.1,66.6,1.69,13,sandy,211,37.2,175,0.56,7.8,94.4,27.5,1.89,synthetic response curve (Mitscherlich-style) + noise; NOT measured yield
3599,Rice,52.9,15.0,4.4,2.09,12,loam,378,22.1,30,0.56,7.22,239.8,24.2,0.28,synthetic response curve (Mitscherlich-style) + noise; NOT measured yield
3600,Chilli,89.4,44.2,10.8,2.26,14,clay,488,44.6,380,0.74,7.98,246.1,23.9,0.53,synthetic response curve (Mitscherlich-style) + noise; NOT measured yield
3601,Wheat,137.0,45.3,44.8,4.37,12,loam,400,24.3,247,0.62,7.35,412.4,27.2,0.01,synthetic response curve (Mitscherlich-style) + noise; NOT measured yield
3602,Potato,174.3,78.2,122.9,18.85,15,clay,272,4.1,153,0.32,7.35,27.9,28.1,-0.03,synthetic response curve (Mitscherlich-style) + noise; NOT measured yield
3603,Mustard,16.1,59.7,11.0,0.88,10,sandy,313,19.0,72,0.42,7.49,117.9,21.7,0.77,synthetic response curve (Mitscherlich-style) + noise; NOT measured yield
3604,Mustard,76.0,14.2,45.5,0.87,2,loam,173,7.3,228,0.24,6.86,71.1,30.4,-2.04,synthetic response curve (Mitscherlich-style) + noise; NOT measured yield
3605,Chilli,141.0,38.1,70.6,2.15,4,sandy,292,8.8,30,0.38,7.45,173.7,25.0,0.0,synthetic response curve (Mitscherlich-style) + noise; NOT measured yield
3606,Cotton,12.5,64.4,63.3,1.29,14,clay,286,66.8,158,0.2,8.56,94.2,24.6,-1.57,synthetic response curve (Mitscherlich-style) + noise; NOT measured yield
3607,Sugarcane,110.8,81.2,99.1,81.48,5,loam,312,20.2,349,0.6,7.07,214.5,23.1,0.02,synthetic response curve (Mitscherlich-style) + noise; NOT measured yield
3608,Tomato,152.3,51.7,49.2,31.71,15,clay,410,16.1,387,0.66,7.01,546.6,29.5,-1.27,synthetic response curve (Mitscherlich-style) + noise; NOT measured yield
3609,Cotton,92.6,80.5,20.4,1.61,14,clay,516,11.7,240,0.78,9.2,174.8,25.5,0.23,synthetic response curve (Mitscherlich-style) + noise; NOT measured yield
3610,Potato,74.2,101.4,163.6,20.0,11,loam,314,41.6,177,0.38,8.05,112.2,20.5,0.08,synthetic response curve (Mitscherlich-style) + noise; NOT measured yield
3611,Chilli,86.4,17.9,61.6,1.64,3,sandy,367,13.7,123,0.56,6.28,175.0,30.0,-0.45,synthetic response curve (Mitscherlich-style) + noise; NOT measured yield
3612,Cotton,133.9,33.1,81.8,1.72,3,sandy,433,10.6,219,0.5,6.54,76.5,34.5,-0.21,synthetic response curve (Mitscherlich-style) + noise; NOT measured yield
3613,Wheat,127.5,13.7,56.3,2.79,12,loam,373,4.0,285,0.5,6.48,149.2,23.1,0.53,synthetic response curve (Mitscherlich-style) + noise; NOT measured yield
3614,Potato,184.0,30.7,6.2,18.23,7,clay,408,27.5,243,0.61,7.6,38.7,24.8,0.97,synthetic response curve (Mitscherlich-style) + noise; NOT measured yield
3615,Sugarcane,305.8,95.4,123.6,77.97,7,clay,441,37.2,265,0.76,8.11,97.5,26.0,-0.77,synthetic response curve (Mitscherlich-style) + noise; NOT measured yield
3616,Rice,78.2,82.4,70.2,5.03,2,loam,519,4.2,262,0.96,7.29,205.1,27.0,0.41,synthetic response curve (Mitscherlich-style) + noise; NOT measured yield
3617,Maize,4.4,37.4,60.7,4.82,7,clay,393,16.0,245,0.45,8.03,7.4,26.0,-0.05,synthetic response curve (Mitscherlich-style) + noise; NOT measured yield
3618,Green gram,5.2,9.9,35.9,0.61,1,clay,288,13.1,224,0.61,7.97,223.2,28.7,-1.33,synthetic response curve (Mitscherlich-style) + noise; NOT measured yield
3619,Pearl millet,1.5,29.3,10.5,1.1,3,sandy,60,25.2,30,0.29,7.18,723.3,27.3,-1.24,synthetic response curve (Mitscherlich-style) + noise; NOT measured yield
3620,Sorghum,95.1,41.4,1.2,2.39,14,clay,421,24.0,308,0.75,7.58,117.0,25.0,-1.4,synthetic response curve (Mitscherlich-style) + noise; NOT measured yield
3621,Rice,138.3,26.3,50.7,3.77,12,loam,416,12.8,153,0.62,6.61,371.3,22.4,0.58,synthetic response curve (Mitscherlich-style) + noise; NOT measured yield
3622,Mustard,75.0,37.4,25.6,1.27,15,clay,252,9.7,266,0.53,6.52,268.0,26.3,-0.93,synthetic response curve (Mitscherlich-style) + noise; NOT measured yield
3623,Wheat,11.3,25.3,43.2,3.0,14,clay,351,15.7,203,0.56,8.47,191.6,26.1,-2.07,synthetic response curve (Mitscherlich-style) + noise; NOT measured yield
3624,Cotton,140.6,10.5,7.2,1.14,14,clay,342,13.4,264,0.59,9.02,164.0,21.0,-0.62,synthetic response curve (Mitscherlich-style) + noise; NOT measured yield
3625,Sugarcane,318.1,7.4,74.4,43.67,7,clay,434,17.6,318,0.66,9.2,76.9,28.7,2.23,synthetic response curve (Mitscherlich-style) + noise; NOT measured yield
3626,Rice,30.4,21.3,55.6,3.28,4,sandy,230,7.1,196,0.19,7.2,106.8,21.1,-0.7,synthetic response curve (Mitscherlich-style) + noise; NOT measured yield
3627,Potato,143.4,50.7,93.2,21.11,11,loam,227,23.0,129,0.4,7.32,422.9,22.7,2.46,synthetic response curve (Mitscherlich-style) + noise; NOT measured yield
3628,Mustard,107.2,9.6,40.2,0.79,10,sandy,362,4.2,60,0.48,7.91,54.3,20.9,-0.73,synthetic response curve (Mitscherlich-style) + noise; NOT measured yield
3629,Onion,108.8,32.9,83.8,20.58,7,clay,432,8.9,233,0.67,6.96,56.3,23.2,2.41,synthetic response curve (Mitscherlich-style) + noise; NOT measured yield
3630,Cotton,138.5,60.1,79.9,2.12,8,clay,471,27.7,244,0.57,7.73,67.6,27.6,-0.32,synthetic response curve (Mitscherlich-style) + noise; NOT measured yield
3631,Wheat,116.1,72.1,52.3,4.37,4,sandy,385,10.8,170,0.27,7.92,60.2,22.8,0.77,synthetic response curve (Mitscherlich-style) + noise; NOT measured yield
3632,Cotton,172.7,79.6,58.1,1.9,8,clay,350,30.9,246,0.61,7.3,630.8,26.9,-1.54,synthetic response curve (Mitscherlich-style) + noise; NOT measured yield
3633,Mustard,108.6,5.0,26.8,0.73,15,clay,426,9.7,235,0.72,8.76,704.5,22.7,0.22,synthetic response curve (Mitscherlich-style) + noise; NOT measured yield
3634,Onion,16.8,25.3,58.8,21.56,7,clay,474,13.5,273,0.87,8.18,8.4,31.2,-0.99,synthetic response curve (Mitscherlich-style) + noise; NOT measured yield
3635,Chilli,8.6,40.0,9.4,1.31,8,clay,522,4.6,30,0.52,8.51,182.1,25.4,-1.25,synthetic response curve (Mitscherlich-style) + noise; NOT measured yield
3636,Rice,54.9,2.6,1.6,2.94,15,clay,410,29.3,233,0.51,8.03,101.5,28.2,-0.2,synthetic response curve (Mitscherlich-style) + noise; NOT measured yield
3637,Soybean,12.1,79.5,27.4,1.47,13,sandy,142,5.1,202,0.13,6.38,205.3,22.6,-1.1,synthetic response curve (Mitscherlich-style) + noise; NOT measured yield
3638,Maize,42.8,16.2,29.6,3.66,12,loam,305,9.9,45,0.69,7.94,518.3,27.6,0.11,synthetic response curve (Mitscherlich-style) + noise; NOT measured yield
3639,Onion,128.9,70.2,48.5,28.79,1,clay,444,7.0,200,1.0,8.58,147.3,29.3,-0.66,synthetic response curve (Mitscherlich-style) + noise; NOT measured yield
3640,Chilli,1.5,19.6,16.3,1.88,13,sandy,288,19.4,285,0.37,6.92,86.0,25.3,-0.27,synthetic response curve (Mitscherlich-style) + noise; NOT measured yield
3641,Sorghum,37.8,55.1,20.1,2.63,2,loam,343,10.0,268,0.38,6.11,181.4,22.4,-0.49,synthetic response curve (Mitscherlich-style) + noise; NOT measured yield
3642,Groundnut,27.9,54.0,29.2,1.76,1,clay,393,30.3,285,0.69,7.1,89.4,23.4,1.27,synthetic response curve (Mitscherlich-style) + noise; NOT measured yield
3643,Soybean,4.2,31.5,59.9,1.96,6,clay,371,32.6,251,0.45,7.49,254.6,32.0,-0.24,synthetic response curve (Mitscherlich-style) + noise; NOT measured yield
3644,Sugarcane,183.5,42.8,97.1,66.95,7,clay,436,13.4,169,0.68,7.79,53.5,32.6,0.45,synthetic response curve (Mitscherlich-style) + noise; NOT measured yield
3645,Sorghum,79.4,8.3,9.5,1.84,2,loam,295,12.0,123,0.53,5.98,228.9,25.6,-0.62,synthetic response curve (Mitscherlich-style) + noise; NOT measured yield
3646,Soybean,16.6,52.1,10.8,2.02,9,clay,431,14.1,279,0.48,7.51,430.3,27.6,0.39,synthetic response curve (Mitscherlich-style) + noise; NOT measured yield
3647,Soybean,34.8,20.7,19.6,1.49,14,clay,467,4.2,146,0.87,7.33,43.0,27.4,-0.33,synthetic response curve (Mitscherlich-style) + noise; NOT measured yield
3648,Wheat,49.0,78.7,3.4,3.0,10,sandy,156,17.2,164,0.1,8.08,36.1,23.6,-0.13,synthetic response curve (Mitscherlich-style) + noise; NOT measured yield
3649,Potato,12.3,72.4,16.5,20.09,15,clay,305,20.9,185,0.33,7.78,364.5,22.1,-0.1,synthetic response curve (Mitscherlich-style) + noise; NOT measured yield
3650,Maize,205.5,13.3,46.4,4.7,14,clay,302,80.9,224,0.78,9.09,181.7,26.3,-0.2,synthetic response curve (Mitscherlich-style) + noise; NOT measured yield
3651,Tomato,15.4,11.7,130.9,25.16,13,sandy,259,16.9,164,0.33,6.2,50.0,26.9,-0.97,synthetic response curve (Mitscherlich-style) + noise; NOT measured yield
3652,Cotton,129.0,29.7,13.2,1.36,3,sandy,276,9.0,81,0.3,7.33,75.2,27.6,0.34,synthetic response curve (Mitscherlich-style) + noise; NOT measured yield
3653,Maize,153.9,29.2,23.8,4.57,10,sandy,249,15.1,69,0.35,6.38,139.1,19.7,0.04,synthetic response curve (Mitscherlich-style) + noise; NOT measured yield
3654,Banana,48.7,26.3,262.9,33.77,2,loam,355,34.2,198,0.57,8.13,46.5,30.5,0.13,synthetic response curve (Mitscherlich-style) + noise; NOT measured yield
3655,Wheat,29.0,72.1,18.7,2.82,12,loam,264,12.9,171,0.52,7.21,180.4,30.3,-0.64,synthetic response curve (Mitscherlich-style) + noise; NOT measured yield
3656,Ragi,73.4,21.4,30.1,2.53,14,clay,390,60.2,355,0.53,7.55,9.2,23.8,0.93,synthetic response curve (Mitscherlich-style) + noise; NOT measured yield
3657,Cotton,61.4,31.3,49.4,1.81,2,loam,441,13.1,310,0.68,7.87,158.3,28.2,-0.41,synthetic response curve (Mitscherlich-style) + noise; NOT measured yield
3658,Cotton,7.1,11.6,15.5,1.16,8,clay,461,13.8,276,0.45,7.0,351.6,32.1,1.28,synthetic response curve (Mitscherlich-style) + noise; NOT measured yield
3659,Sorghum,51.9,9.7,23.2,2.16,2,loam,235,52.2,285,0.36,8.29,337.0,27.8,-1.12,synthetic response curve (Mitscherlich-style) + noise; NOT measured yield
3660,Chickpea,18.2,4.3,17.5,1.12,9,clay,412,20.3,275,0.6,7.35,400.2,25.7,-0.88,synthetic response curve (Mitscherlich-style) + noise; NOT measured yield
3661,Rice,160.8,6.5,35.5,3.35,7,clay,516,28.1,151,0.76,6.56,228.8,22.0,1.57,synthetic response curve (Mitscherlich-style) + noise; NOT measured yield
3662,Cotton,28.5,15.3,28.3,1.02,14,clay,378,11.2,244,0.41,6.72,210.0,23.8,-1.92,synthetic response curve (Mitscherlich-style) + noise; NOT measured yield
3663,Sugarcane,200.2,43.3,135.7,61.47,5,loam,314,9.8,221,0.63,6.19,98.0,23.4,-1.31,synthetic response curve (Mitscherlich-style) + noise; NOT measured yield
3664,Rice,155.2,56.9,61.9,4.52,12,loam,303,10.3,196,0.54,8.72,54.2,26.9,0.37,synthetic response curve (Mitscherlich-style) + noise; NOT measured yield
3665,Mustard,109.0,20.5,34.9,1.2,10,sandy,286,19.0,30,0.48,6.51,76.6,24.1,-0.08,synthetic response curve (Mitscherlich-style) + noise; NOT measured yield
3666,Rice,0.2,11.3,3.9,2.41,11,loam,213,6.6,30,0.4,7.25,198.4,29.0,-1.32,synthetic response curve (Mitscherlich-style) + noise; NOT measured yield
3667,Rice,33.4,40.5,46.5,4.1,15,clay,391,12.0,99,0.45,7.04,26.4,26.0,-0.38,synthetic response curve (Mitscherlich-style) + noise; NOT measured yield
3668,Rice,150.5,60.7,35.6,3.69,3,sandy,435,3.5,155,0.66,5.11,34.9,29.6,-1.43,synthetic response curve (Mitscherlich-style) + noise; NOT measured yield
3669,Green gram,26.4,26.8,12.2,0.8,1,clay,332,68.4,316,0.48,7.55,538.5,23.7,-0.37,synthetic response curve (Mitscherlich-style) + noise; NOT measured yield
3670,Wheat,11.0,71.8,29.5,3.3,10,sandy,265,5.7,125,0.71,7.11,71.9,25.4,1.6,synthetic response curve (Mitscherlich-style) + noise; NOT measured yield
3671,Sorghum,2.0,26.1,35.9,2.16,2,loam,318,11.5,61,0.54,6.32,457.2,28.5,0.18,synthetic response curve (Mitscherlich-style) + noise; NOT measured yield
3672,Sugarcane,13.0,3.8,92.6,42.45,7,clay,508,18.0,338,0.82,8.52,55.3,23.8,-0.93,synthetic response curve (Mitscherlich-style) + noise; NOT measured yield
3673,Green gram,22.3,22.3,6.6,0.65,8,clay,435,15.2,340,0.46,7.5,273.7,30.3,-1.2,synthetic response curve (Mitscherlich-style) + noise; NOT measured yield
3674,Lentil,11.7,25.8,13.2,0.81,10,sandy,433,25.4,129,0.69,6.09,44.4,25.9,1.04,synthetic response curve (Mitscherlich-style) + noise; NOT measured yield
3675,Groundnut,0.8,6.0,2.0,0.86,1,clay,280,5.2,265,0.33,7.8,322.7,31.4,-2.42,synthetic response curve (Mitscherlich-style) + noise; NOT measured yield
3676,Onion,113.3,54.6,62.4,27.33,9,clay,436,7.7,295,0.73,8.39,23.7,22.3,-0.52,synthetic response curve (Mitscherlich-style) + noise; NOT measured yield
3677,Rice,139.9,55.3,2.4,3.63,12,loam,285,39.5,255,0.48,6.16,199.1,24.3,-0.88,synthetic response curve (Mitscherlich-style) + noise; NOT measured yield
3678,Groundnut,2.8,16.7,15.2,1.2,1,clay,255,3.4,250,0.24,5.87,555.0,23.0,0.98,synthetic response curve (Mitscherlich-style) + noise; NOT measured yield
3679,Pigeon pea,25.5,6.4,14.4,0.91,6,clay,215,13.4,313,0.57,8.09,261.2,28.8,0.27,synthetic response curve (Mitscherlich-style) + noise; NOT measured yield
3680,Pigeon pea,11.2,54.9,35.9,1.07,6,clay,290,53.4,188,0.48,7.81,312.3,28.5,-0.3,synthetic response curve (Mitscherlich-style) + noise; NOT measured yield
3681,Pigeon pea,15.7,43.2,12.0,0.86,6,clay,586,1.5,126,0.9,9.2,152.9,25.4,-0.5,synthetic response curve (Mitscherlich-style) + noise; NOT measured yield
3682,Chickpea,9.0,38.2,15.4,1.48,7,clay,459,15.5,267,0.82,7.38,281.2,26.1,1.58,synthetic response curve (Mitscherlich-style) + noise; NOT measured yield
3683,Chilli,104.4,23.1,55.0,1.56,3,sandy,518,3.8,167,0.73,7.17,265.5,31.0,-1.61,synthetic response curve (Mitscherlich-style) + noise; NOT measured yield
3684,Rice,36.8,34.2,82.2,3.81,8,clay,572,38.5,249,1.0,7.97,161.2,30.0,-1.22,synthetic response curve (Mitscherlich-style) + noise; NOT measured yield
3685,Turmeric,88.2,50.8,11.3,11.24,2,loam,293,73.8,30,0.71,5.83,14.6,23.8,-0.31,synthetic response curve (Mitscherlich-style) + noise; NOT measured yield
3686,Groundnut,31.1,43.9,11.0,1.51,2,loam,461,18.9,175,0.81,8.12,34.1,25.3,-0.01,synthetic response curve (Mitscherlich-style) + noise; NOT measured yield
3687,Wheat,128.5,21.0,45.4,4.26,9,clay,409,39.9,213,0.6,7.76,43.3,27.4,-0.44,synthetic response curve (Mitscherlich-style) + noise; NOT measured yield
3688,Cotton,126.3,4.4,67.7,0.92,14,clay,398,8.0,237,0.33,8.52,40.6,27.2,0.23,synthetic response curve (Mitscherlich-style) + noise; NOT measured yield
3689,Rice,85.2,35.7,78.9,4.49,11,loam,423,9.6,94,0.88,7.14,116.0,23.8,-0.26,synthetic response curve (Mitscherlich-style) + noise; NOT measured yield
3690,Pigeon pea,1.4,29.3,15.2,1.13,6,clay,482,22.8,308,0.49,8.29,168.1,30.9,-1.7,synthetic response curve (Mitscherlich-style) + noise; NOT measured yield
3691,Pigeon pea,11.4,4.4,24.7,0.77,6,clay,435,17.4,284,0.83,9.2,53.4,25.1,0.74,synthetic response curve (Mitscherlich-style) + noise; NOT measured yield
3692,Chilli,99.3,15.9,58.9,1.46,8,clay,466,4.2,195,0.68,9.2,73.9,29.7,-0.09,synthetic response curve (Mitscherlich-style) + noise; NOT measured yield
3693,Green gram,5.0,43.6,29.1,0.68,1,clay,254,12.5,354,0.59,9.09,189.7,30.2,0.93,synthetic response curve (Mitscherlich-style) + noise; NOT measured yield
3694,Pearl millet,54.7,7.8,37.6,2.24,10,sandy,374,48.3,214,0.39,6.18,81.3,25.5,1.0,synthetic response curve (Mitscherlich-style) + noise; NOT measured yield
3695,Chilli,36.7,8.8,15.7,1.24,3,sandy,355,7.3,281,0.44,7.14,158.6,30.7,2.48,synthetic response curve (Mitscherlich-style) + noise; NOT measured yield
3696,Potato,197.0,101.4,161.5,25.26,11,loam,368,20.3,311,0.39,7.8,12.6,22.0,0.12,synthetic response curve (Mitscherlich-style) + noise; NOT measured yield
3697,Soybean,6.7,24.6,40.2,1.66,6,clay,393,11.9,186,0.82,7.98,127.1,29.8,-0.96,synthetic response curve (Mitscherlich-style) + noise; NOT measured yield
3698,Soybean,20.1,66.6,47.4,2.53,6,clay,545,7.1,251,0.89,8.13,268.3,22.3,-0.5,synthetic response curve (Mitscherlich-style) + noise; NOT measured yield
3699,Sugarcane,196.5,75.9,90.4,84.83,7,clay,390,8.3,191,0.65,8.56,1083.7,27.6,1.08,synthetic response curve (Mitscherlich-style) + noise; NOT measured yield
3700,Maize,155.3,88.5,16.7,5.29,2,loam,388,43.3,302,0.77,7.3,194.7,22.6,0.27,synthetic response curve (Mitscherlich-style) + noise; NOT measured yield
3701,Rice,50.9,36.9,63.5,3.7,4,sandy,362,8.9,132,0.62,7.25,99.7,16.9,0.31,synthetic response curve (Mitscherlich-style) + noise; NOT measured yield
3702,Wheat,61.2,60.4,63.7,3.89,4,sandy,542,7.5,158,0.57,6.84,55.3,25.7,-0.88,synthetic response curve (Mitscherlich-style) + noise; NOT measured yield
3703,Maize,99.2,54.4,0.8,3.58,13,sandy,153,19.3,112,0.1,6.27,217.1,24.7,0.16,synthetic response curve (Mitscherlich-style) + noise; NOT measured yield
3704,Chilli,99.4,34.7,69.0,2.13,3,sandy,295,28.4,109,0.5,7.0,323.5,29.4,2.16,synthetic response curve (Mitscherlich-style) + noise; NOT measured yield
3705,Mustard,95.3,44.2,35.7,1.56,2,loam,343,9.1,300,0.7,7.72,35.4,28.4,1.13,synthetic response curve (Mitscherlich-style) + noise; NOT measured yield
3706,Maize,113.3,9.1,40.3,3.69,4,sandy,428,24.1,102,0.63,6.16,91.8,24.7,-1.62,synthetic response curve (Mitscherlich-style) + noise; NOT measured yield
3707,Maize,157.7,31.9,79.7,4.84,7,clay,338,11.5,219,0.63,7.64,76.8,26.1,0.06,synthetic response curve (Mitscherlich-style) + noise; NOT measured yield
3708,Wheat,81.4,5.5,66.8,2.51,10,sandy,185,14.2,241,0.1,8.16,92.8,29.5,-0.44,synthetic response curve (Mitscherlich-style) + noise; NOT measured yield
3709,Sugarcane,243.1,100.2,110.2,70.33,7,clay,185,17.6,358,0.23,7.94,262.9,25.1,1.74,synthetic response curve (Mitscherlich-style) + noise; NOT measured yield
3710,Sugarcane,261.5,80.8,119.9,74.67,9,clay,331,10.2,336,0.37,7.22,531.7,27.5,2.14,synthetic response curve (Mitscherlich-style) + noise; NOT measured yield
3711,Rice,176.4,74.9,10.7,4.32,8,clay,327,44.4,347,0.23,7.93,284.0,31.2,-0.12,synthetic response curve (Mitscherlich-style) + noise; NOT measured yield
3712,Pigeon pea,13.3,12.2,32.1,0.93,3,sandy,148,13.8,155,0.39,6.15,238.1,28.0,1.97,synthetic response curve (Mitscherlich-style) + noise; NOT measured yield
3713,Rice,72.8,31.7,72.1,4.27,1,clay,413,25.9,185,0.82,7.79,385.1,32.3,-0.17,synthetic response curve (Mitscherlich-style) + noise; NOT measured yield
3714,Potato,154.2,112.2,116.6,26.44,11,loam,504,1.9,33,0.68,6.17,217.9,25.1,1.09,synthetic response curve (Mitscherlich-style) + noise; NOT measured yield
3715,Rice,165.1,75.4,77.7,5.23,15,clay,446,28.9,396,0.74,7.59,270.1,21.3,-0.19,synthetic response curve (Mitscherlich-style) + noise; NOT measured yield
3716,Green gram,1.1,31.3,27.6,0.92,1,clay,351,11.8,204,0.32,7.13,104.1,26.7,0.39,synthetic response curve (Mitscherlich-style) + noise; NOT measured yield
3717,Sorghum,5.2,31.5,7.1,2.6,14,clay,431,25.8,246,0.53,6.63,129.2,27.0,0.7,synthetic response curve (Mitscherlich-style) + noise; NOT measured yield
3718,Cotton,76.4,21.3,66.3,1.67,14,clay,459,23.7,112,0.84,7.44,68.8,24.7,-0.04,synthetic response curve (Mitscherlich-style) + noise; NOT measured yield
3719,Rice,179.2,43.9,19.0,4.53,12,loam,548,18.9,178,0.81,8.29,153.0,24.6,-0.36,synthetic response curve (Mitscherlich-style) + noise; NOT measured yield
3720,Soybean,32.6,23.8,36.1,1.67,9,clay,339,8.2,360,0.4,7.9,24.5,27.3,2.02,synthetic response curve (Mitscherlich-style) + noise; NOT measured yield
3721,Ragi,10.0,3.2,46.0,1.64,6,clay,404,29.3,264,0.42,6.64,289.5,29.4,0.82,synthetic response curve (Mitscherlich-style) + noise; NOT measured yield
3722,Turmeric,108.3,69.0,133.8,18.62,9,clay,293,10.7,307,0.26,6.53,98.3,25.0,1.13,synthetic response curve (Mitscherlich-style) + noise; NOT measured yield
3723,Cotton,74.8,58.0,58.6,1.75,1,clay,444,20.6,317,0.6,9.2,20.1,26.6,-0.46,synthetic response curve (Mitscherlich-style) + noise; NOT measured yield
3724,Sugarcane,33.3,14.3,36.7,61.5,5,loam,309,22.1,207,0.45,7.15,436.0,25.9,0.75,synthetic response curve (Mitscherlich-style) + noise; NOT measured yield
3725,Soybean,3.2,63.9,6.9,1.78,6,clay,486,10.7,348,0.83,9.2,253.0,24.0,0.93,synthetic response curve (Mitscherlich-style) + noise; NOT measured yield
3726,Chilli,77.4,14.1,70.3,1.46,8,clay,403,8.6,207,0.69,9.09,51.1,23.2,-0.72,synthetic response curve (Mitscherlich-style) + noise; NOT measured yield
3727,Wheat,87.3,48.0,71.2,4.53,5,loam,405,14.0,86,0.65,7.17,30.1,26.2,0.93,synthetic response curve (Mitscherlich-style) + noise; NOT measured yield
3728,Sugarcane,134.5,34.5,86.9,69.97,7,clay,409,24.4,81,0.77,7.67,140.1,26.9,0.71,synthetic response curve (Mitscherlich-style) + noise; NOT measured yield
3729,Wheat,45.1,20.0,44.2,3.4,11,loam,395,26.2,157,0.57,7.22,5.5,22.1,-0.74,synthetic response curve (Mitscherlich-style) + noise; NOT measured yield
3730,Rice,134.1,25.7,15.7,3.13,15,clay,450,7.3,338,0.47,7.03,610.2,24.7,-0.89,synthetic response curve (Mitscherlich-style) + noise; NOT measured yield
3731,Maize,60.1,80.4,44.5,4.51,13,sandy,301,27.1,80,0.26,5.89,226.6,20.1,0.46,synthetic response curve (Mitscherlich-style) + noise; NOT measured yield
3732,Maize,47.7,3.1,17.4,3.61,2,loam,353,24.6,283,0.49,7.37,63.8,30.4,-1.76,synthetic response curve (Mitscherlich-style) + noise; NOT measured yield
3733,Soybean,4.9,48.7,5.6,1.6,9,clay,421,6.0,219,0.72,7.12,173.0,25.4,-1.28,synthetic response curve (Mitscherlich-style) + noise; NOT measured yield
3734,Groundnut,23.7,8.1,6.5,1.37,7,clay,345,37.0,414,0.59,8.59,130.3,22.3,-1.06,synthetic response curve (Mitscherlich-style) + noise; NOT measured yield
3735,Rice,0.5,42.1,80.4,4.29,8,clay,557,24.0,326,0.86,7.55,127.4,29.7,0.53,synthetic response curve (Mitscherlich-style) + noise; NOT measured yield
3736,Rice,46.0,58.4,81.0,3.81,12,loam,203,6.2,154,0.23,6.63,627.3,28.5,-0.07,synthetic response curve (Mitscherlich-style) + noise; NOT measured yield
3737,Rice,81.0,49.7,36.6,4.2,5,loam,438,10.2,196,0.66,5.5,446.1,28.6,1.24,synthetic response curve (Mitscherlich-style) + noise; NOT measured yield
3738,Wheat,29.1,63.9,10.1,2.97,9,clay,303,6.4,223,0.72,6.95,33.4,27.7,-1.94,synthetic response curve (Mitscherlich-style) + noise; NOT measured yield
3739,Banana,227.4,62.5,208.3,31.68,14,clay,140,9.5,289,0.34,8.94,21.6,28.8,0.38,synthetic response curve (Mitscherlich-style) + noise; NOT measured yield
3740,Soybean,10.4,55.2,14.2,1.41,9,clay,395,12.9,152,0.77,8.39,165.4,25.4,-1.56,synthetic response curve (Mitscherlich-style) + noise; NOT measured yield
3741,Chickpea,12.6,35.8,6.0,1.53,9,clay,537,5.4,396,1.02,8.04,343.9,28.4,0.92,synthetic response curve (Mitscherlich-style) + noise; NOT measured yield
3742,Chilli,135.7,49.4,31.6,2.42,14,clay,346,14.8,271,0.31,7.4,77.3,27.9,0.47,synthetic response curve (Mitscherlich-style) + noise; NOT measured yield
3743,Banana,157.0,39.9,114.2,30.91,1,clay,575,14.0,338,0.69,7.08,239.5,28.6,-0.93,synthetic response curve (Mitscherlich-style) + noise; NOT measured yield
3744,Soybean,30.6,17.0,25.4,1.45,6,clay,251,14.4,188,0.69,7.59,513.0,25.9,-2.13,synthetic response curve (Mitscherlich-style) + noise; NOT measured yield
3745,Rice,104.3,37.1,58.5,3.77,8,clay,495,7.2,408,0.54,6.39,404.9,28.1,2.54,synthetic response curve (Mitscherlich-style) + noise; NOT measured yield
3746,Rice,37.8,64.5,32.5,3.76,1,clay,309,7.5,170,0.56,8.61,438.9,30.8,-1.27,synthetic response curve (Mitscherlich-style) + noise; NOT measured yield
3747,Cotton,74.7,4.6,4.3,0.93,8,clay,234,8.8,222,0.21,6.66,9.2,28.3,1.63,synthetic response curve (Mitscherlich-style) + noise; NOT measured yield
3748,Cotton,13.0,62.6,12.6,1.69,14,clay,461,7.5,323,0.85,8.42,254.3,19.8,-0.44,synthetic response curve (Mitscherlich-style) + noise; NOT measured yield
3749,Maize,56.5,49.0,68.1,5.03,12,loam,351,36.5,329,0.65,6.39,1190.1,22.9,-1.08,synthetic response curve (Mitscherlich-style) + noise; NOT measured yield
3750,Rice,73.6,20.8,36.5,4.35,1,clay,285,23.1,232,0.56,8.15,192.1,27.8,0.63,synthetic response curve (Mitscherlich-style) + noise; NOT measured yield
3751,Onion,41.8,11.1,62.6,24.39,14,clay,277,36.1,322,0.37,8.05,51.6,26.3,-0.79,synthetic response curve (Mitscherlich-style) + noise; NOT measured yield
3752,Rice,81.9,1.2,3.3,2.58,12,loam,423,18.9,157,0.66,8.69,287.8,26.4,-0.97,synthetic response curve (Mitscherlich-style) + noise; NOT measured yield
3753,Potato,44.6,62.9,21.1,23.71,14,clay,599,22.2,322,0.96,6.0,65.0,26.8,-0.72,synthetic response curve (Mitscherlich-style) + noise; NOT measured yield
3754,Cotton,95.0,24.2,3.6,1.22,3,sandy,469,28.2,149,0.43,5.42,215.7,30.8,2.18,synthetic response curve (Mitscherlich-style) + noise; NOT measured yield
3755,Cotton,3.0,54.6,71.8,1.32,14,clay,310,13.7,226,0.68,6.8,103.4,28.2,0.42,synthetic response curve (Mitscherlich-style) + noise; NOT measured yield
3756,Groundnut,4.6,42.9,28.8,1.31,1,clay,390,7.1,309,0.47,9.2,74.9,29.5,1.09,synthetic response curve (Mitscherlich-style) + noise; NOT measured yield
3757,Rice,17.9,51.0,13.0,3.41,1,clay,521,3.0,175,0.95,7.32,613.4,27.0,-0.15,synthetic response curve (Mitscherlich-style) + noise; NOT measured yield
3758,Pigeon pea,16.9,49.4,43.1,1.3,6,clay,631,13.5,194,1.19,8.83,127.9,28.9,1.11,synthetic response curve (Mitscherlich-style) + noise; NOT measured yield
3759,Mustard,111.7,51.4,12.3,0.85,13,sandy,436,10.7,70,0.66,6.66,93.2,23.6,-1.66,synthetic response curve (Mitscherlich-style) + noise; NOT measured yield
3760,Maize,200.7,93.4,29.8,3.63,13,sandy,221,17.8,30,0.18,6.4,99.6,22.7,-0.66,synthetic response curve (Mitscherlich-style) + noise; NOT measured yield
3761,Wheat,85.9,73.5,43.2,3.3,10,sandy,473,19.4,170,0.73,7.65,34.9,25.2,-1.75,synthetic response curve (Mitscherlich-style) + noise; NOT measured yield
3762,Green gram,1.5,31.0,23.2,0.73,1,clay,260,19.9,230,0.4,8.03,138.0,26.2,2.17,synthetic response curve (Mitscherlich-style) + noise; NOT measured yield
3763,Chilli,68.9,8.2,48.8,1.43,14,clay,464,11.6,204,0.82,7.79,70.6,26.2,-0.73,synthetic response curve (Mitscherlich-style) + noise; NOT measured yield
3764,Rice,81.2,33.9,14.9,2.92,4,sandy,265,7.6,30,0.35,6.79,152.9,23.4,0.3,synthetic response curve (Mitscherlich-style) + noise; NOT measured yield
3765,Wheat,164.8,79.9,56.2,4.06,12,loam,316,12.4,370,0.23,7.2,440.2,23.9,-0.35,synthetic response curve (Mitscherlich-style) + noise; NOT measured yield
3766,Sugarcane,109.4,55.8,95.5,74.21,5,loam,260,9.9,241,0.49,7.08,479.9,27.0,1.23,synthetic response curve (Mitscherlich-style) + noise; NOT measured yield
3767,Chickpea,15.9,4.1,9.5,1.29,9,clay,334,31.8,298,0.34,6.11,216.4,28.5,-0.44,synthetic response curve (Mitscherlich-style) + noise; NOT measured yield
3768,Maize,197.2,81.7,25.5,4.61,2,loam,441,12.8,143,0.58,8.64,293.5,32.4,0.62,synthetic response curve (Mitscherlich-style) + noise; NOT measured yield
3769,Rice,105.7,44.0,7.8,3.86,15,clay,441,16.2,221,0.88,7.55,97.3,30.3,0.21,synthetic response curve (Mitscherlich-style) + noise; NOT measured yield
3770,Banana,154.3,58.0,58.8,31.13,2,loam,475,17.6,261,0.68,6.38,55.7,24.5,-0.96,synthetic response curve (Mitscherlich-style) + noise; NOT measured yield
3771,Mustard,96.5,1.9,15.1,1.04,15,clay,170,26.3,285,0.54,8.13,275.0,24.3,0.83,synthetic response curve (Mitscherlich-style) + noise; NOT measured yield
3772,Sorghum,11.2,49.0,37.8,2.31,14,clay,231,3.6,280,0.44,6.97,215.1,25.9,0.12,synthetic response curve (Mitscherlich-style) + noise; NOT measured yield
3773,Wheat,93.4,64.3,49.2,4.41,3,sandy,485,10.8,228,0.51,6.1,207.6,28.8,0.09,synthetic response curve (Mitscherlich-style) + noise; NOT measured yield
3774,Turmeric,8.0,65.8,73.7,16.73,11,loam,394,11.1,130,0.54,6.6,415.9,27.6,0.55,synthetic response curve (Mitscherlich-style) + noise; NOT measured yield
3775,Cotton,120.8,7.7,74.1,1.1,6,clay,363,12.8,171,0.74,7.97,160.8,30.8,-1.96,synthetic response curve (Mitscherlich-style) + noise; NOT measured yield
3776,Groundnut,3.0,13.1,21.8,1.37,5,loam,449,18.2,150,0.98,7.82,22.3,27.0,0.5,synthetic response curve (Mitscherlich-style) + noise; NOT measured yield
3777,Sugarcane,208.1,81.2,80.7,88.59,5,loam,390,9.3,218,0.61,8.12,89.2,26.1,-0.27,synthetic response curve (Mitscherlich-style) + noise; NOT measured yield
3778,Maize,125.4,37.4,3.7,3.08,4,sandy,265,39.9,67,0.23,5.5,124.9,26.7,0.37,synthetic response curve (Mitscherlich-style) + noise; NOT measured yield
3779,Rice,71.8,21.0,66.5,3.79,15,clay,499,20.6,314,0.8,7.48,393.4,27.4,0.73,synthetic response curve (Mitscherlich-style) + noise; NOT measured yield
3780,Rice,46.8,23.6,44.0,4.82,1,clay,226,20.7,371,0.24,7.26,652.7,34.4,0.93,synthetic response curve (Mitscherlich-style) + noise; NOT measured yield
3781,Soybean,23.3,59.4,20.4,2.24,6,clay,463,6.8,335,0.66,7.71,152.9,23.8,0.52,synthetic response curve (Mitscherlich-style) + noise; NOT measured yield
3782,Groundnut,27.7,6.3,34.5,1.03,6,clay,477,11.2,239,0.8,6.69,152.7,32.0,-0.59,synthetic response curve (Mitscherlich-style) + noise; NOT measured yield
3783,Groundnut,26.5,68.0,12.9,1.44,7,clay,398,13.8,95,0.52,6.78,701.6,20.3,1.05,synthetic response curve (Mitscherlich-style) + noise; NOT measured yield
3784,Maize,112.4,14.7,16.9,4.21,5,loam,495,47.5,142,0.71,7.04,151.2,18.5,0.07,synthetic response curve (Mitscherlich-style) + noise; NOT measured yield
3785,Wheat,148.2,8.5,17.0,2.68,10,sandy,257,15.0,146,0.58,6.56,130.3,20.8,1.51,synthetic response curve (Mitscherlich-style) + noise; NOT measured yield
3786,Cotton,5.2,27.0,70.2,1.23,14,clay,202,14.6,274,0.51,8.8,201.3,23.9,1.2,synthetic response curve (Mitscherlich-style) + noise; NOT measured yield
3787,Potato,84.2,23.0,102.5,19.23,11,loam,463,23.2,178,0.61,6.82,99.6,25.5,1.15,synthetic response curve (Mitscherlich-style) + noise; NOT measured yield
3788,Rice,97.5,12.6,16.3,3.17,4,sandy,329,21.0,58,0.47,6.74,125.1,22.8,0.52,synthetic response curve (Mitscherlich-style) + noise; NOT measured yield
3789,Rice,105.8,34.8,76.3,3.99,15,clay,430,21.6,239,0.93,8.55,276.7,23.6,0.79,synthetic response curve (Mitscherlich-style) + noise; NOT measured yield
3790,Sugarcane,61.9,100.6,136.7,65.49,7,clay,421,12.1,340,0.74,6.6,225.9,30.0,1.25,synthetic response curve (Mitscherlich-style) + noise; NOT measured yield
3791,Rice,137.4,78.5,23.3,4.68,5,loam,420,7.9,306,0.62,6.47,114.9,22.0,0.33,synthetic response curve (Mitscherlich-style) + noise; NOT measured yield
3792,Potato,160.9,101.6,177.9,24.63,11,loam,443,15.8,287,0.8,7.37,308.0,27.4,0.52,synthetic response curve (Mitscherlich-style) + noise; NOT measured yield
3793,Potato,74.5,81.0,31.3,21.89,15,clay,488,3.3,198,0.67,7.79,282.3,29.2,0.05,synthetic response curve (Mitscherlich-style) + noise; NOT measured yield
3794,Maize,112.9,61.0,42.3,5.26,5,loam,213,20.8,208,0.42,7.37,72.6,19.4,0.2,synthetic response curve (Mitscherlich-style) + noise; NOT measured yield
3795,Rice,114.3,20.3,34.4,3.03,4,sandy,295,5.3,54,0.17,7.14,207.4,23.5,2.07,synthetic response curve (Mitscherlich-style) + noise; NOT measured yield
3796,Wheat,24.6,70.9,43.8,3.37,12,loam,345,6.5,214,0.49,8.93,215.7,25.1,0.56,synthetic response curve (Mitscherlich-style) + noise; NOT measured yield
3797,Potato,207.9,5.7,40.7,15.36,8,clay,254,12.1,344,0.23,7.12,324.4,29.3,-0.58,synthetic response curve (Mitscherlich-style) + noise; NOT measured yield
3798,Wheat,151.8,52.8,28.3,3.78,11,loam,440,14.7,177,1.04,7.56,915.1,31.9,-0.74,synthetic response curve (Mitscherlich-style) + noise; NOT measured yield
3799,Pigeon pea,25.2,50.9,23.5,1.17,7,clay,435,27.6,221,0.7,9.2,282.3,24.1,0.84,synthetic response curve (Mitscherlich-style) + noise; NOT measured yield
3800,Groundnut,20.7,38.8,13.6,1.67,1,clay,383,7.1,399,0.56,8.43,272.6,30.6,-1.19,synthetic response curve (Mitscherlich-style) + noise; NOT measured yield
3801,Cotton,84.4,45.5,46.8,1.79,6,clay,368,6.0,150,0.35,7.49,318.2,21.6,0.84,synthetic response curve (Mitscherlich-style) + noise; NOT measured yield
3802,Sunflower,63.8,62.0,9.7,1.07,13,sandy,322,20.4,30,0.6,7.68,43.3,19.7,-0.33,synthetic response curve (Mitscherlich-style) + noise; NOT measured yield
3803,Rice,89.3,75.6,37.3,5.57,15,clay,303,13.3,307,0.56,7.88,406.8,27.1,0.32,synthetic response curve (Mitscherlich-style) + noise; NOT measured yield
3804,Pigeon pea,13.1,50.2,35.4,1.16,6,clay,359,5.4,154,0.33,6.96,111.8,30.0,-1.74,synthetic response curve (Mitscherlich-style) + noise; NOT measured yield
3805,Rice,74.8,1.6,70.0,3.18,11,loam,289,21.1,290,0.52,7.53,170.8,21.3,0.22,synthetic response curve (Mitscherlich-style) + noise; NOT measured yield
3806,Banana,144.6,16.3,90.3,22.87,2,loam,447,8.7,369,0.58,7.11,173.2,33.5,-1.09,synthetic response curve (Mitscherlich-style) + noise; NOT measured yield
3807,Wheat,176.0,26.2,69.4,3.1,4,sandy,345,10.4,216,0.45,6.24,28.6,29.6,0.43,synthetic response curve (Mitscherlich-style) + noise; NOT measured yield
3808,Wheat,13.4,55.8,24.8,3.57,11,loam,340,11.8,158,0.57,7.31,28.7,24.3,0.52,synthetic response curve (Mitscherlich-style) + noise; NOT measured yield
3809,Groundnut,10.4,12.1,42.4,1.26,1,clay,417,8.9,225,0.6,8.13,556.5,28.6,-0.41,synthetic response curve (Mitscherlich-style) + noise; NOT measured yield
3810,Rice,167.1,48.4,28.7,3.96,12,loam,362,31.7,229,0.48,6.97,112.6,28.8,-1.01,synthetic response curve (Mitscherlich-style) + noise; NOT measured yield
3811,Rice,54.1,36.6,82.6,4.49,15,clay,472,42.9,352,0.84,8.34,124.3,31.0,-0.7,synthetic response curve (Mitscherlich-style) + noise; NOT measured yield
3812,Pigeon pea,9.9,2.0,10.1,0.66,2,loam,133,54.0,30,0.39,4.92,192.3,27.7,-0.87,synthetic response curve (Mitscherlich-style) + noise; NOT measured yield
3813,Wheat,9.7,34.6,29.3,3.55,9,clay,436,16.4,244,0.57,8.7,348.4,25.1,-0.57,synthetic response curve (Mitscherlich-style) + noise; NOT measured yield
3814,Cotton,83.5,10.2,3.4,1.26,6,clay,351,16.2,324,0.42,7.52,105.3,30.3,-1.29,synthetic response curve (Mitscherlich-style) + noise; NOT measured yield
3815,Tomato,105.8,98.7,97.8,38.98,10,sandy,362,10.0,170,0.53,6.79,65.5,28.7,0.17,synthetic response curve (Mitscherlich-style) + noise; NOT measured yield
3816,Sorghum,28.2,12.1,30.4,2.06,14,clay,368,13.8,392,0.58,6.26,115.1,28.2,0.14,synthetic response curve (Mitscherlich-style) + noise; NOT measured yield
3817,Maize,205.3,79.7,49.6,5.13,2,loam,240,16.5,174,0.2,5.84,110.2,25.1,-0.68,synthetic response curve (Mitscherlich-style) + noise; NOT measured yield
3818,Green gram,11.3,17.7,10.8,0.74,11,loam,315,20.6,271,0.64,7.11,153.0,20.2,2.34,synthetic response curve (Mitscherlich-style) + noise; NOT measured yield
3819,Cotton,67.1,43.5,27.7,1.45,3,sandy,286,15.3,119,0.12,6.1,38.7,30.0,-0.82,synthetic response curve (Mitscherlich-style) + noise; NOT measured yield
3820,Mustard,36.2,16.0,33.7,0.97,9,clay,360,9.5,301,0.17,7.76,92.0,28.4,-0.04,synthetic response curve (Mitscherlich-style) + noise; NOT measured yield
3821,Sugarcane,261.4,115.4,58.2,82.6,7,clay,440,20.8,198,0.62,7.56,244.1,28.1,0.37,synthetic response curve (Mitscherlich-style) + noise; NOT measured yield
3822,Turmeric,104.0,16.7,37.7,12.5,8,clay,385,26.8,324,0.63,7.72,152.1,28.8,-0.8,synthetic response curve (Mitscherlich-style) + noise; NOT measured yield
3823,Maize,105.5,26.6,19.0,4.11,12,loam,370,5.0,111,0.64,7.46,42.4,24.8,-1.57,synthetic response curve (Mitscherlich-style) + noise; NOT measured yield
3824,Pearl millet,79.2,8.1,24.6,1.66,10,sandy,257,6.8,123,0.49,5.95,124.1,24.5,0.53,synthetic response curve (Mitscherlich-style) + noise; NOT measured yield
3825,Sugarcane,233.0,97.0,81.6,83.96,6,clay,381,25.6,423,0.52,7.46,145.9,27.1,-1.28,synthetic response curve (Mitscherlich-style) + noise; NOT measured yield
3826,Wheat,17.6,55.7,54.3,4.03,10,sandy,260,9.2,200,0.38,7.12,224.3,24.9,1.11,synthetic response curve (Mitscherlich-style) + noise; NOT measured yield
3827,Soybean,27.4,83.8,19.1,1.85,9,clay,394,6.9,179,0.61,8.13,308.9,28.3,-0.53,synthetic response curve (Mitscherlich-style) + noise; NOT measured yield
3828,Cotton,7.1,15.0,10.0,1.22,2,loam,423,33.9,105,0.46,6.24,31.6,25.8,1.42,synthetic response curve (Mitscherlich-style) + noise; NOT measured yield
3829,Wheat,82.2,26.2,48.0,3.52,10,sandy,406,19.9,108,0.42,7.35,161.6,30.5,1.08,synthetic response curve (Mitscherlich-style) + noise; NOT measured yield
3830,Wheat,160.7,73.4,69.2,4.52,6,clay,519,19.2,249,0.74,8.43,62.9,34.0,-0.65,synthetic response curve (Mitscherlich-style) + noise; NOT measured yield
3831,Cotton,175.7,40.2,76.4,1.81,3,sandy,372,40.2,47,0.71,5.83,269.1,34.2,1.27,synthetic response curve (Mitscherlich-style) + noise; NOT measured yield
3832,Pigeon pea,14.8,8.5,34.5,0.76,8,clay,424,7.3,331,0.54,8.08,49.2,25.3,-0.67,synthetic response curve (Mitscherlich-style) + noise; NOT measured yield
3833,Cotton,122.2,38.7,80.2,1.23,8,clay,521,13.6,201,0.8,6.84,35.6,29.0,-3.39,synthetic response curve (Mitscherlich-style) + noise; NOT measured yield
3834,Potato,214.2,12.3,63.1,16.2,11,loam,488,11.8,30,0.51,7.01,71.5,34.8,0.52,synthetic response curve (Mitscherlich-style) + noise; NOT measured yield
3835,Onion,76.4,31.2,89.0,23.4,7,clay,277,9.4,111,0.44,8.63,55.5,23.9,-0.51,synthetic response curve (Mitscherlich-style) + noise; NOT measured yield
3836,Wheat,145.1,16.5,23.6,2.97,12,loam,211,41.3,144,0.49,6.39,332.9,23.4,-0.07,synthetic response curve (Mitscherlich-style) + noise; NOT measured yield
3837,Mustard,22.4,10.7,23.7,0.82,5,loam,391,4.3,250,0.71,6.14,213.6,18.1,-1.21,synthetic response curve (Mitscherlich-style) + noise; NOT measured yield
3838,Mustard,70.5,14.2,30.8,0.98,10,sandy,304,15.4,30,0.33,7.11,352.5,24.2,-1.08,synthetic response curve (Mitscherlich-style) + noise; NOT measured yield
3839,Sunflower,82.4,17.6,17.9,1.88,15,clay,508,49.1,326,0.8,8.36,268.1,29.9,0.23,synthetic response curve (Mitscherlich-style) + noise; NOT measured yield
3840,Pearl millet,15.3,44.3,45.5,2.5,9,clay,453,12.2,363,0.74,6.62,295.4,22.4,0.94,synthetic response curve (Mitscherlich-style) + noise; NOT measured yield
3841,Onion,52.9,57.6,22.9,26.87,11,loam,429,10.7,295,0.65,7.0,91.3,22.4,-0.32,synthetic response curve (Mitscherlich-style) + noise; NOT measured yield
3842,Pigeon pea,0.4,59.6,16.1,1.11,6,clay,271,6.7,247,0.48,7.37,116.8,31.6,0.23,synthetic response curve (Mitscherlich-style) + noise; NOT measured yield
3843,Wheat,44.7,17.2,43.2,3.12,11,loam,343,6.8,270,0.61,6.84,684.3,25.5,0.65,synthetic response curve (Mitscherlich-style) + noise; NOT measured yield
3844,Ragi,77.2,22.3,5.7,1.5,13,sandy,319,77.6,82,0.24,6.07,132.1,25.2,0.96,synthetic response curve (Mitscherlich-style) + noise; NOT measured yield
3845,Green gram,20.2,0.1,19.9,0.41,14,clay,315,5.6,317,0.85,7.87,53.5,22.3,-0.08,synthetic response curve (Mitscherlich-style) + noise; NOT measured yield
3846,Maize,90.6,75.6,22.6,4.85,14,clay,371,12.8,323,0.86,9.2,31.1,29.9,-0.09,synthetic response curve (Mitscherlich-style) + noise; NOT measured yield
3847,Wheat,158.9,21.0,31.8,3.15,5,loam,254,11.2,281,0.47,7.08,2.4,27.4,1.49,synthetic response curve (Mitscherlich-style) + noise; NOT measured yield
3848,Sunflower,49.1,26.2,34.4,1.34,13,sandy,351,7.9,98,0.17,5.99,161.9,22.6,0.53,synthetic response curve (Mitscherlich-style) + noise; NOT measured yield
3849,Cotton,58.7,35.2,49.7,1.57,6,clay,437,41.5,205,0.29,7.52,180.9,34.0,-1.71,synthetic response curve (Mitscherlich-style) + noise; NOT measured yield
3850,Chilli,95.9,48.1,23.4,1.89,14,clay,434,18.6,258,0.81,7.48,224.1,23.5,-0.39,synthetic response curve (Mitscherlich-style) + noise; NOT measured yield
3851,Groundnut,18.2,6.1,0.2,0.94,1,clay,248,7.3,77,0.43,7.02,55.6,27.6,0.15,synthetic response curve (Mitscherlich-style) + noise; NOT measured yield
3852,Cotton,175.0,42.1,50.5,1.87,14,clay,333,15.3,170,0.58,5.97,143.2,25.1,0.85,synthetic response curve (Mitscherlich-style) + noise; NOT measured yield
3853,Wheat,8.3,43.6,1.6,3.07,4,sandy,337,4.9,179,0.32,6.11,85.4,26.3,-1.01,synthetic response curve (Mitscherlich-style) + noise; NOT measured yield
3854,Wheat,138.6,63.3,41.9,4.61,4,sandy,143,12.6,224,0.15,6.46,85.3,20.9,1.08,synthetic response curve (Mitscherlich-style) + noise; NOT measured yield
3855,Wheat,93.7,8.1,44.3,2.17,9,clay,641,3.9,245,0.76,5.87,143.3,24.3,0.66,synthetic response curve (Mitscherlich-style) + noise; NOT measured yield
3856,Cotton,90.3,62.0,16.3,1.7,8,clay,332,18.9,554,0.45,8.82,145.2,31.9,0.5,synthetic response curve (Mitscherlich-style) + noise; NOT measured yield
3857,Chilli,63.1,41.0,15.2,1.81,3,sandy,479,31.8,140,0.69,7.03,83.6,26.2,-0.73,synthetic response curve (Mitscherlich-style) + noise; NOT measured yield
3858,Soybean,16.9,29.3,6.7,1.79,9,clay,485,34.8,245,0.94,7.5,92.7,26.6,-0.23,synthetic response curve (Mitscherlich-style) + noise; NOT measured yield
3859,Ragi,6.9,17.3,9.2,1.18,13,sandy,393,21.4,30,0.54,5.8,335.6,24.8,1.77,synthetic response curve (Mitscherlich-style) + noise; NOT measured yield
3860,Cotton,36.5,53.1,52.6,1.81,8,clay,324,32.1,351,0.32,7.54,148.1,29.6,-0.54,synthetic response curve (Mitscherlich-style) + noise; NOT measured yield
3861,Soybean,5.0,8.5,34.9,1.24,9,clay,256,4.7,185,0.5,8.14,158.3,25.4,-0.14,synthetic response curve (Mitscherlich-style) + noise; NOT measured yield
3862,Maize,73.6,21.3,23.3,3.79,13,sandy,344,6.0,30,0.33,6.71,102.2,24.4,-0.04,synthetic response curve (Mitscherlich-style) + noise; NOT measured yield
3863,Rice,96.2,35.6,42.6,3.29,3,sandy,382,4.2,199,0.29,7.0,334.1,31.1,-0.2,synthetic response curve (Mitscherlich-style) + noise; NOT measured yield
3864,Wheat,166.7,4.6,5.7,2.37,5,loam,468,46.2,173,0.8,8.01,39.9,24.9,-1.74,synthetic response curve (Mitscherlich-style) + noise; NOT measured yield
3865,Chilli,46.9,54.9,30.8,1.89,14,clay,540,13.2,314,0.73,8.41,83.9,20.8,-1.51,synthetic response curve (Mitscherlich-style) + noise; NOT measured yield
3866,Cotton,156.7,43.7,80.4,1.96,3,sandy,387,20.0,30,0.82,6.83,113.7,29.6,0.79,synthetic response curve (Mitscherlich-style) + noise; NOT measured yield
3867,Maize,74.0,23.2,41.9,4.2,4,sandy,154,7.6,82,0.2,6.22,492.2,22.3,-0.53,synthetic response curve (Mitscherlich-style) + noise; NOT measured yield
3868,Rice,172.5,48.7,0.9,3.53,5,loam,388,16.9,206,0.63,6.71,103.7,25.5,-0.62,synthetic response curve (Mitscherlich-style) + noise; NOT measured yield
3869,Ragi,20.3,1.5,32.1,1.22,13,sandy,525,14.3,189,0.68,7.01,37.5,21.2,-0.85,synthetic response curve (Mitscherlich-style) + noise; NOT measured yield
3870,Cotton,97.3,33.8,6.4,1.05,3,sandy,410,7.5,31,0.67,6.46,175.4,32.9,-1.17,synthetic response curve (Mitscherlich-style) + noise; NOT measured yield
3871,Sunflower,22.3,59.3,1.2,1.22,6,clay,628,22.0,174,0.98,7.03,474.5,31.1,-0.61,synthetic response curve (Mitscherlich-style) + noise; NOT measured yield
3872,Maize,20.5,85.8,24.3,4.56,7,clay,342,11.7,288,0.61,8.03,215.4,20.4,0.47,synthetic response curve (Mitscherlich-style) + noise; NOT measured yield
3873,Soybean,10.0,78.0,28.1,1.99,2,loam,415,4.9,235,0.48,9.2,59.8,24.5,-0.17,synthetic response curve (Mitscherlich-style) + noise; NOT measured yield
3874,Sorghum,8.6,24.5,14.8,1.77,2,loam,492,22.5,171,0.68,7.48,50.5,21.4,-2.24,synthetic response curve (Mitscherlich-style) + noise; NOT measured yield
3875,Soybean,35.5,11.9,22.5,1.43,6,clay,320,6.2,95,0.64,6.68,688.2,26.1,0.45,synthetic response curve (Mitscherlich-style) + noise; NOT measured yield
3876,Maize,184.6,23.7,70.6,5.32,2,loam,476,36.8,237,0.77,6.84,235.5,29.4,0.21,synthetic response curve (Mitscherlich-style) + noise; NOT measured yield
3877,Mustard,89.4,43.0,13.6,1.1,15,clay,211,6.9,197,0.52,8.06,662.3,26.7,-1.54,synthetic response curve (Mitscherlich-style) + noise; NOT measured yield
3878,Lentil,27.6,2.7,2.7,0.61,7,clay,404,25.6,275,0.76,8.77,228.7,25.2,-1.21,synthetic response curve (Mitscherlich-style) + noise; NOT measured yield
3879,Green gram,2.1,8.3,15.3,0.66,1,clay,518,8.8,275,0.76,7.98,456.2,23.7,-0.25,synthetic response curve (Mitscherlich-style) + noise; NOT measured yield
3880,Pearl millet,89.0,4.9,27.9,1.57,10,sandy,235,15.6,186,0.31,6.97,22.6,24.0,-0.55,synthetic response curve (Mitscherlich-style) + noise; NOT measured yield
3881,Maize,60.3,74.4,59.4,5.95,12,loam,368,29.2,116,0.67,6.56,114.8,29.6,0.07,synthetic response curve (Mitscherlich-style) + noise; NOT measured yield
3882,Pearl millet,102.3,19.9,25.4,1.61,10,sandy,221,5.3,202,0.47,6.17,143.7,29.3,-0.35,synthetic response curve (Mitscherlich-style) + noise; NOT measured yield
3883,Cotton,96.9,19.8,3.5,1.23,9,clay,351,15.1,252,0.5,7.17,19.6,19.5,-0.71,synthetic response curve (Mitscherlich-style) + noise; NOT measured yield
3884,Sorghum,28.1,0.7,27.7,1.24,2,loam,394,6.0,132,0.58,6.11,219.9,29.4,0.15,synthetic response curve (Mitscherlich-style) + noise; NOT measured yield
3885,Potato,131.3,107.6,43.8,20.85,11,loam,505,5.0,112,0.92,6.44,95.1,23.3,0.58,synthetic response curve (Mitscherlich-style) + noise; NOT measured yield
3886,Rice,62.3,2.3,30.3,1.99,15,clay,283,4.0,137,0.77,8.87,499.9,25.0,0.95,synthetic response curve (Mitscherlich-style) + noise; NOT measured yield
3887,Soybean,13.0,18.5,11.4,1.53,6,clay,397,2.1,281,0.56,6.79,190.7,26.9,0.02,synthetic response curve (Mitscherlich-style) + noise; NOT measured yield
3888,Sorghum,94.4,9.6,30.9,1.77,2,loam,243,11.4,126,0.66,7.51,21.6,18.7,3.02,synthetic response curve (Mitscherlich-style) + noise; NOT measured yield
3889,Rice,103.9,50.5,21.0,3.59,4,sandy,350,12.3,92,0.51,6.05,150.8,27.2,-0.76,synthetic response curve (Mitscherlich-style) + noise; NOT measured yield
3890,Pearl millet,22.4,7.1,34.2,1.46,10,sandy,421,27.0,30,0.47,7.05,49.6,32.0,0.57,synthetic response curve (Mitscherlich-style) + noise; NOT measured yield
3891,Ragi,47.5,0.4,41.2,1.13,10,sandy,459,12.1,36,0.72,5.79,382.8,24.5,-0.61,synthetic response curve (Mitscherlich-style) + noise; NOT measured yield
3892,Cotton,34.6,52.3,38.4,1.64,14,clay,272,10.7,147,0.63,6.38,16.3,27.0,-0.22,synthetic response curve (Mitscherlich-style) + noise; NOT measured yield
3893,Sugarcane,260.7,67.0,86.2,81.3,7,clay,430,32.9,235,0.37,7.01,81.1,29.4,1.86,synthetic response curve (Mitscherlich-style) + noise; NOT measured yield
3894,Cotton,154.2,65.5,11.8,1.56,14,clay,386,8.9,206,0.62,7.45,74.1,25.9,-0.28,synthetic response curve (Mitscherlich-style) + noise; NOT measured yield
3895,Wheat,79.1,78.8,28.0,3.42,5,loam,350,13.4,246,0.55,6.68,34.3,25.8,-0.63,synthetic response curve (Mitscherlich-style) + noise; NOT measured yield
3896,Cotton,177.7,69.9,56.6,1.94,8,clay,436,19.5,413,0.56,7.72,365.7,29.2,0.03,synthetic response curve (Mitscherlich-style) + noise; NOT measured yield
3897,Maize,159.7,85.9,79.2,5.56,10,sandy,404,22.8,207,0.81,6.53,48.2,25.6,-1.55,synthetic response curve (Mitscherlich-style) + noise; NOT measured yield
3898,Chickpea,17.2,71.0,38.1,1.44,5,loam,445,5.1,271,0.22,6.59,297.3,30.4,-1.07,synthetic response curve (Mitscherlich-style) + noise; NOT measured yield
3899,Green gram,25.7,46.6,26.5,0.84,6,clay,335,19.8,268,0.85,7.27,272.4,26.7,0.62,synthetic response curve (Mitscherlich-style) + noise; NOT measured yield
3900,Tomato,169.1,46.1,116.8,34.04,13,sandy,363,19.5,109,0.69,6.6,106.9,25.8,-0.51,synthetic response curve (Mitscherlich-style) + noise; NOT measured yield
3901,Wheat,117.8,19.0,62.4,3.12,9,clay,342,11.3,119,0.49,7.39,241.3,27.0,1.4,synthetic response curve (Mitscherlich-style) + noise; NOT measured yield
3902,Pearl millet,74.8,53.3,16.4,1.81,10,sandy,348,12.6,180,0.35,7.18,90.5,21.7,1.15,synthetic response curve (Mitscherlich-style) + noise; NOT measured yield
3903,Pearl millet,104.9,50.2,21.4,2.2,10,sandy,273,12.9,267,0.61,6.68,274.7,29.3,-0.18,synthetic response curve (Mitscherlich-style) + noise; NOT measured yield
3904,Rice,8.9,14.3,9.6,3.87,12,loam,266,22.9,206,0.49,8.21,191.9,21.9,0.34,synthetic response curve (Mitscherlich-style) + noise; NOT measured yield
3905,Sugarcane,20.5,95.8,12.9,56.58,15,clay,409,49.4,196,0.78,7.9,242.6,23.7,-0.55,synthetic response curve (Mitscherlich-style) + noise; NOT measured yield
3906,Pigeon pea,10.2,16.5,32.5,0.9,6,clay,372,3.0,417,0.72,5.82,209.8,30.3,1.1,synthetic response curve (Mitscherlich-style) + noise; NOT measured yield
3907,Cotton,82.7,16.0,33.7,1.04,6,clay,283,8.7,209,0.6,7.85,345.1,33.2,-0.63,synthetic response curve (Mitscherlich-style) + noise; NOT measured yield
3908,Sorghum,69.2,3.1,46.9,1.28,14,clay,506,8.2,237,0.7,7.51,161.4,23.5,1.87,synthetic response curve (Mitscherlich-style) + noise; NOT measured yield
3909,Maize,1.5,17.7,78.6,5.36,8,clay,452,63.0,229,0.57,7.63,324.1,28.2,1.19,synthetic response curve (Mitscherlich-style) + noise; NOT measured yield
3910,Cotton,116.5,20.0,38.1,1.29,14,clay,416,8.9,119,0.72,8.29,43.4,24.3,-1.82,synthetic response curve (Mitscherlich-style) + noise; NOT measured yield
3911,Sorghum,113.9,23.2,18.2,1.94,14,clay,252,8.5,246,0.71,7.64,127.3,29.9,0.0,synthetic response curve (Mitscherlich-style) + noise; NOT measured yield
3912,Wheat,143.0,79.8,0.2,2.58,12,loam,290,30.5,198,0.57,8.34,137.3,21.9,-1.08,synthetic response curve (Mitscherlich-style) + noise; NOT measured yield
3913,Potato,39.8,112.7,100.6,22.97,11,loam,367,9.7,100,0.53,6.53,108.3,28.3,-1.31,synthetic response curve (Mitscherlich-style) + noise; NOT measured yield
3914,Mustard,72.2,41.7,43.3,1.43,15,clay,360,66.4,332,0.35,7.68,65.3,26.3,-0.43,synthetic response curve (Mitscherlich-style) + noise; NOT measured yield
3915,Sugarcane,173.9,106.7,109.0,86.48,5,loam,344,13.6,201,0.41,7.97,76.0,25.9,-0.26,synthetic response curve (Mitscherlich-style) + noise; NOT measured yield
3916,Onion,32.6,45.7,19.5,27.21,7,clay,448,7.8,349,0.65,7.49,254.8,30.1,0.17,synthetic response curve (Mitscherlich-style) + noise; NOT measured yield
3917,Soybean,10.0,17.8,41.6,1.56,9,clay,342,6.9,225,0.71,9.13,246.7,25.9,1.45,synthetic response curve (Mitscherlich-style) + noise; NOT measured yield
3918,Rice,153.4,83.7,32.2,4.33,3,sandy,369,22.8,164,0.6,6.34,66.3,29.7,1.11,synthetic response curve (Mitscherlich-style) + noise; NOT measured yield
3919,Chilli,72.0,47.4,68.1,2.33,8,clay,377,12.7,224,0.62,7.61,72.6,32.4,0.15,synthetic response curve (Mitscherlich-style) + noise; NOT measured yield
3920,Pearl millet,106.7,12.7,47.1,1.44,10,sandy,420,9.1,101,0.66,6.67,61.8,19.8,0.84,synthetic response curve (Mitscherlich-style) + noise; NOT measured yield
3921,Ragi,87.7,33.4,44.3,1.88,8,clay,262,19.2,360,0.27,9.2,99.1,31.2,0.68,synthetic response curve (Mitscherlich-style) + noise; NOT measured yield
3922,Pearl millet,32.6,8.8,47.7,1.45,10,sandy,72,13.3,127,0.12,6.4,15.9,23.9,-1.0,synthetic response curve (Mitscherlich-style) + noise; NOT measured yield
3923,Potato,185.2,72.4,2.1,10.96,2,loam,392,23.2,30,0.67,7.04,131.7,24.9,0.73,synthetic response curve (Mitscherlich-style) + noise; NOT measured yield
3924,Cotton,125.7,73.4,25.2,1.69,8,clay,385,7.0,298,0.7,7.24,160.8,29.4,-0.03,synthetic response curve (Mitscherlich-style) + noise; NOT measured yield
3925,Sorghum,103.5,52.0,37.8,2.36,14,clay,299,3.8,125,0.51,7.04,523.1,31.7,-1.19,synthetic response curve (Mitscherlich-style) + noise; NOT measured yield
3926,Mustard,95.1,28.6,4.1,0.65,4,sandy,266,11.3,30,0.46,6.33,702.3,20.6,1.43,synthetic response curve (Mitscherlich-style) + noise; NOT measured yield
3927,Groundnut,24.4,50.7,30.9,1.64,7,clay,576,39.8,300,0.82,8.75,161.5,24.0,-0.23,synthetic response curve (Mitscherlich-style) + noise; NOT measured yield
3928,Mustard,63.6,48.2,44.0,1.29,10,sandy,499,24.6,137,0.53,6.24,45.7,26.4,-0.37,synthetic response curve (Mitscherlich-style) + noise; NOT measured yield
3929,Chilli,21.3,61.9,33.5,1.96,10,sandy,204,19.0,60,0.19,5.66,135.5,23.4,0.3,synthetic response curve (Mitscherlich-style) + noise; NOT measured yield
3930,Sugarcane,3.4,79.1,103.4,59.59,3,sandy,268,3.9,154,0.38,7.46,51.9,29.3,0.85,synthetic response curve (Mitscherlich-style) + noise; NOT measured yield
3931,Onion,127.8,54.3,74.6,23.84,2,loam,581,34.4,261,0.8,7.29,128.3,25.8,-0.82,synthetic response curve (Mitscherlich-style) + noise; NOT measured yield
3932,Rice,171.0,81.1,66.2,5.28,12,loam,423,31.6,246,0.48,6.02,207.7,21.2,0.96,synthetic response curve (Mitscherlich-style) + noise; NOT measured yield
3933,Cotton,166.9,31.7,38.0,1.53,8,clay,391,25.4,309,0.68,8.24,50.8,30.1,-0.83,synthetic response curve (Mitscherlich-style) + noise; NOT measured yield
3934,Sorghum,84.3,6.4,44.9,1.53,14,clay,515,13.0,314,0.72,6.55,3.9,25.3,-2.04,synthetic response curve (Mitscherlich-style) + noise; NOT measured yield
3935,Green gram,15.2,47.9,14.9,0.81,15,clay,358,11.4,320,0.61,8.61,295.1,31.0,-0.39,synthetic response curve (Mitscherlich-style) + noise; NOT measured yield
3936,Maize,56.7,40.2,65.8,4.9,3,sandy,383,11.0,193,0.58,6.09,67.1,23.2,1.89,synthetic response curve (Mitscherlich-style) + noise; NOT measured yield
3937,Mustard,80.9,1.2,45.8,0.84,6,clay,481,21.7,236,0.77,7.8,69.6,29.2,0.5,synthetic response curve (Mitscherlich-style) + noise; NOT measured yield
3938,Maize,99.4,11.0,19.3,3.25,13,sandy,407,7.7,131,0.48,6.33,17.2,25.8,2.39,synthetic response curve (Mitscherlich-style) + noise; NOT measured yield
3939,Pearl millet,0.4,34.9,26.0,2.19,5,loam,538,8.2,268,0.81,7.46,52.0,26.6,-0.02,synthetic response curve (Mitscherlich-style) + noise; NOT measured yield
3940,Cotton,80.6,71.2,25.7,1.38,3,sandy,343,7.6,150,0.5,6.44,202.1,31.6,-1.61,synthetic response curve (Mitscherlich-style) + noise; NOT measured yield
3941,Chilli,120.6,60.2,54.3,1.71,3,sandy,474,8.4,38,0.59,4.89,147.9,29.5,-0.66,synthetic response curve (Mitscherlich-style) + noise; NOT measured yield
3942,Chilli,8.6,40.0,14.2,1.87,8,clay,324,11.7,321,0.5,8.53,176.4,31.5,0.64,synthetic response curve (Mitscherlich-style) + noise; NOT measured yield
3943,Pigeon pea,24.3,8.9,21.7,1.07,6,clay,321,21.5,176,0.37,8.59,316.2,29.5,1.51,synthetic response curve (Mitscherlich-style) + noise; NOT measured yield
3944,Sorghum,52.9,56.0,45.2,2.52,14,clay,261,21.7,264,0.58,7.18,349.6,25.8,-1.03,synthetic response curve (Mitscherlich-style) + noise; NOT measured yield
3945,Soybean,2.4,79.8,45.8,2.22,15,clay,419,20.7,338,0.63,8.56,606.0,21.4,0.71,synthetic response curve (Mitscherlich-style) + noise; NOT measured yield
3946,Sorghum,48.0,59.7,4.6,1.56,2,loam,382,37.6,99,0.5,8.1,38.4,25.6,-1.48,synthetic response curve (Mitscherlich-style) + noise; NOT measured yield
3947,Chilli,134.8,42.0,49.4,1.94,14,clay,442,8.7,294,0.57,8.05,286.5,27.2,-1.26,synthetic response curve (Mitscherlich-style) + noise; NOT measured yield
3948,Banana,20.0,21.9,248.3,29.08,2,loam,478,3.9,216,0.55,7.06,172.6,27.9,0.41,synthetic response curve (Mitscherlich-style) + noise; NOT measured yield
3949,Wheat,131.0,0.7,62.8,2.42,11,loam,470,20.2,204,0.99,8.07,160.1,26.5,-0.9,synthetic response curve (Mitscherlich-style) + noise; NOT measured yield
3950,Sunflower,69.2,39.0,50.4,1.69,15,clay,410,19.5,342,0.89,7.78,168.5,26.4,1.71,synthetic response curve (Mitscherlich-style) + noise; NOT measured yield
3951,Maize,84.4,91.1,27.9,5.23,6,clay,377,6.7,244,0.48,5.63,75.1,29.0,-0.54,synthetic response curve (Mitscherlich-style) + noise; NOT measured yield
3952,Turmeric,48.3,57.5,132.5,17.83,3,sandy,414,41.2,246,0.66,6.92,64.6,30.7,-1.19,synthetic response curve (Mitscherlich-style) + noise; NOT measured yield
3953,Groundnut,15.2,4.3,16.4,0.77,1,clay,424,5.8,345,0.73,9.2,621.7,28.3,-0.81,synthetic response curve (Mitscherlich-style) + noise; NOT measured yield
3954,Sunflower,83.8,40.6,31.0,1.66,6,clay,407,6.3,276,0.64,6.04,172.3,26.6,-0.4,synthetic response curve (Mitscherlich-style) + noise; NOT measured yield
3955,Rice,154.7,70.1,80.5,5.28,15,clay,393,40.3,297,0.56,7.65,479.0,29.0,1.17,synthetic response curve (Mitscherlich-style) + noise; NOT measured yield
3956,Maize,18.1,75.2,82.4,5.25,7,clay,462,15.1,267,0.62,8.5,61.9,23.6,0.57,synthetic response curve (Mitscherlich-style) + noise; NOT measured yield
3957,Onion,50.0,19.3,17.4,23.36,7,clay,467,6.6,348,0.73,8.26,46.2,20.3,-0.48,synthetic response curve (Mitscherlich-style) + noise; NOT measured yield
3958,Rice,17.3,65.0,79.9,3.23,1,clay,315,40.7,204,0.45,7.54,456.3,30.0,-1.66,synthetic response curve (Mitscherlich-style) + noise; NOT measured yield
3959,Mustard,90.2,36.0,19.7,1.09,10,sandy,195,11.6,174,0.3,7.01,246.9,26.6,-0.55,synthetic response curve (Mitscherlich-style) + noise; NOT measured yield
3960,Cotton,125.2,4.7,5.5,1.01,3,sandy,412,7.3,248,0.6,6.64,405.1,25.4,-1.07,synthetic response curve (Mitscherlich-style) + noise; NOT measured yield
3961,Rice,130.6,14.0,32.5,3.16,11,loam,385,14.5,325,0.6,6.28,340.2,23.1,0.31,synthetic response curve (Mitscherlich-style) + noise; NOT measured yield
3962,Tomato,9.0,46.0,72.5,29.98,13,sandy,299,6.1,93,0.56,7.15,27.7,24.1,0.59,synthetic response curve (Mitscherlich-style) + noise; NOT measured yield
3963,Rice,112.9,10.0,43.2,2.71,12,loam,364,17.7,286,0.47,7.28,281.5,25.6,1.13,synthetic response curve (Mitscherlich-style) + noise; NOT measured yield
3964,Chilli,103.4,20.4,17.3,1.8,8,clay,271,12.8,360,0.64,7.81,75.7,30.8,0.72,synthetic response curve (Mitscherlich-style) + noise; NOT measured yield
3965,Pearl millet,44.3,9.1,0.2,0.86,10,sandy,259,3.5,30,0.17,6.76,121.7,29.9,-2.23,synthetic response curve (Mitscherlich-style) + noise; NOT measured yield
3966,Banana,202.6,63.0,152.7,41.28,6,clay,508,11.1,302,0.82,8.1,113.9,26.2,0.02,synthetic response curve (Mitscherlich-style) + noise; NOT measured yield
3967,Rice,88.9,35.7,55.3,3.96,11,loam,486,15.6,210,0.84,5.96,230.5,25.5,-0.25,synthetic response curve (Mitscherlich-style) + noise; NOT measured yield
3968,Potato,44.9,87.6,82.9,23.16,11,loam,479,8.6,112,0.57,7.92,300.4,25.0,0.14,synthetic response curve (Mitscherlich-style) + noise; NOT measured yield
3969,Chilli,22.7,31.9,24.2,2.01,3,sandy,230,40.8,137,0.45,7.87,85.8,32.1,1.37,synthetic response curve (Mitscherlich-style) + noise; NOT measured yield
3970,Banana,220.0,39.4,164.3,30.91,5,loam,389,6.7,254,0.44,7.01,313.8,25.3,0.5,synthetic response curve (Mitscherlich-style) + noise; NOT measured yield
3971,Maize,104.9,65.0,26.0,5.44,12,loam,442,20.6,179,0.71,7.85,847.7,30.9,0.39,synthetic response curve (Mitscherlich-style) + noise; NOT measured yield
3972,Sorghum,98.4,58.8,17.0,2.49,7,clay,273,12.0,258,0.61,8.29,295.9,25.3,-0.17,synthetic response curve (Mitscherlich-style) + noise; NOT measured yield
3973,Rice,112.7,34.6,19.1,3.88,4,sandy,285,40.6,136,0.24,5.57,120.5,22.3,0.81,synthetic response curve (Mitscherlich-style) + noise; NOT measured yield
3974,Mustard,77.4,9.9,11.4,0.82,15,clay,353,8.3,274,0.68,8.06,843.4,28.8,-0.0,synthetic response curve (Mitscherlich-style) + noise; NOT measured yield
3975,Cotton,21.3,5.5,37.9,1.13,14,clay,528,18.1,294,0.72,7.09,302.6,24.3,0.96,synthetic response curve (Mitscherlich-style) + noise; NOT measured yield
3976,Rice,55.6,15.9,62.4,2.8,12,loam,349,20.9,181,0.63,5.0,591.3,26.9,-3.08,synthetic response curve (Mitscherlich-style) + noise; NOT measured yield
3977,Onion,138.0,29.2,10.5,19.18,7,clay,426,17.3,249,0.56,8.24,155.8,21.5,-1.29,synthetic response curve (Mitscherlich-style) + noise; NOT measured yield
3978,Green gram,29.3,16.9,9.7,0.58,9,clay,408,6.1,229,0.72,6.95,760.2,20.1,-1.46,synthetic response curve (Mitscherlich-style) + noise; NOT measured yield
3979,Potato,7.2,102.1,108.6,19.53,15,clay,346,13.3,121,0.85,6.06,62.8,30.7,0.68,synthetic response curve (Mitscherlich-style) + noise; NOT measured yield
3980,Soybean,6.5,8.7,10.1,1.37,8,clay,396,15.2,463,0.56,8.52,903.1,27.4,-1.57,synthetic response curve (Mitscherlich-style) + noise; NOT measured yield
3981,Tomato,62.5,75.1,37.9,31.25,13,sandy,321,13.4,113,0.41,6.25,138.2,23.1,-1.07,synthetic response curve (Mitscherlich-style) + noise; NOT measured yield
3982,Maize,26.3,8.5,32.6,3.77,13,sandy,227,20.9,236,0.1,6.82,48.7,22.7,0.97,synthetic response curve (Mitscherlich-style) + noise; NOT measured yield
3983,Ragi,70.2,8.5,16.7,1.65,13,sandy,366,17.8,162,0.26,6.55,187.8,24.6,-0.37,synthetic response curve (Mitscherlich-style) + noise; NOT measured yield
3984,Pearl millet,79.0,40.9,40.0,2.06,10,sandy,167,10.2,120,0.29,7.04,63.9,19.8,-0.28,synthetic response curve (Mitscherlich-style) + noise; NOT measured yield
3985,Pigeon pea,16.6,3.5,26.4,1.0,6,clay,415,24.4,401,0.59,7.45,59.0,29.3,-0.1,synthetic response curve (Mitscherlich-style) + noise; NOT measured yield
3986,Cotton,117.9,18.5,37.7,1.34,6,clay,395,14.4,284,0.5,8.12,633.3,25.6,-0.09,synthetic response curve (Mitscherlich-style) + noise; NOT measured yield
3987,Maize,193.5,2.1,21.9,3.61,13,sandy,261,36.3,165,0.41,6.68,51.9,25.5,3.13,synthetic response curve (Mitscherlich-style) + noise; NOT measured yield
3988,Maize,153.1,49.8,30.5,5.19,7,clay,394,19.1,329,0.67,7.99,370.8,23.2,2.38,synthetic response curve (Mitscherlich-style) + noise; NOT measured yield
3989,Wheat,144.5,60.1,8.8,3.14,4,sandy,302,30.4,93,0.26,7.62,50.4,20.6,0.58,synthetic response curve (Mitscherlich-style) + noise; NOT measured yield
3990,Banana,190.9,5.1,194.3,20.14,3,sandy,417,13.8,237,0.47,5.3,67.4,26.8,0.1,synthetic response curve (Mitscherlich-style) + noise; NOT measured yield
3991,Pearl millet,50.1,29.2,46.5,2.0,10,sandy,419,10.9,97,0.63,6.69,56.0,27.0,0.15,synthetic response curve (Mitscherlich-style) + noise; NOT measured yield
3992,Rice,63.4,34.4,3.2,3.49,15,clay,307,82.0,266,0.23,8.02,185.6,24.4,-0.63,synthetic response curve (Mitscherlich-style) + noise; NOT measured yield
3993,Soybean,9.0,82.7,50.0,2.12,6,clay,390,6.6,390,0.61,8.04,272.6,25.1,-0.44,synthetic response curve (Mitscherlich-style) + noise; NOT measured yield
3994,Pearl millet,34.8,35.8,23.4,1.97,10,sandy,228,11.2,101,0.11,6.2,80.1,21.8,1.62,synthetic response curve (Mitscherlich-style) + noise; NOT measured yield
3995,Rice,2.9,61.5,51.1,3.31,5,loam,228,25.7,100,0.35,8.35,377.2,24.8,-1.93,synthetic response curve (Mitscherlich-style) + noise; NOT measured yield
3996,Soybean,30.4,69.0,12.6,2.28,6,clay,472,39.1,292,0.79,6.84,267.6,28.9,1.26,synthetic response curve (Mitscherlich-style) + noise; NOT measured yield
3997,Sugarcane,151.8,27.1,140.3,60.67,7,clay,364,13.1,323,0.4,7.32,63.2,22.5,-0.87,synthetic response curve (Mitscherlich-style) + noise; NOT measured yield
3998,Pigeon pea,17.8,56.9,33.4,1.29,6,clay,336,15.6,138,0.6,8.59,52.1,31.4,0.36,synthetic response curve (Mitscherlich-style) + noise; NOT measured yield
3999,Chilli,28.7,65.7,27.2,1.94,13,sandy,369,15.8,112,0.39,5.99,133.8,20.0,0.48,synthetic response curve (Mitscherlich-style) + noise; NOT measured yield
4000,Lentil,15.5,25.3,24.0,0.89,14,clay,323,14.2,217,0.55,7.34,222.6,28.7,0.22,synthetic response curve (Mitscherlich-style) + noise; NOT measured yield
4001,Sugarcane,44.1,13.1,100.0,35.73,5,loam,404,10.0,312,0.72,6.91,262.6,29.7,-3.0,synthetic response curve (Mitscherlich-style) + noise; NOT measured yield
4002,Cotton,25.8,10.1,22.9,1.3,6,clay,446,29.4,367,0.51,9.2,172.5,26.0,0.89,synthetic response curve (Mitscherlich-style) + noise; NOT measured yield
4003,Rice,147.5,60.9,35.2,4.2,1,clay,437,41.8,121,1.09,8.27,42.9,27.7,0.36,synthetic response curve (Mitscherlich-style) + noise; NOT measured yield
4004,Wheat,171.9,50.7,26.4,3.86,12,loam,390,4.7,254,0.66,6.7,399.3,25.2,1.02,synthetic response curve (Mitscherlich-style) + noise; NOT measured yield
4005,Potato,188.5,22.7,79.1,18.3,11,loam,381,45.2,288,0.45,6.48,186.4,24.7,-0.94,synthetic response curve (Mitscherlich-style) + noise; NOT measured yield
4006,Tomato,19.3,93.3,71.8,26.89,13,sandy,312,14.9,155,0.5,5.07,111.5,26.7,0.5,synthetic response curve (Mitscherlich-style) + noise; NOT measured yield
4007,Chickpea,15.0,5.4,10.7,0.88,9,clay,534,6.7,313,0.61,8.61,290.5,21.3,-0.22,synthetic response curve (Mitscherlich-style) + noise; NOT measured yield
4008,Chilli,8.8,34.6,57.1,2.15,14,clay,463,27.3,169,0.76,7.88,117.4,30.0,0.86,synthetic response curve (Mitscherlich-style) + noise; NOT measured yield
4009,Rice,131.8,23.8,62.1,3.2,3,sandy,411,10.4,90,0.36,5.26,11.6,29.9,1.06,synthetic response curve (Mitscherlich-style) + noise; NOT measured yield
4010,Cotton,9.0,64.8,67.7,1.68,6,clay,374,8.9,295,0.76,8.13,346.3,28.8,0.73,synthetic response curve (Mitscherlich-style) + noise; NOT measured yield
4011,Sugarcane,65.3,101.4,34.2,63.65,7,clay,324,14.7,303,0.39,7.7,44.9,24.9,-0.78,synthetic response curve (Mitscherlich-style) + noise; NOT measured yield
4012,Chilli,23.3,52.7,18.7,1.86,12,loam,238,18.1,225,0.46,6.18,65.7,21.3,0.45,synthetic response curve (Mitscherlich-style) + noise; NOT measured yield
4013,Wheat,85.0,15.1,1.4,1.82,4,sandy,460,7.2,30,0.51,7.66,141.6,21.4,-1.01,synthetic response curve (Mitscherlich-style) + noise; NOT measured yield
4014,Cotton,138.2,57.8,23.1,1.65,5,loam,339,13.0,201,0.46,5.5,88.1,22.6,-0.38,synthetic response curve (Mitscherlich-style) + noise; NOT measured yield
4015,Cotton,113.5,64.9,73.6,1.96,2,loam,275,4.4,245,0.38,6.88,47.3,24.7,-1.13,synthetic response curve (Mitscherlich-style) + noise; NOT measured yield
4016,Potato,80.2,21.9,161.7,17.37,15,clay,373,9.1,193,0.83,7.45,370.6,30.0,-0.25,synthetic response curve (Mitscherlich-style) + noise; NOT measured yield
4017,Sugarcane,169.9,72.1,104.3,66.42,7,clay,518,8.4,175,0.89,8.25,240.8,26.1,-2.09,synthetic response curve (Mitscherlich-style) + noise; NOT measured yield
4018,Green gram,25.9,5.7,34.3,0.47,1,clay,520,7.5,329,0.62,8.05,18.0,31.0,-0.23,synthetic response curve (Mitscherlich-style) + noise; NOT measured yield
4019,Maize,66.1,12.4,1.7,2.99,4,sandy,374,33.8,62,0.45,6.81,66.7,22.8,-0.69,synthetic response curve (Mitscherlich-style) + noise; NOT measured yield
4020,Soybean,8.5,5.1,40.4,1.57,9,clay,488,24.3,239,0.76,7.39,500.1,24.1,-1.09,synthetic response curve (Mitscherlich-style) + noise; NOT measured yield
4021,Chilli,125.0,66.9,36.3,2.28,8,clay,499,71.8,250,0.84,7.85,33.7,33.3,-0.92,synthetic response curve (Mitscherlich-style) + noise; NOT measured yield
4022,Rice,120.8,78.0,1.1,4.21,8,clay,394,28.4,442,0.67,8.09,232.3,29.3,1.95,synthetic response curve (Mitscherlich-style) + noise; NOT measured yield
4023,Soybean,3.3,3.1,58.0,1.61,1,clay,379,20.7,326,0.41,6.8,41.3,26.6,1.06,synthetic response curve (Mitscherlich-style) + noise; NOT measured yield
4024,Cotton,4.5,10.4,18.0,1.21,14,clay,482,8.7,157,0.67,7.59,377.0,24.7,1.53,synthetic response curve (Mitscherlich-style) + noise; NOT measured yield
4025,Ragi,23.1,16.3,16.3,1.85,13,sandy,284,11.9,152,0.37,7.38,174.1,27.7,0.5,synthetic response curve (Mitscherlich-style) + noise; NOT measured yield
4026,Maize,92.2,58.6,0.7,3.9,4,sandy,339,14.3,137,0.51,6.34,103.6,25.8,0.27,synthetic response curve (Mitscherlich-style) + noise; NOT measured yield
4027,Soybean,2.8,37.3,42.1,1.78,6,clay,409,6.0,256,0.47,7.6,140.4,25.5,-1.1,synthetic response curve (Mitscherlich-style) + noise; NOT measured yield
4028,Sorghum,107.8,23.1,0.0,1.88,2,loam,357,11.7,213,0.67,6.09,34.0,28.7,0.46,synthetic response curve (Mitscherlich-style) + noise; NOT measured yield
4029,Maize,54.2,58.0,24.8,4.69,2,loam,312,27.5,223,0.56,8.83,59.4,26.1,0.98,synthetic response curve (Mitscherlich-style) + noise; NOT measured yield
4030,Maize,53.1,82.5,77.1,4.84,13,sandy,404,39.8,143,0.49,6.43,77.1,22.0,0.43,synthetic response curve (Mitscherlich-style) + noise; NOT measured yield
4031,Banana,140.1,7.3,70.1,27.88,2,loam,288,49.8,86,0.68,7.44,19.2,26.8,-1.94,synthetic response curve (Mitscherlich-style) + noise; NOT measured yield
4032,Soybean,26.2,11.5,24.6,1.71,6,clay,470,14.9,309,0.89,8.07,75.6,27.3,1.01,synthetic response curve (Mitscherlich-style) + noise; NOT measured yield
4033,Rice,172.1,54.4,24.8,3.85,15,clay,525,17.1,223,0.74,7.66,16.2,29.7,-1.42,synthetic response curve (Mitscherlich-style) + noise; NOT measured yield
4034,Wheat,171.9,54.2,44.2,3.73,5,loam,486,12.7,181,0.61,6.57,22.9,26.5,-0.06,synthetic response curve (Mitscherlich-style) + noise; NOT measured yield
4035,Chickpea,7.6,5.7,10.3,1.08,11,loam,360,14.1,82,0.35,6.62,57.8,28.8,0.12,synthetic response curve (Mitscherlich-style) + noise; NOT measured yield
4036,Sorghum,119.2,2.9,18.5,2.3,2,loam,341,49.0,333,0.66,6.82,91.1,24.8,0.49,synthetic response curve (Mitscherlich-style) + noise; NOT measured yield
4037,Cotton,102.4,6.5,31.9,1.04,14,clay,307,10.3,373,0.52,8.11,294.8,32.1,-1.34,synthetic response curve (Mitscherlich-style) + noise; NOT measured yield
4038,Chilli,41.3,68.9,40.5,2.2,14,clay,371,17.7,246,0.67,7.09,31.3,22.5,-0.17,synthetic response curve (Mitscherlich-style) + noise; NOT measured yield
4039,Rice,68.1,84.0,65.4,4.68,14,clay,483,9.7,199,0.75,8.73,539.4,19.6,-0.6,synthetic response curve (Mitscherlich-style) + noise; NOT measured yield
4040,Pearl millet,79.8,27.1,10.1,1.82,10,sandy,377,8.1,153,0.64,7.08,131.6,24.3,-0.45,synthetic response curve (Mitscherlich-style) + noise; NOT measured yield
4041,Rice,79.9,73.8,7.3,3.67,15,clay,207,55.0,275,0.51,6.14,164.5,26.8,-0.61,synthetic response curve (Mitscherlich-style) + noise; NOT measured yield
4042,Potato,75.9,42.0,169.5,18.4,11,loam,469,17.2,207,0.56,7.79,88.9,24.2,-1.96,synthetic response curve (Mitscherlich-style) + noise; NOT measured yield
4043,Mustard,33.0,51.4,34.5,1.5,6,clay,500,14.1,197,0.91,7.8,301.5,28.6,-1.37,synthetic response curve (Mitscherlich-style) + noise; NOT measured yield
4044,Sugarcane,23.7,35.7,40.1,47.4,14,clay,462,13.6,246,0.78,9.12,355.5,26.2,-0.99,synthetic response curve (Mitscherlich-style) + noise; NOT measured yield
4045,Rice,175.9,44.0,69.9,4.75,5,loam,431,21.5,231,0.41,8.03,154.6,23.1,1.4,synthetic response curve (Mitscherlich-style) + noise; NOT measured yield
4046,Turmeric,65.3,12.1,77.1,12.09,13,sandy,438,6.0,135,0.46,7.57,200.0,22.6,-1.54,synthetic response curve (Mitscherlich-style) + noise; NOT measured yield
4047,Chilli,4.9,61.4,36.7,2.05,14,clay,350,10.4,200,0.58,7.49,21.0,27.7,-0.17,synthetic response curve (Mitscherlich-style) + noise; NOT measured yield
4048,Sugarcane,93.4,7.4,17.6,39.21,7,clay,459,5.9,207,0.54,7.01,15.7,20.6,-0.69,synthetic response curve (Mitscherlich-style) + noise; NOT measured yield
4049,Sorghum,101.1,6.5,22.0,1.48,4,sandy,259,4.7,30,0.28,5.92,401.1,24.0,0.51,synthetic response curve (Mitscherlich-style) + noise; NOT measured yield
4050,Rice,167.8,31.2,8.6,3.25,3,sandy,330,15.5,126,0.67,6.33,599.0,23.4,0.03,synthetic response curve (Mitscherlich-style) + noise; NOT measured yield
4051,Chickpea,5.5,18.4,31.8,1.09,9,clay,624,6.6,365,1.02,7.98,201.4,27.7,-1.85,synthetic response curve (Mitscherlich-style) + noise; NOT measured yield
4052,Pearl millet,17.1,43.3,17.9,1.88,11,loam,344,11.2,193,0.63,7.63,340.2,26.8,0.48,synthetic response curve (Mitscherlich-style) + noise; NOT measured yield
4053,Soybean,34.1,76.6,40.7,2.13,9,clay,299,53.4,285,0.65,7.64,275.6,21.4,-0.08,synthetic response curve (Mitscherlich-style) + noise; NOT measured yield
4054,Pearl millet,6.3,17.7,9.4,1.61,10,sandy,444,18.3,86,0.7,6.88,198.6,29.7,1.14,synthetic response curve (Mitscherlich-style) + noise; NOT measured yield
4055,Rice,124.4,82.3,24.5,3.57,1,clay,383,16.9,255,0.47,7.38,57.2,31.4,-1.94,synthetic response curve (Mitscherlich-style) + noise; NOT measured yield
4056,Green gram,17.5,9.3,26.4,0.57,1,clay,460,21.7,210,0.78,7.35,89.3,25.6,-0.92,synthetic response curve (Mitscherlich-style) + noise; NOT measured yield
4057,Wheat,174.9,57.9,35.5,3.36,4,sandy,149,7.4,30,0.1,7.49,19.5,21.2,-0.19,synthetic response curve (Mitscherlich-style) + noise; NOT measured yield
4058,Ragi,67.3,24.6,2.2,1.65,14,clay,391,15.8,214,0.74,8.98,183.0,26.7,0.88,synthetic response curve (Mitscherlich-style) + noise; NOT measured yield
4059,Rice,74.7,59.4,62.9,4.37,8,clay,407,25.2,138,0.77,8.06,314.3,35.0,-1.26,synthetic response curve (Mitscherlich-style) + noise; NOT measured yield
4060,Green gram,0.3,34.2,29.6,0.68,6,clay,381,30.3,348,0.62,7.41,200.7,24.7,-0.46,synthetic response curve (Mitscherlich-style) + noise; NOT measured yield
4061,Wheat,121.6,81.4,63.8,4.02,10,sandy,201,14.7,30,0.32,6.86,118.3,25.6,-0.6,synthetic response curve (Mitscherlich-style) + noise; NOT measured yield
4062,Green gram,22.1,13.3,21.6,0.68,7,clay,350,10.1,230,0.56,7.76,55.6,31.5,0.52,synthetic response curve (Mitscherlich-style) + noise; NOT measured yield
4063,Cotton,91.2,48.3,82.8,1.85,3,sandy,326,7.4,209,0.43,5.96,636.2,24.6,0.06,synthetic response curve (Mitscherlich-style) + noise; NOT measured yield
4064,Cotton,80.4,69.8,73.3,1.92,8,clay,285,24.3,390,0.58,7.16,66.4,29.0,-0.29,synthetic response curve (Mitscherlich-style) + noise; NOT measured yield
4065,Banana,6.2,1.4,266.8,22.87,11,loam,525,14.5,261,0.7,6.28,83.9,27.4,0.94,synthetic response curve (Mitscherlich-style) + noise; NOT measured yield
4066,Chilli,112.1,5.2,10.5,1.15,14,clay,402,7.6,247,0.86,7.18,49.4,25.0,0.37,synthetic response curve (Mitscherlich-style) + noise; NOT measured yield
4067,Soybean,29.8,2.3,39.3,1.22,6,clay,399,17.0,260,0.78,9.2,520.4,22.2,-0.05,synthetic response curve (Mitscherlich-style) + noise; NOT measured yield
4068,Chilli,101.5,64.8,62.7,2.35,3,sandy,322,23.0,151,0.4,5.82,70.8,23.9,0.02,synthetic response curve (Mitscherlich-style) + noise; NOT measured yield
4069,Ragi,30.7,11.2,27.1,1.89,13,sandy,257,61.7,86,0.3,6.62,215.7,22.7,-1.3,synthetic response curve (Mitscherlich-style) + noise; NOT measured yield
4070,Cotton,171.2,72.7,20.9,1.17,6,clay,365,20.6,210,0.63,5.38,398.1,29.1,-1.53,synthetic response curve (Mitscherlich-style) + noise; NOT measured yield
4071,Chilli,123.0,13.8,48.3,1.48,3,sandy,370,5.1,64,0.64,8.48,135.6,27.3,0.68,synthetic response curve (Mitscherlich-style) + noise; NOT measured yield
4072,Chilli,67.3,43.6,62.6,1.97,8,clay,366,11.0,252,0.77,8.25,208.3,28.9,0.13,synthetic response curve (Mitscherlich-style) + noise; NOT measured yield
4073,Rice,6.9,30.1,40.2,3.62,1,clay,451,9.3,450,0.75,8.99,884.9,26.5,0.43,synthetic response curve (Mitscherlich-style) + noise; NOT measured yield
4074,Potato,98.0,87.9,0.1,21.57,15,clay,342,19.5,366,0.57,7.38,158.1,29.9,0.77,synthetic response curve (Mitscherlich-style) + noise; NOT measured yield
4075,Maize,146.8,14.4,17.6,3.4,12,loam,313,3.7,180,0.4,6.98,674.4,30.4,-0.83,synthetic response curve (Mitscherlich-style) + noise; NOT measured yield
4076,Onion,35.7,12.1,38.6,19.52,7,clay,348,10.7,230,0.65,8.39,201.4,32.8,-0.09,synthetic response curve (Mitscherlich-style) + noise; NOT measured yield
4077,Potato,137.6,40.6,75.3,18.68,9,clay,271,6.2,300,0.37,8.1,24.4,24.2,-1.32,synthetic response curve (Mitscherlich-style) + noise; NOT measured yield
4078,Cotton,120.5,70.5,83.5,1.81,6,clay,453,9.0,239,0.8,8.7,207.0,22.5,2.07,synthetic response curve (Mitscherlich-style) + noise; NOT measured yield
4079,Cotton,152.4,73.9,50.7,2.04,8,clay,530,8.3,316,0.71,8.59,170.6,26.8,0.82,synthetic response curve (Mitscherlich-style) + noise; NOT measured yield
4080,Potato,19.4,21.6,159.7,16.37,15,clay,526,6.3,387,0.76,8.51,454.6,26.9,0.64,synthetic response curve (Mitscherlich-style) + noise; NOT measured yield
4081,Rice,103.8,22.8,41.3,3.52,11,loam,371,12.1,349,0.48,7.78,89.8,26.2,-0.09,synthetic response curve (Mitscherlich-style) + noise; NOT measured yield
4082,Pearl millet,36.2,10.9,4.1,1.47,10,sandy,415,9.3,106,0.48,5.94,467.7,20.8,-0.6,synthetic response curve (Mitscherlich-style) + noise; NOT measured yield
4083,Rice,73.2,5.2,4.2,2.69,15,clay,564,11.1,113,1.02,7.94,82.3,23.9,0.18,synthetic response curve (Mitscherlich-style) + noise; NOT measured yield
4084,Turmeric,113.2,18.3,32.6,12.94,3,sandy,387,9.6,243,0.53,6.88,138.7,26.6,-0.53,synthetic response curve (Mitscherlich-style) + noise; NOT measured yield
4085,Sorghum,82.3,31.5,28.1,1.99,14,clay,299,12.1,219,0.54,9.11,12.5,20.3,1.3,synthetic response curve (Mitscherlich-style) + noise; NOT measured yield
4086,Chilli,86.1,8.1,60.5,1.44,3,sandy,330,8.1,91,0.41,6.03,620.8,25.8,0.43,synthetic response curve (Mitscherlich-style) + noise; NOT measured yield
4087,Rice,13.5,1.8,19.0,2.22,4,sandy,213,11.3,93,0.17,6.57,58.5,24.8,0.01,synthetic response curve (Mitscherlich-style) + noise; NOT measured yield
4088,Sugarcane,74.4,50.5,15.2,52.01,10,sandy,466,18.9,135,0.55,4.56,122.3,28.7,0.6,synthetic response curve (Mitscherlich-style) + noise; NOT measured yield
4089,Cotton,62.6,17.8,68.8,1.08,3,sandy,238,4.8,154,0.1,5.6,111.2,35.8,-0.74,synthetic response curve (Mitscherlich-style) + noise; NOT measured yield
4090,Rice,93.0,4.7,76.1,2.03,8,clay,318,3.4,178,0.62,7.29,224.4,30.5,-1.79,synthetic response curve (Mitscherlich-style) + noise; NOT measured yield
4091,Pigeon pea,14.4,12.7,5.7,0.78,6,clay,432,16.3,97,0.65,7.53,63.0,28.2,-1.15,synthetic response curve (Mitscherlich-style) + noise; NOT measured yield
4092,Sugarcane,81.3,3.6,136.6,45.43,1,clay,316,14.3,360,0.56,6.72,234.6,31.4,0.71,synthetic response curve (Mitscherlich-style) + noise; NOT measured yield
4093,Rice,170.4,59.8,72.8,4.62,3,sandy,350,13.3,220,0.13,6.01,26.6,30.9,0.22,synthetic response curve (Mitscherlich-style) + noise; NOT measured yield
4094,Ragi,59.0,25.7,5.7,1.43,7,clay,472,22.6,162,0.59,8.2,381.4,21.3,-2.34,synthetic response curve (Mitscherlich-style) + noise; NOT measured yield
4095,Banana,93.7,59.1,295.5,34.1,2,loam,194,19.7,254,0.61,7.79,48.7,22.7,0.03,synthetic response curve (Mitscherlich-style) + noise; NOT measured yield
4096,Potato,123.0,119.6,134.0,24.31,15,clay,422,17.0,231,0.69,8.14,706.8,30.1,0.23,synthetic response curve (Mitscherlich-style) + noise; NOT measured yield
4097,Maize,210.0,89.7,76.4,5.39,7,clay,466,39.4,131,0.69,8.12,67.2,25.0,-1.6,synthetic response curve (Mitscherlich-style) + noise; NOT measured yield
4098,Rice,149.4,83.7,7.0,3.02,12,loam,358,10.0,171,0.46,5.21,110.8,25.9,0.31,synthetic response curve (Mitscherlich-style) + noise; NOT measured yield
4099,Wheat,105.1,54.9,15.5,3.15,4,sandy,217,10.7,159,0.55,5.77,54.2,23.3,1.65,synthetic response curve (Mitscherlich-style) + noise; NOT measured yield
4100,Chickpea,24.5,21.1,16.3,1.08,9,clay,487,4.9,349,0.8,8.05,147.3,22.8,-1.09,synthetic response curve (Mitscherlich-style) + noise; NOT measured yield
4101,Ragi,24.4,28.8,46.8,2.09,2,loam,369,29.3,136,0.45,7.06,8.7,27.7,-1.77,synthetic response curve (Mitscherlich-style) + noise; NOT measured yield
4102,Rice,152.9,69.4,43.7,4.21,3,sandy,269,8.7,58,0.56,7.85,168.5,31.4,0.59,synthetic response curve (Mitscherlich-style) + noise; NOT measured yield
4103,Sunflower,32.9,32.8,36.4,1.34,11,loam,182,20.5,174,0.11,8.15,20.8,22.0,-0.06,synthetic response curve (Mitscherlich-style) + noise; NOT measured yield
4104,Pigeon pea,25.5,44.5,41.4,1.21,6,clay,431,14.9,256,0.79,8.25,416.2,25.3,-0.51,synthetic response curve (Mitscherlich-style) + noise; NOT measured yield
4105,Rice,83.7,25.3,13.8,4.12,15,clay,484,13.3,251,0.76,7.37,785.8,23.0,-0.19,synthetic response curve (Mitscherlich-style) + noise; NOT measured yield
4106,Mustard,40.3,24.4,40.7,1.5,15,clay,307,53.9,352,0.53,7.13,109.8,25.3,-0.09,synthetic response curve (Mitscherlich-style) + noise; NOT measured yield
4107,Mustard,26.5,22.3,6.2,1.04,2,loam,427,15.0,137,0.84,6.56,103.7,23.9,-1.27,synthetic response curve (Mitscherlich-style) + noise; NOT measured yield
4108,Pearl millet,79.0,0.0,19.2,1.18,10,sandy,387,9.5,164,0.37,5.8,185.4,25.8,-1.15,synthetic response curve (Mitscherlich-style) + noise; NOT measured yield
4109,Rice,120.8,3.1,14.6,2.04,12,loam,485,10.4,334,0.69,7.06,181.4,24.9,0.6,synthetic response curve (Mitscherlich-style) + noise; NOT measured yield
4110,Rice,76.2,60.5,30.0,3.01,5,loam,391,15.7,30,0.56,8.99,14.7,27.5,-0.64,synthetic response curve (Mitscherlich-style) + noise; NOT measured yield
4111,Maize,30.5,14.2,18.3,3.95,13,sandy,114,6.9,233,0.19,5.92,289.0,25.8,-0.65,synthetic response curve (Mitscherlich-style) + noise; NOT measured yield
4112,Maize,202.0,12.3,83.7,2.94,12,loam,437,15.0,82,0.68,8.95,569.8,22.1,-1.36,synthetic response curve (Mitscherlich-style) + noise; NOT measured yield
4113,Wheat,101.7,24.0,25.1,3.2,5,loam,401,10.1,210,0.88,6.8,335.3,26.0,-0.41,synthetic response curve (Mitscherlich-style) + noise; NOT measured yield
4114,Tomato,12.5,71.4,38.3,30.1,2,loam,439,8.4,64,0.65,7.9,128.1,29.9,0.63,synthetic response curve (Mitscherlich-style) + noise; NOT measured yield
4115,Sugarcane,315.0,13.9,39.7,61.19,7,clay,386,31.8,296,0.67,6.27,38.8,26.1,0.73,synthetic response curve (Mitscherlich-style) + noise; NOT measured yield
4116,Soybean,16.0,67.2,28.8,1.75,6,clay,516,13.8,214,0.8,9.2,228.4,26.1,-1.54,synthetic response curve (Mitscherlich-style) + noise; NOT measured yield
4117,Lentil,11.4,35.5,10.0,0.96,8,clay,326,5.6,181,0.23,7.86,265.0,28.7,0.13,synthetic response curve (Mitscherlich-style) + noise; NOT measured yield
4118,Ragi,35.8,32.8,30.9,1.93,4,sandy,204,70.3,138,0.44,6.8,360.1,16.8,-0.45,synthetic response curve (Mitscherlich-style) + noise; NOT measured yield
4119,Sorghum,37.1,37.2,29.6,2.41,5,loam,268,25.2,224,0.35,6.1,213.0,26.4,0.37,synthetic response curve (Mitscherlich-style) + noise; NOT measured yield
4120,Cotton,72.9,11.7,54.0,1.21,14,clay,459,15.1,227,0.93,7.62,26.6,21.0,-1.05,synthetic response curve (Mitscherlich-style) + noise; NOT measured yield
4121,Maize,67.6,71.1,52.2,5.27,13,sandy,256,11.3,97,0.55,6.09,148.4,23.9,0.81,synthetic response curve (Mitscherlich-style) + noise; NOT measured yield
4122,Maize,25.2,64.8,51.9,5.73,12,loam,343,22.2,119,0.47,6.06,202.6,30.0,0.19,synthetic response curve (Mitscherlich-style) + noise; NOT measured yield
4123,Cotton,33.0,76.3,68.3,1.68,6,clay,419,23.2,141,0.58,8.49,250.3,23.8,-0.56,synthetic response curve (Mitscherlich-style) + noise; NOT measured yield
4124,Green gram,27.6,52.7,35.0,0.76,8,clay,399,12.4,241,0.59,7.44,19.1,31.6,-0.96,synthetic response curve (Mitscherlich-style) + noise; NOT measured yield
4125,Rice,66.6,59.0,1.8,3.21,5,loam,409,20.5,178,0.66,6.85,161.5,29.4,0.15,synthetic response curve (Mitscherlich-style) + noise; NOT measured yield
4126,Chilli,41.7,34.8,62.2,2.17,7,clay,496,35.8,240,0.74,8.14,61.6,20.1,-1.04,synthetic response curve (Mitscherlich-style) + noise; NOT measured yield
4127,Rice,31.8,33.5,0.1,2.87,8,clay,386,30.5,197,0.49,8.87,162.2,29.6,-0.68,synthetic response curve (Mitscherlich-style) + noise; NOT measured yield
4128,Onion,120.1,60.6,90.4,28.98,13,sandy,253,17.9,214,0.43,6.39,532.4,22.4,0.68,synthetic response curve (Mitscherlich-style) + noise; NOT measured yield
4129,Rice,145.5,81.1,30.1,4.26,12,loam,418,34.3,259,0.78,6.25,145.2,28.6,-0.44,synthetic response curve (Mitscherlich-style) + noise; NOT measured yield
4130,Rice,53.9,45.9,57.7,3.72,3,sandy,141,5.5,209,0.25,5.37,134.3,30.5,-0.39,synthetic response curve (Mitscherlich-style) + noise; NOT measured yield
4131,Potato,104.3,4.8,104.1,12.35,15,clay,331,9.4,239,0.46,7.69,76.3,21.8,1.94,synthetic response curve (Mitscherlich-style) + noise; NOT measured yield
4132,Sorghum,42.3,4.2,6.3,1.81,2,loam,496,90.0,143,0.62,6.78,5.7,25.4,-1.47,synthetic response curve (Mitscherlich-style) + noise; NOT measured yield
4133,Groundnut,21.4,45.0,5.1,1.04,1,clay,495,14.7,160,0.96,8.76,576.3,32.8,0.43,synthetic response curve (Mitscherlich-style) + noise; NOT measured yield
4134,Maize,148.8,10.3,13.6,3.3,13,sandy,349,6.8,126,0.47,6.36,245.7,22.2,0.95,synthetic response curve (Mitscherlich-style) + noise; NOT measured yield
4135,Sugarcane,30.1,56.0,129.5,74.24,5,loam,306,39.6,359,0.39,7.74,96.0,23.9,0.28,synthetic response curve (Mitscherlich-style) + noise; NOT measured yield
4136,Ragi,31.5,29.7,10.1,1.72,13,sandy,347,10.8,139,0.43,7.51,274.8,30.7,-1.21,synthetic response curve (Mitscherlich-style) + noise; NOT measured yield
4137,Sorghum,52.3,45.8,3.9,1.81,2,loam,332,5.9,142,0.62,7.29,367.4,26.3,2.55,synthetic response curve (Mitscherlich-style) + noise; NOT measured yield
4138,Wheat,164.6,20.0,62.7,2.9,4,sandy,486,3.5,249,0.47,6.11,200.6,23.7,1.77,synthetic response curve (Mitscherlich-style) + noise; NOT measured yield
4139,Tomato,175.2,82.0,66.3,34.82,13,sandy,427,14.6,33,0.47,6.53,28.1,24.8,-0.26,synthetic response curve (Mitscherlich-style) + noise; NOT measured yield
4140,Cotton,78.4,15.2,34.8,1.29,3,sandy,325,4.5,100,0.38,6.78,250.3,26.1,0.23,synthetic response curve (Mitscherlich-style) + noise; NOT measured yield
4141,Lentil,6.2,3.6,32.9,0.55,8,clay,583,8.6,363,1.03,7.62,95.5,30.4,-0.8,synthetic response curve (Mitscherlich-style) + noise; NOT measured yield
4142,Wheat,18.5,70.9,69.4,3.28,11,loam,481,30.3,325,0.6,7.37,962.3,29.7,-1.25,synthetic response curve (Mitscherlich-style) + noise; NOT measured yield
4143,Wheat,162.3,72.6,10.1,3.63,6,clay,416,17.3,353,0.85,8.28,1224.4,24.4,2.21,synthetic response curve (Mitscherlich-style) + noise; NOT measured yield
4144,Chilli,7.7,62.9,50.4,2.2,3,sandy,451,6.7,89,0.31,5.72,243.1,28.2,0.38,synthetic response curve (Mitscherlich-style) + noise; NOT measured yield
4145,Maize,133.4,96.0,43.8,5.14,13,sandy,367,12.7,156,0.36,6.51,428.5,24.8,-0.23,synthetic response curve (Mitscherlich-style) + noise; NOT measured yield
4146,Mustard,86.4,22.6,3.2,0.97,10,sandy,322,7.0,190,0.34,6.59,107.4,23.3,-1.94,synthetic response curve (Mitscherlich-style) + noise; NOT measured yield
4147,Sorghum,28.0,51.9,36.8,2.06,14,clay,382,12.8,270,0.74,9.09,118.5,27.4,2.19,synthetic response curve (Mitscherlich-style) + noise; NOT measured yield
4148,Potato,160.1,32.4,112.7,21.91,11,loam,369,5.9,114,0.53,7.03,15.4,25.4,0.32,synthetic response curve (Mitscherlich-style) + noise; NOT measured yield
4149,Wheat,140.6,60.8,26.4,3.38,12,loam,417,7.5,359,0.62,5.4,286.9,31.9,-1.34,synthetic response curve (Mitscherlich-style) + noise; NOT measured yield
4150,Wheat,46.3,67.4,69.1,3.39,10,sandy,201,5.9,61,0.31,5.06,128.1,23.6,0.47,synthetic response curve (Mitscherlich-style) + noise; NOT measured yield
4151,Chickpea,11.2,67.0,35.8,1.67,11,loam,454,9.5,253,0.53,6.42,74.0,23.5,-0.01,synthetic response curve (Mitscherlich-style) + noise; NOT measured yield
4152,Maize,142.9,53.8,14.8,4.33,7,clay,437,38.0,156,0.73,8.89,77.9,27.6,-0.38,synthetic response curve (Mitscherlich-style) + noise; NOT measured yield
4153,Cotton,28.3,7.9,20.8,1.21,14,clay,373,7.7,124,0.75,7.6,116.3,25.4,-0.1,synthetic response curve (Mitscherlich-style) + noise; NOT measured yield
4154,Tomato,62.7,14.8,74.3,32.83,13,sandy,299,49.4,177,0.4,6.05,70.2,25.7,1.61,synthetic response curve (Mitscherlich-style) + noise; NOT measured yield
4155,Maize,116.9,5.0,8.1,3.14,4,sandy,433,10.4,102,0.43,6.87,486.3,24.8,-1.93,synthetic response curve (Mitscherlich-style) + noise; NOT measured yield
4156,Chilli,23.6,29.6,51.5,1.84,14,clay,234,33.0,175,0.46,7.26,211.8,20.4,1.57,synthetic response curve (Mitscherlich-style) + noise; NOT measured yield
4157,Wheat,24.1,32.0,22.1,3.71,4,sandy,429,31.4,189,0.72,6.97,587.6,25.6,-0.39,synthetic response curve (Mitscherlich-style) + noise; NOT measured yield
4158,Wheat,7.5,13.0,22.8,2.43,11,loam,348,4.9,222,0.52,8.26,31.3,31.9,2.08,synthetic response curve (Mitscherlich-style) + noise; NOT measured yield
4159,Sorghum,9.9,29.8,31.9,1.92,14,clay,521,10.7,175,0.8,9.0,180.8,22.0,-1.99,synthetic response curve (Mitscherlich-style) + noise; NOT measured yield
4160,Maize,57.5,75.7,72.5,5.69,7,clay,347,12.6,174,0.64,8.28,277.1,22.6,-0.08,synthetic response curve (Mitscherlich-style) + noise; NOT measured yield
4161,Chilli,15.3,20.3,28.4,1.74,3,sandy,631,26.6,159,0.76,5.03,88.7,27.5,-0.61,synthetic response curve (Mitscherlich-style) + noise; NOT measured yield
4162,Potato,150.8,113.3,89.3,20.91,15,clay,382,25.0,161,0.32,6.83,583.8,24.3,0.19,synthetic response curve (Mitscherlich-style) + noise; NOT measured yield
4163,Maize,118.7,24.0,55.0,4.79,12,loam,362,22.6,139,0.59,7.24,807.9,24.7,1.64,synthetic response curve (Mitscherlich-style) + noise; NOT measured yield
4164,Sugarcane,279.8,30.9,68.4,57.65,7,clay,391,19.3,228,0.65,7.45,99.6,20.6,2.91,synthetic response curve (Mitscherlich-style) + noise; NOT measured yield
4165,Mustard,1.8,25.9,45.7,1.29,15,clay,326,13.3,310,0.61,7.62,322.3,25.7,0.27,synthetic response curve (Mitscherlich-style) + noise; NOT measured yield
4166,Cotton,74.7,5.1,17.5,1.11,2,loam,445,19.3,107,0.35,7.32,58.1,23.2,-0.88,synthetic response curve (Mitscherlich-style) + noise; NOT measured yield
4167,Turmeric,77.6,58.3,105.9,17.7,8,clay,368,4.3,170,0.79,8.69,366.2,31.3,-0.22,synthetic response curve (Mitscherlich-style) + noise; NOT measured yield
4168,Rice,153.0,74.1,23.1,3.62,3,sandy,501,2.8,67,0.54,6.35,68.2,28.4,1.25,synthetic response curve (Mitscherlich-style) + noise; NOT measured yield
4169,Cotton,143.8,9.7,47.1,1.05,3,sandy,193,3.2,217,0.5,6.49,49.4,27.9,-1.28,synthetic response curve (Mitscherlich-style) + noise; NOT measured yield
4170,Cotton,28.6,34.8,70.3,1.26,6,clay,396,8.1,322,0.74,7.17,109.1,25.3,-1.05,synthetic response curve (Mitscherlich-style) + noise; NOT measured yield
4171,Chickpea,28.6,70.3,17.5,1.49,9,clay,406,18.9,240,0.79,8.03,584.8,30.2,1.81,synthetic response curve (Mitscherlich-style) + noise; NOT measured yield
4172,Banana,223.6,58.7,109.2,29.93,3,sandy,222,24.8,176,0.28,5.95,133.4,31.5,-2.04,synthetic response curve (Mitscherlich-style) + noise; NOT measured yield
4173,Cotton,30.2,35.9,3.2,1.46,8,clay,373,22.0,279,0.57,8.0,179.8,31.4,0.3,synthetic response curve (Mitscherlich-style) + noise; NOT measured yield
4174,Wheat,35.7,32.9,16.6,3.06,12,loam,495,17.6,93,0.48,7.03,148.9,19.9,0.66,synthetic response curve (Mitscherlich-style) + noise; NOT measured yield
4175,Cotton,137.3,51.3,57.8,1.87,3,sandy,433,18.1,134,0.59,6.78,413.6,28.4,-0.4,synthetic response curve (Mitscherlich-style) + noise; NOT measured yield
4176,Green gram,24.3,52.4,22.0,0.87,1,clay,510,8.3,362,0.59,8.28,32.5,28.6,0.79,synthetic response curve (Mitscherlich-style) + noise; NOT measured yield
4177,Wheat,87.1,79.3,71.9,4.03,12,loam,438,4.1,152,0.61,6.55,126.1,25.1,-0.3,synthetic response curve (Mitscherlich-style) + noise; NOT measured yield
4178,Onion,24.3,57.5,21.9,21.1,7,clay,520,5.2,133,0.74,7.47,32.8,21.5,-0.85,synthetic response curve (Mitscherlich-style) + noise; NOT measured yield
4179,Turmeric,131.0,6.0,65.2,10.39,3,sandy,405,10.2,159,0.86,6.79,46.1,26.6,-0.8,synthetic response curve (Mitscherlich-style) + noise; NOT measured yield
4180,Green gram,18.6,54.8,16.4,0.67,14,clay,241,10.8,351,0.39,9.2,522.3,27.2,0.54,synthetic response curve (Mitscherlich-style) + noise; NOT measured yield
4181,Sugarcane,2.0,113.4,118.5,58.26,7,clay,406,8.3,319,0.52,7.47,371.8,22.0,-0.42,synthetic response curve (Mitscherlich-style) + noise; NOT measured yield
4182,Chilli,3.1,31.0,6.8,1.77,2,loam,538,13.5,371,0.73,7.41,304.2,25.5,-0.27,synthetic response curve (Mitscherlich-style) + noise; NOT measured yield
4183,Rice,117.4,70.5,38.7,4.23,5,loam,293,14.7,180,0.55,7.2,42.2,23.7,-0.97,synthetic response curve (Mitscherlich-style) + noise; NOT measured yield
4184,Pearl millet,93.6,3.0,9.0,1.5,9,clay,390,17.5,281,0.69,8.36,1123.7,27.6,-0.89,synthetic response curve (Mitscherlich-style) + noise; NOT measured yield
4185,Wheat,125.1,27.0,46.3,3.93,5,loam,280,48.7,251,0.32,5.72,469.7,22.2,0.67,synthetic response curve (Mitscherlich-style) + noise; NOT measured yield
4186,Potato,160.3,30.7,70.5,20.14,15,clay,461,15.8,152,0.68,8.48,283.5,30.2,0.16,synthetic response curve (Mitscherlich-style) + noise; NOT measured yield
4187,Wheat,8.9,81.9,50.3,2.81,10,sandy,144,23.7,63,0.2,5.02,86.6,26.7,0.91,synthetic response curve (Mitscherlich-style) + noise; NOT measured yield
4188,Banana,77.0,44.2,166.2,40.09,2,loam,416,18.5,217,0.71,6.32,48.7,23.5,-0.19,synthetic response curve (Mitscherlich-style) + noise; NOT measured yield
4189,Wheat,96.6,52.7,38.8,4.12,6,clay,343,16.2,246,0.55,7.42,130.8,23.6,-0.25,synthetic response curve (Mitscherlich-style) + noise; NOT measured yield
4190,Soybean,0.7,51.4,42.8,2.18,6,clay,524,21.2,206,0.61,8.17,465.4,26.9,-0.26,synthetic response curve (Mitscherlich-style) + noise; NOT measured yield
4191,Rice,124.1,10.7,23.4,2.75,3,sandy,285,6.2,69,0.26,7.29,17.5,30.9,-0.39,synthetic response curve (Mitscherlich-style) + noise; NOT measured yield
4192,Sunflower,117.6,6.3,13.8,0.97,1,clay,501,9.4,233,1.14,7.94,83.6,28.7,-0.63,synthetic response curve (Mitscherlich-style) + noise; NOT measured yield
4193,Maize,45.8,83.8,16.4,4.68,2,loam,371,7.6,203,0.54,8.06,30.4,27.9,1.22,synthetic response curve (Mitscherlich-style) + noise; NOT measured yield
4194,Potato,178.4,30.0,100.2,20.76,11,loam,440,8.4,212,0.52,6.08,67.4,27.6,-0.49,synthetic response curve (Mitscherlich-style) + noise; NOT measured yield
4195,Rice,125.7,30.3,34.6,3.82,4,sandy,434,27.2,128,0.62,6.1,91.0,33.2,-0.17,synthetic response curve (Mitscherlich-style) + noise; NOT measured yield
4196,Banana,112.7,56.7,82.5,30.32,7,clay,368,36.4,269,0.55,6.81,19.1,27.9,-1.75,synthetic response curve (Mitscherlich-style) + noise; NOT measured yield
4197,Rice,163.5,18.2,32.2,3.26,3,sandy,392,21.3,113,0.51,7.52,128.5,34.0,-0.5,synthetic response curve (Mitscherlich-style) + noise; NOT measured yield
4198,Mustard,23.1,37.8,32.1,1.13,15,clay,317,10.4,326,0.57,8.13,466.3,24.1,-1.2,synthetic response curve (Mitscherlich-style) + noise; NOT measured yield
4199,Mustard,46.9,29.5,26.5,1.2,15,clay,374,4.8,420,0.67,6.83,107.2,30.4,-0.02,synthetic response curve (Mitscherlich-style) + noise; NOT measured yield
4200,Maize,151.1,92.4,13.8,4.33,11,loam,359,11.9,173,0.39,8.0,231.4,28.5,-1.66,synthetic response curve (Mitscherlich-style) + noise; NOT measured yield
4201,Wheat,49.3,51.8,34.0,3.9,5,loam,372,13.7,268,0.8,5.77,243.8,21.3,0.75,synthetic response curve (Mitscherlich-style) + noise; NOT measured yield
4202,Wheat,12.3,29.1,8.7,2.39,10,sandy,202,10.8,85,0.33,6.42,139.9,22.7,-0.91,synthetic response curve (Mitscherlich-style) + noise; NOT measured yield
4203,Cotton,44.9,72.0,17.0,1.57,6,clay,368,15.9,178,0.5,8.78,195.3,30.2,0.91,synthetic response curve (Mitscherlich-style) + noise; NOT measured yield
4204,Chilli,0.1,57.3,63.2,1.78,14,clay,404,6.9,240,0.77,7.59,210.4,23.3,-0.31,synthetic response curve (Mitscherlich-style) + noise; NOT measured yield
4205,Pearl millet,63.4,8.8,17.9,1.42,10,sandy,440,10.8,214,0.43,6.48,30.9,23.4,0.34,synthetic response curve (Mitscherlich-style) + noise; NOT measured yield
4206,Cotton,169.2,71.8,72.2,1.95,2,loam,495,30.1,255,0.74,6.3,159.5,18.5,-1.04,synthetic response curve (Mitscherlich-style) + noise; NOT measured yield
4207,Sorghum,61.9,18.6,9.7,1.92,2,loam,463,15.2,282,0.79,7.77,176.6,22.0,-2.11,synthetic response curve (Mitscherlich-style) + noise; NOT measured yield
4208,Maize,184.3,27.7,62.5,4.79,12,loam,380,11.6,213,0.68,8.34,261.3,30.2,0.02,synthetic response curve (Mitscherlich-style) + noise; NOT measured yield
4209,Tomato,17.1,20.7,127.1,28.82,11,loam,283,6.6,231,0.66,7.57,477.7,28.2,0.37,synthetic response curve (Mitscherlich-style) + noise; NOT measured yield
4210,Wheat,36.1,37.4,69.2,3.77,11,loam,309,34.7,375,0.41,5.81,55.8,24.7,-0.6,synthetic response curve (Mitscherlich-style) + noise; NOT measured yield
4211,Chickpea,3.7,13.5,0.4,0.75,5,loam,442,7.6,74,0.76,6.51,472.7,27.4,-0.35,synthetic response curve (Mitscherlich-style) + noise; NOT measured yield
4212,Wheat,65.7,45.1,13.0,3.17,11,loam,277,36.3,184,0.44,6.28,158.9,19.3,-1.28,synthetic response curve (Mitscherlich-style) + noise; NOT measured yield
4213,Onion,134.8,41.5,75.4,25.51,5,loam,429,14.1,233,0.55,7.92,305.9,23.2,-1.0,synthetic response curve (Mitscherlich-style) + noise; NOT measured yield
4214,Pearl millet,41.5,0.4,15.2,1.11,10,sandy,406,12.4,34,0.44,5.77,34.5,24.9,0.05,synthetic response curve (Mitscherlich-style) + noise; NOT measured yield
4215,Sugarcane,54.4,72.4,31.6,65.38,5,loam,273,5.7,303,0.25,8.72,133.4,21.7,1.11,synthetic response curve (Mitscherlich-style) + noise; NOT measured yield
4216,Sorghum,10.5,25.8,0.8,2.32,2,loam,347,9.0,320,0.31,7.21,218.2,25.5,1.21,synthetic response curve (Mitscherlich-style) + noise; NOT measured yield
4217,Lentil,26.5,6.4,29.0,0.8,13,sandy,338,34.1,87,0.33,5.81,339.5,22.4,0.86,synthetic response curve (Mitscherlich-style) + noise; NOT measured yield
4218,Maize,32.6,88.0,38.8,4.7,13,sandy,430,16.8,93,0.72,6.08,104.3,31.9,-0.6,synthetic response curve (Mitscherlich-style) + noise; NOT measured yield
4219,Maize,201.6,76.4,48.8,5.22,12,loam,443,16.0,59,0.59,6.59,509.0,26.9,1.16,synthetic response curve (Mitscherlich-style) + noise; NOT measured yield
4220,Mustard,111.2,25.8,5.4,0.78,10,sandy,393,6.2,33,0.71,7.71,62.0,24.7,-0.29,synthetic response curve (Mitscherlich-style) + noise; NOT measured yield
4221,Green gram,19.4,54.2,17.3,0.68,10,sandy,517,15.4,143,0.73,6.6,23.8,24.9,0.42,synthetic response curve (Mitscherlich-style) + noise; NOT measured yield
4222,Rice,11.9,23.5,35.9,3.85,12,loam,381,19.1,228,0.6,6.52,57.3,24.6,-0.3,synthetic response curve (Mitscherlich-style) + noise; NOT measured yield
4223,Sunflower,110.0,39.7,15.3,1.57,9,clay,403,11.1,313,0.72,8.15,76.5,29.1,-0.63,synthetic response curve (Mitscherlich-style) + noise; NOT measured yield
4224,Tomato,2.4,85.0,61.1,34.52,14,clay,470,15.2,269,0.99,7.84,67.7,21.4,-0.07,synthetic response curve (Mitscherlich-style) + noise; NOT measured yield
4225,Maize,126.5,9.6,35.2,4.32,12,loam,420,24.7,152,0.43,8.51,30.8,31.7,-0.36,synthetic response curve (Mitscherlich-style) + noise; NOT measured yield
4226,Wheat,47.3,53.7,5.2,3.22,9,clay,482,38.0,276,0.86,8.44,291.4,24.2,0.94,synthetic response curve (Mitscherlich-style) + noise; NOT measured yield
4227,Soybean,18.7,43.8,1.0,1.66,9,clay,324,20.7,159,0.72,6.99,413.7,27.7,-0.47,synthetic response curve (Mitscherlich-style) + noise; NOT measured yield
4228,Rice,81.7,17.6,80.6,3.66,15,clay,535,22.1,158,0.81,7.59,652.6,21.6,0.1,synthetic response curve (Mitscherlich-style) + noise; NOT measured yield
4229,Chickpea,26.0,4.1,10.5,0.88,8,clay,366,17.6,306,0.42,9.2,165.8,24.3,1.66,synthetic response curve (Mitscherlich-style) + noise; NOT measured yield
4230,Sorghum,100.2,54.4,3.2,2.41,2,loam,444,12.6,298,0.9,7.08,66.3,25.1,0.82,synthetic response curve (Mitscherlich-style) + noise; NOT measured yield
4231,Tomato,10.6,19.7,20.4,31.5,13,sandy,219,9.2,188,0.41,6.86,272.0,22.0,0.08,synthetic response curve (Mitscherlich-style) + noise; NOT measured yield
4232,Rice,46.8,20.8,41.4,3.86,1,clay,477,14.4,143,0.58,7.29,43.1,28.7,0.37,synthetic response curve (Mitscherlich-style) + noise; NOT measured yield
4233,Sunflower,9.1,16.5,24.5,1.15,4,sandy,413,10.1,92,0.54,6.45,494.7,20.2,-0.97,synthetic response curve (Mitscherlich-style) + noise; NOT measured yield
4234,Wheat,13.5,77.7,42.0,3.91,5,loam,381,5.8,240,0.65,7.39,483.1,21.3,1.42,synthetic response curve (Mitscherlich-style) + noise; NOT measured yield
4235,Rice,132.4,15.8,2.5,3.52,1,clay,365,11.9,180,0.81,8.08,80.1,32.9,-0.24,synthetic response curve (Mitscherlich-style) + noise; NOT measured yield
4236,Maize,115.1,94.5,52.4,4.28,4,sandy,333,5.5,170,0.38,5.62,109.9,18.8,-1.64,synthetic response curve (Mitscherlich-style) + noise; NOT measured yield
4237,Cotton,161.5,58.8,32.6,1.71,3,sandy,260,12.4,150,0.31,7.36,157.6,27.6,1.16,synthetic response curve (Mitscherlich-style) + noise; NOT measured yield
4238,Maize,99.8,45.6,38.6,4.77,9,clay,444,7.9,257,0.53,7.49,99.0,23.5,-0.45,synthetic response curve (Mitscherlich-style) + noise; NOT measured yield
4239,Sorghum,114.6,39.6,14.9,2.66,14,clay,281,19.3,208,0.56,8.04,116.7,20.9,-0.83,synthetic response curve (Mitscherlich-style) + noise; NOT measured yield
4240,Rice,148.4,21.9,59.8,3.16,5,loam,255,6.3,249,0.47,7.26,13.4,29.4,-0.76,synthetic response curve (Mitscherlich-style) + noise; NOT measured yield
4241,Wheat,67.2,36.8,43.5,3.94,6,clay,410,24.7,148,0.56,7.57,144.4,27.8,1.24,synthetic response curve (Mitscherlich-style) + noise; NOT measured yield
4242,Wheat,118.1,79.8,44.0,4.33,11,loam,381,6.5,259,0.51,7.61,142.1,24.0,1.68,synthetic response curve (Mitscherlich-style) + noise; NOT measured yield
4243,Rice,136.9,74.1,26.0,3.22,11,loam,253,23.0,30,0.36,8.65,249.2,22.9,0.96,synthetic response curve (Mitscherlich-style) + noise; NOT measured yield
4244,Potato,102.8,57.4,126.3,19.24,15,clay,337,19.3,335,0.69,9.16,90.7,32.8,0.47,synthetic response curve (Mitscherlich-style) + noise; NOT measured yield
4245,Banana,46.4,12.0,197.2,28.35,8,clay,411,16.7,178,0.77,8.66,109.7,25.9,1.15,synthetic response curve (Mitscherlich-style) + noise; NOT measured yield
4246,Maize,134.4,83.5,48.7,5.82,12,loam,326,12.1,207,0.62,7.17,48.0,25.1,-0.23,synthetic response curve (Mitscherlich-style) + noise; NOT measured yield
4247,Tomato,19.5,71.3,64.9,20.77,13,sandy,181,10.8,107,0.38,4.75,278.7,23.3,-0.22,synthetic response curve (Mitscherlich-style) + noise; NOT measured yield
4248,Sugarcane,169.8,79.8,136.9,78.11,7,clay,402,9.9,303,0.54,6.84,58.3,22.4,1.11,synthetic response curve (Mitscherlich-style) + noise; NOT measured yield
4249,Maize,106.8,19.8,71.8,4.12,13,sandy,350,13.5,108,0.49,6.41,107.5,27.8,-0.85,synthetic response curve (Mitscherlich-style) + noise; NOT measured yield
4250,Mustard,29.4,57.3,10.5,1.34,15,clay,383,8.7,190,0.56,7.44,245.0,27.4,1.98,synthetic response curve (Mitscherlich-style) + noise; NOT measured yield
4251,Rice,70.2,32.9,52.6,4.14,2,loam,238,7.1,190,0.1,6.55,31.6,23.8,0.56,synthetic response curve (Mitscherlich-style) + noise; NOT measured yield
4252,Wheat,131.9,35.3,42.1,3.3,12,loam,230,6.7,299,0.22,6.55,542.1,26.6,-1.7,synthetic response curve (Mitscherlich-style) + noise; NOT measured yield
4253,Wheat,75.7,71.2,51.2,3.8,10,sandy,362,7.3,183,0.18,6.91,20.5,30.0,-1.04,synthetic response curve (Mitscherlich-style) + noise; NOT measured yield
4254,Tomato,175.6,20.2,137.8,28.55,13,sandy,482,14.7,102,0.55,5.87,88.9,23.7,0.08,synthetic response curve (Mitscherlich-style) + noise; NOT measured yield
4255,Chickpea,15.6,57.4,22.4,1.52,9,clay,511,10.9,359,0.85,7.28,176.7,25.6,1.67,synthetic response curve (Mitscherlich-style) + noise; NOT measured yield
4256,Wheat,145.5,56.6,16.7,2.6,4,sandy,188,5.5,67,0.29,5.93,109.9,26.3,-0.9,synthetic response curve (Mitscherlich-style) + noise; NOT measured yield
4257,Sugarcane,86.3,49.7,120.2,53.41,7,clay,492,5.5,468,0.72,9.06,119.7,21.5,-1.29,synthetic response curve (Mitscherlich-style) + noise; NOT measured yield
4258,Wheat,46.9,39.4,1.7,3.16,11,loam,417,11.7,189,0.46,7.0,202.8,30.2,0.08,synthetic response curve (Mitscherlich-style) + noise; NOT measured yield
4259,Potato,45.5,28.2,154.8,21.48,14,clay,560,27.9,225,0.78,8.43,120.9,27.5,-0.42,synthetic response curve (Mitscherlich-style) + noise; NOT measured yield
4260,Maize,111.4,39.4,36.5,4.94,2,loam,422,10.8,201,0.46,7.25,9.4,31.2,-1.3,synthetic response curve (Mitscherlich-style) + noise; NOT measured yield
4261,Chilli,90.6,47.5,22.6,1.85,3,sandy,334,37.4,169,0.42,6.19,44.9,27.7,0.02,synthetic response curve (Mitscherlich-style) + noise; NOT measured yield
4262,Wheat,124.0,12.7,58.7,3.1,4,sandy,271,10.4,127,0.13,6.78,107.5,23.5,0.47,synthetic response curve (Mitscherlich-style) + noise; NOT measured yield
4263,Soybean,21.0,13.7,17.8,1.38,9,clay,256,16.2,219,0.34,7.17,401.9,27.7,2.52,synthetic response curve (Mitscherlich-style) + noise; NOT measured yield
4264,Green gram,4.0,13.9,11.7,0.64,1,clay,294,8.2,316,0.63,8.32,322.6,31.1,0.61,synthetic response curve (Mitscherlich-style) + noise; NOT measured yield
4265,Potato,62.5,85.1,68.3,22.27,15,clay,461,18.5,265,0.78,7.11,157.8,25.0,0.26,synthetic response curve (Mitscherlich-style) + noise; NOT measured yield
4266,Rice,20.6,51.8,65.4,4.35,11,loam,347,35.4,302,0.66,7.85,454.7,24.3,0.98,synthetic response curve (Mitscherlich-style) + noise; NOT measured yield
4267,Chilli,93.3,49.4,31.4,1.92,14,clay,313,5.0,171,0.51,8.07,135.3,30.9,0.79,synthetic response curve (Mitscherlich-style) + noise; NOT measured yield
4268,Groundnut,11.2,33.2,49.2,1.44,1,clay,371,26.0,305,0.65,7.37,117.1,34.9,1.2,synthetic response curve (Mitscherlich-style) + noise; NOT measured yield
4269,Onion,29.0,47.4,1.3,25.28,5,loam,532,50.9,410,0.93,6.46,25.5,19.5,0.32,synthetic response curve (Mitscherlich-style) + noise; NOT measured yield
4270,Banana,65.0,65.8,35.4,26.9,7,clay,232,12.3,327,0.65,7.46,56.2,24.3,-1.2,synthetic response curve (Mitscherlich-style) + noise; NOT measured yield
4271,Rice,165.5,45.9,66.3,4.15,12,loam,442,2.5,273,0.62,7.27,207.1,21.8,-0.37,synthetic response curve (Mitscherlich-style) + noise; NOT measured yield
4272,Mustard,101.1,28.0,28.7,1.1,10,sandy,341,6.6,30,0.3,6.26,203.9,23.4,-0.69,synthetic response curve (Mitscherlich-style) + noise; NOT measured yield
4273,Sugarcane,316.5,29.1,125.0,60.13,7,clay,350,7.7,199,0.71,8.09,250.1,27.7,-1.66,synthetic response curve (Mitscherlich-style) + noise; NOT measured yield
4274,Chilli,21.2,15.6,40.5,1.52,5,loam,282,8.7,61,0.38,7.69,71.4,25.2,0.91,synthetic response curve (Mitscherlich-style) + noise; NOT measured yield
4275,Green gram,26.0,44.5,34.9,0.93,5,loam,374,15.0,156,0.57,7.47,137.2,24.7,0.18,synthetic response curve (Mitscherlich-style) + noise; NOT measured yield
4276,Soybean,22.3,38.8,20.5,1.96,6,clay,547,14.4,188,0.58,7.77,107.8,23.4,0.33,synthetic response curve (Mitscherlich-style) + noise; NOT measured yield
4277,Wheat,2.1,9.2,27.7,2.54,11,loam,408,6.5,48,0.7,6.76,225.2,24.8,1.03,synthetic response curve (Mitscherlich-style) + noise; NOT measured yield
4278,Cotton,84.7,38.3,17.9,1.24,14,clay,293,13.0,247,0.68,9.11,561.4,23.5,1.16,synthetic response curve (Mitscherlich-style) + noise; NOT measured yield
4279,Chilli,84.7,70.0,59.7,2.53,8,clay,438,26.5,383,0.72,6.81,198.1,28.2,1.02,synthetic response curve (Mitscherlich-style) + noise; NOT measured yield
4280,Potato,180.4,61.1,13.0,23.57,14,clay,541,15.7,339,0.72,8.67,230.6,26.5,0.41,synthetic response curve (Mitscherlich-style) + noise; NOT measured yield
4281,Rice,136.4,47.9,6.2,2.89,5,loam,308,8.0,154,0.62,7.67,275.4,25.1,-1.4,synthetic response curve (Mitscherlich-style) + noise; NOT measured yield
4282,Maize,64.8,1.1,21.0,2.94,13,sandy,255,15.9,103,0.53,8.13,142.9,23.0,-0.9,synthetic response curve (Mitscherlich-style) + noise; NOT measured yield
4283,Green gram,22.6,12.1,31.4,0.58,1,clay,256,4.5,191,0.37,7.09,401.7,27.9,-0.4,synthetic response curve (Mitscherlich-style) + noise; NOT measured yield
4284,Groundnut,6.5,45.2,48.7,1.8,12,loam,421,43.5,30,0.31,7.68,86.3,30.6,1.82,synthetic response curve (Mitscherlich-style) + noise; NOT measured yield
4285,Mustard,41.5,49.8,36.2,1.37,15,clay,369,38.1,163,0.6,6.29,261.8,22.3,-0.13,synthetic response curve (Mitscherlich-style) + noise; NOT measured yield
4286,Rice,2.7,39.2,39.5,3.67,5,loam,381,40.5,159,0.66,7.83,474.7,27.7,-0.46,synthetic response curve (Mitscherlich-style) + noise; NOT measured yield
4287,Pearl millet,72.4,19.5,8.6,1.97,11,loam,310,31.8,226,0.58,5.93,148.0,23.9,0.34,synthetic response curve (Mitscherlich-style) + noise; NOT measured yield
4288,Cotton,71.6,3.7,41.0,0.84,2,loam,240,3.2,195,0.29,8.39,63.1,26.0,-0.39,synthetic response curve (Mitscherlich-style) + noise; NOT measured yield
4289,Tomato,169.7,13.4,138.4,38.05,13,sandy,388,78.1,167,0.48,6.46,59.4,20.2,-0.74,synthetic response curve (Mitscherlich-style) + noise; NOT measured yield
4290,Groundnut,0.6,14.5,46.8,1.17,8,clay,512,15.0,255,0.92,9.2,291.3,27.2,0.17,synthetic response curve (Mitscherlich-style) + noise; NOT measured yield
4291,Maize,81.2,14.5,7.7,4.21,7,clay,360,23.4,207,0.82,8.5,77.1,24.6,-0.68,synthetic response curve (Mitscherlich-style) + noise; NOT measured yield
4292,Chilli,49.0,60.8,64.9,2.08,14,clay,370,12.4,177,0.77,7.51,444.3,28.5,-0.56,synthetic response curve (Mitscherlich-style) + noise; NOT measured yield
4293,Lentil,24.9,24.0,19.7,0.95,14,clay,305,36.2,236,0.64,8.06,70.5,24.1,-0.74,synthetic response curve (Mitscherlich-style) + noise; NOT measured yield
4294,Maize,203.5,32.8,76.2,5.05,4,sandy,196,23.2,47,0.19,6.45,157.8,27.4,-0.01,synthetic response curve (Mitscherlich-style) + noise; NOT measured yield
4295,Rice,173.3,53.2,22.3,3.88,15,clay,523,10.6,212,0.84,9.18,58.0,26.8,-0.14,synthetic response curve (Mitscherlich-style) + noise; NOT measured yield
4296,Wheat,72.9,61.8,51.0,4.39,4,sandy,446,8.5,135,0.71,6.5,302.4,25.4,-0.85,synthetic response curve (Mitscherlich-style) + noise; NOT measured yield
4297,Tomato,88.8,75.5,131.7,25.21,13,sandy,309,14.1,30,0.52,4.99,662.8,23.2,-1.85,synthetic response curve (Mitscherlich-style) + noise; NOT measured yield
4298,Maize,35.4,59.0,55.3,5.92,12,loam,347,12.1,275,0.59,6.98,702.3,29.2,1.32,synthetic response curve (Mitscherlich-style) + noise; NOT measured yield
4299,Chilli,33.2,12.0,9.7,1.56,8,clay,406,4.7,420,0.15,6.87,261.3,31.3,0.51,synthetic response curve (Mitscherlich-style) + noise; NOT measured yield
4300,Soybean,32.5,19.3,51.4,1.69,9,clay,438,32.1,243,0.75,8.99,171.4,25.4,0.12,synthetic response curve (Mitscherlich-style) + noise; NOT measured yield
4301,Pigeon pea,2.0,25.5,17.2,0.94,6,clay,468,9.6,260,0.68,6.66,18.7,31.4,-1.46,synthetic response curve (Mitscherlich-style) + noise; NOT measured yield
4302,Onion,111.6,14.8,83.5,20.03,7,clay,422,26.3,286,0.78,7.36,15.6,26.4,-0.33,synthetic response curve (Mitscherlich-style) + noise; NOT measured yield
4303,Groundnut,35.6,33.7,57.6,1.35,8,clay,382,11.9,105,0.68,8.82,123.4,32.2,-1.33,synthetic response curve (Mitscherlich-style) + noise; NOT measured yield
4304,Sunflower,24.3,65.7,33.4,1.71,13,sandy,334,25.4,251,0.45,6.07,63.1,24.0,0.71,synthetic response curve (Mitscherlich-style) + noise; NOT measured yield
4305,Chilli,98.1,54.5,28.9,2.44,8,clay,337,68.7,258,0.6,6.95,228.0,30.4,0.6,synthetic response curve (Mitscherlich-style) + noise; NOT measured yield
4306,Chickpea,23.4,42.5,25.9,1.39,9,clay,233,11.0,377,0.46,6.31,445.0,26.9,-0.04,synthetic response curve (Mitscherlich-style) + noise; NOT measured yield
4307,Groundnut,21.9,49.5,4.6,1.38,11,loam,359,11.2,196,0.39,6.75,63.6,26.4,-0.75,synthetic response curve (Mitscherlich-style) + noise; NOT measured yield
4308,Potato,93.2,70.4,161.5,24.44,14,clay,415,5.0,346,0.59,7.47,14.4,24.7,-0.52,synthetic response curve (Mitscherlich-style) + noise; NOT measured yield
4309,Maize,46.4,70.6,75.9,5.55,13,sandy,393,7.4,325,0.65,7.4,844.8,26.5,0.19,synthetic response curve (Mitscherlich-style) + noise; NOT measured yield
4310,Banana,52.0,39.5,48.2,29.05,6,clay,380,6.1,245,0.58,8.97,79.9,28.3,0.25,synthetic response curve (Mitscherlich-style) + noise; NOT measured yield
4311,Maize,92.0,72.1,31.4,4.75,13,sandy,401,6.7,143,0.51,5.46,234.6,24.4,0.15,synthetic response curve (Mitscherlich-style) + noise; NOT measured yield
4312,Maize,22.9,51.3,47.8,6.09,7,clay,589,38.1,224,0.77,7.3,20.4,24.9,-0.51,synthetic response curve (Mitscherlich-style) + noise; NOT measured yield
4313,Cotton,37.6,40.5,25.1,1.52,2,loam,472,5.9,449,0.43,6.11,39.0,23.5,0.31,synthetic response curve (Mitscherlich-style) + noise; NOT measured yield
4314,Banana,226.3,8.8,25.1,21.41,2,loam,367,7.4,266,0.46,7.48,69.8,29.1,-1.04,synthetic response curve (Mitscherlich-style) + noise; NOT measured yield
4315,Chilli,45.8,41.0,60.9,2.0,4,sandy,259,16.4,30,0.36,5.93,195.3,23.4,-0.19,synthetic response curve (Mitscherlich-style) + noise; NOT measured yield
4316,Soybean,27.5,48.2,33.8,1.67,6,clay,317,19.2,299,0.37,9.2,308.1,21.2,-0.81,synthetic response curve (Mitscherlich-style) + noise; NOT measured yield
4317,Maize,193.7,85.5,9.8,5.05,7,clay,549,19.0,284,0.85,7.62,234.7,24.2,0.27,synthetic response curve (Mitscherlich-style) + noise; NOT measured yield
4318,Green gram,8.2,55.4,6.4,0.55,3,sandy,439,8.8,77,0.48,7.41,286.7,21.0,-0.14,synthetic response curve (Mitscherlich-style) + noise; NOT measured yield
4319,Chilli,13.7,18.5,25.6,1.7,3,sandy,264,14.2,151,0.12,7.24,182.8,31.5,1.9,synthetic response curve (Mitscherlich-style) + noise; NOT measured yield
4320,Green gram,24.6,21.4,28.1,0.72,1,clay,460,9.5,328,0.67,8.62,322.1,27.8,0.08,synthetic response curve (Mitscherlich-style) + noise; NOT measured yield
4321,Turmeric,14.0,62.6,135.6,19.58,14,clay,445,9.7,140,0.64,7.64,80.7,20.9,0.06,synthetic response curve (Mitscherlich-style) + noise; NOT measured yield
4322,Wheat,79.5,36.0,3.5,2.69,4,sandy,405,2.3,146,0.41,7.05,195.7,21.5,-1.31,synthetic response curve (Mitscherlich-style) + noise; NOT measured yield
4323,Pearl millet,90.5,24.3,9.7,1.55,10,sandy,347,9.9,30,0.38,7.01,40.3,25.0,-0.03,synthetic response curve (Mitscherlich-style) + noise; NOT measured yield
4324,Chilli,77.9,17.9,66.1,1.48,8,clay,444,12.5,185,0.7,6.61,103.2,27.3,-1.33,synthetic response curve (Mitscherlich-style) + noise; NOT measured yield
4325,Pigeon pea,28.4,53.3,18.2,1.31,6,clay,545,26.2,262,0.98,7.95,67.1,28.2,0.22,synthetic response curve (Mitscherlich-style) + noise; NOT measured yield
4326,Potato,144.5,27.6,150.3,18.96,4,sandy,453,16.6,231,0.8,5.85,77.5,22.8,-1.08,synthetic response curve (Mitscherlich-style) + noise; NOT measured yield
4327,Potato,72.7,31.3,62.7,15.84,1,clay,405,8.8,316,0.41,8.34,180.0,31.1,-1.71,synthetic response curve (Mitscherlich-style) + noise; NOT measured yield
4328,Sorghum,74.6,31.6,6.7,2.42,2,loam,324,6.4,255,0.38,7.0,2.2,22.3,-1.05,synthetic response curve (Mitscherlich-style) + noise; NOT measured yield
4329,Wheat,120.0,27.5,31.1,3.59,11,loam,267,32.9,225,0.3,6.41,335.3,25.0,0.22,synthetic response curve (Mitscherlich-style) + noise; NOT measured yield
4330,Pearl millet,5.1,33.4,0.1,2.2,7,clay,593,6.1,383,0.92,6.73,206.8,27.7,-0.09,synthetic response curve (Mitscherlich-style) + noise; NOT measured yield
4331,Potato,31.8,8.1,82.5,17.91,15,clay,442,27.3,215,0.62,7.6,306.2,25.8,1.49,synthetic response curve (Mitscherlich-style) + noise; NOT measured yield
4332,Cotton,33.1,80.2,7.2,0.94,3,sandy,564,6.1,46,0.73,6.62,237.2,28.0,2.55,synthetic response curve (Mitscherlich-style) + noise; NOT measured yield
4333,Pearl millet,10.0,22.9,44.5,1.89,14,clay,555,13.5,359,0.72,8.59,67.3,32.5,1.82,synthetic response curve (Mitscherlich-style) + noise; NOT measured yield
4334,Banana,162.2,51.9,285.8,37.0,2,loam,409,17.5,240,0.4,6.98,336.7,22.6,0.47,synthetic response curve (Mitscherlich-style) + noise; NOT measured yield
4335,Potato,90.1,102.6,27.2,17.83,11,loam,403,3.8,143,0.61,7.4,25.3,22.5,1.99,synthetic response curve (Mitscherlich-style) + noise; NOT measured yield
4336,Potato,82.9,44.8,71.5,19.66,15,clay,392,54.4,94,0.62,7.22,325.0,28.6,-2.13,synthetic response curve (Mitscherlich-style) + noise; NOT measured yield
4337,Cotton,6.9,2.5,68.1,0.84,3,sandy,224,11.7,113,0.55,6.22,224.2,26.5,-1.15,synthetic response curve (Mitscherlich-style) + noise; NOT measured yield
4338,Cotton,153.9,29.7,33.4,1.62,8,clay,275,14.2,276,0.53,7.51,99.4,30.2,-0.94,synthetic response curve (Mitscherlich-style) + noise; NOT measured yield
4339,Cotton,41.4,83.4,0.2,1.23,14,clay,480,48.1,106,0.7,7.26,109.8,24.1,0.3,synthetic response curve (Mitscherlich-style) + noise; NOT measured yield
4340,Tomato,43.9,44.4,96.5,30.86,13,sandy,305,27.3,77,0.27,7.86,715.1,22.9,-0.82,synthetic response curve (Mitscherlich-style) + noise; NOT measured yield
4341,Rice,140.4,28.7,26.0,3.74,4,sandy,429,10.1,110,0.32,7.7,105.1,20.5,-0.7,synthetic response curve (Mitscherlich-style) + noise; NOT measured yield
4342,Rice,62.2,20.3,43.1,3.34,3,sandy,304,6.6,188,0.33,5.93,18.9,29.2,-0.81,synthetic response curve (Mitscherlich-style) + noise; NOT measured yield
4343,Cotton,107.0,18.3,18.8,0.91,6,clay,451,4.1,301,0.55,6.81,179.5,25.2,-2.49,synthetic response curve (Mitscherlich-style) + noise; NOT measured yield
4344,Onion,110.3,41.4,86.9,28.16,7,clay,484,19.6,231,0.78,8.09,62.0,25.0,-0.0,synthetic response curve (Mitscherlich-style) + noise; NOT measured yield
4345,Wheat,127.7,46.5,67.7,3.91,5,loam,436,11.0,242,0.75,5.83,190.1,23.6,-0.89,synthetic response curve (Mitscherlich-style) + noise; NOT measured yield
4346,Cotton,104.5,36.1,25.2,1.44,2,loam,376,9.8,216,0.77,5.49,183.0,26.2,0.91,synthetic response curve (Mitscherlich-style) + noise; NOT measured yield
4347,Rice,131.3,70.8,58.3,3.71,8,clay,205,8.8,345,0.69,6.68,12.4,27.3,-1.39,synthetic response curve (Mitscherlich-style) + noise; NOT measured yield
4348,Sugarcane,261.6,119.2,99.7,75.44,7,clay,307,6.5,336,0.45,7.11,174.8,22.0,-0.75,synthetic response curve (Mitscherlich-style) + noise; NOT measured yield
4349,Sugarcane,189.6,74.0,41.3,75.2,5,loam,322,10.9,275,0.17,7.4,215.5,27.0,1.41,synthetic response curve (Mitscherlich-style) + noise; NOT measured yield
4350,Tomato,145.0,85.9,55.7,38.17,13,sandy,440,4.4,194,0.58,6.02,180.3,25.8,0.68,synthetic response curve (Mitscherlich-style) + noise; NOT measured yield
4351,Sugarcane,139.9,25.8,13.9,51.79,5,loam,328,2.7,222,0.67,8.92,150.9,21.3,0.3,synthetic response curve (Mitscherlich-style) + noise; NOT measured yield
4352,Cotton,34.1,66.2,50.6,1.62,14,clay,242,11.3,218,0.47,8.23,247.9,22.6,-0.41,synthetic response curve (Mitscherlich-style) + noise; NOT measured yield
4353,Green gram,3.2,0.3,28.8,0.48,1,clay,492,13.4,219,0.53,7.17,107.9,32.3,-0.03,synthetic response curve (Mitscherlich-style) + noise; NOT measured yield
4354,Cotton,22.9,5.8,60.8,1.42,8,clay,321,25.7,355,0.37,7.26,247.5,27.8,0.03,synthetic response curve (Mitscherlich-style) + noise; NOT measured yield
4355,Mustard,88.1,33.1,46.1,1.25,15,clay,395,8.5,63,0.4,7.6,398.2,24.4,-0.49,synthetic response curve (Mitscherlich-style) + noise; NOT measured yield
4356,Soybean,25.4,37.9,46.9,1.87,5,loam,331,9.4,138,0.43,6.94,145.8,25.7,1.25,synthetic response curve (Mitscherlich-style) + noise; NOT measured yield
4357,Soybean,34.3,32.2,0.9,1.14,10,sandy,386,7.4,30,0.41,6.67,91.4,25.5,-0.49,synthetic response curve (Mitscherlich-style) + noise; NOT measured yield
4358,Groundnut,19.9,70.6,16.3,1.61,12,loam,463,21.3,294,1.05,8.03,47.1,32.1,-0.62,synthetic response curve (Mitscherlich-style) + noise; NOT measured yield
4359,Soybean,0.7,68.5,22.4,1.99,6,clay,418,10.8,349,0.67,7.24,453.7,26.6,-1.79,synthetic response curve (Mitscherlich-style) + noise; NOT measured yield
4360,Groundnut,31.1,42.5,5.7,1.49,10,sandy,413,8.2,284,0.49,5.27,106.7,25.4,1.59,synthetic response curve (Mitscherlich-style) + noise; NOT measured yield
4361,Pearl millet,72.7,13.9,29.9,1.58,10,sandy,304,6.8,171,0.4,6.72,434.4,24.2,-0.39,synthetic response curve (Mitscherlich-style) + noise; NOT measured yield
4362,Chilli,55.0,51.7,55.8,2.14,8,clay,412,13.0,343,0.67,6.98,153.6,24.1,-0.69,synthetic response curve (Mitscherlich-style) + noise; NOT measured yield
4363,Mustard,99.9,52.8,11.2,1.5,6,clay,365,31.6,301,0.77,7.26,173.4,29.9,-0.03,synthetic response curve (Mitscherlich-style) + noise; NOT measured yield
4364,Rice,64.3,75.8,67.8,4.43,8,clay,511,6.6,243,0.91,9.2,38.9,31.9,-0.84,synthetic response curve (Mitscherlich-style) + noise; NOT measured yield
4365,Cotton,20.7,73.3,20.5,1.54,3,sandy,453,10.5,272,0.59,7.63,1063.1,23.9,0.29,synthetic response curve (Mitscherlich-style) + noise; NOT measured yield
4366,Cotton,84.1,70.6,68.4,1.8,8,clay,379,10.8,329,0.52,8.59,90.7,31.3,-0.07,synthetic response curve (Mitscherlich-style) + noise; NOT measured yield
4367,Sugarcane,190.4,74.2,49.7,61.88,5,loam,316,11.4,38,0.28,6.94,262.1,21.8,0.84,synthetic response curve (Mitscherlich-style) + noise; NOT measured yield
4368,Cotton,13.9,73.5,38.2,1.59,6,clay,474,26.4,334,0.54,7.78,364.3,30.5,1.21,synthetic response curve (Mitscherlich-style) + noise; NOT measured yield
4369,Maize,154.9,51.0,12.6,3.78,4,sandy,406,8.7,120,0.43,5.76,31.9,25.0,-0.15,synthetic response curve (Mitscherlich-style) + noise; NOT measured yield
4370,Sorghum,37.9,30.1,15.9,2.99,8,clay,501,49.6,338,0.85,7.13,35.6,27.8,0.34,synthetic response curve (Mitscherlich-style) + noise; NOT measured yield
4371,Ragi,2.9,42.2,3.0,1.73,1,clay,410,56.9,261,0.67,6.72,148.7,31.9,-0.11,synthetic response curve (Mitscherlich-style) + noise; NOT measured yield
4372,Green gram,21.7,19.1,29.6,0.74,1,clay,322,23.8,263,0.8,8.51,427.7,31.1,1.07,synthetic response curve (Mitscherlich-style) + noise; NOT measured yield
4373,Mustard,52.0,35.1,41.9,1.18,4,sandy,392,4.0,71,0.58,7.84,149.2,26.9,-1.82,synthetic response curve (Mitscherlich-style) + noise; NOT measured yield
4374,Turmeric,122.6,4.8,42.8,11.92,9,clay,604,19.6,406,1.03,7.13,72.7,25.8,0.45,synthetic response curve (Mitscherlich-style) + noise; NOT measured yield
4375,Sugarcane,322.2,41.0,67.2,71.88,4,sandy,283,30.7,161,0.34,5.81,401.1,24.2,0.06,synthetic response curve (Mitscherlich-style) + noise; NOT measured yield
4376,Chilli,45.8,34.5,20.4,1.75,8,clay,544,25.7,179,0.84,8.22,128.9,26.7,0.09,synthetic response curve (Mitscherlich-style) + noise; NOT measured yield
4377,Wheat,26.8,77.3,65.6,3.94,3,sandy,275,7.7,221,0.53,7.06,288.1,32.6,0.52,synthetic response curve (Mitscherlich-style) + noise; NOT measured yield
4378,Onion,118.5,65.9,98.9,27.81,7,clay,201,6.5,229,0.16,7.09,106.9,23.7,1.57,synthetic response curve (Mitscherlich-style) + noise; NOT measured yield
4379,Lentil,12.9,25.0,12.0,0.89,7,clay,318,6.8,250,0.4,8.2,101.6,26.2,0.44,synthetic response curve (Mitscherlich-style) + noise; NOT measured yield
4380,Tomato,146.9,74.3,130.5,35.94,5,loam,250,13.8,215,0.26,7.25,1476.7,29.1,1.66,synthetic response curve (Mitscherlich-style) + noise; NOT measured yield
4381,Rice,97.8,0.1,21.4,2.8,1,clay,575,29.4,382,1.07,7.19,223.2,32.6,-0.43,synthetic response curve (Mitscherlich-style) + noise; NOT measured yield
4382,Mustard,13.8,48.6,22.5,0.86,10,sandy,413,9.4,30,0.55,5.94,71.0,24.6,-1.09,synthetic response curve (Mitscherlich-style) + noise; NOT measured yield
4383,Maize,105.9,69.1,28.9,5.41,4,sandy,417,13.7,257,0.42,5.75,321.6,29.2,0.27,synthetic response curve (Mitscherlich-style) + noise; NOT measured yield
4384,Cotton,119.6,41.5,14.4,1.66,8,clay,318,13.8,279,0.32,8.23,147.3,28.9,-1.01,synthetic response curve (Mitscherlich-style) + noise; NOT measured yield
4385,Wheat,136.4,41.4,49.3,3.21,11,loam,148,14.6,185,0.28,8.33,13.5,21.4,3.24,synthetic response curve (Mitscherlich-style) + noise; NOT measured yield
4386,Cotton,48.6,25.1,46.8,1.82,2,loam,354,34.3,119,0.45,5.72,211.2,23.8,0.98,synthetic response curve (Mitscherlich-style) + noise; NOT measured yield
4387,Wheat,108.2,49.8,63.6,3.89,11,loam,364,2.5,122,0.53,7.59,502.6,21.3,0.51,synthetic response curve (Mitscherlich-style) + noise; NOT measured yield
4388,Soybean,2.3,39.3,28.7,2.03,6,clay,554,19.8,225,0.86,8.67,36.2,26.7,-0.59,synthetic response curve (Mitscherlich-style) + noise; NOT measured yield
4389,Cotton,11.9,79.8,77.9,1.29,8,clay,255,9.4,365,0.26,9.2,75.4,32.4,-0.12,synthetic response curve (Mitscherlich-style) + noise; NOT measured yield
4390,Rice,1.8,71.6,60.1,2.71,2,loam,187,9.5,200,0.25,7.73,186.0,28.1,-1.8,synthetic response curve (Mitscherlich-style) + noise; NOT measured yield
4391,Chilli,83.1,40.1,0.4,1.16,8,clay,332,10.3,122,0.61,8.03,527.5,34.4,-1.19,synthetic response curve (Mitscherlich-style) + noise; NOT measured yield
4392,Pigeon pea,21.3,50.8,34.1,1.34,6,clay,592,4.9,200,0.88,8.7,49.7,31.9,-0.4,synthetic response curve (Mitscherlich-style) + noise; NOT measured yield
4393,Ragi,7.1,24.4,31.1,1.69,3,sandy,234,16.9,262,0.42,7.63,126.9,28.4,2.11,synthetic response curve (Mitscherlich-style) + noise; NOT measured yield
4394,Chilli,117.8,48.0,60.1,2.26,8,clay,355,24.1,339,0.61,6.77,169.5,29.4,0.16,synthetic response curve (Mitscherlich-style) + noise; NOT measured yield
4395,Pearl millet,87.7,21.0,2.9,2.16,10,sandy,340,31.7,252,0.44,6.27,149.0,27.8,0.67,synthetic response curve (Mitscherlich-style) + noise; NOT measured yield
4396,Cotton,113.3,59.8,64.8,1.55,6,clay,514,71.0,113,0.81,8.33,281.2,32.3,-0.77,synthetic response curve (Mitscherlich-style) + noise; NOT measured yield
4397,Maize,157.3,95.7,35.7,5.66,10,sandy,215,13.0,112,0.1,7.09,136.9,30.0,0.41,synthetic response curve (Mitscherlich-style) + noise; NOT measured yield
4398,Soybean,18.5,5.0,33.7,1.6,6,clay,315,29.6,318,0.61,7.42,20.1,26.6,-1.09,synthetic response curve (Mitscherlich-style) + noise; NOT measured yield
4399,Tomato,59.4,16.8,63.0,24.79,13,sandy,318,2.5,31,0.16,7.48,96.0,27.4,-0.33,synthetic response curve (Mitscherlich-style) + noise; NOT measured yield
4400,Rice,83.4,23.6,74.8,3.08,5,loam,453,13.1,159,0.82,8.79,62.3,27.8,-0.3,synthetic response curve (Mitscherlich-style) + noise; NOT measured yield
4401,Chilli,103.3,2.8,48.4,1.65,12,loam,298,41.5,156,0.56,7.43,333.8,25.6,0.12,synthetic response curve (Mitscherlich-style) + noise; NOT measured yield
4402,Cotton,133.1,50.9,44.1,1.87,6,clay,411,42.9,232,0.67,6.46,219.9,31.7,-0.19,synthetic response curve (Mitscherlich-style) + noise; NOT measured yield
4403,Wheat,121.4,1.1,31.0,2.28,9,clay,579,13.6,255,1.03,6.06,401.4,26.8,1.58,synthetic response curve (Mitscherlich-style) + noise; NOT measured yield
4404,Maize,50.0,1.9,21.9,2.92,2,loam,347,15.7,218,0.47,7.53,149.5,23.9,1.18,synthetic response curve (Mitscherlich-style) + noise; NOT measured yield
4405,Sorghum,61.8,24.5,32.6,2.58,2,loam,328,22.3,169,0.73,5.53,236.5,25.3,1.04,synthetic response curve (Mitscherlich-style) + noise; NOT measured yield
4406,Mustard,28.0,1.8,19.4,0.96,15,clay,615,21.2,304,0.75,7.31,140.0,29.4,-0.1,synthetic response curve (Mitscherlich-style) + noise; NOT measured yield
4407,Green gram,10.4,29.9,27.4,0.81,1,clay,513,4.7,330,0.74,7.53,289.0,23.9,1.08,synthetic response curve (Mitscherlich-style) + noise; NOT measured yield
4408,Wheat,167.9,72.6,53.4,4.03,9,clay,425,18.7,159,0.49,7.95,155.3,26.4,-0.13,synthetic response curve (Mitscherlich-style) + noise; NOT measured yield
4409,Sugarcane,320.0,42.1,110.9,65.88,7,clay,460,13.9,222,0.65,7.43,122.9,26.0,-0.94,synthetic response curve (Mitscherlich-style) + noise; NOT measured yield
4410,Wheat,135.3,36.6,54.5,3.87,10,sandy,357,17.0,30,0.41,6.87,101.1,22.7,0.2,synthetic response curve (Mitscherlich-style) + noise; NOT measured yield
4411,Groundnut,7.8,49.7,27.8,1.47,1,clay,308,5.2,360,0.56,7.43,279.6,22.2,0.47,synthetic response curve (Mitscherlich-style) + noise; NOT measured yield
4412,Banana,235.2,12.2,56.9,26.77,3,sandy,340,19.5,133,0.67,6.58,199.4,26.6,-0.31,synthetic response curve (Mitscherlich-style) + noise; NOT measured yield
4413,Cotton,34.8,37.1,76.0,1.72,6,clay,336,24.4,239,0.73,7.69,14.1,26.2,0.76,synthetic response curve (Mitscherlich-style) + noise; NOT measured yield
4414,Sorghum,105.0,56.7,22.5,2.71,14,clay,381,6.1,355,0.51,9.2,151.9,23.2,1.24,synthetic response curve (Mitscherlich-style) + noise; NOT measured yield
4415,Pigeon pea,13.6,25.1,5.3,1.14,6,clay,419,20.0,191,0.92,7.93,247.0,29.2,0.11,synthetic response curve (Mitscherlich-style) + noise; NOT measured yield
4416,Wheat,90.9,14.7,12.0,3.02,9,clay,510,10.0,274,0.78,7.48,257.8,23.9,0.27,synthetic response curve (Mitscherlich-style) + noise; NOT measured yield
4417,Chickpea,8.5,10.3,13.8,1.1,9,clay,436,22.3,210,0.6,8.59,309.8,26.1,1.11,synthetic response curve (Mitscherlich-style) + noise; NOT measured yield
4418,Green gram,20.1,13.8,8.9,0.58,7,clay,424,18.2,206,0.75,7.31,206.2,23.2,0.51,synthetic response curve (Mitscherlich-style) + noise; NOT measured yield
4419,Tomato,54.3,26.8,143.8,26.17,13,sandy,340,14.4,224,0.4,5.81,85.6,26.6,-1.38,synthetic response curve (Mitscherlich-style) + noise; NOT measured yield
4420,Potato,62.9,30.4,31.0,19.23,11,loam,236,90.0,173,0.3,7.18,268.0,23.7,-2.15,synthetic response curve (Mitscherlich-style) + noise; NOT measured yield
4421,Sugarcane,186.2,88.3,133.8,71.62,7,clay,316,9.5,276,0.66,8.0,26.8,21.0,1.59,synthetic response curve (Mitscherlich-style) + noise; NOT measured yield
4422,Wheat,52.3,43.1,5.7,3.45,5,loam,568,4.5,239,0.75,8.65,131.4,19.8,-0.68,synthetic response curve (Mitscherlich-style) + noise; NOT measured yield
4423,Banana,223.9,59.8,100.3,37.82,5,loam,475,30.6,231,0.61,6.76,67.6,18.0,-0.81,synthetic response curve (Mitscherlich-style) + noise; NOT measured yield
4424,Mustard,80.9,21.3,1.9,1.4,15,clay,337,26.6,333,0.54,7.66,171.5,29.0,-0.43,synthetic response curve (Mitscherlich-style) + noise; NOT measured yield
4425,Banana,193.1,62.9,36.5,34.08,2,loam,390,30.4,103,0.72,7.18,48.5,24.5,0.85,synthetic response curve (Mitscherlich-style) + noise; NOT measured yield
4426,Chilli,23.7,8.3,0.1,1.28,3,sandy,299,12.9,208,0.34,8.55,668.2,29.8,-1.33,synthetic response curve (Mitscherlich-style) + noise; NOT measured yield
4427,Wheat,150.3,28.3,65.1,3.13,4,sandy,419,7.7,80,0.35,6.98,53.9,23.7,-0.19,synthetic response curve (Mitscherlich-style) + noise; NOT measured yield
4428,Tomato,94.6,1.0,23.9,17.81,13,sandy,249,5.3,238,0.53,6.61,63.4,27.4,0.14,synthetic response curve (Mitscherlich-style) + noise; NOT measured yield
4429,Sorghum,62.4,30.2,28.8,2.06,11,loam,318,40.4,197,0.5,7.12,182.6,26.9,-2.32,synthetic response curve (Mitscherlich-style) + noise; NOT measured yield
4430,Potato,63.6,73.7,173.6,21.87,15,clay,350,20.3,216,0.81,7.29,382.5,23.6,1.1,synthetic response curve (Mitscherlich-style) + noise; NOT measured yield
4431,Rice,0.0,3.3,12.9,2.55,11,loam,188,19.5,238,0.32,7.77,158.6,29.4,-0.99,synthetic response curve (Mitscherlich-style) + noise; NOT measured yield
4432,Cotton,117.3,16.8,72.3,1.33,8,clay,445,14.5,161,0.8,7.91,364.3,28.7,1.69,synthetic response curve (Mitscherlich-style) + noise; NOT measured yield
4433,Green gram,6.6,12.0,9.4,0.5,1,clay,403,10.3,304,0.66,9.2,172.7,25.4,-0.81,synthetic response curve (Mitscherlich-style) + noise; NOT measured yield
4434,Sorghum,61.9,35.1,32.6,2.29,14,clay,568,15.7,192,0.85,6.39,755.1,23.3,-1.74,synthetic response curve (Mitscherlich-style) + noise; NOT measured yield
4435,Tomato,70.9,15.9,97.0,29.04,11,loam,484,32.3,241,0.51,6.23,459.0,28.9,-0.14,synthetic response curve (Mitscherlich-style) + noise; NOT measured yield
4436,Cotton,147.2,7.0,64.0,1.38,2,loam,426,29.1,65,0.5,7.24,122.9,28.0,-0.37,synthetic response curve (Mitscherlich-style) + noise; NOT measured yield
4437,Mustard,27.0,11.3,20.7,0.99,15,clay,242,8.3,374,0.35,7.94,1232.1,30.1,-0.3,synthetic response curve (Mitscherlich-style) + noise; NOT measured yield
4438,Mustard,80.0,27.3,18.0,1.03,10,sandy,337,2.8,207,0.34,5.46,35.3,26.7,-0.39,synthetic response curve (Mitscherlich-style) + noise; NOT measured yield
4439,Pearl millet,48.0,40.5,41.6,1.74,10,sandy,136,12.8,175,0.1,7.06,118.0,25.7,0.92,synthetic response curve (Mitscherlich-style) + noise; NOT measured yield
4440,Cotton,61.4,46.3,30.1,1.6,6,clay,279,35.0,250,0.48,6.66,49.2,23.3,1.24,synthetic response curve (Mitscherlich-style) + noise; NOT measured yield
4441,Cotton,5.5,56.1,49.9,1.23,5,loam,314,5.7,202,0.68,4.53,183.3,25.5,0.82,synthetic response curve (Mitscherlich-style) + noise; NOT measured yield
4442,Sunflower,50.9,2.8,25.7,0.86,6,clay,458,5.8,160,0.96,7.96,510.5,31.8,1.01,synthetic response curve (Mitscherlich-style) + noise; NOT measured yield
4443,Mustard,19.2,42.7,42.7,1.23,1,clay,333,11.5,184,0.61,7.85,102.2,31.5,-0.16,synthetic response curve (Mitscherlich-style) + noise; NOT measured yield
4444,Onion,133.5,36.1,25.5,20.21,7,clay,388,13.5,300,0.66,6.74,323.2,27.2,-1.67,synthetic response curve (Mitscherlich-style) + noise; NOT measured yield
4445,Green gram,0.7,14.9,31.8,0.66,1,clay,556,10.6,336,0.83,7.47,308.5,29.0,1.61,synthetic response curve (Mitscherlich-style) + noise; NOT measured yield
4446,Sunflower,102.8,53.3,49.7,2.09,9,clay,515,29.5,329,0.71,7.65,42.5,25.0,-0.21,synthetic response curve (Mitscherlich-style) + noise; NOT measured yield
4447,Tomato,142.9,3.1,36.7,17.56,4,sandy,261,6.4,59,0.46,6.63,6.0,24.9,0.07,synthetic response curve (Mitscherlich-style) + noise; NOT measured yield
4448,Lentil,22.2,9.9,23.2,0.73,10,sandy,364,9.9,30,0.29,7.69,168.4,25.8,0.5,synthetic response curve (Mitscherlich-style) + noise; NOT measured yield
4449,Pigeon pea,27.1,33.4,0.1,0.94,6,clay,558,4.1,223,0.93,8.42,397.1,29.1,2.17,synthetic response curve (Mitscherlich-style) + noise; NOT measured yield
4450,Soybean,31.8,47.0,55.6,2.16,5,loam,415,28.4,177,0.33,7.25,315.9,30.3,0.65,synthetic response curve (Mitscherlich-style) + noise; NOT measured yield
4451,Onion,111.9,59.4,78.5,28.13,3,sandy,222,10.5,228,0.31,6.69,725.1,31.5,-0.31,synthetic response curve (Mitscherlich-style) + noise; NOT measured yield
4452,Rice,81.8,52.6,81.1,4.19,6,clay,264,5.2,374,0.43,8.44,187.2,32.5,1.15,synthetic response curve (Mitscherlich-style) + noise; NOT measured yield
4453,Cotton,160.0,69.3,34.4,1.4,2,loam,336,40.6,230,0.31,7.71,135.6,26.4,-0.8,synthetic response curve (Mitscherlich-style) + noise; NOT measured yield
4454,Rice,146.7,62.1,28.8,4.44,4,sandy,333,20.7,132,0.42,6.91,333.0,20.9,1.15,synthetic response curve (Mitscherlich-style) + noise; NOT measured yield
4455,Pearl millet,16.5,8.3,13.5,1.42,7,clay,423,8.5,348,0.72,6.75,395.6,24.1,-0.06,synthetic response curve (Mitscherlich-style) + noise; NOT measured yield
4456,Pearl millet,14.6,12.5,46.4,1.43,10,sandy,318,8.6,149,0.41,5.66,8.2,25.2,0.18,synthetic response curve (Mitscherlich-style) + noise; NOT measured yield
4457,Maize,153.4,8.6,50.8,4.87,7,clay,670,60.9,189,1.05,6.78,79.2,25.8,-0.83,synthetic response curve (Mitscherlich-style) + noise; NOT measured yield
4458,Cotton,25.4,33.5,48.3,1.31,2,loam,235,7.3,227,0.39,6.71,70.0,25.9,-0.81,synthetic response curve (Mitscherlich-style) + noise; NOT measured yield
4459,Wheat,14.0,28.0,64.6,3.28,11,loam,234,12.8,96,0.24,5.55,53.7,27.2,-0.24,synthetic response curve (Mitscherlich-style) + noise; NOT measured yield
4460,Maize,164.2,56.3,20.7,3.76,7,clay,364,9.2,89,0.77,8.88,30.1,30.3,1.93,synthetic response curve (Mitscherlich-style) + noise; NOT measured yield
4461,Banana,223.1,70.6,203.4,37.81,10,sandy,412,22.4,80,0.29,7.35,75.2,23.9,-1.22,synthetic response curve (Mitscherlich-style) + noise; NOT measured yield
4462,Potato,209.8,78.1,109.6,25.09,15,clay,276,22.9,103,0.71,7.14,240.5,31.4,-0.3,synthetic response curve (Mitscherlich-style) + noise; NOT measured yield
4463,Green gram,16.5,13.1,16.5,0.59,1,clay,386,23.5,123,0.59,8.1,123.6,24.4,-1.88,synthetic response curve (Mitscherlich-style) + noise; NOT measured yield
4464,Mustard,86.9,27.4,45.4,1.22,15,clay,203,15.0,170,0.41,8.25,62.0,22.6,1.1,synthetic response curve (Mitscherlich-style) + noise; NOT measured yield
4465,Potato,159.9,119.3,160.8,27.76,15,clay,515,16.8,220,0.71,8.23,603.0,29.5,-0.16,synthetic response curve (Mitscherlich-style) + noise; NOT measured yield
4466,Rice,152.5,75.5,15.6,3.19,8,clay,315,8.9,339,0.67,9.2,29.4,26.1,-1.67,synthetic response curve (Mitscherlich-style) + noise; NOT measured yield
4467,Groundnut,15.4,44.7,58.0,1.78,1,clay,576,42.5,317,1.03,7.32,170.6,29.2,0.5,synthetic response curve (Mitscherlich-style) + noise; NOT measured yield
4468,Lentil,12.4,8.6,2.8,0.5,4,sandy,398,16.5,30,0.62,6.72,223.6,27.1,0.09,synthetic response curve (Mitscherlich-style) + noise; NOT measured yield
4469,Sunflower,39.9,64.7,32.0,1.52,4,sandy,377,4.4,93,0.46,5.58,35.1,24.8,0.71,synthetic response curve (Mitscherlich-style) + noise; NOT measured yield
4470,Chickpea,13.0,34.0,28.1,1.24,9,clay,226,44.0,268,0.27,6.13,106.6,24.3,2.08,synthetic response curve (Mitscherlich-style) + noise; NOT measured yield
4471,Rice,68.4,30.5,20.2,4.11,11,loam,476,18.7,419,0.69,6.6,49.2,26.2,1.24,synthetic response curve (Mitscherlich-style) + noise; NOT measured yield
4472,Ragi,79.8,20.7,46.6,1.38,8,clay,325,4.7,222,0.26,8.79,91.8,26.5,-1.29,synthetic response curve (Mitscherlich-style) + noise; NOT measured yield
4473,Cotton,52.9,29.8,3.7,1.17,6,clay,352,22.5,149,0.57,8.77,194.8,24.5,0.52,synthetic response curve (Mitscherlich-style) + noise; NOT measured yield
4474,Green gram,10.4,34.5,2.1,0.53,1,clay,470,15.0,84,0.6,7.28,377.1,25.7,0.02,synthetic response curve (Mitscherlich-style) + noise; NOT measured yield
4475,Soybean,16.7,57.3,16.8,2.09,15,clay,410,12.2,423,0.61,8.43,495.5,23.3,0.26,synthetic response curve (Mitscherlich-style) + noise; NOT measured yield
4476,Rice,167.6,7.1,80.9,3.06,15,clay,444,19.3,355,0.57,6.89,25.8,28.3,1.45,synthetic response curve (Mitscherlich-style) + noise; NOT measured yield
4477,Pigeon pea,28.6,56.3,12.1,1.09,1,clay,351,5.0,242,0.72,6.3,103.4,28.1,0.07,synthetic response curve (Mitscherlich-style) + noise; NOT measured yield
4478,Wheat,107.8,82.2,61.7,4.58,5,loam,351,15.3,239,0.62,8.33,52.2,22.3,0.13,synthetic response curve (Mitscherlich-style) + noise; NOT measured yield
4479,Potato,4.0,58.3,40.6,17.75,15,clay,419,7.5,224,0.57,7.76,137.7,28.8,-1.56,synthetic response curve (Mitscherlich-style) + noise; NOT measured yield
4480,Pigeon pea,14.2,51.5,29.6,1.31,6,clay,436,5.6,205,0.59,8.87,132.0,28.0,0.56,synthetic response curve (Mitscherlich-style) + noise; NOT measured yield
4481,Mustard,34.8,27.7,14.4,0.89,10,sandy,217,8.5,95,0.33,4.78,167.4,20.3,-1.81,synthetic response curve (Mitscherlich-style) + noise; NOT measured yield
4482,Rice,105.7,41.5,58.4,4.79,8,clay,333,36.3,256,0.28,7.72,129.8,27.9,0.04,synthetic response curve (Mitscherlich-style) + noise; NOT measured yield
4483,Groundnut,22.7,68.0,30.6,1.51,10,sandy,309,65.0,103,0.56,6.86,25.6,24.8,-1.08,synthetic response curve (Mitscherlich-style) + noise; NOT measured yield
4484,Chilli,25.9,17.9,54.0,1.8,14,clay,608,4.0,114,0.89,7.82,45.9,28.5,1.01,synthetic response curve (Mitscherlich-style) + noise; NOT measured yield
4485,Pigeon pea,26.4,47.6,43.1,1.33,6,clay,463,2.2,140,0.8,7.41,456.1,28.3,0.67,synthetic response curve (Mitscherlich-style) + noise; NOT measured yield
4486,Wheat,139.2,54.6,28.7,4.37,12,loam,358,25.5,266,0.55,6.03,26.9,31.7,0.68,synthetic response curve (Mitscherlich-style) + noise; NOT measured yield
4487,Banana,167.0,61.9,156.4,34.04,7,clay,299,13.0,123,0.66,7.51,63.2,22.0,1.05,synthetic response curve (Mitscherlich-style) + noise; NOT measured yield
4488,Ragi,36.9,17.7,29.2,1.54,4,sandy,349,15.2,65,0.39,5.64,577.7,21.5,-1.62,synthetic response curve (Mitscherlich-style) + noise; NOT measured yield
4489,Maize,103.6,39.0,74.6,4.65,2,loam,463,8.4,228,0.73,7.46,11.0,21.5,1.9,synthetic response curve (Mitscherlich-style) + noise; NOT measured yield
4490,Wheat,49.6,68.1,18.7,4.0,11,loam,342,17.8,131,0.42,6.41,326.4,25.4,0.33,synthetic response curve (Mitscherlich-style) + noise; NOT measured yield
4491,Green gram,19.7,3.4,27.9,0.54,10,sandy,448,14.8,125,0.51,6.24,111.7,21.9,-0.86,synthetic response curve (Mitscherlich-style) + noise; NOT measured yield
4492,Chilli,17.4,33.3,39.2,1.95,14,clay,360,42.0,87,0.84,9.2,75.8,26.6,0.98,synthetic response curve (Mitscherlich-style) + noise; NOT measured yield
4493,Ragi,76.0,16.4,34.0,1.59,4,sandy,395,10.0,30,0.58,7.33,376.6,18.9,-0.46,synthetic response curve (Mitscherlich-style) + noise; NOT measured yield
4494,Potato,205.6,118.4,57.1,22.57,11,loam,349,20.4,310,0.46,4.86,92.6,29.5,1.17,synthetic response curve (Mitscherlich-style) + noise; NOT measured yield
4495,Rice,12.9,25.9,45.0,3.3,1,clay,429,7.8,223,0.65,8.12,179.7,27.0,-0.24,synthetic response curve (Mitscherlich-style) + noise; NOT measured yield
4496,Chilli,126.7,15.4,58.6,1.57,3,sandy,289,9.4,219,0.34,7.71,21.1,28.1,0.38,synthetic response curve (Mitscherlich-style) + noise; NOT measured yield
4497,Wheat,10.4,65.1,22.9,3.86,9,clay,345,2.0,255,0.53,8.51,146.7,28.4,-0.34,synthetic response curve (Mitscherlich-style) + noise; NOT measured yield
4498,Chickpea,27.8,24.3,21.6,1.2,9,clay,378,4.9,95,0.52,8.11,262.0,17.4,0.8,synthetic response curve (Mitscherlich-style) + noise; NOT measured yield
4499,Sunflower,45.2,50.6,47.6,1.66,9,clay,367,29.1,275,0.5,7.37,472.0,24.5,-0.71,synthetic response curve (Mitscherlich-style) + noise; NOT measured yield
4500,Ragi,23.7,23.2,38.5,2.1,13,sandy,307,4.4,164,0.49,6.76,152.0,25.4,1.51,synthetic response curve (Mitscherlich-style) + noise; NOT measured yield
4501,Maize,115.6,46.3,73.8,5.12,13,sandy,179,22.2,91,0.23,5.19,90.3,28.4,1.01,synthetic response curve (Mitscherlich-style) + noise; NOT measured yield
4502,Chilli,79.5,10.6,65.5,1.28,3,sandy,329,26.1,119,0.35,8.72,297.0,25.4,-1.2,synthetic response curve (Mitscherlich-style) + noise; NOT measured yield
4503,Maize,56.5,56.1,13.4,4.43,4,sandy,257,15.7,94,0.28,6.58,58.9,25.2,1.56,synthetic response curve (Mitscherlich-style) + noise; NOT measured yield
4504,Wheat,142.8,20.2,55.7,3.31,9,clay,368,10.9,155,0.49,8.59,69.0,24.3,-0.74,synthetic response curve (Mitscherlich-style) + noise; NOT measured yield
4505,Potato,10.6,14.5,42.2,23.33,15,clay,428,85.9,83,0.47,8.64,100.6,27.4,0.78,synthetic response curve (Mitscherlich-style) + noise; NOT measured yield
4506,Potato,85.4,86.3,86.4,17.89,11,loam,324,9.0,139,0.35,7.61,313.8,22.0,-1.58,synthetic response curve (Mitscherlich-style) + noise; NOT measured yield
4507,Chickpea,25.4,17.1,5.5,1.34,3,sandy,458,44.2,185,0.61,7.52,40.1,27.8,-0.32,synthetic response curve (Mitscherlich-style) + noise; NOT measured yield
4508,Green gram,22.0,34.7,23.6,0.69,10,sandy,400,10.2,50,0.37,8.04,22.4,28.2,1.52,synthetic response curve (Mitscherlich-style) + noise; NOT measured yield
4509,Soybean,18.4,75.1,9.3,1.8,6,clay,362,13.9,287,0.62,7.5,44.9,27.6,-0.75,synthetic response curve (Mitscherlich-style) + noise; NOT measured yield
4510,Tomato,100.0,73.0,111.5,35.72,2,loam,223,3.8,181,0.28,7.57,203.3,23.2,0.9,synthetic response curve (Mitscherlich-style) + noise; NOT measured yield
4511,Potato,182.5,96.0,31.2,20.72,11,loam,315,6.7,87,0.28,7.17,159.9,27.3,0.24,synthetic response curve (Mitscherlich-style) + noise; NOT measured yield
4512,Wheat,99.3,12.2,41.2,3.1,5,loam,350,10.4,256,0.47,7.8,99.5,19.7,0.42,synthetic response curve (Mitscherlich-style) + noise; NOT measured yield
4513,Rice,41.9,74.5,11.2,3.96,12,loam,408,19.8,280,0.67,7.38,116.0,29.0,0.46,synthetic response curve (Mitscherlich-style) + noise; NOT measured yield
4514,Green gram,13.8,45.9,24.2,0.79,9,clay,399,66.6,371,0.71,7.13,915.0,26.8,1.16,synthetic response curve (Mitscherlich-style) + noise; NOT measured yield
4515,Maize,179.7,83.3,58.5,6.28,7,clay,625,19.7,287,0.99,7.77,176.6,23.8,1.23,synthetic response curve (Mitscherlich-style) + noise; NOT measured yield
4516,Maize,154.3,75.9,37.3,4.81,4,sandy,364,3.5,182,0.46,5.72,111.9,27.7,-1.11,synthetic response curve (Mitscherlich-style) + noise; NOT measured yield
4517,Cotton,84.0,8.5,14.3,1.23,5,loam,485,13.8,229,0.65,6.7,39.8,20.6,-1.02,synthetic response curve (Mitscherlich-style) + noise; NOT measured yield
4518,Soybean,10.0,15.1,26.1,1.71,6,clay,486,29.9,267,0.51,7.04,135.7,24.7,-1.41,synthetic response curve (Mitscherlich-style) + noise; NOT measured yield
4519,Rice,122.2,77.2,3.4,3.54,11,loam,399,25.9,166,0.52,6.93,979.4,20.8,-0.1,synthetic response curve (Mitscherlich-style) + noise; NOT measured yield
4520,Onion,33.1,22.5,5.9,21.12,7,clay,493,10.0,296,0.64,8.12,408.5,26.5,-1.0,synthetic response curve (Mitscherlich-style) + noise; NOT measured yield
4521,Rice,173.2,10.0,7.6,3.03,1,clay,508,29.1,350,0.85,8.4,323.7,27.8,-0.74,synthetic response curve (Mitscherlich-style) + noise; NOT measured yield
4522,Banana,227.3,29.4,128.6,32.09,1,clay,557,19.5,227,0.97,8.03,104.7,25.5,-0.7,synthetic response curve (Mitscherlich-style) + noise; NOT measured yield
4523,Rice,62.6,79.3,27.5,3.57,5,loam,421,5.7,89,0.49,5.59,35.8,19.4,-0.58,synthetic response curve (Mitscherlich-style) + noise; NOT measured yield
4524,Chilli,103.2,63.6,9.4,1.96,8,clay,462,26.8,298,0.84,8.59,284.3,26.3,0.45,synthetic response curve (Mitscherlich-style) + noise; NOT measured yield
4525,Sugarcane,26.9,11.1,33.1,50.5,5,loam,300,13.3,84,0.53,6.86,426.1,25.3,2.51,synthetic response curve (Mitscherlich-style) + noise; NOT measured yield
4526,Wheat,177.2,8.5,53.5,2.45,15,clay,522,4.9,290,0.73,8.57,737.4,22.7,-0.42,synthetic response curve (Mitscherlich-style) + noise; NOT measured yield
4527,Rice,176.6,14.0,24.9,3.34,4,sandy,368,19.3,148,0.27,7.93,48.8,28.2,-1.08,synthetic response curve (Mitscherlich-style) + noise; NOT measured yield
4528,Pigeon pea,4.9,27.9,33.6,1.14,7,clay,502,26.4,175,0.63,8.47,17.0,22.0,-0.2,synthetic response curve (Mitscherlich-style) + noise; NOT measured yield
4529,Soybean,22.7,76.8,34.5,2.24,6,clay,475,23.3,367,0.69,7.88,300.7,26.2,-0.29,synthetic response curve (Mitscherlich-style) + noise; NOT measured yield
4530,Soybean,5.2,22.8,26.1,1.54,5,loam,256,25.9,184,0.31,6.74,54.2,25.8,-1.04,synthetic response curve (Mitscherlich-style) + noise; NOT measured yield
4531,Sorghum,44.4,31.8,35.6,2.46,14,clay,385,20.7,210,0.47,6.77,101.3,25.7,0.78,synthetic response curve (Mitscherlich-style) + noise; NOT measured yield
4532,Maize,58.7,36.2,60.3,5.54,4,sandy,323,29.9,289,0.59,7.6,494.6,19.6,1.51,synthetic response curve (Mitscherlich-style) + noise; NOT measured yield
4533,Green gram,27.8,33.1,19.1,0.75,1,clay,183,14.0,334,0.36,8.04,171.3,28.9,-0.31,synthetic response curve (Mitscherlich-style) + noise; NOT measured yield
4534,Pigeon pea,20.0,26.0,35.7,1.12,8,clay,360,16.5,272,0.92,7.6,33.1,26.4,-0.84,synthetic response curve (Mitscherlich-style) + noise; NOT measured yield
4535,Pearl millet,86.7,32.8,4.1,1.53,10,sandy,251,6.4,153,0.15,5.53,35.5,29.3,-2.21,synthetic response curve (Mitscherlich-style) + noise; NOT measured yield
4536,Potato,94.5,7.6,113.7,14.1,7,clay,428,10.4,309,0.56,7.58,210.6,26.5,1.12,synthetic response curve (Mitscherlich-style) + noise; NOT measured yield
4537,Sugarcane,267.8,77.3,101.1,78.2,7,clay,387,36.4,152,0.7,7.16,123.6,26.5,1.89,synthetic response curve (Mitscherlich-style) + noise; NOT measured yield
4538,Maize,56.4,15.0,63.6,4.12,13,sandy,359,15.2,97,0.49,6.86,125.5,21.5,-0.08,synthetic response curve (Mitscherlich-style) + noise; NOT measured yield
4539,Soybean,28.2,0.6,17.2,1.12,6,clay,413,13.2,217,0.77,8.53,609.1,27.9,-0.68,synthetic response curve (Mitscherlich-style) + noise; NOT measured yield
4540,Pearl millet,102.3,28.1,25.6,1.56,10,sandy,357,36.9,134,0.48,5.41,90.5,22.2,-0.01,synthetic response curve (Mitscherlich-style) + noise; NOT measured yield
4541,Tomato,33.2,16.7,115.8,24.68,13,sandy,338,5.9,120,0.47,7.51,30.5,24.3,0.7,synthetic response curve (Mitscherlich-style) + noise; NOT measured yield
4542,Turmeric,97.4,60.4,117.0,20.02,6,clay,375,7.4,211,0.87,7.17,14.5,26.9,1.54,synthetic response curve (Mitscherlich-style) + noise; NOT measured yield
4543,Wheat,27.1,80.3,15.9,3.15,9,clay,448,22.6,219,0.88,7.55,93.3,22.6,0.7,synthetic response curve (Mitscherlich-style) + noise; NOT measured yield
4544,Potato,119.8,57.1,168.2,22.53,6,clay,402,9.9,240,0.48,6.17,196.9,27.1,1.62,synthetic response curve (Mitscherlich-style) + noise; NOT measured yield
4545,Wheat,27.1,42.1,68.2,3.24,10,sandy,268,7.9,171,0.31,5.84,43.1,23.1,0.18,synthetic response curve (Mitscherlich-style) + noise; NOT measured yield
4546,Chickpea,23.9,40.7,36.8,1.3,9,clay,561,13.2,235,0.74,7.62,129.5,20.4,-2.44,synthetic response curve (Mitscherlich-style) + noise; NOT measured yield
4547,Maize,214.0,13.2,45.2,3.35,13,sandy,268,6.0,91,0.46,7.31,153.0,26.3,-0.87,synthetic response curve (Mitscherlich-style) + noise; NOT measured yield
4548,Wheat,113.8,77.9,28.5,2.93,4,sandy,377,4.5,73,0.58,4.5,203.1,23.3,0.13,synthetic response curve (Mitscherlich-style) + noise; NOT measured yield
4549,Rice,141.3,46.2,22.3,3.74,3,sandy,270,3.6,144,0.1,7.93,40.9,26.7,0.66,synthetic response curve (Mitscherlich-style) + noise; NOT measured yield
4550,Maize,104.9,34.8,29.0,5.5,7,clay,316,29.5,272,0.67,8.27,125.1,29.1,-0.06,synthetic response curve (Mitscherlich-style) + noise; NOT measured yield
4551,Potato,189.2,54.2,52.9,20.43,10,sandy,187,8.7,201,0.14,6.78,94.0,24.7,-0.67,synthetic response curve (Mitscherlich-style) + noise; NOT measured yield
4552,Wheat,30.8,17.3,43.4,3.31,5,loam,572,32.9,390,0.84,6.64,89.9,25.2,-0.33,synthetic response curve (Mitscherlich-style) + noise; NOT measured yield
4553,Mustard,106.8,14.7,12.1,1.3,15,clay,489,31.3,321,0.56,6.06,81.0,25.4,-0.86,synthetic response curve (Mitscherlich-style) + noise; NOT measured yield
4554,Sunflower,55.6,43.8,17.9,1.91,8,clay,220,21.7,196,0.1,8.7,672.1,24.1,-0.16,synthetic response curve (Mitscherlich-style) + noise; NOT measured yield
4555,Lentil,0.5,27.7,24.1,0.78,13,sandy,310,15.2,171,0.34,5.01,76.1,24.8,-0.38,synthetic response curve (Mitscherlich-style) + noise; NOT measured yield
4556,Wheat,69.8,24.5,27.0,2.87,9,clay,323,9.8,115,0.36,8.68,181.0,24.8,-0.67,synthetic response curve (Mitscherlich-style) + noise; NOT measured yield
4557,Green gram,2.5,56.1,2.9,0.79,6,clay,379,18.9,219,0.72,8.56,163.6,24.1,1.9,synthetic response curve (Mitscherlich-style) + noise; NOT measured yield
4558,Potato,208.2,85.5,123.8,17.55,13,sandy,461,12.1,196,0.57,7.68,206.3,22.6,-2.31,synthetic response curve (Mitscherlich-style) + noise; NOT measured yield
4559,Rice,174.7,53.5,43.4,4.45,3,sandy,275,6.5,180,0.31,6.42,83.9,37.1,0.24,synthetic response curve (Mitscherlich-style) + noise; NOT measured yield
4560,Rice,29.2,9.1,64.9,3.95,4,sandy,260,31.3,150,0.55,7.46,72.5,18.8,0.71,synthetic response curve (Mitscherlich-style) + noise; NOT measured yield
4561,Rice,2.5,1.6,5.2,2.47,12,loam,384,7.0,234,0.7,5.81,84.3,19.8,0.73,synthetic response curve (Mitscherlich-style) + noise; NOT measured yield
4562,Sorghum,100.2,47.8,16.8,2.26,14,clay,410,13.7,145,0.69,7.75,121.5,24.5,-1.01,synthetic response curve (Mitscherlich-style) + noise; NOT measured yield
4563,Sugarcane,248.3,39.1,0.0,58.23,5,loam,322,4.4,231,0.61,6.81,495.5,24.3,-0.24,synthetic response curve (Mitscherlich-style) + noise; NOT measured yield
4564,Rice,147.7,41.2,77.6,3.86,9,clay,371,13.6,220,0.61,8.04,271.9,25.0,-0.68,synthetic response curve (Mitscherlich-style) + noise; NOT measured yield
4565,Rice,44.9,50.2,58.8,3.62,8,clay,245,4.1,249,0.35,8.71,108.4,22.1,-1.24,synthetic response curve (Mitscherlich-style) + noise; NOT measured yield
4566,Groundnut,7.4,6.1,25.2,0.94,11,loam,303,5.6,257,0.47,6.92,205.2,32.3,-0.03,synthetic response curve (Mitscherlich-style) + noise; NOT measured yield
4567,Groundnut,5.3,31.9,49.5,1.53,8,clay,417,7.1,225,0.53,7.7,172.5,30.6,-1.13,synthetic response curve (Mitscherlich-style) + noise; NOT measured yield
4568,Pearl millet,14.1,52.1,6.7,1.46,10,sandy,187,17.3,51,0.1,7.05,38.1,30.1,0.53,synthetic response curve (Mitscherlich-style) + noise; NOT measured yield
4569,Rice,168.5,8.0,33.6,3.26,11,loam,298,24.0,110,0.58,8.55,83.2,25.5,-0.03,synthetic response curve (Mitscherlich-style) + noise; NOT measured yield
4570,Cotton,3.4,58.1,29.0,1.69,13,sandy,440,27.3,159,0.57,6.72,266.8,17.7,-1.22,synthetic response curve (Mitscherlich-style) + noise; NOT measured yield
4571,Sunflower,69.7,16.6,11.2,1.17,3,sandy,279,10.2,134,0.43,7.22,26.1,25.7,0.77,synthetic response curve (Mitscherlich-style) + noise; NOT measured yield
4572,Wheat,72.1,66.5,62.0,3.64,10,sandy,226,18.2,175,0.36,5.25,160.5,17.4,-0.59,synthetic response curve (Mitscherlich-style) + noise; NOT measured yield
4573,Wheat,169.7,52.9,30.5,3.31,3,sandy,231,18.1,137,0.36,6.79,220.7,27.7,0.88,synthetic response curve (Mitscherlich-style) + noise; NOT measured yield
4574,Groundnut,2.0,26.4,0.5,1.49,1,clay,334,3.3,287,0.44,8.62,190.3,29.1,1.42,synthetic response curve (Mitscherlich-style) + noise; NOT measured yield
4575,Sugarcane,327.2,92.6,56.8,71.72,11,loam,411,23.2,125,0.48,6.07,173.2,28.9,0.9,synthetic response curve (Mitscherlich-style) + noise; NOT measured yield
4576,Soybean,29.7,45.0,14.8,2.24,6,clay,439,16.9,334,0.58,8.2,522.8,23.7,0.66,synthetic response curve (Mitscherlich-style) + noise; NOT measured yield
4577,Ragi,7.0,35.8,31.5,1.89,11,loam,357,29.3,272,0.56,7.82,97.7,21.1,-0.53,synthetic response curve (Mitscherlich-style) + noise; NOT measured yield
4578,Rice,52.3,29.9,76.5,3.61,15,clay,359,14.7,397,0.74,6.81,335.2,29.8,-1.13,synthetic response curve (Mitscherlich-style) + noise; NOT measured yield
4579,Cotton,71.8,15.6,42.8,1.42,2,loam,555,9.3,175,0.64,6.64,80.0,22.8,-0.1,synthetic response curve (Mitscherlich-style) + noise; NOT measured yield
4580,Green gram,8.3,51.9,17.4,0.67,7,clay,326,27.9,209,0.5,9.07,109.4,28.5,0.55,synthetic response curve (Mitscherlich-style) + noise; NOT measured yield
4581,Rice,49.3,13.6,54.9,3.28,2,loam,357,21.5,171,0.36,7.4,261.7,30.1,-1.31,synthetic response curve (Mitscherlich-style) + noise; NOT measured yield
4582,Chickpea,28.8,24.8,32.0,1.18,13,sandy,261,4.7,135,0.32,5.61,376.3,20.1,-0.82,synthetic response curve (Mitscherlich-style) + noise; NOT measured yield
4583,Soybean,17.7,12.9,56.4,1.9,15,clay,385,21.1,107,0.64,6.98,163.6,25.3,1.33,synthetic response curve (Mitscherlich-style) + noise; NOT measured yield
4584,Wheat,28.3,79.2,51.4,4.01,14,clay,418,14.3,311,0.73,7.05,128.4,25.0,-0.03,synthetic response curve (Mitscherlich-style) + noise; NOT measured yield
4585,Mustard,91.1,47.7,47.2,1.3,15,clay,409,24.5,314,0.63,8.92,309.1,25.1,0.23,synthetic response curve (Mitscherlich-style) + noise; NOT measured yield
4586,Wheat,70.8,3.7,22.1,3.87,5,loam,472,33.3,339,0.79,7.99,35.9,21.4,0.59,synthetic response curve (Mitscherlich-style) + noise; NOT measured yield
4587,Onion,41.7,28.4,72.8,22.96,5,loam,234,14.8,163,0.45,7.98,146.2,24.0,-1.35,synthetic response curve (Mitscherlich-style) + noise; NOT measured yield
4588,Wheat,78.8,32.7,17.9,2.44,13,sandy,405,15.4,48,0.44,4.5,346.1,25.2,-2.44,synthetic response curve (Mitscherlich-style) + noise; NOT measured yield
4589,Wheat,112.2,72.0,45.2,4.06,10,sandy,337,37.4,175,0.26,6.9,130.8,25.1,0.81,synthetic response curve (Mitscherlich-style) + noise; NOT measured yield
4590,Soybean,22.3,27.4,57.0,1.77,6,clay,444,12.3,199,0.66,7.6,54.6,30.6,-0.25,synthetic response curve (Mitscherlich-style) + noise; NOT measured yield
4591,Rice,149.6,52.8,61.6,3.62,4,sandy,205,4.7,145,0.28,6.87,161.2,26.2,-1.36,synthetic response curve (Mitscherlich-style) + noise; NOT measured yield
4592,Green gram,24.9,9.6,32.7,0.55,1,clay,436,21.2,258,0.69,9.2,27.0,29.1,1.71,synthetic response curve (Mitscherlich-style) + noise; NOT measured yield
4593,Groundnut,33.9,41.1,9.8,1.92,1,clay,351,11.7,334,0.7,8.42,569.7,30.7,0.01,synthetic response curve (Mitscherlich-style) + noise; NOT measured yield
4594,Tomato,91.4,61.4,117.1,38.94,11,loam,463,20.0,170,0.65,6.89,202.9,27.4,0.04,synthetic response curve (Mitscherlich-style) + noise; NOT measured yield
4595,Maize,156.3,21.2,1.6,2.57,4,sandy,153,14.6,41,0.18,7.64,77.4,22.2,0.57,synthetic response curve (Mitscherlich-style) + noise; NOT measured yield
4596,Maize,14.6,59.0,74.0,4.07,13,sandy,205,4.8,129,0.22,6.8,94.1,21.0,0.26,synthetic response curve (Mitscherlich-style) + noise; NOT measured yield
4597,Sunflower,46.4,47.4,43.4,1.77,13,sandy,394,17.5,195,0.73,7.85,297.2,28.6,1.02,synthetic response curve (Mitscherlich-style) + noise; NOT measured yield
4598,Pigeon pea,7.1,26.6,18.6,1.04,7,clay,389,46.8,191,0.65,8.22,20.3,27.8,0.26,synthetic response curve (Mitscherlich-style) + noise; NOT measured yield
4599,Rice,41.0,64.3,8.6,4.22,5,loam,448,9.1,307,0.48,6.26,132.7,28.6,-1.7,synthetic response curve (Mitscherlich-style) + noise; NOT measured yield
4600,Chilli,49.1,2.7,18.4,1.25,3,sandy,285,10.2,50,0.51,6.34,351.7,29.2,-0.86,synthetic response curve (Mitscherlich-style) + noise; NOT measured yield
4601,Wheat,4.4,75.4,1.0,2.49,4,sandy,376,4.5,96,0.3,6.62,188.3,26.0,0.13,synthetic response curve (Mitscherlich-style) + noise; NOT measured yield
4602,Pearl millet,44.0,24.6,45.4,1.68,10,sandy,423,14.9,100,0.44,7.53,127.0,27.5,-0.32,synthetic response curve (Mitscherlich-style) + noise; NOT measured yield
4603,Wheat,33.1,55.1,26.2,3.57,12,loam,561,18.0,208,0.59,6.75,168.9,27.3,-0.98,synthetic response curve (Mitscherlich-style) + noise; NOT measured yield
4604,Rice,75.0,74.6,61.8,3.92,12,loam,342,7.7,30,0.53,6.35,754.9,29.7,-0.77,synthetic response curve (Mitscherlich-style) + noise; NOT measured yield
4605,Groundnut,10.0,13.8,41.6,1.33,15,clay,485,14.9,378,0.62,8.17,58.9,28.1,-0.39,synthetic response curve (Mitscherlich-style) + noise; NOT measured yield
4606,Ragi,87.8,13.9,43.0,2.04,10,sandy,442,51.3,247,0.69,6.37,151.7,25.5,-0.84,synthetic response curve (Mitscherlich-style) + noise; NOT measured yield
4607,Chickpea,0.8,2.5,42.0,1.05,8,clay,374,11.5,244,0.64,8.03,531.5,28.7,1.14,synthetic response curve (Mitscherlich-style) + noise; NOT measured yield
4608,Soybean,14.4,16.4,26.4,1.85,6,clay,445,47.8,211,0.74,7.15,269.0,27.0,-1.65,synthetic response curve (Mitscherlich-style) + noise; NOT measured yield
4609,Wheat,54.4,45.7,49.5,3.92,6,clay,455,31.7,382,0.64,7.1,543.6,26.8,0.57,synthetic response curve (Mitscherlich-style) + noise; NOT measured yield
4610,Pigeon pea,13.7,16.3,11.1,1.25,6,clay,481,29.1,231,0.79,7.84,738.4,29.4,-0.18,synthetic response curve (Mitscherlich-style) + noise; NOT measured yield
4611,Sorghum,107.3,13.9,44.3,2.16,14,clay,302,31.9,246,0.33,6.14,47.3,20.5,2.06,synthetic response curve (Mitscherlich-style) + noise; NOT measured yield
4612,Pearl millet,56.0,37.2,17.5,1.71,9,clay,351,9.2,247,0.48,8.12,87.5,26.0,-2.09,synthetic response curve (Mitscherlich-style) + noise; NOT measured yield
4613,Rice,103.3,33.8,64.6,4.37,4,sandy,330,46.5,188,0.63,6.98,550.1,20.5,0.16,synthetic response curve (Mitscherlich-style) + noise; NOT measured yield
4614,Pearl millet,59.9,26.4,3.8,1.93,3,sandy,339,17.4,214,0.67,5.55,52.3,26.8,-0.38,synthetic response curve (Mitscherlich-style) + noise; NOT measured yield
4615,Rice,132.7,4.3,32.8,2.59,1,clay,559,15.8,196,0.69,8.81,65.8,26.8,0.17,synthetic response curve (Mitscherlich-style) + noise; NOT measured yield
4616,Rice,60.7,21.8,25.6,3.63,13,sandy,313,7.0,77,0.66,5.51,279.1,25.3,1.38,synthetic response curve (Mitscherlich-style) + noise; NOT measured yield
4617,Wheat,84.3,80.2,54.3,3.45,4,sandy,301,6.0,92,0.37,7.63,279.8,17.1,-0.73,synthetic response curve (Mitscherlich-style) + noise; NOT measured yield
4618,Banana,85.7,71.0,270.1,26.51,2,loam,241,7.0,249,0.43,9.2,338.2,24.6,-1.18,synthetic response curve (Mitscherlich-style) + noise; NOT measured yield
4619,Banana,108.1,36.9,191.0,32.75,5,loam,380,22.1,174,0.62,8.19,238.9,21.9,0.51,synthetic response curve (Mitscherlich-style) + noise; NOT measured yield
4620,Chilli,137.3,20.8,24.2,1.51,8,clay,382,8.7,173,0.81,8.93,161.2,29.3,0.1,synthetic response curve (Mitscherlich-style) + noise; NOT measured yield
4621,Potato,4.3,59.8,94.8,17.46,15,clay,389,9.1,297,0.72,7.07,546.0,22.1,1.79,synthetic response curve (Mitscherlich-style) + noise; NOT measured yield
4622,Maize,81.9,84.8,36.2,4.33,13,sandy,349,14.8,54,0.49,7.1,413.5,20.3,0.08,synthetic response curve (Mitscherlich-style) + noise; NOT measured yield
4623,Cotton,146.1,62.3,27.3,1.54,3,sandy,350,26.1,170,0.53,5.41,318.9,28.6,1.42,synthetic response curve (Mitscherlich-style) + noise; NOT measured yield
4624,Chilli,57.9,40.3,5.9,1.94,8,clay,281,14.2,316,0.6,9.0,284.7,26.0,1.83,synthetic response curve (Mitscherlich-style) + noise; NOT measured yield
4625,Tomato,65.4,7.4,3.7,27.21,13,sandy,187,13.0,182,0.33,6.17,61.2,22.9,1.24,synthetic response curve (Mitscherlich-style) + noise; NOT measured yield
4626,Wheat,107.8,60.9,51.7,4.56,12,loam,202,8.6,131,0.17,8.43,138.3,23.9,0.51,synthetic response curve (Mitscherlich-style) + noise; NOT measured yield
4627,Cotton,91.5,76.5,68.7,1.74,8,clay,347,29.5,177,0.38,7.22,31.1,27.0,0.51,synthetic response curve (Mitscherlich-style) + noise; NOT measured yield
4628,Maize,124.6,45.2,68.7,5.03,4,sandy,475,41.9,285,0.71,5.1,72.7,26.9,-0.9,synthetic response curve (Mitscherlich-style) + noise; NOT measured yield
4629,Maize,131.7,35.7,27.9,4.08,12,loam,492,6.0,87,0.74,7.33,212.0,19.8,-1.33,synthetic response curve (Mitscherlich-style) + noise; NOT measured yield
4630,Lentil,7.9,23.9,1.5,0.8,7,clay,282,7.7,279,0.22,8.4,49.3,25.9,0.99,synthetic response curve (Mitscherlich-style) + noise; NOT measured yield
4631,Wheat,26.5,22.4,61.1,3.58,4,sandy,287,12.0,206,0.51,7.4,55.9,20.1,1.3,synthetic response curve (Mitscherlich-style) + noise; NOT measured yield
4632,Rice,101.5,63.7,31.4,3.44,11,loam,382,8.4,80,0.5,6.54,78.3,28.0,-0.46,synthetic response curve (Mitscherlich-style) + noise; NOT measured yield
4633,Cotton,42.6,31.8,34.1,1.64,14,clay,273,90.0,259,0.36,8.47,225.8,25.6,0.25,synthetic response curve (Mitscherlich-style) + noise; NOT measured yield
4634,Sugarcane,291.7,102.5,17.4,63.16,14,clay,400,15.0,271,0.56,8.36,301.5,25.1,0.02,synthetic response curve (Mitscherlich-style) + noise; NOT measured yield
4635,Banana,43.8,14.0,289.0,25.36,15,clay,438,6.4,307,0.63,7.65,495.5,32.5,0.1,synthetic response curve (Mitscherlich-style) + noise; NOT measured yield
4636,Mustard,45.6,47.9,3.4,0.82,10,sandy,290,9.7,133,0.38,5.39,326.6,28.4,-0.93,synthetic response curve (Mitscherlich-style) + noise; NOT measured yield
4637,Wheat,121.7,69.5,26.7,4.02,12,loam,467,9.1,394,0.66,6.32,120.0,29.4,-0.14,synthetic response curve (Mitscherlich-style) + noise; NOT measured yield
4638,Sugarcane,195.5,78.9,91.6,80.93,4,sandy,391,39.2,224,0.63,7.04,89.5,26.0,0.57,synthetic response curve (Mitscherlich-style) + noise; NOT measured yield
4639,Sugarcane,31.8,11.9,41.2,57.75,5,loam,352,27.1,331,0.65,7.39,462.6,27.6,-0.87,synthetic response curve (Mitscherlich-style) + noise; NOT measured yield
4640,Chilli,22.8,0.6,29.1,1.43,3,sandy,239,24.6,147,0.25,7.41,272.4,32.8,0.46,synthetic response curve (Mitscherlich-style) + noise; NOT measured yield
4641,Banana,12.6,43.3,94.5,30.13,2,loam,409,32.2,188,0.72,8.43,178.3,26.0,-1.68,synthetic response curve (Mitscherlich-style) + noise; NOT measured yield
4642,Maize,46.7,69.1,47.4,5.55,13,sandy,394,15.7,107,0.62,7.61,946.9,25.7,0.65,synthetic response curve (Mitscherlich-style) + noise; NOT measured yield
4643,Sugarcane,280.4,26.0,64.7,64.65,7,clay,637,12.5,271,0.92,8.06,92.0,29.4,-0.19,synthetic response curve (Mitscherlich-style) + noise; NOT measured yield
4644,Chickpea,29.2,28.1,33.3,1.25,9,clay,243,6.3,224,0.48,7.72,329.7,23.0,0.91,synthetic response curve (Mitscherlich-style) + noise; NOT measured yield
4645,Green gram,0.5,25.0,12.2,0.72,2,loam,305,13.2,184,0.45,8.21,169.8,20.8,1.76,synthetic response curve (Mitscherlich-style) + noise; NOT measured yield
4646,Rice,97.6,12.3,47.1,2.97,3,sandy,133,4.2,61,0.1,6.93,43.2,25.1,0.57,synthetic response curve (Mitscherlich-style) + noise; NOT measured yield
4647,Banana,146.1,67.6,194.2,39.87,2,loam,284,7.8,276,0.33,6.18,35.0,26.0,-0.36,synthetic response curve (Mitscherlich-style) + noise; NOT measured yield
4648,Rice,123.4,50.5,12.5,3.14,8,clay,458,4.2,191,0.75,8.76,63.1,28.1,0.87,synthetic response curve (Mitscherlich-style) + noise; NOT measured yield
4649,Wheat,13.5,37.7,58.4,3.25,9,clay,493,10.7,354,0.69,5.46,70.2,27.9,-0.12,synthetic response curve (Mitscherlich-style) + noise; NOT measured yield
4650,Turmeric,19.0,2.2,50.4,9.22,2,loam,374,24.4,297,0.85,5.62,70.3,28.0,-1.31,synthetic response curve (Mitscherlich-style) + noise; NOT measured yield
4651,Wheat,5.7,50.5,50.1,2.96,11,loam,251,4.4,181,0.49,8.11,88.7,27.0,-1.06,synthetic response curve (Mitscherlich-style) + noise; NOT measured yield
4652,Banana,109.0,71.5,269.9,35.59,2,loam,238,38.4,136,0.34,6.74,132.1,27.8,-0.16,synthetic response curve (Mitscherlich-style) + noise; NOT measured yield
4653,Ragi,13.3,37.2,8.5,1.36,13,sandy,341,22.9,30,0.37,5.83,72.3,24.9,0.33,synthetic response curve (Mitscherlich-style) + noise; NOT measured yield
4654,Sorghum,94.2,41.4,13.8,2.23,14,clay,341,60.0,148,0.54,7.19,63.0,24.7,-1.09,synthetic response curve (Mitscherlich-style) + noise; NOT measured yield
4655,Tomato,62.8,91.7,4.5,23.3,10,sandy,350,6.7,90,0.43,8.02,331.4,26.9,-0.21,synthetic response curve (Mitscherlich-style) + noise; NOT measured yield
4656,Wheat,53.7,6.2,15.1,2.79,9,clay,334,35.2,318,0.53,7.42,288.6,27.4,0.01,synthetic response curve (Mitscherlich-style) + noise; NOT measured yield
4657,Wheat,1.8,21.7,71.8,3.62,11,loam,305,27.0,229,0.27,5.9,250.3,27.8,0.46,synthetic response curve (Mitscherlich-style) + noise; NOT measured yield
4658,Rice,21.1,59.9,68.0,4.5,4,sandy,364,38.7,128,0.33,6.2,234.3,25.2,0.61,synthetic response curve (Mitscherlich-style) + noise; NOT measured yield
4659,Cotton,117.9,39.6,21.0,1.58,14,clay,503,7.5,202,0.74,7.47,134.6,22.6,-0.69,synthetic response curve (Mitscherlich-style) + noise; NOT measured yield
4660,Chilli,8.4,65.0,61.6,2.14,14,clay,427,7.8,220,0.66,5.74,20.5,25.2,0.27,synthetic response curve (Mitscherlich-style) + noise; NOT measured yield
4661,Potato,137.4,103.8,96.8,24.83,11,loam,378,8.1,215,0.58,7.8,83.5,20.8,1.68,synthetic response curve (Mitscherlich-style) + noise; NOT measured yield
4662,Rice,102.2,4.1,19.5,2.8,15,clay,489,13.5,365,0.76,7.67,829.1,30.3,0.87,synthetic response curve (Mitscherlich-style) + noise; NOT measured yield
4663,Sugarcane,110.2,99.0,25.2,47.62,5,loam,386,23.2,187,0.54,8.43,138.9,23.8,-2.88,synthetic response curve (Mitscherlich-style) + noise; NOT measured yield
4664,Chilli,16.3,9.8,46.6,1.44,14,clay,449,5.4,220,0.87,8.25,439.6,25.5,-0.21,synthetic response curve (Mitscherlich-style) + noise; NOT measured yield
4665,Wheat,108.1,48.7,59.3,3.63,1,clay,464,7.1,277,0.83,7.77,142.3,24.9,1.28,synthetic response curve (Mitscherlich-style) + noise; NOT measured yield
4666,Sugarcane,65.8,73.6,15.2,69.53,12,loam,359,16.7,303,0.61,8.23,170.2,31.5,-1.23,synthetic response curve (Mitscherlich-style) + noise; NOT measured yield
4667,Maize,54.6,10.0,42.8,3.83,5,loam,412,23.5,36,0.5,6.35,259.2,23.5,-0.86,synthetic response curve (Mitscherlich-style) + noise; NOT measured yield
4668,Potato,198.3,6.0,117.1,11.96,15,clay,434,5.7,365,0.77,7.17,569.4,24.6,0.65,synthetic response curve (Mitscherlich-style) + noise; NOT measured yield
4669,Soybean,20.5,43.7,0.6,1.95,9,clay,333,19.2,346,0.73,6.97,105.0,23.2,-0.23,synthetic response curve (Mitscherlich-style) + noise; NOT measured yield
4670,Pigeon pea,16.8,26.1,32.0,1.21,3,sandy,255,16.9,109,0.43,7.75,462.7,29.6,0.17,synthetic response curve (Mitscherlich-style) + noise; NOT measured yield
4671,Wheat,29.9,72.5,21.8,3.87,5,loam,415,20.4,281,0.61,7.28,186.7,26.5,-0.91,synthetic response curve (Mitscherlich-style) + noise; NOT measured yield
4672,Mustard,119.3,2.7,13.5,0.59,14,clay,463,7.0,326,0.59,8.9,121.7,24.0,-0.26,synthetic response curve (Mitscherlich-style) + noise; NOT measured yield
4673,Tomato,121.4,7.8,114.8,22.84,13,sandy,273,6.7,216,0.32,5.55,140.3,28.4,0.96,synthetic response curve (Mitscherlich-style) + noise; NOT measured yield
4674,Pigeon pea,9.4,19.3,37.1,1.0,6,clay,442,6.3,303,0.84,7.45,436.7,21.2,0.14,synthetic response curve (Mitscherlich-style) + noise; NOT measured yield
4675,Wheat,138.4,55.8,7.9,2.93,4,sandy,186,11.1,119,0.11,8.41,37.2,21.1,0.52,synthetic response curve (Mitscherlich-style) + noise; NOT measured yield
4676,Rice,65.9,81.0,15.2,3.58,1,clay,430,2.6,317,0.7,8.9,42.0,28.1,-1.49,synthetic response curve (Mitscherlich-style) + noise; NOT measured yield
4677,Cotton,50.4,61.1,56.0,1.73,2,loam,326,8.5,154,0.59,6.52,268.3,28.3,1.48,synthetic response curve (Mitscherlich-style) + noise; NOT measured yield
4678,Green gram,1.8,52.5,15.0,0.64,1,clay,435,8.9,156,0.69,9.2,89.9,28.6,0.33,synthetic response curve (Mitscherlich-style) + noise; NOT measured yield
4679,Sugarcane,277.9,114.2,8.7,69.18,5,loam,380,30.0,222,0.56,5.96,85.8,29.7,0.23,synthetic response curve (Mitscherlich-style) + noise; NOT measured yield
4680,Soybean,1.3,10.9,21.6,1.44,3,sandy,401,10.3,114,0.55,7.12,40.1,28.4,-0.26,synthetic response curve (Mitscherlich-style) + noise; NOT measured yield
4681,Green gram,6.4,44.3,30.9,0.76,1,clay,491,33.6,131,0.5,8.05,50.8,27.1,0.16,synthetic response curve (Mitscherlich-style) + noise; NOT measured yield
4682,Wheat,84.0,12.1,17.6,2.43,12,loam,324,4.6,329,0.45,7.29,75.2,26.2,0.93,synthetic response curve (Mitscherlich-style) + noise; NOT measured yield
4683,Sorghum,20.8,42.2,46.9,2.0,14,clay,218,10.7,268,0.54,7.78,68.6,27.4,-1.42,synthetic response curve (Mitscherlich-style) + noise; NOT measured yield
4684,Rice,28.3,83.5,2.0,4.55,14,clay,522,9.4,351,0.73,8.12,104.9,27.5,1.35,synthetic response curve (Mitscherlich-style) + noise; NOT measured yield
4685,Soybean,29.3,64.2,57.6,2.01,13,sandy,512,7.0,141,0.32,7.15,695.3,21.6,-0.6,synthetic response curve (Mitscherlich-style) + noise; NOT measured yield
4686,Sorghum,107.5,53.7,45.7,2.78,2,loam,447,16.6,246,0.5,7.29,209.2,21.9,-0.17,synthetic response curve (Mitscherlich-style) + noise; NOT measured yield
4687,Cotton,11.5,46.7,10.8,1.17,3,sandy,438,23.9,123,0.51,6.92,468.9,26.6,1.8,synthetic response curve (Mitscherlich-style) + noise; NOT measured yield
4688,Ragi,13.2,17.9,42.5,1.69,13,sandy,176,9.6,218,0.1,7.26,116.1,25.4,1.43,synthetic response curve (Mitscherlich-style) + noise; NOT measured yield
4689,Rice,40.2,42.3,33.6,4.12,1,clay,406,7.5,292,0.76,8.27,56.0,31.6,1.57,synthetic response curve (Mitscherlich-style) + noise; NOT measured yield
4690,Rice,114.1,52.2,20.7,3.46,12,loam,463,25.8,68,0.65,6.94,77.3,23.0,-0.55,synthetic response curve (Mitscherlich-style) + noise; NOT measured yield
4691,Maize,4.4,78.8,2.4,3.27,2,loam,500,5.4,121,0.78,6.26,86.0,25.8,-0.34,synthetic response curve (Mitscherlich-style) + noise; NOT measured yield
4692,Rice,93.8,11.8,22.3,2.89,1,clay,420,7.0,336,0.79,6.02,259.6,30.9,-0.79,synthetic response curve (Mitscherlich-style) + noise; NOT measured yield
4693,Rice,111.2,52.3,8.2,3.37,12,loam,347,42.3,168,0.34,7.99,140.7,22.3,-0.96,synthetic response curve (Mitscherlich-style) + noise; NOT measured yield
4694,Wheat,38.1,71.8,66.8,3.87,11,loam,412,8.2,290,0.39,7.82,148.9,24.9,0.16,synthetic response curve (Mitscherlich-style) + noise; NOT measured yield
4695,Cotton,136.3,5.7,25.4,1.12,2,loam,60,14.4,92,0.17,6.99,752.8,25.1,-0.93,synthetic response curve (Mitscherlich-style) + noise; NOT measured yield
4696,Pearl millet,83.7,9.0,42.1,1.42,1,clay,475,14.8,270,0.58,6.43,37.0,29.1,0.35,synthetic response curve (Mitscherlich-style) + noise; NOT measured yield
4697,Chilli,123.4,63.2,35.4,2.57,14,clay,402,4.6,194,0.53,6.54,138.5,28.5,0.84,synthetic response curve (Mitscherlich-style) + noise; NOT measured yield
4698,Maize,206.9,13.0,56.0,3.7,4,sandy,202,15.8,135,0.17,5.71,46.7,22.0,0.85,synthetic response curve (Mitscherlich-style) + noise; NOT measured yield
4699,Potato,84.7,95.6,89.0,23.42,15,clay,371,54.0,175,0.4,7.03,239.1,27.1,0.34,synthetic response curve (Mitscherlich-style) + noise; NOT measured yield
4700,Chilli,75.7,25.1,33.1,2.32,8,clay,580,36.6,386,0.73,7.27,113.4,29.9,-0.02,synthetic response curve (Mitscherlich-style) + noise; NOT measured yield
4701,Mustard,77.1,58.8,19.9,1.26,15,clay,327,43.0,246,0.59,7.87,290.7,27.9,0.32,synthetic response curve (Mitscherlich-style) + noise; NOT measured yield
4702,Sorghum,26.4,33.5,17.9,2.28,14,clay,164,6.1,242,0.28,7.55,109.5,25.0,-0.03,synthetic response curve (Mitscherlich-style) + noise; NOT measured yield
4703,Wheat,135.8,51.2,36.7,3.73,10,sandy,472,18.9,61,0.68,5.53,393.9,31.0,1.25,synthetic response curve (Mitscherlich-style) + noise; NOT measured yield
4704,Maize,19.1,2.7,50.5,3.23,2,loam,316,5.2,400,0.7,6.84,87.6,28.1,0.52,synthetic response curve (Mitscherlich-style) + noise; NOT measured yield
4705,Chilli,32.5,56.6,6.7,1.93,14,clay,407,13.2,288,0.45,7.28,20.0,23.0,0.94,synthetic response curve (Mitscherlich-style) + noise; NOT measured yield
4706,Soybean,19.6,27.4,53.9,1.66,6,clay,411,5.2,375,0.67,8.96,214.9,25.8,-0.2,synthetic response curve (Mitscherlich-style) + noise; NOT measured yield
4707,Maize,203.1,27.8,52.3,4.5,4,sandy,394,10.3,30,0.44,6.73,189.9,24.9,-0.22,synthetic response curve (Mitscherlich-style) + noise; NOT measured yield
4708,Chickpea,15.7,63.6,15.3,1.54,9,clay,398,3.4,447,0.71,8.68,31.9,29.2,-0.26,synthetic response curve (Mitscherlich-style) + noise; NOT measured yield
4709,Pigeon pea,18.1,39.1,24.2,1.17,6,clay,380,27.9,367,0.61,8.85,33.9,33.2,0.51,synthetic response curve (Mitscherlich-style) + noise; NOT measured yield
4710,Wheat,130.7,48.2,2.7,2.55,12,loam,364,39.6,133,0.52,7.01,292.7,24.0,-0.73,synthetic response curve (Mitscherlich-style) + noise; NOT measured yield
4711,Maize,37.3,4.7,69.2,2.97,4,sandy,285,8.6,30,0.25,5.05,261.3,23.9,0.15,synthetic response curve (Mitscherlich-style) + noise; NOT measured yield
4712,Chilli,140.3,50.5,5.9,1.83,14,clay,467,23.9,233,0.52,7.61,11.6,24.4,-1.22,synthetic response curve (Mitscherlich-style) + noise; NOT measured yield
4713,Banana,190.4,36.2,12.6,32.1,2,loam,289,14.2,275,0.47,5.69,45.7,25.9,-0.38,synthetic response curve (Mitscherlich-style) + noise; NOT measured yield
4714,Chilli,91.7,33.2,49.5,2.18,8,clay,349,10.3,277,0.64,6.82,210.2,31.7,1.14,synthetic response curve (Mitscherlich-style) + noise; NOT measured yield
4715,Rice,73.0,18.2,41.8,3.43,15,clay,419,37.6,169,0.51,7.86,656.9,25.5,2.49,synthetic response curve (Mitscherlich-style) + noise; NOT measured yield
4716,Ragi,73.7,0.1,47.3,1.25,13,sandy,302,13.2,331,0.24,8.19,318.9,21.5,-0.82,synthetic response curve (Mitscherlich-style) + noise; NOT measured yield
4717,Wheat,133.2,50.8,59.0,4.14,13,sandy,455,6.1,38,0.64,5.56,61.8,27.1,-0.35,synthetic response curve (Mitscherlich-style) + noise; NOT measured yield
4718,Sugarcane,202.4,32.5,42.6,70.61,10,sandy,206,36.5,155,0.39,6.45,36.3,23.8,1.32,synthetic response curve (Mitscherlich-style) + noise; NOT measured yield
4719,Green gram,12.2,49.5,32.7,0.6,9,clay,243,38.5,313,0.36,7.66,289.8,22.7,-2.02,synthetic response curve (Mitscherlich-style) + noise; NOT measured yield
4720,Rice,52.1,44.9,59.7,4.11,4,sandy,241,22.7,152,0.36,6.23,523.5,27.7,-1.07,synthetic response curve (Mitscherlich-style) + noise; NOT measured yield
4721,Rice,66.8,74.5,53.0,4.86,5,loam,153,11.8,205,0.23,6.99,7.3,26.6,0.63,synthetic response curve (Mitscherlich-style) + noise; NOT measured yield
4722,Wheat,153.6,23.9,40.5,3.03,9,clay,269,13.1,248,0.49,8.8,16.2,23.0,0.18,synthetic response curve (Mitscherlich-style) + noise; NOT measured yield
4723,Wheat,117.7,17.8,16.9,3.17,5,loam,461,9.2,139,0.69,8.24,185.2,19.8,0.63,synthetic response curve (Mitscherlich-style) + noise; NOT measured yield
4724,Ragi,94.8,24.6,16.6,1.75,5,loam,202,17.5,391,0.45,6.74,241.9,15.1,-1.79,synthetic response curve (Mitscherlich-style) + noise; NOT measured yield
4725,Chilli,104.8,36.1,27.1,1.86,11,loam,458,21.6,172,0.79,6.73,333.1,23.0,-0.68,synthetic response curve (Mitscherlich-style) + noise; NOT measured yield
4726,Green gram,13.6,9.0,9.4,0.72,11,loam,255,19.2,258,0.61,7.67,169.4,31.2,1.27,synthetic response curve (Mitscherlich-style) + noise; NOT measured yield
4727,Green gram,6.5,46.4,3.6,0.63,8,clay,237,27.5,141,0.54,7.51,206.4,27.9,0.62,synthetic response curve (Mitscherlich-style) + noise; NOT measured yield
4728,Wheat,133.8,75.7,32.0,4.25,5,loam,377,77.8,137,0.6,8.18,279.2,23.4,1.39,synthetic response curve (Mitscherlich-style) + noise; NOT measured yield
4729,Rice,120.9,74.7,0.4,2.98,3,sandy,404,5.8,153,0.28,6.87,30.3,29.7,-0.29,synthetic response curve (Mitscherlich-style) + noise; NOT measured yield
4730,Maize,3.5,12.0,54.5,3.68,4,sandy,297,15.3,179,0.28,6.77,99.6,25.8,0.94,synthetic response curve (Mitscherlich-style) + noise; NOT measured yield
4731,Wheat,131.2,74.7,1.5,2.43,5,loam,459,8.2,117,0.75,7.82,491.2,21.5,1.2,synthetic response curve (Mitscherlich-style) + noise; NOT measured yield
4732,Potato,54.9,91.9,142.2,17.15,15,clay,215,7.7,271,0.34,8.7,540.2,26.7,0.01,synthetic response curve (Mitscherlich-style) + noise; NOT measured yield
4733,Wheat,138.0,3.8,68.2,2.79,5,loam,292,21.5,232,0.48,7.83,84.5,25.2,-0.2,synthetic response curve (Mitscherlich-style) + noise; NOT measured yield
4734,Chilli,74.2,49.1,54.7,2.21,14,clay,389,40.1,138,0.84,7.59,315.0,23.5,2.36,synthetic response curve (Mitscherlich-style) + noise; NOT measured yield
4735,Wheat,8.8,62.1,69.9,3.93,9,clay,457,10.0,389,0.93,6.69,150.3,21.1,-0.04,synthetic response curve (Mitscherlich-style) + noise; NOT measured yield
4736,Maize,83.6,28.8,35.9,4.31,7,clay,587,12.4,357,0.92,6.54,217.2,23.0,-1.08,synthetic response curve (Mitscherlich-style) + noise; NOT measured yield
4737,Sugarcane,266.3,50.4,64.8,77.4,5,loam,295,30.4,185,0.51,6.06,25.6,23.7,-0.19,synthetic response curve (Mitscherlich-style) + noise; NOT measured yield
4738,Rice,173.9,56.1,38.9,4.2,12,loam,258,22.9,198,0.44,5.83,16.1,33.6,2.37,synthetic response curve (Mitscherlich-style) + noise; NOT measured yield
4739,Ragi,93.9,7.2,41.0,1.36,13,sandy,177,5.9,180,0.25,7.99,71.6,20.3,0.18,synthetic response curve (Mitscherlich-style) + noise; NOT measured yield
4740,Potato,186.7,104.1,167.1,23.13,15,clay,375,3.3,137,0.56,7.9,238.0,24.5,1.6,synthetic response curve (Mitscherlich-style) + noise; NOT measured yield
4741,Ragi,36.1,35.1,9.7,1.57,13,sandy,232,8.3,78,0.4,6.08,51.5,20.0,1.09,synthetic response curve (Mitscherlich-style) + noise; NOT measured yield
4742,Cotton,39.1,43.4,59.1,1.47,2,loam,356,27.1,118,0.4,6.86,137.1,20.7,-0.78,synthetic response curve (Mitscherlich-style) + noise; NOT measured yield
4743,Cotton,22.7,0.1,31.4,1.38,14,clay,283,38.9,290,0.33,6.79,418.5,26.5,-0.01,synthetic response curve (Mitscherlich-style) + noise; NOT measured yield
4744,Pearl millet,22.5,15.1,18.2,1.5,10,sandy,311,17.4,182,0.52,5.55,332.8,24.5,-0.73,synthetic response curve (Mitscherlich-style) + noise; NOT measured yield
4745,Pearl millet,21.1,42.5,43.8,1.73,8,clay,270,26.6,226,0.53,6.96,141.0,29.6,0.06,synthetic response curve (Mitscherlich-style) + noise; NOT measured yield
4746,Rice,22.1,38.9,50.4,4.01,4,sandy,224,8.0,67,0.4,6.99,142.1,25.4,0.03,synthetic response curve (Mitscherlich-style) + noise; NOT measured yield
4747,Sugarcane,295.1,115.4,114.7,73.64,8,clay,504,22.8,376,1.05,7.59,2043.5,26.2,-1.46,synthetic response curve (Mitscherlich-style) + noise; NOT measured yield
4748,Ragi,6.8,25.6,29.2,1.96,13,sandy,334,8.6,91,0.42,6.68,75.0,23.5,0.51,synthetic response curve (Mitscherlich-style) + noise; NOT measured yield
4749,Wheat,54.5,68.3,59.3,4.2,9,clay,487,22.1,250,0.79,8.15,16.8,26.4,1.01,synthetic response curve (Mitscherlich-style) + noise; NOT measured yield
4750,Maize,25.7,72.9,78.9,4.89,2,loam,388,3.3,374,0.61,5.36,31.7,27.1,-1.24,synthetic response curve (Mitscherlich-style) + noise; NOT measured yield
4751,Wheat,48.2,39.2,10.9,3.63,12,loam,521,17.1,237,0.59,7.2,138.4,22.7,-0.16,synthetic response curve (Mitscherlich-style) + noise; NOT measured yield
4752,Maize,172.7,65.8,12.0,3.85,12,loam,300,13.5,108,0.52,6.78,453.2,26.5,0.49,synthetic response curve (Mitscherlich-style) + noise; NOT measured yield
4753,Potato,141.1,69.5,32.4,19.72,11,loam,333,24.3,183,0.76,6.82,158.6,28.2,1.5,synthetic response curve (Mitscherlich-style) + noise; NOT measured yield
4754,Wheat,0.9,53.4,70.2,2.99,4,sandy,251,74.6,274,0.52,5.94,106.8,25.8,1.14,synthetic response curve (Mitscherlich-style) + noise; NOT measured yield
4755,Wheat,82.0,10.5,5.5,2.99,5,loam,329,17.2,149,0.37,7.07,23.6,26.7,-0.99,synthetic response curve (Mitscherlich-style) + noise; NOT measured yield
4756,Onion,4.0,4.6,87.9,14.84,7,clay,451,5.5,360,0.36,7.18,108.1,20.2,-0.17,synthetic response curve (Mitscherlich-style) + noise; NOT measured yield
4757,Onion,108.0,45.6,16.9,17.98,14,clay,542,14.1,192,0.48,9.2,259.1,27.6,2.07,synthetic response curve (Mitscherlich-style) + noise; NOT measured yield
4758,Ragi,44.4,20.9,5.3,0.96,13,sandy,240,6.7,41,0.32,6.92,21.0,26.4,-2.7,synthetic response curve (Mitscherlich-style) + noise; NOT measured yield
4759,Banana,185.5,63.4,122.9,38.74,2,loam,380,19.1,90,0.47,7.33,126.2,24.6,-1.37,synthetic response curve (Mitscherlich-style) + noise; NOT measured yield
4760,Cotton,146.1,14.1,19.4,1.66,2,loam,401,21.2,168,0.48,6.54,46.8,27.9,-0.25,synthetic response curve (Mitscherlich-style) + noise; NOT measured yield
4761,Groundnut,0.5,39.2,18.1,1.61,1,clay,426,5.1,230,0.68,7.17,222.2,29.2,-1.09,synthetic response curve (Mitscherlich-style) + noise; NOT measured yield
4762,Cotton,85.5,71.5,43.2,1.76,14,clay,323,7.7,181,0.46,9.03,1009.1,25.0,1.17,synthetic response curve (Mitscherlich-style) + noise; NOT measured yield
4763,Ragi,88.9,10.0,21.6,1.34,13,sandy,285,5.8,210,0.39,6.73,176.7,22.1,-0.0,synthetic response curve (Mitscherlich-style) + noise; NOT measured yield
4764,Groundnut,3.8,13.4,32.1,1.52,4,sandy,409,90.0,30,0.45,6.11,78.2,25.6,-0.03,synthetic response curve (Mitscherlich-style) + noise; NOT measured yield
4765,Pearl millet,61.2,22.5,39.0,1.9,14,clay,450,8.3,277,0.58,7.26,64.7,30.7,1.62,synthetic response curve (Mitscherlich-style) + noise; NOT measured yield
4766,Rice,121.2,17.5,28.7,4.22,8,clay,461,64.6,298,0.43,7.91,48.4,30.5,0.03,synthetic response curve (Mitscherlich-style) + noise; NOT measured yield
4767,Wheat,26.4,2.6,50.9,2.47,5,loam,221,13.8,188,0.32,6.17,224.6,24.4,0.7,synthetic response curve (Mitscherlich-style) + noise; NOT measured yield
4768,Maize,31.3,7.6,45.6,3.16,12,loam,411,6.1,351,0.56,7.26,183.8,26.3,-1.08,synthetic response curve (Mitscherlich-style) + noise; NOT measured yield
4769,Mustard,102.4,2.5,4.9,0.65,2,loam,352,5.6,106,0.73,6.69,194.8,21.3,-0.65,synthetic response curve (Mitscherlich-style) + noise; NOT measured yield
4770,Sorghum,45.9,7.6,18.4,1.52,2,loam,255,6.3,89,0.24,7.91,54.9,31.8,-0.61,synthetic response curve (Mitscherlich-style) + noise; NOT measured yield
4771,Wheat,19.6,66.3,24.3,2.95,4,sandy,82,13.9,65,0.1,6.96,15.5,24.8,0.29,synthetic response curve (Mitscherlich-style) + noise; NOT measured yield
4772,Groundnut,20.9,53.3,14.1,1.63,10,sandy,311,19.8,202,0.35,6.54,53.1,20.2,0.47,synthetic response curve (Mitscherlich-style) + noise; NOT measured yield
4773,Green gram,0.0,23.5,31.0,0.85,13,sandy,326,49.7,196,0.46,8.11,90.0,26.2,0.16,synthetic response curve (Mitscherlich-style) + noise; NOT measured yield
4774,Rice,116.1,79.3,41.5,4.73,8,clay,251,52.7,259,0.55,8.56,389.3,32.6,0.53,synthetic response curve (Mitscherlich-style) + noise; NOT measured yield
4775,Maize,71.9,55.9,1.3,4.01,7,clay,424,12.8,180,0.75,7.92,201.6,25.1,0.26,synthetic response curve (Mitscherlich-style) + noise; NOT measured yield
4776,Chickpea,8.8,18.8,26.1,1.33,9,clay,498,27.8,221,0.74,6.47,313.7,24.3,1.88,synthetic response curve (Mitscherlich-style) + noise; NOT measured yield
4777,Green gram,10.8,35.7,24.3,0.83,1,clay,341,22.9,288,0.63,7.4,21.6,23.9,1.96,synthetic response curve (Mitscherlich-style) + noise; NOT measured yield
4778,Pearl millet,42.1,46.5,29.6,1.8,10,sandy,190,7.5,35,0.1,6.85,37.7,23.0,0.07,synthetic response curve (Mitscherlich-style) + noise; NOT measured yield
4779,Ragi,30.6,35.7,35.9,2.13,13,sandy,350,11.8,97,0.45,6.74,37.3,26.5,-0.21,synthetic response curve (Mitscherlich-style) + noise; NOT measured yield
4780,Mustard,46.6,44.0,35.6,1.29,7,clay,375,15.3,277,0.45,7.65,153.8,22.9,0.15,synthetic response curve (Mitscherlich-style) + noise; NOT measured yield
4781,Mustard,31.8,1.0,9.6,0.76,10,sandy,303,15.2,134,0.31,6.18,147.2,29.1,0.49,synthetic response curve (Mitscherlich-style) + noise; NOT measured yield
4782,Cotton,137.8,1.9,51.6,0.89,5,loam,394,6.4,277,0.67,7.19,45.1,24.0,0.35,synthetic response curve (Mitscherlich-style) + noise; NOT measured yield
4783,Mustard,58.7,20.8,46.3,0.92,15,clay,269,4.7,368,0.28,8.49,898.0,33.4,-1.25,synthetic response curve (Mitscherlich-style) + noise; NOT measured yield
4784,Rice,117.6,61.7,78.0,4.43,3,sandy,214,20.7,91,0.1,6.83,99.3,27.8,0.03,synthetic response curve (Mitscherlich-style) + noise; NOT measured yield
4785,Rice,86.1,82.5,18.5,4.03,3,sandy,248,6.4,143,0.29,5.88,942.8,30.7,0.13,synthetic response curve (Mitscherlich-style) + noise; NOT measured yield
4786,Sugarcane,302.1,32.0,28.7,67.27,15,clay,351,11.4,157,0.49,8.59,497.2,24.8,0.98,synthetic response curve (Mitscherlich-style) + noise; NOT measured yield
4787,Cotton,55.0,35.3,6.9,1.8,8,clay,384,12.6,283,0.54,7.62,471.8,28.3,0.11,synthetic response curve (Mitscherlich-style) + noise; NOT measured yield
4788,Sorghum,88.3,35.2,24.4,2.26,7,clay,297,8.6,308,0.43,8.46,226.4,25.6,-0.19,synthetic response curve (Mitscherlich-style) + noise; NOT measured yield
4789,Maize,107.5,27.5,55.2,4.16,13,sandy,119,13.6,192,0.17,6.28,73.7,22.1,-0.53,synthetic response curve (Mitscherlich-style) + noise; NOT measured yield
4790,Sugarcane,75.7,30.8,46.9,65.34,5,loam,260,9.8,135,0.33,6.71,103.5,30.0,1.73,synthetic response curve (Mitscherlich-style) + noise; NOT measured yield
4791,Wheat,120.6,39.6,30.1,3.94,5,loam,321,22.6,240,0.35,8.14,121.0,24.7,-0.43,synthetic response curve (Mitscherlich-style) + noise; NOT measured yield
4792,Mustard,88.8,45.0,13.5,1.29,1,clay,412,61.7,243,0.82,8.66,84.3,29.5,-0.7,synthetic response curve (Mitscherlich-style) + noise; NOT measured yield
4793,Lentil,17.1,45.0,32.5,1.18,8,clay,409,33.9,307,0.47,7.75,106.1,28.6,1.24,synthetic response curve (Mitscherlich-style) + noise; NOT measured yield
4794,Mustard,109.2,25.5,40.3,1.3,12,loam,324,15.0,223,0.31,7.0,231.9,22.8,0.61,synthetic response curve (Mitscherlich-style) + noise; NOT measured yield
4795,Banana,191.4,6.6,181.4,25.08,15,clay,514,16.4,262,0.75,7.28,491.8,30.3,0.48,synthetic response curve (Mitscherlich-style) + noise; NOT measured yield
4796,Chilli,49.3,12.1,27.1,1.52,8,clay,344,37.0,323,0.45,9.2,507.5,29.8,0.26,synthetic response curve (Mitscherlich-style) + noise; NOT measured yield
4797,Cotton,57.6,36.3,27.3,1.34,2,loam,355,12.7,112,0.57,6.55,135.6,26.6,-0.48,synthetic response curve (Mitscherlich-style) + noise; NOT measured yield
4798,Rice,156.9,48.2,2.3,3.72,3,sandy,268,6.8,220,0.52,5.67,104.0,33.0,1.2,synthetic response curve (Mitscherlich-style) + noise; NOT measured yield
4799,Wheat,126.5,35.1,34.3,3.88,5,loam,503,12.6,152,0.33,7.6,88.9,21.8,1.95,synthetic response curve (Mitscherlich-style) + noise; NOT measured yield
4800,Chilli,7.0,15.6,4.6,1.78,14,clay,257,18.0,259,0.22,8.43,100.6,27.1,0.36,synthetic response curve (Mitscherlich-style) + noise; NOT measured yield
4801,Chilli,16.2,7.8,37.1,1.36,9,clay,297,3.6,240,0.51,7.4,313.5,25.3,0.37,synthetic response curve (Mitscherlich-style) + noise; NOT measured yield
4802,Rice,11.9,50.0,64.9,4.41,15,clay,476,15.2,194,0.74,7.31,227.5,32.7,0.11,synthetic response curve (Mitscherlich-style) + noise; NOT measured yield
4803,Tomato,34.8,9.0,20.1,19.79,13,sandy,254,6.5,198,0.25,7.34,212.2,25.8,-1.39,synthetic response curve (Mitscherlich-style) + noise; NOT measured yield
4804,Chilli,60.8,31.8,52.6,1.82,14,clay,471,14.5,369,0.66,7.51,40.0,24.1,0.13,synthetic response curve (Mitscherlich-style) + noise; NOT measured yield
4805,Cotton,33.0,73.3,26.1,1.44,5,loam,383,14.5,30,0.51,6.24,154.6,23.7,1.31,synthetic response curve (Mitscherlich-style) + noise; NOT measured yield
4806,Wheat,148.5,64.8,21.5,3.21,9,clay,411,5.0,177,0.66,8.42,117.4,25.2,1.92,synthetic response curve (Mitscherlich-style) + noise; NOT measured yield
4807,Groundnut,21.9,3.4,24.7,1.04,1,clay,367,14.4,55,0.6,6.98,47.6,30.9,0.28,synthetic response curve (Mitscherlich-style) + noise; NOT measured yield
4808,Cotton,96.0,55.2,13.8,1.51,6,clay,495,9.2,193,0.79,8.86,480.3,26.1,-0.34,synthetic response curve (Mitscherlich-style) + noise; NOT measured yield
4809,Sugarcane,35.9,69.2,72.4,69.95,5,loam,330,8.3,215,0.61,7.17,42.3,23.2,0.47,synthetic response curve (Mitscherlich-style) + noise; NOT measured yield
4810,Chilli,68.1,53.7,24.2,2.18,3,sandy,276,18.5,135,0.4,6.85,248.2,31.5,0.44,synthetic response curve (Mitscherlich-style) + noise; NOT measured yield
4811,Green gram,19.3,14.3,20.9,0.6,1,clay,375,5.9,198,0.6,7.68,783.6,31.9,-1.1,synthetic response curve (Mitscherlich-style) + noise; NOT measured yield
4812,Pigeon pea,22.0,57.5,13.0,1.28,6,clay,409,3.8,349,0.71,7.34,391.7,25.6,-0.3,synthetic response curve (Mitscherlich-style) + noise; NOT measured yield
4813,Maize,18.9,11.5,37.5,3.52,2,loam,349,5.9,174,0.55,6.01,38.9,24.2,-0.27,synthetic response curve (Mitscherlich-style) + noise; NOT measured yield
4814,Wheat,149.8,83.6,51.9,4.11,10,sandy,440,73.9,246,0.48,6.59,148.1,27.4,-0.2,synthetic response curve (Mitscherlich-style) + noise; NOT measured yield
4815,Sugarcane,283.1,38.3,136.7,61.39,5,loam,105,18.2,193,0.19,7.31,108.1,25.2,-0.52,synthetic response curve (Mitscherlich-style) + noise; NOT measured yield
4816,Rice,107.1,38.6,27.5,2.96,4,sandy,514,16.6,111,0.79,7.1,199.4,23.2,-1.78,synthetic response curve (Mitscherlich-style) + noise; NOT measured yield
4817,Cotton,27.7,2.8,50.1,0.97,2,loam,346,10.0,307,0.7,7.44,742.2,26.5,0.43,synthetic response curve (Mitscherlich-style) + noise; NOT measured yield
4818,Maize,165.0,76.5,48.8,4.7,7,clay,399,6.8,86,0.7,7.56,496.8,23.5,-0.81,synthetic response curve (Mitscherlich-style) + noise; NOT measured yield
4819,Potato,162.8,105.8,19.1,15.16,3,sandy,393,12.3,60,0.1,6.61,166.5,31.5,-0.54,synthetic response curve (Mitscherlich-style) + noise; NOT measured yield
4820,Chickpea,20.2,71.4,41.3,1.53,9,clay,550,6.8,185,0.82,7.82,393.0,27.0,-1.62,synthetic response curve (Mitscherlich-style) + noise; NOT measured yield
4821,Sorghum,37.6,29.9,22.8,1.9,15,clay,240,13.6,242,0.45,8.09,160.1,21.1,-1.14,synthetic response curve (Mitscherlich-style) + noise; NOT measured yield
4822,Rice,78.1,49.7,74.7,4.17,11,loam,319,2.6,69,0.23,6.55,114.3,26.0,0.91,synthetic response curve (Mitscherlich-style) + noise; NOT measured yield
4823,Sorghum,6.2,16.2,33.6,1.95,2,loam,330,17.0,310,0.52,7.26,84.7,22.0,-1.4,synthetic response curve (Mitscherlich-style) + noise; NOT measured yield
4824,Banana,77.4,0.4,282.6,18.39,2,loam,426,8.7,158,0.5,7.34,158.5,25.5,-0.3,synthetic response curve (Mitscherlich-style) + noise; NOT measured yield
4825,Chilli,135.7,69.8,58.2,2.0,14,clay,652,51.1,345,0.91,6.98,155.8,27.5,2.62,synthetic response curve (Mitscherlich-style) + noise; NOT measured yield
4826,Sorghum,30.9,57.6,33.1,2.67,14,clay,540,16.1,422,0.92,7.17,167.8,22.6,-0.61,synthetic response curve (Mitscherlich-style) + noise; NOT measured yield
4827,Cotton,148.6,10.6,52.5,1.04,6,clay,433,7.2,174,0.65,7.11,181.5,28.2,-1.09,synthetic response curve (Mitscherlich-style) + noise; NOT measured yield
4828,Onion,104.6,71.9,48.8,23.6,7,clay,470,18.9,192,0.55,7.9,137.1,25.2,-2.39,synthetic response curve (Mitscherlich-style) + noise; NOT measured yield
4829,Cotton,112.4,59.9,63.4,1.72,6,clay,473,9.1,359,0.86,7.73,14.8,28.8,-0.03,synthetic response curve (Mitscherlich-style) + noise; NOT measured yield
4830,Soybean,6.6,65.1,25.8,1.38,9,clay,233,70.2,317,0.34,8.88,342.0,22.4,-0.76,synthetic response curve (Mitscherlich-style) + noise; NOT measured yield
4831,Maize,148.3,62.3,41.0,4.99,4,sandy,385,39.5,30,0.47,5.71,80.9,28.6,1.2,synthetic response curve (Mitscherlich-style) + noise; NOT measured yield
4832,Potato,214.8,69.0,117.6,22.93,15,clay,466,53.1,279,0.7,8.27,209.1,29.6,1.37,synthetic response curve (Mitscherlich-style) + noise; NOT measured yield
4833,Onion,13.9,13.0,52.1,19.25,7,clay,385,9.7,262,0.7,7.76,155.1,29.4,0.87,synthetic response curve (Mitscherlich-style) + noise; NOT measured yield
4834,Chilli,38.3,12.7,43.2,1.73,3,sandy,246,23.1,80,0.22,5.29,69.6,33.0,0.68,synthetic response curve (Mitscherlich-style) + noise; NOT measured yield
4835,Rice,156.2,44.0,58.9,4.64,5,loam,400,9.5,140,0.76,7.46,166.5,27.1,-0.11,synthetic response curve (Mitscherlich-style) + noise; NOT measured yield
4836,Chilli,54.2,62.5,71.5,2.49,14,clay,570,14.6,401,1.01,7.31,72.4,22.7,0.69,synthetic response curve (Mitscherlich-style) + noise; NOT measured yield
4837,Sugarcane,220.6,30.4,34.6,59.62,5,loam,373,18.1,131,0.43,7.15,64.9,26.6,-1.54,synthetic response curve (Mitscherlich-style) + noise; NOT measured yield
4838,Maize,21.7,94.1,82.3,5.64,13,sandy,579,65.9,53,0.87,6.33,163.5,22.6,-0.85,synthetic response curve (Mitscherlich-style) + noise; NOT measured yield
4839,Rice,120.7,7.7,2.2,2.83,12,loam,514,18.5,266,0.69,6.09,899.0,28.9,-0.31,synthetic response curve (Mitscherlich-style) + noise; NOT measured yield
4840,Rice,12.1,0.0,8.4,2.4,15,clay,357,13.1,230,0.59,8.22,356.4,30.2,0.66,synthetic response curve (Mitscherlich-style) + noise; NOT measured yield
4841,Banana,59.0,54.7,230.2,29.76,3,sandy,355,16.4,30,0.3,5.28,30.3,27.5,-0.2,synthetic response curve (Mitscherlich-style) + noise; NOT measured yield
4842,Pigeon pea,7.0,32.5,34.0,1.07,6,clay,364,3.0,285,0.5,8.89,171.3,27.4,0.71,synthetic response curve (Mitscherlich-style) + noise; NOT measured yield
4843,Tomato,106.2,5.4,29.0,19.88,13,sandy,343,7.5,94,0.28,6.97,48.4,30.5,-0.92,synthetic response curve (Mitscherlich-style) + noise; NOT measured yield
4844,Onion,43.8,53.5,55.2,28.69,2,loam,404,15.3,159,0.77,7.69,86.2,24.6,1.46,synthetic response curve (Mitscherlich-style) + noise; NOT measured yield
4845,Green gram,26.1,35.3,23.7,0.64,1,clay,218,21.2,247,0.33,7.53,115.9,31.4,2.85,synthetic response curve (Mitscherlich-style) + noise; NOT measured yield
4846,Green gram,23.3,16.6,25.9,0.66,1,clay,378,16.5,282,0.58,8.02,98.6,26.8,0.17,synthetic response curve (Mitscherlich-style) + noise; NOT measured yield
4847,Sorghum,12.9,45.8,31.6,2.21,2,loam,186,42.1,299,0.39,6.84,42.1,21.8,0.15,synthetic response curve (Mitscherlich-style) + noise; NOT measured yield
4848,Maize,185.5,23.5,43.7,4.76,12,loam,363,8.5,182,0.58,5.98,242.6,24.5,0.39,synthetic response curve (Mitscherlich-style) + noise; NOT measured yield
4849,Pigeon pea,21.0,57.8,1.1,1.11,6,clay,283,58.2,268,0.62,7.92,47.1,28.2,-0.72,synthetic response curve (Mitscherlich-style) + noise; NOT measured yield
4850,Cotton,120.9,62.1,74.8,1.86,3,sandy,310,18.0,194,0.2,6.17,67.8,32.7,0.94,synthetic response curve (Mitscherlich-style) + noise; NOT measured yield
4851,Lentil,23.6,44.6,17.0,0.81,11,loam,88,7.0,307,0.13,7.18,136.6,25.3,0.51,synthetic response curve (Mitscherlich-style) + noise; NOT measured yield
4852,Sugarcane,55.1,17.3,138.1,48.95,5,loam,400,4.0,111,0.58,6.67,160.5,26.4,0.95,synthetic response curve (Mitscherlich-style) + noise; NOT measured yield
4853,Onion,29.1,12.7,70.6,15.94,3,sandy,142,2.3,30,0.23,6.07,165.2,32.9,-0.84,synthetic response curve (Mitscherlich-style) + noise; NOT measured yield
4854,Groundnut,25.7,62.4,25.4,1.71,15,clay,503,39.3,179,0.69,5.95,132.0,28.6,-1.3,synthetic response curve (Mitscherlich-style) + noise; NOT measured yield
4855,Chickpea,2.5,5.5,37.7,1.23,9,clay,432,33.8,206,0.71,8.14,109.5,23.6,-0.03,synthetic response curve (Mitscherlich-style) + noise; NOT measured yield
4856,Maize,158.0,72.7,31.1,6.58,7,clay,465,19.3,334,0.49,7.43,61.7,25.3,0.56,synthetic response curve (Mitscherlich-style) + noise; NOT measured yield
4857,Chilli,59.1,2.2,14.7,1.13,14,clay,392,8.4,353,0.53,7.99,113.3,25.6,0.92,synthetic response curve (Mitscherlich-style) + noise; NOT measured yield
4858,Banana,5.2,37.0,159.2,31.02,4,sandy,276,7.6,189,0.3,6.63,178.6,31.8,-0.19,synthetic response curve (Mitscherlich-style) + noise; NOT measured yield
4859,Wheat,113.7,29.8,67.3,3.76,9,clay,522,38.1,232,0.71,7.33,189.8,29.9,0.03,synthetic response curve (Mitscherlich-style) + noise; NOT measured yield
4860,Banana,120.5,6.3,81.2,24.32,12,loam,458,14.5,227,0.92,7.89,136.0,25.1,1.55,synthetic response curve (Mitscherlich-style) + noise; NOT measured yield
4861,Green gram,9.3,48.8,15.5,0.7,1,clay,490,8.7,182,0.68,8.09,398.6,20.1,0.19,synthetic response curve (Mitscherlich-style) + noise; NOT measured yield
4862,Green gram,18.4,44.7,8.7,0.66,5,loam,462,11.1,144,0.91,7.27,175.5,21.2,-1.03,synthetic response curve (Mitscherlich-style) + noise; NOT measured yield
4863,Wheat,47.5,46.1,31.9,3.68,2,loam,382,22.2,178,0.47,7.72,193.8,20.9,0.06,synthetic response curve (Mitscherlich-style) + noise; NOT measured yield
4864,Banana,33.5,37.9,55.0,32.56,8,clay,323,8.3,281,0.43,9.2,457.3,23.5,1.09,synthetic response curve (Mitscherlich-style) + noise; NOT measured yield
4865,Rice,155.6,63.3,56.3,3.85,11,loam,444,4.4,114,0.63,7.37,37.0,28.4,-0.53,synthetic response curve (Mitscherlich-style) + noise; NOT measured yield
4866,Cotton,138.8,3.3,23.2,1.13,3,sandy,389,16.5,74,0.61,5.71,157.6,27.3,-0.2,synthetic response curve (Mitscherlich-style) + noise; NOT measured yield
4867,Cotton,154.9,54.8,40.4,1.9,3,sandy,269,42.5,104,0.33,7.07,543.9,26.4,0.23,synthetic response curve (Mitscherlich-style) + noise; NOT measured yield
4868,Onion,7.9,0.9,13.3,15.66,7,clay,491,16.0,344,0.71,8.69,456.0,26.0,1.59,synthetic response curve (Mitscherlich-style) + noise; NOT measured yield
4869,Soybean,14.8,11.2,33.1,1.22,6,clay,346,4.0,310,0.58,7.14,40.0,27.1,0.66,synthetic response curve (Mitscherlich-style) + noise; NOT measured yield
4870,Cotton,92.9,34.1,61.9,1.69,2,loam,426,13.1,142,0.42,7.81,89.7,25.8,1.17,synthetic response curve (Mitscherlich-style) + noise; NOT measured yield
4871,Potato,63.2,11.4,62.8,16.83,11,loam,518,8.8,187,0.94,7.81,168.6,26.3,1.54,synthetic response curve (Mitscherlich-style) + noise; NOT measured yield
4872,Rice,5.6,31.7,64.5,3.28,12,loam,193,38.9,236,0.58,8.65,567.3,28.4,-0.31,synthetic response curve (Mitscherlich-style) + noise; NOT measured yield
4873,Cotton,154.6,10.4,43.1,1.2,7,clay,373,21.5,121,0.65,6.25,157.0,27.3,0.52,synthetic response curve (Mitscherlich-style) + noise; NOT measured yield
4874,Pigeon pea,12.4,27.1,23.6,1.07,6,clay,407,12.0,171,0.53,6.82,58.9,23.4,-0.49,synthetic response curve (Mitscherlich-style) + noise; NOT measured yield
4875,Cotton,92.6,21.0,34.2,1.62,3,sandy,257,17.7,82,0.3,7.31,157.1,21.0,-0.64,synthetic response curve (Mitscherlich-style) + noise; NOT measured yield
4876,Rice,69.9,61.2,40.6,4.48,5,loam,420,28.7,181,0.69,7.02,148.6,25.5,1.38,synthetic response curve (Mitscherlich-style) + noise; NOT measured yield
4877,Cotton,145.1,13.2,5.0,1.03,8,clay,434,4.6,268,0.65,7.69,55.5,23.3,-1.22,synthetic response curve (Mitscherlich-style) + noise; NOT measured yield
4878,Potato,114.0,37.5,7.7,18.68,15,clay,384,21.2,284,0.71,7.07,149.6,26.2,-1.55,synthetic response curve (Mitscherlich-style) + noise; NOT measured yield
4879,Chilli,70.7,52.0,17.8,1.53,3,sandy,316,20.6,57,0.52,7.65,212.4,29.8,-1.18,synthetic response curve (Mitscherlich-style) + noise; NOT measured yield
4880,Tomato,123.6,75.3,0.0,15.68,13,sandy,193,7.5,30,0.26,6.66,73.2,25.7,-0.77,synthetic response curve (Mitscherlich-style) + noise; NOT measured yield
4881,Chilli,37.0,71.1,40.5,2.37,8,clay,476,25.3,226,0.42,6.34,108.1,32.5,0.37,synthetic response curve (Mitscherlich-style) + noise; NOT measured yield
4882,Turmeric,84.6,12.2,86.7,13.27,9,clay,282,20.4,295,0.34,6.94,159.9,26.9,-0.63,synthetic response curve (Mitscherlich-style) + noise; NOT measured yield
4883,Sunflower,64.5,37.7,2.3,1.09,5,loam,409,9.9,66,0.36,6.49,255.5,24.2,-1.18,synthetic response curve (Mitscherlich-style) + noise; NOT measured yield
4884,Onion,9.7,41.2,60.5,24.19,15,clay,326,16.9,227,0.46,7.74,792.1,28.1,0.42,synthetic response curve (Mitscherlich-style) + noise; NOT measured yield
4885,Groundnut,34.5,12.3,18.1,1.26,1,clay,420,24.9,340,0.68,7.78,411.1,28.0,0.03,synthetic response curve (Mitscherlich-style) + noise; NOT measured yield
4886,Rice,171.7,78.3,66.3,3.05,4,sandy,242,28.0,30,0.39,5.34,84.4,23.2,-1.44,synthetic response curve (Mitscherlich-style) + noise; NOT measured yield
4887,Pearl millet,3.3,20.7,36.0,1.92,5,loam,295,40.6,30,0.36,5.81,18.6,27.5,-1.03,synthetic response curve (Mitscherlich-style) + noise; NOT measured yield
4888,Wheat,150.5,74.5,28.7,4.29,9,clay,463,90.0,404,0.75,8.65,507.1,28.9,0.21,synthetic response curve (Mitscherlich-style) + noise; NOT measured yield
4889,Pearl millet,48.2,24.2,29.0,1.98,7,clay,343,14.8,299,0.56,7.44,137.9,25.8,0.63,synthetic response curve (Mitscherlich-style) + noise; NOT measured yield
4890,Sorghum,67.9,9.6,5.3,2.11,14,clay,327,20.3,190,0.55,7.12,353.8,23.9,0.05,synthetic response curve (Mitscherlich-style) + noise; NOT measured yield
4891,Chilli,81.6,50.2,23.7,1.55,3,sandy,373,34.0,30,0.43,6.61,57.7,34.9,-0.29,synthetic response curve (Mitscherlich-style) + noise; NOT measured yield
4892,Wheat,12.1,79.9,51.1,3.68,9,clay,496,13.7,184,0.64,6.44,456.7,21.1,-1.25,synthetic response curve (Mitscherlich-style) + noise; NOT measured yield
4893,Cotton,143.0,46.6,60.3,2.05,8,clay,554,53.3,173,1.05,7.25,333.8,30.6,-0.06,synthetic response curve (Mitscherlich-style) + noise; NOT measured yield
4894,Sugarcane,114.8,39.1,83.4,86.92,5,loam,369,60.6,121,0.55,7.59,64.0,24.5,-0.38,synthetic response curve (Mitscherlich-style) + noise; NOT measured yield
4895,Green gram,5.8,44.6,21.8,0.69,1,clay,381,11.9,254,0.84,8.92,105.5,29.3,-0.73,synthetic response curve (Mitscherlich-style) + noise; NOT measured yield
4896,Maize,87.6,17.1,37.7,3.72,13,sandy,140,10.4,30,0.11,6.36,21.7,24.0,-0.18,synthetic response curve (Mitscherlich-style) + noise; NOT measured yield
4897,Wheat,79.8,55.2,9.3,3.03,4,sandy,251,8.5,172,0.15,7.32,350.0,20.6,0.37,synthetic response curve (Mitscherlich-style) + noise; NOT measured yield
4898,Rice,50.5,75.5,39.6,4.19,3,sandy,256,5.8,136,0.2,6.81,53.3,29.0,1.05,synthetic response curve (Mitscherlich-style) + noise; NOT measured yield
4899,Wheat,96.6,63.4,14.9,3.53,9,clay,433,46.7,266,0.55,8.23,79.4,28.8,-1.07,synthetic response curve (Mitscherlich-style) + noise; NOT measured yield
4900,Maize,77.4,41.7,57.6,5.09,3,sandy,306,23.9,172,0.28,6.17,97.7,30.9,-0.31,synthetic response curve (Mitscherlich-style) + noise; NOT measured yield
4901,Rice,154.1,83.1,17.8,4.34,10,sandy,293,13.7,246,0.32,6.3,176.5,19.9,0.16,synthetic response curve (Mitscherlich-style) + noise; NOT measured yield
4902,Wheat,164.1,74.1,55.5,3.98,11,loam,422,40.5,138,0.51,7.02,83.0,26.8,0.48,synthetic response curve (Mitscherlich-style) + noise; NOT measured yield
4903,Maize,137.1,59.0,65.2,5.82,4,sandy,212,8.2,176,0.38,7.1,144.4,20.1,-0.76,synthetic response curve (Mitscherlich-style) + noise; NOT measured yield
4904,Maize,187.9,72.9,58.3,5.57,2,loam,205,16.9,191,0.33,7.69,122.9,25.7,1.1,synthetic response curve (Mitscherlich-style) + noise; NOT measured yield
4905,Green gram,6.3,8.3,2.9,0.7,2,loam,256,55.2,201,0.43,7.06,364.6,25.4,-0.32,synthetic response curve (Mitscherlich-style) + noise; NOT measured yield
4906,Groundnut,10.4,63.0,16.6,1.61,1,clay,418,23.0,341,0.64,7.49,50.6,22.9,-0.07,synthetic response curve (Mitscherlich-style) + noise; NOT measured yield
4907,Chilli,105.5,45.8,63.3,2.1,8,clay,579,17.2,162,0.81,7.59,179.6,25.9,-0.77,synthetic response curve (Mitscherlich-style) + noise; NOT measured yield
4908,Cotton,104.5,13.0,66.7,1.24,6,clay,410,6.7,303,0.86,8.22,56.0,22.0,-0.4,synthetic response curve (Mitscherlich-style) + noise; NOT measured yield
4909,Rice,109.4,72.6,43.8,4.69,12,loam,381,14.2,281,0.36,6.08,90.4,19.3,1.64,synthetic response curve (Mitscherlich-style) + noise; NOT measured yield
4910,Groundnut,21.8,42.9,16.3,1.4,6,clay,374,19.5,154,0.54,6.6,160.1,29.5,-0.56,synthetic response curve (Mitscherlich-style) + noise; NOT measured yield
4911,Pearl millet,74.8,23.1,14.2,2.07,10,sandy,433,10.8,274,0.55,8.0,108.0,25.5,-0.03,synthetic response curve (Mitscherlich-style) + noise; NOT measured yield
4912,Pearl millet,71.3,25.5,40.5,1.55,8,clay,508,19.1,263,0.87,9.2,504.9,32.2,-1.72,synthetic response curve (Mitscherlich-style) + noise; NOT measured yield
4913,Onion,1.3,70.0,51.9,22.91,7,clay,441,22.3,93,0.83,8.52,98.3,27.6,-1.76,synthetic response curve (Mitscherlich-style) + noise; NOT measured yield
4914,Maize,62.1,7.0,2.0,2.78,12,loam,387,8.9,200,0.74,6.59,341.7,27.6,-0.9,synthetic response curve (Mitscherlich-style) + noise; NOT measured yield
4915,Wheat,64.6,3.1,55.7,1.85,8,clay,388,5.7,268,0.77,8.13,81.4,23.7,-1.01,synthetic response curve (Mitscherlich-style) + noise; NOT measured yield
4916,Soybean,22.5,11.9,27.6,2.2,9,clay,263,25.7,252,0.43,7.45,535.1,24.3,-0.08,synthetic response curve (Mitscherlich-style) + noise; NOT measured yield
4917,Sugarcane,90.7,115.3,117.4,70.49,7,clay,426,47.1,170,0.69,7.68,147.7,23.9,-0.31,synthetic response curve (Mitscherlich-style) + noise; NOT measured yield
4918,Wheat,35.9,3.0,61.2,2.79,11,loam,443,25.1,159,0.52,6.94,313.9,26.0,0.7,synthetic response curve (Mitscherlich-style) + noise; NOT measured yield
4919,Sugarcane,295.3,29.1,75.4,68.64,5,loam,409,19.7,255,0.52,7.09,302.3,24.0,-0.54,synthetic response curve (Mitscherlich-style) + noise; NOT measured yield
4920,Turmeric,2.3,71.6,136.7,14.08,1,clay,341,9.1,163,0.4,7.91,156.6,30.0,-1.27,synthetic response curve (Mitscherlich-style) + noise; NOT measured yield
4921,Sugarcane,190.9,101.9,141.4,81.12,7,clay,364,44.2,293,0.57,6.82,272.9,22.2,-0.33,synthetic response curve (Mitscherlich-style) + noise; NOT measured yield
4922,Sugarcane,17.8,50.3,122.2,55.08,5,loam,280,14.8,176,0.43,7.01,112.1,23.6,-1.43,synthetic response curve (Mitscherlich-style) + noise; NOT measured yield
4923,Cotton,100.9,47.6,72.7,1.89,14,clay,416,71.4,231,0.67,8.44,84.6,26.5,0.73,synthetic response curve (Mitscherlich-style) + noise; NOT measured yield
4924,Rice,163.8,26.9,33.7,3.05,15,clay,405,17.3,168,0.4,8.77,1199.9,24.7,-2.01,synthetic response curve (Mitscherlich-style) + noise; NOT measured yield
4925,Wheat,120.6,0.4,50.1,3.35,4,sandy,196,41.4,114,0.27,6.78,247.9,27.9,0.31,synthetic response curve (Mitscherlich-style) + noise; NOT measured yield
4926,Onion,49.5,35.2,4.5,19.29,7,clay,342,16.6,269,0.57,9.07,38.4,24.8,0.41,synthetic response curve (Mitscherlich-style) + noise; NOT measured yield
4927,Onion,13.5,13.5,86.2,14.59,7,clay,357,2.1,364,0.52,9.16,124.5,26.5,-0.85,synthetic response curve (Mitscherlich-style) + noise; NOT measured yield
4928,Maize,42.4,55.8,6.1,3.61,4,sandy,179,11.5,111,0.45,6.1,18.5,27.7,-0.64,synthetic response curve (Mitscherlich-style) + noise; NOT measured yield
4929,Green gram,24.4,27.9,1.6,0.63,1,clay,506,4.0,245,0.82,9.2,106.4,24.0,-1.76,synthetic response curve (Mitscherlich-style) + noise; NOT measured yield
4930,Mustard,36.0,4.2,43.5,0.97,15,clay,465,17.8,195,0.6,7.77,196.5,24.4,0.94,synthetic response curve (Mitscherlich-style) + noise; NOT measured yield
4931,Wheat,72.5,31.4,27.1,3.59,10,sandy,307,21.4,149,0.33,5.29,260.9,29.7,0.53,synthetic response curve (Mitscherlich-style) + noise; NOT measured yield
4932,Sugarcane,71.9,46.1,17.3,60.46,7,clay,553,16.8,378,1.01,7.93,211.0,25.7,-2.24,synthetic response curve (Mitscherlich-style) + noise; NOT measured yield
4933,Rice,139.9,54.3,80.6,4.57,3,sandy,167,4.9,172,0.1,6.2,92.4,27.8,0.7,synthetic response curve (Mitscherlich-style) + noise; NOT measured yield
4934,Rice,89.1,63.0,7.4,4.22,8,clay,473,7.4,309,0.86,7.74,175.3,29.6,0.26,synthetic response curve (Mitscherlich-style) + noise; NOT measured yield
4935,Rice,177.6,52.8,37.4,5.04,5,loam,375,44.2,315,0.64,7.38,283.5,22.1,0.91,synthetic response curve (Mitscherlich-style) + noise; NOT measured yield
4936,Rice,26.3,61.3,9.7,3.33,4,sandy,272,3.0,201,0.33,7.7,103.8,22.8,-2.31,synthetic response curve (Mitscherlich-style) + noise; NOT measured yield
4937,Potato,103.2,20.3,140.7,16.77,15,clay,465,19.5,221,0.94,8.74,43.0,31.1,-0.55,synthetic response curve (Mitscherlich-style) + noise; NOT measured yield
4938,Wheat,124.6,38.3,52.4,3.84,10,sandy,226,15.0,107,0.1,7.62,46.6,23.5,-0.13,synthetic response curve (Mitscherlich-style) + noise; NOT measured yield
4939,Sugarcane,256.6,117.8,71.4,79.0,5,loam,425,7.0,323,0.75,6.98,147.5,22.3,-0.57,synthetic response curve (Mitscherlich-style) + noise; NOT measured yield
4940,Wheat,115.7,28.3,40.8,3.1,4,sandy,469,13.6,173,0.66,7.17,140.3,24.9,-1.36,synthetic response curve (Mitscherlich-style) + noise; NOT measured yield
4941,Potato,161.6,14.5,114.4,15.73,12,loam,469,15.9,384,0.57,7.13,15.5,21.2,-0.36,synthetic response curve (Mitscherlich-style) + noise; NOT measured yield
4942,Mustard,72.4,7.9,22.4,0.79,10,sandy,369,16.4,200,0.28,8.44,46.1,16.3,-1.33,synthetic response curve (Mitscherlich-style) + noise; NOT measured yield
4943,Tomato,173.8,34.0,10.9,31.57,13,sandy,348,20.8,335,0.38,6.54,270.2,17.1,0.23,synthetic response curve (Mitscherlich-style) + noise; NOT measured yield
4944,Pigeon pea,10.0,6.0,0.9,0.71,12,loam,470,3.1,302,0.57,7.36,196.3,30.8,0.3,synthetic response curve (Mitscherlich-style) + noise; NOT measured yield
4945,Maize,95.7,82.8,21.7,5.69,7,clay,465,17.7,258,0.46,7.53,192.9,26.4,1.4,synthetic response curve (Mitscherlich-style) + noise; NOT measured yield
4946,Pearl millet,19.5,30.5,40.4,1.8,10,sandy,262,4.2,179,0.28,7.18,54.7,25.0,-0.51,synthetic response curve (Mitscherlich-style) + noise; NOT measured yield
4947,Onion,65.2,51.2,68.3,23.49,6,clay,360,20.4,37,0.86,7.69,178.8,24.5,1.45,synthetic response curve (Mitscherlich-style) + noise; NOT measured yield
4948,Sorghum,13.8,33.6,2.5,1.89,2,loam,396,5.7,132,0.37,7.62,121.9,25.9,-0.32,synthetic response curve (Mitscherlich-style) + noise; NOT measured yield
4949,Green gram,6.9,4.1,6.0,0.47,1,clay,338,8.5,292,0.52,8.34,85.7,25.8,1.74,synthetic response curve (Mitscherlich-style) + noise; NOT measured yield
4950,Cotton,70.7,50.9,8.6,1.56,2,loam,337,20.5,135,0.33,7.57,85.8,27.5,0.49,synthetic response curve (Mitscherlich-style) + noise; NOT measured yield
4951,Sorghum,25.4,46.8,31.9,2.2,14,clay,283,31.3,402,0.46,7.79,94.9,18.6,-0.6,synthetic response curve (Mitscherlich-style) + noise; NOT measured yield
4952,Potato,156.9,8.4,142.9,13.02,13,sandy,255,5.6,80,0.11,6.44,257.1,22.0,0.47,synthetic response curve (Mitscherlich-style) + noise; NOT measured yield
4953,Lentil,20.1,27.6,23.4,0.85,6,clay,537,10.1,333,0.82,8.03,393.1,31.3,-0.62,synthetic response curve (Mitscherlich-style) + noise; NOT measured yield
4954,Lentil,25.3,13.9,30.4,0.82,14,clay,415,25.8,143,0.82,8.13,261.9,25.6,0.61,synthetic response curve (Mitscherlich-style) + noise; NOT measured yield
4955,Maize,173.3,34.7,8.7,3.88,12,loam,346,16.1,66,0.58,8.39,68.8,27.9,0.85,synthetic response curve (Mitscherlich-style) + noise; NOT measured yield
4956,Chilli,125.8,41.6,69.9,1.97,3,sandy,418,7.3,322,0.61,5.93,705.1,26.9,0.58,synthetic response curve (Mitscherlich-style) + noise; NOT measured yield
4957,Chickpea,20.5,54.2,6.4,1.1,4,sandy,545,3.3,87,0.82,7.39,215.6,19.8,1.69,synthetic response curve (Mitscherlich-style) + noise; NOT measured yield
4958,Pigeon pea,18.3,27.5,23.9,1.19,6,clay,410,11.9,222,0.57,8.55,161.0,24.8,-1.37,synthetic response curve (Mitscherlich-style) + noise; NOT measured yield
4959,Maize,3.9,80.8,75.6,3.81,13,sandy,199,13.8,30,0.15,7.49,179.6,20.3,-1.27,synthetic response curve (Mitscherlich-style) + noise; NOT measured yield
4960,Pearl millet,35.6,49.5,18.8,1.76,10,sandy,120,21.7,303,0.1,6.52,287.5,29.4,0.33,synthetic response curve (Mitscherlich-style) + noise; NOT measured yield
4961,Wheat,68.7,13.9,70.1,3.05,6,clay,275,21.6,242,0.43,6.58,146.7,30.5,0.55,synthetic response curve (Mitscherlich-style) + noise; NOT measured yield
4962,Maize,171.6,23.3,24.1,4.75,13,sandy,386,18.4,140,0.61,8.18,645.0,18.0,-0.43,synthetic response curve (Mitscherlich-style) + noise; NOT measured yield
4963,Sugarcane,282.9,34.8,33.1,59.75,5,loam,312,18.5,59,0.55,8.24,38.1,24.3,0.39,synthetic response curve (Mitscherlich-style) + noise; NOT measured yield
4964,Chilli,133.9,63.8,60.3,2.27,14,clay,286,8.2,279,0.37,7.25,81.7,24.3,0.5,synthetic response curve (Mitscherlich-style) + noise; NOT measured yield
4965,Wheat,137.8,28.7,33.8,3.74,11,loam,394,6.9,322,0.74,7.9,135.1,19.9,-0.36,synthetic response curve (Mitscherlich-style) + noise; NOT measured yield
4966,Rice,86.0,22.6,61.7,3.28,11,loam,262,3.3,174,0.35,7.4,4.5,25.9,0.23,synthetic response curve (Mitscherlich-style) + noise; NOT measured yield
4967,Cotton,22.7,22.8,65.2,1.55,2,loam,384,11.8,85,0.67,7.89,246.1,25.4,0.99,synthetic response curve (Mitscherlich-style) + noise; NOT measured yield
4968,Cotton,2.6,69.2,53.6,1.39,3,sandy,294,14.2,111,0.1,6.64,392.2,21.5,-0.33,synthetic response curve (Mitscherlich-style) + noise; NOT measured yield
4969,Sugarcane,39.7,89.8,66.6,67.66,15,clay,516,10.1,295,0.57,7.42,1375.0,25.8,-0.75,synthetic response curve (Mitscherlich-style) + noise; NOT measured yield
4970,Rice,152.6,3.5,37.9,2.91,12,loam,330,23.2,377,0.54,7.01,64.9,23.9,-0.73,synthetic response curve (Mitscherlich-style) + noise; NOT measured yield
4971,Green gram,28.9,38.1,18.9,0.73,4,sandy,222,11.2,181,0.41,5.86,44.5,26.4,0.37,synthetic response curve (Mitscherlich-style) + noise; NOT measured yield
4972,Turmeric,54.1,18.9,10.8,11.66,13,sandy,294,13.4,30,0.43,7.26,198.9,25.3,0.72,synthetic response curve (Mitscherlich-style) + noise; NOT measured yield
4973,Rice,160.4,30.4,31.9,3.87,5,loam,416,14.0,312,0.53,7.91,540.8,21.3,-0.96,synthetic response curve (Mitscherlich-style) + noise; NOT measured yield
4974,Sugarcane,249.3,104.5,49.7,73.94,6,clay,649,18.1,263,0.83,8.2,167.4,27.8,-1.56,synthetic response curve (Mitscherlich-style) + noise; NOT measured yield
4975,Wheat,114.9,67.6,46.6,4.24,5,loam,341,30.4,326,0.74,6.32,124.3,22.5,-0.11,synthetic response curve (Mitscherlich-style) + noise; NOT measured yield
4976,Chilli,110.6,59.2,38.5,2.08,8,clay,397,16.0,196,0.41,7.75,98.0,31.2,-0.98,synthetic response curve (Mitscherlich-style) + noise; NOT measured yield
4977,Rice,71.6,9.9,14.3,2.93,12,loam,336,5.3,142,0.56,6.79,410.1,29.2,-1.27,synthetic response curve (Mitscherlich-style) + noise; NOT measured yield
4978,Cotton,112.6,32.2,38.0,1.47,3,sandy,372,3.7,188,0.42,5.9,159.4,29.9,0.27,synthetic response curve (Mitscherlich-style) + noise; NOT measured yield
4979,Pigeon pea,7.2,38.3,46.5,1.17,15,clay,385,23.5,424,0.64,7.78,731.9,27.8,-0.2,synthetic response curve (Mitscherlich-style) + noise; NOT measured yield
4980,Rice,70.0,45.8,65.3,3.98,5,loam,453,10.5,265,0.6,7.29,111.3,22.7,-1.17,synthetic response curve (Mitscherlich-style) + noise; NOT measured yield
4981,Rice,102.3,13.7,15.6,2.46,15,clay,357,4.9,309,0.6,7.66,626.8,24.0,-1.33,synthetic response curve (Mitscherlich-style) + noise; NOT measured yield
4982,Cotton,176.7,8.0,26.3,1.08,14,clay,331,8.4,331,0.52,6.93,100.0,24.0,-0.4,synthetic response curve (Mitscherlich-style) + noise; NOT measured yield
4983,Wheat,43.4,44.7,55.6,3.81,9,clay,519,16.8,405,0.87,7.63,133.6,18.9,0.22,synthetic response curve (Mitscherlich-style) + noise; NOT measured yield
4984,Sorghum,14.9,42.0,11.4,2.31,2,loam,350,5.1,289,0.63,6.9,135.7,27.0,-0.39,synthetic response curve (Mitscherlich-style) + noise; NOT measured yield
4985,Tomato,100.7,41.1,8.6,31.54,9,clay,390,20.4,308,0.72,8.32,186.8,24.7,0.58,synthetic response curve (Mitscherlich-style) + noise; NOT measured yield
4986,Maize,168.4,61.8,16.8,5.87,12,loam,513,10.1,257,0.85,6.49,197.0,26.0,1.22,synthetic response curve (Mitscherlich-style) + noise; NOT measured yield
4987,Rice,6.3,24.5,80.6,3.32,15,clay,432,6.5,211,0.61,6.98,272.6,29.8,-0.18,synthetic response curve (Mitscherlich-style) + noise; NOT measured yield
4988,Banana,104.1,59.7,67.7,39.84,2,loam,425,25.8,379,0.65,8.18,212.6,21.4,0.15,synthetic response curve (Mitscherlich-style) + noise; NOT measured yield
4989,Rice,29.4,12.6,72.2,3.52,12,loam,300,14.9,102,0.49,6.47,244.4,24.5,0.66,synthetic response curve (Mitscherlich-style) + noise; NOT measured yield
4990,Wheat,109.4,79.9,31.0,4.31,5,loam,310,6.1,332,0.1,6.75,126.6,27.5,-1.27,synthetic response curve (Mitscherlich-style) + noise; NOT measured yield
4991,Maize,5.8,23.8,19.1,4.11,12,loam,514,18.3,89,0.86,7.7,107.0,26.5,-1.25,synthetic response curve (Mitscherlich-style) + noise; NOT measured yield
4992,Wheat,108.1,57.7,57.7,4.39,9,clay,454,12.9,190,0.61,7.64,352.8,25.6,0.06,synthetic response curve (Mitscherlich-style) + noise; NOT measured yield
4993,Maize,190.3,52.5,60.3,5.38,13,sandy,426,12.2,199,0.51,6.85,142.2,23.9,0.77,synthetic response curve (Mitscherlich-style) + noise; NOT measured yield
4994,Green gram,15.9,10.5,33.3,0.67,1,clay,394,19.0,256,0.45,7.1,23.7,27.0,0.56,synthetic response curve (Mitscherlich-style) + noise; NOT measured yield
4995,Maize,160.0,45.9,45.1,5.38,8,clay,327,14.0,163,0.44,6.97,57.6,29.0,0.41,synthetic response curve (Mitscherlich-style) + noise; NOT measured yield
4996,Ragi,59.6,1.3,35.8,1.21,11,loam,416,14.8,132,0.64,7.92,21.0,23.8,-1.12,synthetic response curve (Mitscherlich-style) + noise; NOT measured yield
4997,Soybean,11.7,63.6,51.6,1.97,6,clay,346,17.8,281,0.52,7.67,357.4,28.1,-1.21,synthetic response curve (Mitscherlich-style) + noise; NOT measured yield
4998,Soybean,29.1,77.0,43.3,2.19,5,loam,349,8.9,290,0.51,7.64,113.1,22.7,0.37,synthetic response curve (Mitscherlich-style) + noise; NOT measured yield
4999,Sugarcane,68.1,71.1,16.6,62.67,5,loam,439,9.7,313,0.38,6.1,140.1,21.5,-1.15,synthetic response curve (Mitscherlich-style) + noise; NOT measured yield
5000,Maize,58.5,25.0,22.3,3.86,12,loam,339,15.6,30,0.46,6.92,400.2,27.6,-0.2,synthetic response curve (Mitscherlich-style) + noise; NOT measured yield
5001,Wheat,142.8,24.0,69.4,3.15,4,sandy,295,14.9,204,0.62,6.1,180.2,23.5,-0.63,synthetic response curve (Mitscherlich-style) + noise; NOT measured yield
5002,Mustard,28.9,41.4,47.7,1.31,15,clay,418,13.4,220,0.51,7.54,320.0,27.3,-0.45,synthetic response curve (Mitscherlich-style) + noise; NOT measured yield
5003,Maize,176.1,23.6,68.9,5.23,4,sandy,191,90.0,30,0.2,7.29,417.9,26.8,-0.16,synthetic response curve (Mitscherlich-style) + noise; NOT measured yield
5004,Sugarcane,187.7,22.9,48.7,57.33,7,clay,289,14.1,224,0.31,8.97,80.6,24.1,0.44,synthetic response curve (Mitscherlich-style) + noise; NOT measured yield
5005,Rice,98.2,61.2,2.1,3.72,15,clay,309,15.7,275,0.57,8.55,191.4,25.9,-2.21,synthetic response curve (Mitscherlich-style) + noise; NOT measured yield
5006,Groundnut,17.8,6.7,9.4,1.24,1,clay,391,17.9,269,0.73,6.62,156.4,28.8,0.09,synthetic response curve (Mitscherlich-style) + noise; NOT measured yield
5007,Pigeon pea,6.6,28.5,37.7,1.18,6,clay,362,21.3,303,0.51,8.23,363.4,32.0,-0.31,synthetic response curve (Mitscherlich-style) + noise; NOT measured yield
5008,Ragi,73.1,2.7,34.4,1.11,13,sandy,313,11.3,63,0.35,6.51,95.8,19.5,0.0,synthetic response curve (Mitscherlich-style) + noise; NOT measured yield
5009,Mustard,99.1,40.9,46.8,1.21,5,loam,395,3.1,64,0.52,6.87,127.6,22.6,-1.5,synthetic response curve (Mitscherlich-style) + noise; NOT measured yield
5010,Sugarcane,270.2,113.2,41.5,72.97,5,loam,433,6.7,204,0.55,6.65,67.3,23.5,1.41,synthetic response curve (Mitscherlich-style) + noise; NOT measured yield
5011,Onion,40.9,17.4,92.8,18.26,1,clay,448,12.8,249,0.8,8.05,504.1,30.2,-1.87,synthetic response curve (Mitscherlich-style) + noise; NOT measured yield
5012,Chilli,134.3,37.1,41.4,2.27,3,sandy,469,17.0,187,0.62,8.36,406.6,26.5,0.06,synthetic response curve (Mitscherlich-style) + noise; NOT measured yield
5013,Chilli,28.6,39.7,43.3,1.67,3,sandy,279,13.4,30,0.33,7.6,299.6,26.1,-0.65,synthetic response curve (Mitscherlich-style) + noise; NOT measured yield
5014,Sorghum,99.1,4.8,41.5,2.21,14,clay,259,38.0,146,0.54,8.48,54.5,25.1,0.22,synthetic response curve (Mitscherlich-style) + noise; NOT measured yield
5015,Wheat,46.6,33.5,44.0,3.62,9,clay,465,18.2,348,0.53,7.26,744.6,25.1,0.82,synthetic response curve (Mitscherlich-style) + noise; NOT measured yield
5016,Rice,95.2,43.7,60.6,4.31,4,sandy,362,18.3,208,0.3,5.72,158.2,22.0,0.45,synthetic response curve (Mitscherlich-style) + noise; NOT measured yield
5017,Banana,126.7,41.1,142.5,33.03,13,sandy,211,13.0,78,0.46,7.08,163.7,22.7,-0.52,synthetic response curve (Mitscherlich-style) + noise; NOT measured yield
5018,Wheat,109.4,19.0,52.5,3.34,10,sandy,458,36.1,178,0.77,7.25,128.2,25.5,0.11,synthetic response curve (Mitscherlich-style) + noise; NOT measured yield
5019,Sugarcane,150.0,19.1,130.3,53.37,5,loam,463,4.5,214,0.66,9.2,95.6,27.5,1.15,synthetic response curve (Mitscherlich-style) + noise; NOT measured yield
5020,Maize,160.7,64.2,74.9,5.73,4,sandy,310,12.9,259,0.51,5.86,191.0,19.8,-1.29,synthetic response curve (Mitscherlich-style) + noise; NOT measured yield
5021,Maize,154.8,63.2,78.1,5.52,4,sandy,258,35.7,169,0.23,6.85,449.2,22.9,-0.34,synthetic response curve (Mitscherlich-style) + noise; NOT measured yield
5022,Potato,146.1,46.8,40.4,20.77,11,loam,251,12.5,148,0.31,7.58,269.1,27.6,1.73,synthetic response curve (Mitscherlich-style) + noise; NOT measured yield
5023,Pearl millet,14.1,13.3,42.8,1.72,11,loam,224,28.9,250,0.25,7.04,396.8,24.3,1.74,synthetic response curve (Mitscherlich-style) + noise; NOT measured yield
5024,Wheat,96.1,13.6,5.0,2.49,10,sandy,373,81.7,148,0.59,6.6,175.1,24.7,-0.63,synthetic response curve (Mitscherlich-style) + noise; NOT measured yield
5025,Onion,68.6,61.2,63.7,25.84,7,clay,474,5.0,275,1.01,8.4,28.6,23.3,1.96,synthetic response curve (Mitscherlich-style) + noise; NOT measured yield
5026,Ragi,32.6,9.9,24.3,1.41,8,clay,262,6.2,132,0.38,8.0,177.8,29.8,-0.07,synthetic response curve (Mitscherlich-style) + noise; NOT measured yield
5027,Chickpea,29.8,48.6,10.4,1.48,14,clay,326,15.7,262,0.72,8.45,406.2,25.6,1.07,synthetic response curve (Mitscherlich-style) + noise; NOT measured yield
5028,Wheat,81.1,72.9,25.0,4.31,9,clay,308,16.2,308,0.72,8.28,117.2,23.3,0.08,synthetic response curve (Mitscherlich-style) + noise; NOT measured yield
5029,Pearl millet,13.5,5.2,7.5,1.28,10,sandy,291,4.2,49,0.33,7.27,87.7,23.7,0.42,synthetic response curve (Mitscherlich-style) + noise; NOT measured yield
5030,Rice,46.8,64.9,33.7,4.02,4,sandy,209,4.2,124,0.1,7.26,186.4,23.1,0.61,synthetic response curve (Mitscherlich-style) + noise; NOT measured yield
5031,Green gram,16.7,58.6,20.9,0.71,7,clay,530,35.1,105,0.82,7.6,189.4,29.8,-2.04,synthetic response curve (Mitscherlich-style) + noise; NOT measured yield
5032,Rice,87.3,37.4,59.3,3.75,1,clay,327,18.5,363,0.41,7.54,466.5,28.9,-0.69,synthetic response curve (Mitscherlich-style) + noise; NOT measured yield
5033,Onion,132.3,63.6,56.0,30.62,7,clay,361,37.2,221,0.49,7.89,163.3,27.7,-0.06,synthetic response curve (Mitscherlich-style) + noise; NOT measured yield
5034,Maize,5.0,24.6,18.8,4.61,13,sandy,457,23.1,180,0.63,6.21,433.8,23.1,-1.16,synthetic response curve (Mitscherlich-style) + noise; NOT measured yield
5035,Lentil,9.4,12.9,35.7,0.65,11,loam,291,4.8,216,0.28,8.47,205.9,27.3,0.68,synthetic response curve (Mitscherlich-style) + noise; NOT measured yield
5036,Chilli,11.6,35.4,57.3,1.84,14,clay,378,18.4,331,0.7,7.41,41.7,29.2,-0.6,synthetic response curve (Mitscherlich-style) + noise; NOT measured yield
5037,Pearl millet,83.4,14.2,36.6,2.01,6,clay,459,23.2,306,0.55,6.68,261.5,26.1,0.31,synthetic response curve (Mitscherlich-style) + noise; NOT measured yield
5038,Wheat,14.7,0.6,60.1,1.77,12,loam,447,12.4,174,0.53,9.16,587.1,26.4,-1.1,synthetic response curve (Mitscherlich-style) + noise; NOT measured yield
5039,Wheat,153.6,70.9,68.0,3.61,11,loam,496,12.1,163,0.76,7.52,407.3,23.1,-1.39,synthetic response curve (Mitscherlich-style) + noise; NOT measured yield
5040,Potato,194.5,51.8,49.0,20.81,11,loam,277,23.5,107,0.33,7.62,569.2,22.8,-0.83,synthetic response curve (Mitscherlich-style) + noise; NOT measured yield
5041,Rice,160.2,69.1,79.2,4.98,12,loam,396,6.7,53,0.72,7.34,247.1,24.5,0.46,synthetic response curve (Mitscherlich-style) + noise; NOT measured yield
5042,Rice,156.7,30.3,7.4,3.95,8,clay,265,53.7,206,0.52,7.06,434.7,29.9,-0.06,synthetic response curve (Mitscherlich-style) + noise; NOT measured yield
5043,Pigeon pea,28.9,27.1,34.7,1.17,6,clay,316,8.2,160,0.26,8.3,18.1,29.3,0.18,synthetic response curve (Mitscherlich-style) + noise; NOT measured yield
5044,Chickpea,8.5,3.8,11.0,1.03,9,clay,562,17.0,148,0.96,8.26,162.6,22.1,0.26,synthetic response curve (Mitscherlich-style) + noise; NOT measured yield
5045,Cotton,47.3,20.2,48.7,1.45,6,clay,474,10.0,330,0.72,8.39,444.9,25.9,0.35,synthetic response curve (Mitscherlich-style) + noise; NOT measured yield
5046,Wheat,108.2,80.5,20.8,4.09,11,loam,291,9.6,296,0.32,8.46,487.5,27.3,0.92,synthetic response curve (Mitscherlich-style) + noise; NOT measured yield
5047,Lentil,5.8,24.5,4.8,0.66,13,sandy,341,13.5,116,0.22,6.39,433.2,26.2,-1.0,synthetic response curve (Mitscherlich-style) + noise; NOT measured yield
5048,Groundnut,9.7,33.7,20.2,1.72,1,clay,354,15.5,223,0.77,7.47,336.1,31.0,-0.33,synthetic response curve (Mitscherlich-style) + noise; NOT measured yield
5049,Mustard,99.9,27.0,18.9,0.9,10,sandy,319,10.5,46,0.6,7.23,156.4,25.5,-1.92,synthetic response curve (Mitscherlich-style) + noise; NOT measured yield
5050,Maize,146.6,25.6,43.9,4.77,7,clay,432,2.4,263,0.71,7.25,111.8,24.6,1.62,synthetic response curve (Mitscherlich-style) + noise; NOT measured yield
5051,Sunflower,24.6,65.4,30.8,1.43,2,loam,196,3.1,162,0.22,7.26,133.1,20.7,2.08,synthetic response curve (Mitscherlich-style) + noise; NOT measured yield
5052,Cotton,67.2,68.2,19.1,1.37,4,sandy,229,15.1,97,0.23,5.34,99.6,23.0,0.14,synthetic response curve (Mitscherlich-style) + noise; NOT measured yield
5053,Turmeric,82.8,16.4,76.9,13.69,13,sandy,193,10.6,33,0.1,5.57,75.4,26.0,1.35,synthetic response curve (Mitscherlich-style) + noise; NOT measured yield
5054,Pigeon pea,18.7,59.7,18.4,1.15,6,clay,434,32.4,395,0.77,7.95,202.1,27.3,0.6,synthetic response curve (Mitscherlich-style) + noise; NOT measured yield
5055,Cotton,26.4,62.7,66.0,1.46,2,loam,232,12.7,82,0.59,8.31,102.4,29.8,-0.06,synthetic response curve (Mitscherlich-style) + noise; NOT measured yield
5056,Maize,169.8,33.1,75.5,4.23,12,loam,229,8.7,169,0.41,8.59,216.8,25.8,1.61,synthetic response curve (Mitscherlich-style) + noise; NOT measured yield
5057,Wheat,100.7,55.0,70.7,4.49,4,sandy,529,17.7,30,0.65,7.23,82.7,25.3,1.11,synthetic response curve (Mitscherlich-style) + noise; NOT measured yield
5058,Soybean,25.5,38.6,9.7,2.28,6,clay,365,41.7,404,0.74,7.79,876.0,26.0,-0.28,synthetic response curve (Mitscherlich-style) + noise; NOT measured yield
5059,Rice,135.4,9.7,34.8,2.92,3,sandy,233,17.3,79,0.21,6.95,131.1,31.6,0.04,synthetic response curve (Mitscherlich-style) + noise; NOT measured yield
5060,Maize,76.7,58.0,45.7,5.29,12,loam,550,5.3,181,0.92,5.9,244.9,26.5,0.32,synthetic response curve (Mitscherlich-style) + noise; NOT measured yield
5061,Cotton,91.4,77.4,56.3,1.69,14,clay,343,24.1,186,0.5,7.35,55.0,26.1,-0.98,synthetic response curve (Mitscherlich-style) + noise; NOT measured yield
5062,Potato,4.3,96.2,141.5,18.45,15,clay,415,4.4,215,0.54,9.01,1080.4,20.7,-0.56,synthetic response curve (Mitscherlich-style) + noise; NOT measured yield
5063,Banana,171.6,53.8,123.9,37.81,2,loam,318,1.9,230,0.59,8.0,187.3,22.4,1.02,synthetic response curve (Mitscherlich-style) + noise; NOT measured yield
5064,Chickpea,20.1,4.3,31.6,1.07,14,clay,511,19.3,168,0.6,8.13,174.1,26.0,-0.33,synthetic response curve (Mitscherlich-style) + noise; NOT measured yield
5065,Wheat,139.7,48.7,62.8,4.03,10,sandy,414,27.6,30,0.65,7.35,46.4,25.3,0.42,synthetic response curve (Mitscherlich-style) + noise; NOT measured yield
5066,Wheat,56.3,64.4,24.8,3.46,13,sandy,321,17.5,85,0.41,6.99,267.5,28.3,0.98,synthetic response curve (Mitscherlich-style) + noise; NOT measured yield
5067,Banana,44.3,67.1,46.8,33.03,2,loam,301,68.4,253,0.49,6.57,203.2,24.0,-0.46,synthetic response curve (Mitscherlich-style) + noise; NOT measured yield
5068,Ragi,33.2,9.4,20.2,2.02,13,sandy,386,41.3,176,0.49,7.66,42.2,20.2,-0.04,synthetic response curve (Mitscherlich-style) + noise; NOT measured yield
5069,Rice,31.5,54.4,82.7,4.36,5,loam,364,13.1,283,0.45,8.12,113.1,21.7,1.38,synthetic response curve (Mitscherlich-style) + noise; NOT measured yield
5070,Cotton,154.7,21.9,54.8,1.42,6,clay,303,10.2,81,0.57,7.8,382.3,30.2,1.05,synthetic response curve (Mitscherlich-style) + noise; NOT measured yield
5071,Chilli,0.2,10.5,5.6,1.53,14,clay,406,14.1,351,0.75,7.91,121.4,25.5,2.1,synthetic response curve (Mitscherlich-style) + noise; NOT measured yield
5072,Turmeric,83.8,32.4,99.9,17.26,11,loam,297,13.1,176,0.43,6.41,426.0,26.5,0.99,synthetic response curve (Mitscherlich-style) + noise; NOT measured yield
5073,Cotton,50.8,30.4,66.4,1.48,8,clay,272,10.9,236,0.46,8.0,56.4,24.0,-0.33,synthetic response curve (Mitscherlich-style) + noise; NOT measured yield
5074,Wheat,52.9,41.6,31.5,3.32,11,loam,329,14.2,62,0.54,7.77,205.9,30.1,0.61,synthetic response curve (Mitscherlich-style) + noise; NOT measured yield
5075,Lentil,18.2,48.6,7.5,1.04,6,clay,571,24.7,379,0.84,7.86,256.9,30.8,-0.89,synthetic response curve (Mitscherlich-style) + noise; NOT measured yield
5076,Potato,30.1,64.9,151.4,25.62,15,clay,472,6.1,213,0.77,8.56,478.8,26.7,0.91,synthetic response curve (Mitscherlich-style) + noise; NOT measured yield
5077,Cotton,18.1,46.0,21.4,1.71,2,loam,385,25.1,216,0.63,8.21,211.8,26.5,0.44,synthetic response curve (Mitscherlich-style) + noise; NOT measured yield
5078,Wheat,134.6,81.7,0.7,3.29,9,clay,379,5.3,250,0.68,8.04,284.7,22.5,2.27,synthetic response curve (Mitscherlich-style) + noise; NOT measured yield
5079,Green gram,3.6,53.0,14.5,0.62,1,clay,194,7.6,362,0.24,9.16,5.4,26.5,-0.32,synthetic response curve (Mitscherlich-style) + noise; NOT measured yield
5080,Onion,135.2,7.0,106.7,16.89,7,clay,364,9.9,249,0.62,8.67,82.2,27.0,0.99,synthetic response curve (Mitscherlich-style) + noise; NOT measured yield
5081,Cotton,70.6,7.8,26.8,1.15,8,clay,332,16.4,202,0.31,8.23,68.3,30.5,0.39,synthetic response curve (Mitscherlich-style) + noise; NOT measured yield
5082,Ragi,40.0,11.3,5.2,1.32,13,sandy,233,14.7,125,0.25,5.75,45.5,28.7,-0.45,synthetic response curve (Mitscherlich-style) + noise; NOT measured yield
5083,Chilli,127.2,6.7,43.9,1.16,15,clay,618,10.6,160,0.9,6.42,276.7,29.7,-2.09,synthetic response curve (Mitscherlich-style) + noise; NOT measured yield
5084,Maize,50.6,47.3,43.8,6.41,12,loam,412,9.6,188,0.56,6.78,70.1,25.2,0.89,synthetic response curve (Mitscherlich-style) + noise; NOT measured yield
5085,Mustard,19.7,24.7,15.3,1.11,15,clay,206,8.5,229,0.68,7.62,1488.5,25.0,1.25,synthetic response curve (Mitscherlich-style) + noise; NOT measured yield
5086,Maize,127.0,21.5,23.6,5.29,2,loam,389,14.2,268,0.44,6.63,6.1,25.2,1.07,synthetic response curve (Mitscherlich-style) + noise; NOT measured yield
5087,Chilli,99.8,24.9,16.7,1.95,8,clay,274,11.1,223,0.6,7.29,163.0,31.0,1.73,synthetic response curve (Mitscherlich-style) + noise; NOT measured yield
5088,Lentil,8.1,34.4,13.1,0.9,9,clay,413,32.0,237,0.55,8.61,1070.5,24.1,0.92,synthetic response curve (Mitscherlich-style) + noise; NOT measured yield
5089,Banana,45.8,22.3,159.4,35.92,2,loam,448,32.7,178,0.73,7.3,62.4,22.6,0.48,synthetic response curve (Mitscherlich-style) + noise; NOT measured yield
5090,Wheat,140.5,1.0,10.0,2.38,9,clay,436,19.9,234,0.65,7.71,80.7,27.5,1.76,synthetic response curve (Mitscherlich-style) + noise; NOT measured yield
5091,Green gram,25.8,41.9,30.1,0.71,1,clay,272,12.2,223,0.39,6.64,625.3,25.5,-0.36,synthetic response curve (Mitscherlich-style) + noise; NOT measured yield
5092,Mustard,105.7,56.3,6.2,0.93,10,sandy,308,16.7,59,0.32,8.12,176.8,24.9,-0.18,synthetic response curve (Mitscherlich-style) + noise; NOT measured yield
5093,Rice,76.4,45.5,27.4,3.73,4,sandy,238,24.9,183,0.1,6.63,115.2,28.9,-0.61,synthetic response curve (Mitscherlich-style) + noise; NOT measured yield
5094,Mustard,107.6,3.7,29.0,0.93,15,clay,253,14.3,209,0.47,8.27,601.7,25.5,1.75,synthetic response curve (Mitscherlich-style) + noise; NOT measured yield
5095,Chickpea,26.7,48.5,16.2,1.31,5,loam,292,19.1,258,0.26,5.78,76.0,19.4,-1.51,synthetic response curve (Mitscherlich-style) + noise; NOT measured yield
5096,Wheat,123.7,26.6,6.0,3.27,10,sandy,429,41.7,162,0.61,7.83,235.1,22.3,0.62,synthetic response curve (Mitscherlich-style) + noise; NOT measured yield
5097,Mustard,66.1,48.9,3.9,0.93,10,sandy,221,23.8,159,0.19,5.05,11.6,30.2,0.62,synthetic response curve (Mitscherlich-style) + noise; NOT measured yield
5098,Sorghum,31.3,34.9,18.8,2.77,14,clay,414,26.6,262,0.66,8.29,98.1,24.3,0.77,synthetic response curve (Mitscherlich-style) + noise; NOT measured yield
5099,Pigeon pea,17.5,34.1,6.1,1.05,6,clay,391,21.3,204,0.57,7.35,151.1,25.3,-1.73,synthetic response curve (Mitscherlich-style) + noise; NOT measured yield
5100,Pearl millet,53.9,8.6,2.9,1.6,6,clay,401,13.2,276,0.36,8.62,275.3,26.8,1.49,synthetic response curve (Mitscherlich-style) + noise; NOT measured yield
5101,Chickpea,4.3,30.7,3.7,1.42,11,loam,313,63.1,318,0.66,6.91,278.5,26.5,-0.81,synthetic response curve (Mitscherlich-style) + noise; NOT measured yield
5102,Groundnut,30.8,6.8,55.2,1.02,1,clay,429,13.9,448,0.67,6.51,136.4,34.2,0.54,synthetic response curve (Mitscherlich-style) + noise; NOT measured yield
5103,Pearl millet,91.9,46.6,12.9,1.73,9,clay,355,18.3,156,0.6,7.17,386.3,26.4,-0.27,synthetic response curve (Mitscherlich-style) + noise; NOT measured yield
5104,Pearl millet,88.0,1.1,34.1,0.98,6,clay,397,2.6,349,0.66,8.06,48.1,31.2,-0.46,synthetic response curve (Mitscherlich-style) + noise; NOT measured yield
5105,Tomato,113.6,17.8,141.0,32.51,15,clay,297,52.9,247,0.25,7.65,76.3,28.8,2.26,synthetic response curve (Mitscherlich-style) + noise; NOT measured yield
5106,Cotton,55.4,52.3,12.4,1.55,8,clay,278,53.7,324,0.5,7.72,425.4,25.9,-1.28,synthetic response curve (Mitscherlich-style) + noise; NOT measured yield
5107,Rice,162.8,7.4,21.2,2.57,12,loam,677,4.9,203,0.88,6.89,292.9,29.5,-0.51,synthetic response curve (Mitscherlich-style) + noise; NOT measured yield
5108,Maize,9.2,82.5,77.7,5.62,13,sandy,395,17.5,56,0.42,6.58,107.4,25.1,0.25,synthetic response curve (Mitscherlich-style) + noise; NOT measured yield
5109,Chilli,34.2,53.1,8.6,1.29,3,sandy,308,9.6,130,0.57,6.39,104.9,27.3,-2.22,synthetic response curve (Mitscherlich-style) + noise; NOT measured yield
5110,Pearl millet,95.2,53.5,0.9,1.65,10,sandy,173,18.8,165,0.26,6.97,95.3,23.3,0.11,synthetic response curve (Mitscherlich-style) + noise; NOT measured yield
5111,Potato,76.2,18.7,73.9,17.75,11,loam,427,25.9,207,0.84,7.96,118.5,24.4,-1.95,synthetic response curve (Mitscherlich-style) + noise; NOT measured yield
5112,Ragi,89.3,43.8,21.2,2.1,7,clay,427,14.0,323,0.63,8.16,620.7,27.9,0.61,synthetic response curve (Mitscherlich-style) + noise; NOT measured yield
5113,Rice,114.5,9.0,53.7,3.48,3,sandy,335,25.7,179,0.35,6.42,101.3,27.5,0.14,synthetic response curve (Mitscherlich-style) + noise; NOT measured yield
5114,Onion,85.8,28.9,49.1,22.94,7,clay,346,14.8,332,0.61,8.11,62.1,21.6,-0.73,synthetic response curve (Mitscherlich-style) + noise; NOT measured yield
5115,Maize,197.7,62.8,18.6,5.23,1,clay,398,4.8,443,0.34,8.47,149.6,31.0,-0.06,synthetic response curve (Mitscherlich-style) + noise; NOT measured yield
5116,Wheat,32.5,26.0,32.7,3.75,15,clay,462,8.3,159,0.9,6.65,113.9,25.4,-0.41,synthetic response curve (Mitscherlich-style) + noise; NOT measured yield
5117,Maize,202.2,23.4,50.6,5.02,2,loam,319,26.6,181,0.52,5.68,64.6,26.2,-0.96,synthetic response curve (Mitscherlich-style) + noise; NOT measured yield
5118,Chilli,32.6,13.3,49.1,1.44,3,sandy,335,13.3,91,0.27,5.58,148.3,27.3,-0.71,synthetic response curve (Mitscherlich-style) + noise; NOT measured yield
5119,Wheat,166.1,50.8,19.0,2.76,3,sandy,366,10.3,80,0.39,7.77,462.8,26.1,0.63,synthetic response curve (Mitscherlich-style) + noise; NOT measured yield
5120,Maize,157.6,28.5,7.2,2.87,4,sandy,360,25.0,30,0.43,7.74,74.2,25.1,-0.96,synthetic response curve (Mitscherlich-style) + noise; NOT measured yield
5121,Ragi,6.9,16.0,20.3,1.96,3,sandy,374,12.8,108,0.3,7.14,43.3,29.2,1.02,synthetic response curve (Mitscherlich-style) + noise; NOT measured yield
5122,Wheat,1.8,46.5,22.0,3.7,10,sandy,418,9.1,170,0.42,7.33,19.2,23.5,0.02,synthetic response curve (Mitscherlich-style) + noise; NOT measured yield
5123,Maize,141.6,53.3,31.7,4.59,2,loam,114,7.3,105,0.11,6.55,55.4,29.0,1.34,synthetic response curve (Mitscherlich-style) + noise; NOT measured yield
5124,Green gram,0.1,41.0,34.2,0.68,11,loam,427,24.7,108,0.57,7.0,91.6,29.0,-1.27,synthetic response curve (Mitscherlich-style) + noise; NOT measured yield
5125,Maize,87.4,70.2,39.0,4.99,7,clay,421,46.7,345,0.52,9.2,70.6,22.7,-0.14,synthetic response curve (Mitscherlich-style) + noise; NOT measured yield
5126,Soybean,10.0,61.4,43.1,2.0,6,clay,461,9.2,336,0.8,9.2,16.7,28.5,1.67,synthetic response curve (Mitscherlich-style) + noise; NOT measured yield
5127,Chilli,81.2,70.0,67.1,1.79,8,clay,401,4.1,355,0.78,6.67,89.0,29.5,-0.87,synthetic response curve (Mitscherlich-style) + noise; NOT measured yield
5128,Ragi,19.1,2.0,12.0,1.6,1,clay,361,24.7,245,0.5,7.53,567.3,27.7,1.9,synthetic response curve (Mitscherlich-style) + noise; NOT measured yield
5129,Wheat,32.2,29.9,44.7,3.52,8,clay,346,20.9,465,0.5,7.88,59.5,25.1,0.08,synthetic response curve (Mitscherlich-style) + noise; NOT measured yield
5130,Rice,51.0,25.6,49.0,3.75,8,clay,303,11.0,240,0.69,7.95,62.9,28.8,0.48,synthetic response curve (Mitscherlich-style) + noise; NOT measured yield
5131,Maize,165.2,82.1,58.0,4.52,12,loam,448,7.3,30,0.31,6.18,68.5,21.6,1.22,synthetic response curve (Mitscherlich-style) + noise; NOT measured yield
5132,Cotton,35.7,81.1,44.0,1.63,3,sandy,431,27.0,114,0.53,5.94,234.7,28.6,0.67,synthetic response curve (Mitscherlich-style) + noise; NOT measured yield
5133,Rice,119.3,19.4,30.0,3.34,1,clay,472,15.7,308,0.61,8.27,689.5,31.3,0.62,synthetic response curve (Mitscherlich-style) + noise; NOT measured yield
5134,Green gram,7.4,49.3,4.2,0.71,1,clay,423,35.7,211,0.59,7.03,358.0,36.3,1.28,synthetic response curve (Mitscherlich-style) + noise; NOT measured yield
5135,Pearl millet,41.8,26.0,40.6,1.97,15,clay,450,17.6,119,0.64,7.23,232.5,24.1,-0.0,synthetic response curve (Mitscherlich-style) + noise; NOT measured yield
5136,Onion,78.6,44.6,95.4,25.34,6,clay,388,8.9,343,0.86,6.89,374.0,24.8,-0.6,synthetic response curve (Mitscherlich-style) + noise; NOT measured yield
5137,Maize,58.2,84.3,0.0,2.77,4,sandy,310,9.5,80,0.4,7.07,139.4,21.5,-0.29,synthetic response curve (Mitscherlich-style) + noise; NOT measured yield
5138,Cotton,137.9,75.2,70.1,1.68,3,sandy,155,40.0,124,0.38,5.16,126.2,31.3,-1.32,synthetic response curve (Mitscherlich-style) + noise; NOT measured yield
5139,Pearl millet,64.3,28.2,43.8,1.81,4,sandy,168,23.1,47,0.15,6.79,124.8,30.3,1.89,synthetic response curve (Mitscherlich-style) + noise; NOT measured yield
5140,Maize,200.6,67.8,19.7,4.32,7,clay,495,19.3,292,0.87,8.52,48.3,24.9,-0.52,synthetic response curve (Mitscherlich-style) + noise; NOT measured yield
5141,Mustard,73.1,22.7,22.2,1.12,15,clay,393,13.4,215,0.46,6.99,715.9,23.1,-0.77,synthetic response curve (Mitscherlich-style) + noise; NOT measured yield
5142,Sorghum,80.3,42.3,47.9,2.4,12,loam,512,23.0,221,0.75,8.36,507.4,25.9,1.76,synthetic response curve (Mitscherlich-style) + noise; NOT measured yield
5143,Tomato,20.8,48.5,1.9,16.5,13,sandy,275,19.1,30,0.43,7.33,134.4,29.1,1.33,synthetic response curve (Mitscherlich-style) + noise; NOT measured yield
5144,Wheat,62.2,47.7,37.8,3.42,1,clay,293,12.3,335,0.72,8.54,590.3,31.6,0.18,synthetic response curve (Mitscherlich-style) + noise; NOT measured yield
5145,Sunflower,83.5,67.9,25.5,1.67,9,clay,288,28.9,326,0.64,7.04,85.8,27.8,-0.99,synthetic response curve (Mitscherlich-style) + noise; NOT measured yield
5146,Chilli,77.0,24.8,32.5,1.72,8,clay,524,6.7,180,0.72,7.27,180.2,29.3,-0.1,synthetic response curve (Mitscherlich-style) + noise; NOT measured yield
5147,Rice,44.5,47.2,76.3,4.4,3,sandy,409,15.9,177,0.31,6.92,181.2,25.9,0.24,synthetic response curve (Mitscherlich-style) + noise; NOT measured yield
5148,Cotton,117.7,50.2,80.3,1.53,8,clay,414,13.9,231,0.71,7.43,158.3,21.5,-1.29,synthetic response curve (Mitscherlich-style) + noise; NOT measured yield
5149,Soybean,32.8,73.1,7.6,1.63,9,clay,379,10.4,244,0.75,7.14,26.3,23.7,-1.45,synthetic response curve (Mitscherlich-style) + noise; NOT measured yield
5150,Green gram,27.1,23.2,26.6,0.84,1,clay,361,16.8,428,0.58,7.97,28.1,29.4,0.55,synthetic response curve (Mitscherlich-style) + noise; NOT measured yield
5151,Potato,68.0,38.4,57.4,18.43,15,clay,470,12.5,195,0.61,8.04,369.1,31.7,0.39,synthetic response curve (Mitscherlich-style) + noise; NOT measured yield
5152,Maize,146.9,62.1,29.5,5.0,12,loam,484,22.0,236,0.73,7.77,225.6,20.8,-1.23,synthetic response curve (Mitscherlich-style) + noise; NOT measured yield
5153,Sorghum,46.0,52.4,5.7,2.34,14,clay,441,11.1,229,0.58,7.66,271.1,29.4,0.24,synthetic response curve (Mitscherlich-style) + noise; NOT measured yield
5154,Cotton,15.9,78.5,24.0,1.6,2,loam,452,9.8,228,0.49,7.22,64.6,28.4,1.62,synthetic response curve (Mitscherlich-style) + noise; NOT measured yield
5155,Rice,7.9,74.4,0.8,3.46,1,clay,212,23.0,177,0.56,8.35,171.9,29.4,0.48,synthetic response curve (Mitscherlich-style) + noise; NOT measured yield
5156,Sorghum,61.4,58.6,36.0,2.64,14,clay,522,66.5,378,0.93,9.2,130.5,30.5,-0.14,synthetic response curve (Mitscherlich-style) + noise; NOT measured yield
5157,Cotton,60.2,54.5,33.2,1.4,14,clay,450,56.0,169,0.64,9.06,417.0,24.1,2.8,synthetic response curve (Mitscherlich-style) + noise; NOT measured yield
5158,Mustard,62.7,56.8,8.3,1.06,10,sandy,419,9.1,102,0.62,8.68,43.8,23.0,-0.16,synthetic response curve (Mitscherlich-style) + noise; NOT measured yield
5159,Wheat,44.5,16.8,25.7,3.08,4,sandy,497,11.8,198,0.73,6.39,40.2,21.2,1.74,synthetic response curve (Mitscherlich-style) + noise; NOT measured yield
5160,Rice,52.7,6.0,40.5,2.94,5,loam,258,22.0,146,0.17,9.13,59.1,22.1,-0.34,synthetic response curve (Mitscherlich-style) + noise; NOT measured yield
5161,Rice,42.6,8.1,54.1,2.47,12,loam,499,9.4,195,0.49,7.28,137.1,26.4,-1.18,synthetic response curve (Mitscherlich-style) + noise; NOT measured yield
5162,Cotton,39.3,38.2,27.9,1.49,14,clay,480,10.6,193,0.59,7.02,256.5,24.5,-2.16,synthetic response curve (Mitscherlich-style) + noise; NOT measured yield
5163,Potato,7.1,79.6,43.7,21.46,11,loam,533,4.6,130,0.84,7.95,73.4,27.0,-0.43,synthetic response curve (Mitscherlich-style) + noise; NOT measured yield
5164,Onion,127.2,28.9,45.2,24.84,7,clay,544,20.0,244,0.57,7.25,148.2,27.2,1.0,synthetic response curve (Mitscherlich-style) + noise; NOT measured yield
5165,Rice,148.1,54.4,3.2,2.79,13,sandy,270,14.2,119,0.18,8.5,68.0,26.9,-1.13,synthetic response curve (Mitscherlich-style) + noise; NOT measured yield
5166,Wheat,105.7,27.2,53.2,3.41,4,sandy,272,15.2,70,0.35,6.92,300.7,21.5,0.7,synthetic response curve (Mitscherlich-style) + noise; NOT measured yield
5167,Cotton,73.1,70.9,41.0,1.65,2,loam,327,11.7,67,0.5,7.54,96.9,24.7,0.14,synthetic response curve (Mitscherlich-style) + noise; NOT measured yield
5168,Pigeon pea,6.0,17.8,22.9,1.17,6,clay,501,33.1,224,0.71,9.1,283.9,29.6,1.28,synthetic response curve (Mitscherlich-style) + noise; NOT measured yield
5169,Chilli,123.9,16.3,63.9,1.61,8,clay,398,15.1,266,0.75,8.07,142.9,29.2,1.33,synthetic response curve (Mitscherlich-style) + noise; NOT measured yield
5170,Chickpea,9.8,50.5,11.4,0.86,10,sandy,413,6.0,30,0.41,5.45,150.8,27.1,0.09,synthetic response curve (Mitscherlich-style) + noise; NOT measured yield
5171,Potato,61.7,95.0,12.7,15.8,11,loam,448,5.3,189,0.64,5.48,24.0,26.5,0.77,synthetic response curve (Mitscherlich-style) + noise; NOT measured yield
5172,Mustard,73.3,35.7,20.8,1.09,11,loam,274,28.2,223,0.28,6.1,148.0,21.8,-0.82,synthetic response curve (Mitscherlich-style) + noise; NOT measured yield
5173,Maize,185.5,50.4,56.0,4.84,4,sandy,378,8.2,248,0.39,7.73,94.5,24.6,-0.39,synthetic response curve (Mitscherlich-style) + noise; NOT measured yield
5174,Pearl millet,75.3,38.0,5.2,1.19,10,sandy,362,5.6,35,0.55,7.4,375.8,28.0,0.6,synthetic response curve (Mitscherlich-style) + noise; NOT measured yield
5175,Green gram,1.2,24.0,7.2,0.69,1,clay,415,11.6,174,0.85,7.98,91.5,27.7,0.97,synthetic response curve (Mitscherlich-style) + noise; NOT measured yield
5176,Lentil,9.2,1.5,33.2,0.67,14,clay,569,17.6,263,0.61,7.6,49.5,27.1,1.02,synthetic response curve (Mitscherlich-style) + noise; NOT measured yield
5177,Onion,5.8,13.1,40.8,18.88,7,clay,575,11.8,169,0.62,8.42,184.3,26.7,-0.65,synthetic response curve (Mitscherlich-style) + noise; NOT measured yield
5178,Cotton,56.7,64.1,15.3,1.58,15,clay,435,20.7,114,0.53,6.23,208.6,25.7,-0.55,synthetic response curve (Mitscherlich-style) + noise; NOT measured yield
5179,Cotton,127.7,55.3,12.2,1.59,14,clay,575,30.5,180,0.82,8.27,186.7,29.9,-0.06,synthetic response curve (Mitscherlich-style) + noise; NOT measured yield
5180,Cotton,92.4,63.6,62.1,1.73,3,sandy,275,10.1,121,0.35,6.88,87.0,30.8,-1.17,synthetic response curve (Mitscherlich-style) + noise; NOT measured yield
5181,Maize,166.9,52.1,17.1,4.79,2,loam,510,8.3,196,0.88,6.78,190.9,28.0,-0.79,synthetic response curve (Mitscherlich-style) + noise; NOT measured yield
5182,Chilli,124.1,57.0,24.3,2.08,14,clay,376,32.4,235,0.62,7.52,176.8,22.4,-0.97,synthetic response curve (Mitscherlich-style) + noise; NOT measured yield
5183,Chilli,133.4,3.2,31.4,1.14,8,clay,566,6.5,151,0.96,7.82,44.4,28.0,1.89,synthetic response curve (Mitscherlich-style) + noise; NOT measured yield
5184,Maize,87.7,19.7,57.8,4.84,2,loam,326,27.1,204,0.68,7.43,104.4,26.2,0.31,synthetic response curve (Mitscherlich-style) + noise; NOT measured yield
5185,Pearl millet,106.5,22.8,44.7,2.09,10,sandy,330,66.3,63,0.32,6.56,33.2,30.5,0.33,synthetic response curve (Mitscherlich-style) + noise; NOT measured yield
5186,Potato,102.6,4.5,164.2,12.31,15,clay,439,6.4,257,0.72,7.98,456.5,24.0,1.46,synthetic response curve (Mitscherlich-style) + noise; NOT measured yield
5187,Wheat,20.5,78.0,59.6,2.74,10,sandy,223,14.2,280,0.29,7.41,144.8,25.3,-1.02,synthetic response curve (Mitscherlich-style) + noise; NOT measured yield
5188,Chilli,26.2,31.5,60.9,1.97,4,sandy,428,30.5,30,0.82,6.65,390.5,25.0,0.2,synthetic response curve (Mitscherlich-style) + noise; NOT measured yield
5189,Soybean,3.5,55.8,48.5,2.14,6,clay,396,8.3,239,0.52,7.53,408.8,23.9,-0.11,synthetic response curve (Mitscherlich-style) + noise; NOT measured yield
5190,Maize,154.8,86.8,39.0,3.79,4,sandy,399,6.0,111,0.54,7.53,242.4,21.1,3.12,synthetic response curve (Mitscherlich-style) + noise; NOT measured yield
5191,Groundnut,9.9,44.2,44.0,1.71,9,clay,486,41.7,192,0.7,7.53,184.7,23.5,-0.65,synthetic response curve (Mitscherlich-style) + noise; NOT measured yield
5192,Lentil,4.4,38.1,26.2,0.75,7,clay,219,14.8,225,0.56,6.95,68.1,22.1,0.29,synthetic response curve (Mitscherlich-style) + noise; NOT measured yield
5193,Soybean,33.2,9.3,36.4,2.06,6,clay,398,50.8,242,0.78,7.22,68.5,31.0,-0.98,synthetic response curve (Mitscherlich-style) + noise; NOT measured yield
5194,Chilli,65.4,31.6,24.8,1.91,3,sandy,384,3.9,141,0.41,7.92,234.7,26.4,-1.33,synthetic response curve (Mitscherlich-style) + noise; NOT measured yield
5195,Green gram,25.6,39.8,3.9,0.55,1,clay,427,26.7,181,0.99,7.97,122.3,24.8,-0.92,synthetic response curve (Mitscherlich-style) + noise; NOT measured yield
5196,Tomato,77.8,4.3,119.9,18.35,13,sandy,316,6.6,208,0.41,6.85,28.5,22.5,-0.59,synthetic response curve (Mitscherlich-style) + noise; NOT measured yield
5197,Maize,117.2,94.9,26.2,4.99,13,sandy,315,11.1,119,0.52,5.15,142.0,22.3,0.21,synthetic response curve (Mitscherlich-style) + noise; NOT measured yield
5198,Cotton,162.0,32.2,26.8,1.52,2,loam,472,21.1,30,0.69,7.22,354.9,21.0,0.18,synthetic response curve (Mitscherlich-style) + noise; NOT measured yield
5199,Rice,12.0,1.6,47.1,2.55,4,sandy,374,17.9,46,0.78,7.59,142.2,20.7,-0.77,synthetic response curve (Mitscherlich-style) + noise; NOT measured yield
5200,Mustard,48.2,56.9,5.8,1.24,7,clay,406,11.1,386,0.51,7.26,118.2,27.0,-1.2,synthetic response curve (Mitscherlich-style) + noise; NOT measured yield
5201,Soybean,1.3,14.4,35.8,1.4,9,clay,356,10.1,217,0.68,6.55,47.9,23.4,-1.91,synthetic response curve (Mitscherlich-style) + noise; NOT measured yield
5202,Sorghum,72.9,17.1,16.6,2.03,14,clay,412,25.3,307,0.82,9.11,355.9,30.4,-1.2,synthetic response curve (Mitscherlich-style) + noise; NOT measured yield
5203,Rice,47.3,54.3,20.7,3.37,11,loam,339,7.9,149,0.48,9.2,122.4,30.9,1.46,synthetic response curve (Mitscherlich-style) + noise; NOT measured yield
5204,Wheat,136.1,75.4,14.9,2.62,10,sandy,263,7.5,154,0.19,7.38,285.4,25.3,-2.96,synthetic response curve (Mitscherlich-style) + noise; NOT measured yield
5205,Wheat,28.6,38.2,48.9,4.3,12,loam,422,17.2,246,0.63,6.48,577.0,25.1,0.1,synthetic response curve (Mitscherlich-style) + noise; NOT measured yield
5206,Wheat,89.9,82.1,13.1,3.08,10,sandy,321,17.3,116,0.65,7.3,18.1,26.6,1.97,synthetic response curve (Mitscherlich-style) + noise; NOT measured yield
5207,Sorghum,31.5,46.7,44.0,2.61,14,clay,628,22.6,201,0.87,7.28,205.3,27.1,-1.39,synthetic response curve (Mitscherlich-style) + noise; NOT measured yield
5208,Potato,119.8,8.9,63.2,18.31,15,clay,463,17.8,274,0.84,7.13,112.5,27.2,0.42,synthetic response curve (Mitscherlich-style) + noise; NOT measured yield
5209,Maize,91.0,37.4,68.4,4.21,7,clay,378,13.6,322,0.62,8.98,278.8,28.2,-0.68,synthetic response curve (Mitscherlich-style) + noise; NOT measured yield
5210,Groundnut,26.7,70.0,35.0,1.85,1,clay,499,46.9,303,0.68,8.06,47.5,28.9,1.31,synthetic response curve (Mitscherlich-style) + noise; NOT measured yield
5211,Sugarcane,36.9,11.6,34.0,48.13,15,clay,366,16.7,247,0.7,7.26,201.1,29.3,-1.54,synthetic response curve (Mitscherlich-style) + noise; NOT measured yield
5212,Wheat,62.3,76.8,7.7,3.55,5,loam,409,10.0,206,0.73,8.16,142.0,18.0,0.28,synthetic response curve (Mitscherlich-style) + noise; NOT measured yield
5213,Rice,56.5,29.5,61.9,4.14,5,loam,530,15.2,186,0.96,7.17,188.7,26.0,0.77,synthetic response curve (Mitscherlich-style) + noise; NOT measured yield
5214,Banana,39.5,6.5,102.0,22.73,2,loam,260,9.3,191,0.28,7.08,8.6,27.4,-1.18,synthetic response curve (Mitscherlich-style) + noise; NOT measured yield
5215,Sugarcane,320.6,44.1,42.1,63.46,12,loam,243,4.1,146,0.25,7.28,78.9,27.8,0.18,synthetic response curve (Mitscherlich-style) + noise; NOT measured yield
5216,Cotton,93.6,24.5,56.3,1.44,3,sandy,209,6.0,30,0.1,7.08,50.3,31.8,1.17,synthetic response curve (Mitscherlich-style) + noise; NOT measured yield
5217,Potato,169.5,73.9,53.2,20.65,15,clay,209,10.2,119,0.2,7.38,135.5,24.6,-0.4,synthetic response curve (Mitscherlich-style) + noise; NOT measured yield
5218,Chickpea,24.5,56.5,47.2,1.36,4,sandy,413,10.8,30,0.54,6.8,46.5,24.8,1.07,synthetic response curve (Mitscherlich-style) + noise; NOT measured yield
5219,Sorghum,43.9,4.7,32.6,1.93,2,loam,287,19.8,43,0.35,7.07,77.0,26.9,0.05,synthetic response curve (Mitscherlich-style) + noise; NOT measured yield
5220,Mustard,58.6,18.9,35.8,1.05,10,sandy,366,13.7,177,0.39,7.77,49.9,25.8,-0.7,synthetic response curve (Mitscherlich-style) + noise; NOT measured yield
5221,Green gram,2.9,16.2,26.5,0.66,4,sandy,381,13.6,76,0.53,7.07,342.2,22.4,-0.25,synthetic response curve (Mitscherlich-style) + noise; NOT measured yield
5222,Sugarcane,77.7,58.3,119.0,82.55,5,loam,463,19.6,238,0.74,8.01,88.0,20.7,1.66,synthetic response curve (Mitscherlich-style) + noise; NOT measured yield
5223,Sorghum,71.7,28.6,27.2,1.96,2,loam,317,28.5,96,0.5,8.96,195.9,21.6,-1.06,synthetic response curve (Mitscherlich-style) + noise; NOT measured yield
5224,Mustard,106.1,21.3,44.7,1.19,10,sandy,294,12.2,147,0.41,7.6,97.6,26.7,1.16,synthetic response curve (Mitscherlich-style) + noise; NOT measured yield
5225,Rice,169.8,19.2,11.0,3.48,4,sandy,283,20.0,275,0.15,5.46,315.2,23.1,0.25,synthetic response curve (Mitscherlich-style) + noise; NOT measured yield
5226,Chilli,123.8,66.2,59.9,2.03,12,loam,267,40.2,97,0.32,7.56,61.2,22.7,-0.88,synthetic response curve (Mitscherlich-style) + noise; NOT measured yield
5227,Mustard,111.5,54.9,0.1,1.11,4,sandy,302,6.5,165,0.29,5.99,237.9,22.5,-0.59,synthetic response curve (Mitscherlich-style) + noise; NOT measured yield
5228,Onion,22.3,61.1,61.2,24.69,7,clay,367,7.0,316,0.76,6.94,114.9,24.3,0.2,synthetic response curve (Mitscherlich-style) + noise; NOT measured yield
5229,Chilli,38.6,26.1,22.8,2.02,8,clay,441,44.1,189,0.76,9.2,268.3,25.7,0.8,synthetic response curve (Mitscherlich-style) + noise; NOT measured yield
5230,Wheat,84.6,19.8,25.8,2.58,9,clay,379,14.9,153,0.5,8.92,176.6,31.8,-0.95,synthetic response curve (Mitscherlich-style) + noise; NOT measured yield
5231,Maize,150.2,24.1,0.4,3.09,13,sandy,256,76.1,93,0.29,8.17,494.0,27.7,-0.46,synthetic response curve (Mitscherlich-style) + noise; NOT measured yield
5232,Sorghum,58.5,25.9,29.1,2.41,2,loam,342,9.3,85,0.31,7.72,192.5,27.1,1.01,synthetic response curve (Mitscherlich-style) + noise; NOT measured yield
5233,Lentil,21.9,31.8,4.9,0.74,4,sandy,203,8.2,181,0.4,6.92,247.9,26.3,2.17,synthetic response curve (Mitscherlich-style) + noise; NOT measured yield
5234,Soybean,18.7,61.6,17.6,1.94,12,loam,401,16.0,234,0.69,6.75,688.7,29.0,0.8,synthetic response curve (Mitscherlich-style) + noise; NOT measured yield
5235,Ragi,26.2,39.2,38.2,1.74,13,sandy,340,4.5,56,0.33,6.16,308.5,21.7,-0.24,synthetic response curve (Mitscherlich-style) + noise; NOT measured yield
5236,Rice,10.9,26.3,31.0,3.49,7,clay,328,59.1,293,0.59,7.11,97.0,26.0,-0.51,synthetic response curve (Mitscherlich-style) + noise; NOT measured yield
5237,Groundnut,34.6,62.5,55.2,1.7,1,clay,428,6.2,386,0.69,8.25,218.1,28.9,-1.05,synthetic response curve (Mitscherlich-style) + noise; NOT measured yield
5238,Maize,141.5,58.7,80.4,5.18,13,sandy,361,8.7,246,0.55,7.53,223.1,23.7,-0.92,synthetic response curve (Mitscherlich-style) + noise; NOT measured yield
5239,Mustard,117.0,22.4,44.5,1.28,10,sandy,399,50.0,239,0.51,7.18,315.7,26.1,-0.13,synthetic response curve (Mitscherlich-style) + noise; NOT measured yield
5240,Chilli,85.6,29.3,50.3,1.89,8,clay,377,6.2,412,0.68,7.66,21.1,25.5,-0.92,synthetic response curve (Mitscherlich-style) + noise; NOT measured yield
5241,Cotton,22.7,54.2,76.9,1.44,6,clay,281,10.1,382,0.26,7.75,155.4,30.4,-0.38,synthetic response curve (Mitscherlich-style) + noise; NOT measured yield
5242,Rice,93.0,32.7,27.6,4.34,11,loam,390,6.0,233,0.64,6.8,254.6,28.6,-0.75,synthetic response curve (Mitscherlich-style) + noise; NOT measured yield
5243,Rice,174.0,15.1,2.8,3.07,5,loam,392,8.8,191,0.43,7.63,350.7,29.4,-0.86,synthetic response curve (Mitscherlich-style) + noise; NOT measured yield
5244,Pigeon pea,23.2,53.1,47.4,1.23,6,clay,398,56.3,232,0.77,7.07,20.4,19.3,-0.48,synthetic response curve (Mitscherlich-style) + noise; NOT measured yield
5245,Rice,6.1,14.9,68.4,3.33,12,loam,297,23.2,263,0.51,7.31,664.3,27.4,-0.98,synthetic response curve (Mitscherlich-style) + noise; NOT measured yield
5246,Green gram,18.1,29.5,9.1,0.68,6,clay,364,10.8,165,0.41,7.44,196.6,23.9,-0.89,synthetic response curve (Mitscherlich-style) + noise; NOT measured yield
5247,Mustard,94.5,23.2,11.5,1.01,15,clay,329,4.6,318,0.38,8.0,362.3,22.0,-0.45,synthetic response curve (Mitscherlich-style) + noise; NOT measured yield
5248,Sugarcane,98.0,26.8,9.0,69.63,7,clay,410,28.5,298,0.55,6.98,18.3,22.6,-0.13,synthetic response curve (Mitscherlich-style) + noise; NOT measured yield
5249,Chickpea,12.6,63.9,26.8,1.51,9,clay,394,22.2,272,0.74,6.55,147.2,28.3,-1.3,synthetic response curve (Mitscherlich-style) + noise; NOT measured yield
5250,Mustard,116.9,47.5,12.9,1.03,10,sandy,457,11.2,91,0.62,7.81,103.2,26.3,-0.43,synthetic response curve (Mitscherlich-style) + noise; NOT measured yield
5251,Rice,179.8,4.9,66.5,2.74,11,loam,439,15.6,30,0.48,7.75,224.1,28.1,-0.17,synthetic response curve (Mitscherlich-style) + noise; NOT measured yield
5252,Rice,157.9,54.0,27.4,4.77,8,clay,800,24.6,284,0.97,7.36,161.2,27.9,-0.32,synthetic response curve (Mitscherlich-style) + noise; NOT measured yield
5253,Pigeon pea,8.4,11.6,3.5,0.85,6,clay,482,24.6,376,0.76,9.2,85.6,27.4,-0.67,synthetic response curve (Mitscherlich-style) + noise; NOT measured yield
5254,Pearl millet,86.2,4.3,5.4,1.34,13,sandy,550,26.7,234,0.98,5.81,17.0,19.4,-1.25,synthetic response curve (Mitscherlich-style) + noise; NOT measured yield
5255,Rice,100.9,22.3,43.5,4.12,11,loam,319,13.0,190,0.34,6.83,10.9,26.7,0.67,synthetic response curve (Mitscherlich-style) + noise; NOT measured yield
5256,Rice,57.4,11.8,0.4,2.75,1,clay,331,4.7,291,0.52,9.2,317.8,28.4,0.98,synthetic response curve (Mitscherlich-style) + noise; NOT measured yield
5257,Mustard,59.6,10.3,21.7,0.96,10,sandy,215,15.2,130,0.23,7.39,113.6,23.5,2.77,synthetic response curve (Mitscherlich-style) + noise; NOT measured yield
5258,Onion,55.3,43.5,65.7,26.86,14,clay,324,27.0,377,0.5,7.53,153.9,26.2,0.35,synthetic response curve (Mitscherlich-style) + noise; NOT measured yield
5259,Wheat,51.6,56.1,23.4,3.4,9,clay,451,10.8,311,0.65,7.68,176.0,26.6,-0.03,synthetic response curve (Mitscherlich-style) + noise; NOT measured yield
5260,Sorghum,75.4,1.2,3.1,1.86,14,clay,413,30.0,317,0.8,6.7,30.3,26.0,1.93,synthetic response curve (Mitscherlich-style) + noise; NOT measured yield
5261,Cotton,73.5,17.5,78.1,1.18,6,clay,398,20.5,225,0.65,5.47,145.0,24.4,-0.13,synthetic response curve (Mitscherlich-style) + noise; NOT measured yield
5262,Banana,133.1,51.1,125.2,39.04,4,sandy,251,13.4,311,0.15,7.17,124.0,27.4,-0.11,synthetic response curve (Mitscherlich-style) + noise; NOT measured yield
5263,Cotton,141.1,11.5,25.4,1.09,8,clay,392,10.6,397,0.54,9.18,248.9,30.3,-0.05,synthetic response curve (Mitscherlich-style) + noise; NOT measured yield
5264,Maize,131.3,57.9,3.0,5.46,2,loam,283,6.9,295,0.49,7.51,229.7,24.6,1.47,synthetic response curve (Mitscherlich-style) + noise; NOT measured yield
5265,Groundnut,4.2,51.6,7.8,1.38,1,clay,457,10.8,248,0.5,8.19,193.3,28.8,2.16,synthetic response curve (Mitscherlich-style) + noise; NOT measured yield
5266,Wheat,179.9,37.9,46.1,4.05,9,clay,511,27.1,271,1.05,7.77,255.0,22.3,0.08,synthetic response curve (Mitscherlich-style) + noise; NOT measured yield
5267,Rice,0.9,82.3,9.0,3.21,1,clay,465,33.1,154,0.75,8.28,29.5,24.6,-0.6,synthetic response curve (Mitscherlich-style) + noise; NOT measured yield
5268,Groundnut,35.8,12.2,40.5,1.12,1,clay,509,19.3,241,0.84,9.04,181.1,23.5,-0.51,synthetic response curve (Mitscherlich-style) + noise; NOT measured yield
5269,Soybean,14.1,67.8,50.7,2.04,7,clay,339,3.2,237,0.67,7.97,99.6,30.7,0.47,synthetic response curve (Mitscherlich-style) + noise; NOT measured yield
5270,Maize,61.8,10.7,3.3,3.17,4,sandy,273,5.9,51,0.27,6.83,156.5,24.9,-0.47,synthetic response curve (Mitscherlich-style) + noise; NOT measured yield
5271,Rice,53.5,21.0,0.7,2.98,3,sandy,442,12.5,133,0.75,6.04,132.4,32.3,0.44,synthetic response curve (Mitscherlich-style) + noise; NOT measured yield
5272,Cotton,8.8,34.0,5.5,1.45,8,clay,449,18.3,324,0.73,8.07,58.1,27.1,-1.64,synthetic response curve (Mitscherlich-style) + noise; NOT measured yield
5273,Rice,168.5,59.9,50.6,3.88,5,loam,631,9.5,153,0.92,6.89,124.8,18.8,-1.92,synthetic response curve (Mitscherlich-style) + noise; NOT measured yield
5274,Turmeric,143.3,66.4,60.5,20.07,10,sandy,129,27.7,112,0.18,5.92,77.6,31.1,1.03,synthetic response curve (Mitscherlich-style) + noise; NOT measured yield
5275,Turmeric,105.3,62.0,18.9,14.94,7,clay,361,6.3,205,0.57,8.19,161.6,26.0,-0.77,synthetic response curve (Mitscherlich-style) + noise; NOT measured yield
5276,Cotton,16.5,53.0,42.4,1.82,3,sandy,434,11.1,277,0.64,6.62,164.4,35.9,-0.75,synthetic response curve (Mitscherlich-style) + noise; NOT measured yield
5277,Rice,168.4,34.6,6.0,3.17,11,loam,195,5.7,184,0.35,7.75,25.2,24.6,-1.02,synthetic response curve (Mitscherlich-style) + noise; NOT measured yield
5278,Cotton,134.1,20.1,1.8,1.2,14,clay,412,24.7,269,0.8,9.2,24.4,27.7,-1.29,synthetic response curve (Mitscherlich-style) + noise; NOT measured yield
5279,Soybean,25.6,57.9,27.7,2.13,11,loam,414,12.6,159,0.84,7.38,23.3,29.5,-0.26,synthetic response curve (Mitscherlich-style) + noise; NOT measured yield
5280,Cotton,52.3,32.2,31.0,1.51,3,sandy,387,14.1,82,0.55,6.44,84.6,28.2,0.23,synthetic response curve (Mitscherlich-style) + noise; NOT measured yield
5281,Soybean,13.6,26.1,39.8,1.72,9,clay,423,21.0,263,0.53,7.38,126.0,24.5,0.56,synthetic response curve (Mitscherlich-style) + noise; NOT measured yield
5282,Chilli,71.7,56.2,5.3,1.55,3,sandy,339,54.5,113,0.34,8.5,174.0,30.4,0.18,synthetic response curve (Mitscherlich-style) + noise; NOT measured yield
5283,Rice,132.5,53.6,1.2,4.42,1,clay,316,10.5,242,0.4,6.83,75.3,27.5,0.58,synthetic response curve (Mitscherlich-style) + noise; NOT measured yield
5284,Cotton,84.8,33.1,51.3,1.69,3,sandy,281,8.6,180,0.38,6.12,220.3,29.5,0.01,synthetic response curve (Mitscherlich-style) + noise; NOT measured yield
5285,Maize,22.0,3.8,62.1,3.07,13,sandy,324,13.1,38,0.17,6.92,481.0,23.5,-0.8,synthetic response curve (Mitscherlich-style) + noise; NOT measured yield
5286,Chilli,116.5,20.6,61.9,2.08,14,clay,536,17.8,245,0.77,7.42,677.6,29.8,-0.6,synthetic response curve (Mitscherlich-style) + noise; NOT measured yield
5287,Chickpea,15.1,15.5,29.8,1.0,9,clay,601,8.0,201,0.71,7.7,46.3,29.3,-1.34,synthetic response curve (Mitscherlich-style) + noise; NOT measured yield
5288,Rice,55.5,78.9,6.0,3.98,14,clay,279,11.0,288,0.23,6.71,35.5,24.8,0.31,synthetic response curve (Mitscherlich-style) + noise; NOT measured yield
5289,Maize,83.4,30.9,64.1,4.69,7,clay,547,5.4,88,0.53,7.16,121.5,26.5,1.09,synthetic response curve (Mitscherlich-style) + noise; NOT measured yield
5290,Mustard,67.2,14.6,24.0,1.18,1,clay,377,14.5,274,0.8,7.89,1.7,26.6,0.78,synthetic response curve (Mitscherlich-style) + noise; NOT measured yield
5291,Sorghum,63.4,9.6,30.9,1.69,14,clay,374,5.5,353,0.72,6.91,461.4,22.6,0.34,synthetic response curve (Mitscherlich-style) + noise; NOT measured yield
5292,Maize,71.8,72.1,23.4,4.21,11,loam,221,7.9,149,0.29,7.94,237.6,27.5,1.09,synthetic response curve (Mitscherlich-style) + noise; NOT measured yield
5293,Mustard,72.9,29.2,9.7,1.15,10,sandy,117,4.1,208,0.1,6.06,26.3,21.0,0.78,synthetic response curve (Mitscherlich-style) + noise; NOT measured yield
5294,Maize,10.5,56.5,26.6,5.3,2,loam,459,14.6,226,0.67,8.14,61.8,31.0,-0.61,synthetic response curve (Mitscherlich-style) + noise; NOT measured yield
5295,Pearl millet,14.5,45.2,44.4,2.15,15,clay,479,8.8,417,0.78,7.58,382.2,28.0,-0.98,synthetic response curve (Mitscherlich-style) + noise; NOT measured yield
5296,Green gram,13.5,58.9,12.2,0.76,2,loam,363,15.1,292,0.49,7.42,95.4,28.1,0.19,synthetic response curve (Mitscherlich-style) + noise; NOT measured yield
5297,Groundnut,28.8,9.4,39.3,1.06,1,clay,529,9.6,310,1.06,7.46,106.4,29.7,-1.95,synthetic response curve (Mitscherlich-style) + noise; NOT measured yield
5298,Sorghum,31.2,21.8,18.5,2.12,2,loam,389,13.5,134,0.77,7.77,229.8,22.6,-0.9,synthetic response curve (Mitscherlich-style) + noise; NOT measured yield
5299,Mustard,99.2,43.4,17.2,0.89,15,clay,377,7.7,165,0.5,8.91,152.7,28.5,-1.59,synthetic response curve (Mitscherlich-style) + noise; NOT measured yield
5300,Groundnut,28.0,19.0,36.3,1.36,13,sandy,330,33.8,46,0.34,6.48,211.1,28.9,-1.89,synthetic response curve (Mitscherlich-style) + noise; NOT measured yield
5301,Lentil,29.8,48.7,19.7,0.91,2,loam,312,25.6,221,0.54,4.52,262.6,23.7,0.9,synthetic response curve (Mitscherlich-style) + noise; NOT measured yield
5302,Maize,180.3,92.6,1.6,3.77,7,clay,424,27.1,191,0.71,7.88,157.0,29.1,0.64,synthetic response curve (Mitscherlich-style) + noise; NOT measured yield
5303,Chilli,26.0,56.5,15.6,2.27,8,clay,403,13.0,261,0.6,7.51,26.1,33.2,0.52,synthetic response curve (Mitscherlich-style) + noise; NOT measured yield
5304,Wheat,108.5,82.5,64.4,3.87,9,clay,263,3.9,292,0.41,7.16,92.3,21.5,-0.61,synthetic response curve (Mitscherlich-style) + noise; NOT measured yield
5305,Maize,126.0,7.9,3.4,3.32,4,sandy,295,23.6,82,0.1,5.08,97.2,19.2,-0.15,synthetic response curve (Mitscherlich-style) + noise; NOT measured yield
5306,Rice,134.8,74.3,52.0,4.76,1,clay,391,11.1,254,0.7,6.32,185.2,29.2,0.34,synthetic response curve (Mitscherlich-style) + noise; NOT measured yield
5307,Green gram,13.4,58.6,20.3,0.8,1,clay,264,19.6,289,0.4,7.78,330.5,28.8,0.06,synthetic response curve (Mitscherlich-style) + noise; NOT measured yield
5308,Chilli,46.7,6.4,64.1,1.54,14,clay,475,30.3,245,0.62,6.65,72.2,21.8,-0.94,synthetic response curve (Mitscherlich-style) + noise; NOT measured yield
5309,Mustard,12.6,13.2,1.1,1.01,10,sandy,304,16.2,170,0.63,6.04,23.6,32.7,1.13,synthetic response curve (Mitscherlich-style) + noise; NOT measured yield
5310,Mustard,38.4,38.3,0.0,0.84,15,clay,281,14.7,120,0.43,8.08,305.2,34.8,-0.91,synthetic response curve (Mitscherlich-style) + noise; NOT measured yield
5311,Ragi,47.6,43.5,10.6,1.45,13,sandy,337,10.8,46,0.53,7.02,28.0,32.3,-0.12,synthetic response curve (Mitscherlich-style) + noise; NOT measured yield
5312,Rice,126.4,59.7,40.8,4.34,4,sandy,297,8.5,203,0.51,5.51,49.3,23.3,0.76,synthetic response curve (Mitscherlich-style) + noise; NOT measured yield
5313,Cotton,109.6,73.3,0.4,1.49,2,loam,272,53.8,221,0.34,8.57,35.5,28.8,0.74,synthetic response curve (Mitscherlich-style) + noise; NOT measured yield
5314,Mustard,44.7,31.5,0.2,1.24,10,sandy,266,7.3,255,0.36,7.22,406.2,24.9,1.27,synthetic response curve (Mitscherlich-style) + noise; NOT measured yield
5315,Maize,196.0,16.6,11.7,3.41,4,sandy,181,5.9,208,0.22,7.12,80.9,25.9,-0.8,synthetic response curve (Mitscherlich-style) + noise; NOT measured yield
5316,Rice,174.1,73.1,18.5,3.86,11,loam,384,24.4,254,0.58,6.59,108.2,25.9,0.26,synthetic response curve (Mitscherlich-style) + noise; NOT measured yield
5317,Rice,15.6,9.2,31.5,3.55,15,clay,347,42.2,356,0.53,6.89,832.2,25.2,0.07,synthetic response curve (Mitscherlich-style) + noise; NOT measured yield
5318,Banana,31.6,11.2,243.7,26.56,15,clay,307,18.6,232,0.45,6.45,209.3,27.1,0.65,synthetic response curve (Mitscherlich-style) + noise; NOT measured yield
5319,Rice,142.2,57.6,46.7,4.07,4,sandy,300,5.7,132,0.41,5.96,19.8,20.4,-0.64,synthetic response curve (Mitscherlich-style) + noise; NOT measured yield
5320,Rice,74.6,55.7,8.9,3.27,8,clay,337,24.2,121,0.6,6.63,48.9,29.7,-0.41,synthetic response curve (Mitscherlich-style) + noise; NOT measured yield
5321,Potato,91.4,89.0,17.9,19.17,11,loam,288,32.0,94,0.51,7.07,18.7,24.6,0.8,synthetic response curve (Mitscherlich-style) + noise; NOT measured yield
5322,Maize,212.6,40.4,51.2,4.71,4,sandy,241,9.8,175,0.27,7.31,402.5,23.5,-1.06,synthetic response curve (Mitscherlich-style) + noise; NOT measured yield
5323,Wheat,86.8,15.4,16.2,2.82,9,clay,449,16.5,405,0.78,7.65,606.3,24.0,-0.93,synthetic response curve (Mitscherlich-style) + noise; NOT measured yield
5324,Cotton,91.0,62.7,16.6,1.76,6,clay,382,34.1,428,0.6,6.8,797.0,29.8,-0.84,synthetic response curve (Mitscherlich-style) + noise; NOT measured yield
5325,Sunflower,27.9,4.8,16.4,1.48,9,clay,420,46.2,278,0.57,7.53,176.7,26.3,-0.88,synthetic response curve (Mitscherlich-style) + noise; NOT measured yield
5326,Wheat,78.0,33.1,4.9,3.24,10,sandy,285,4.5,239,0.36,7.04,120.2,22.7,-0.56,synthetic response curve (Mitscherlich-style) + noise; NOT measured yield
5327,Cotton,35.7,32.9,76.3,1.77,14,clay,544,29.7,189,0.97,7.93,112.3,25.9,-0.41,synthetic response curve (Mitscherlich-style) + noise; NOT measured yield
5328,Groundnut,2.9,69.0,34.5,1.55,8,clay,322,13.3,187,0.52,7.1,289.0,29.6,0.12,synthetic response curve (Mitscherlich-style) + noise; NOT measured yield
5329,Sorghum,40.0,11.7,9.2,2.09,5,loam,261,26.5,206,0.57,7.07,111.2,26.6,-1.28,synthetic response curve (Mitscherlich-style) + noise; NOT measured yield
5330,Onion,125.3,21.0,22.1,23.39,2,loam,398,14.1,127,0.8,5.96,195.9,22.4,0.18,synthetic response curve (Mitscherlich-style) + noise; NOT measured yield
5331,Potato,78.0,34.6,110.1,19.02,11,loam,489,5.9,53,0.3,8.61,270.2,28.2,1.81,synthetic response curve (Mitscherlich-style) + noise; NOT measured yield
5332,Ragi,60.2,35.4,36.6,1.83,13,sandy,311,6.0,204,0.45,7.56,161.8,31.5,-1.61,synthetic response curve (Mitscherlich-style) + noise; NOT measured yield
5333,Onion,37.4,58.1,86.6,25.49,7,clay,542,28.6,237,0.74,8.32,232.2,22.1,-0.88,synthetic response curve (Mitscherlich-style) + noise; NOT measured yield
5334,Maize,72.8,82.3,3.1,3.11,13,sandy,305,83.6,145,0.1,7.89,169.6,29.9,1.16,synthetic response curve (Mitscherlich-style) + noise; NOT measured yield
5335,Rice,85.8,78.1,52.0,3.67,8,clay,305,39.6,316,0.45,6.37,238.0,27.3,-1.17,synthetic response curve (Mitscherlich-style) + noise; NOT measured yield
5336,Groundnut,35.2,64.3,24.2,1.64,8,clay,340,22.1,231,0.63,7.63,379.4,30.9,0.3,synthetic response curve (Mitscherlich-style) + noise; NOT measured yield
5337,Groundnut,4.0,51.6,19.4,1.71,1,clay,461,18.3,203,0.67,8.57,65.8,24.5,-0.41,synthetic response curve (Mitscherlich-style) + noise; NOT measured yield
5338,Cotton,68.4,55.7,63.4,1.8,8,clay,414,5.3,395,0.61,7.77,308.1,24.7,0.45,synthetic response curve (Mitscherlich-style) + noise; NOT measured yield
5339,Turmeric,29.6,8.5,77.3,9.77,9,clay,292,6.6,448,0.52,9.08,272.5,27.5,0.08,synthetic response curve (Mitscherlich-style) + noise; NOT measured yield
5340,Chilli,3.7,41.3,45.6,1.84,8,clay,354,16.1,375,0.58,7.51,246.4,28.9,-0.25,synthetic response curve (Mitscherlich-style) + noise; NOT measured yield
5341,Mustard,28.2,10.7,1.7,0.74,9,clay,259,9.9,346,0.39,7.85,328.7,26.0,-2.23,synthetic response curve (Mitscherlich-style) + noise; NOT measured yield
5342,Cotton,57.5,27.3,81.2,1.58,8,clay,306,11.2,114,0.53,7.61,222.2,30.3,-0.62,synthetic response curve (Mitscherlich-style) + noise; NOT measured yield
5343,Rice,74.6,30.5,11.8,3.49,11,loam,423,7.0,294,0.43,6.3,151.1,27.6,-0.85,synthetic response curve (Mitscherlich-style) + noise; NOT measured yield
5344,Pigeon pea,11.0,4.6,32.3,1.25,2,loam,444,90.0,212,0.77,7.82,131.4,30.0,-0.03,synthetic response curve (Mitscherlich-style) + noise; NOT measured yield
5345,Rice,91.0,39.2,29.7,3.57,8,clay,460,45.8,168,0.94,7.84,189.7,34.1,-1.21,synthetic response curve (Mitscherlich-style) + noise; NOT measured yield
5346,Sugarcane,335.8,82.2,10.5,56.16,7,clay,332,8.9,227,0.52,7.68,234.7,24.2,0.95,synthetic response curve (Mitscherlich-style) + noise; NOT measured yield
5347,Pigeon pea,3.5,18.2,45.6,1.04,6,clay,352,12.8,272,0.58,6.65,95.3,31.6,-0.82,synthetic response curve (Mitscherlich-style) + noise; NOT measured yield
5348,Onion,15.2,34.7,73.8,19.29,7,clay,464,11.3,331,0.83,8.79,226.3,23.2,-1.02,synthetic response curve (Mitscherlich-style) + noise; NOT measured yield
5349,Rice,76.1,45.0,28.9,4.45,11,loam,293,3.8,326,0.31,7.24,182.2,24.6,-0.07,synthetic response curve (Mitscherlich-style) + noise; NOT measured yield
5350,Mustard,25.4,17.1,33.4,1.03,15,clay,323,18.6,218,0.51,8.96,211.1,31.6,-1.02,synthetic response curve (Mitscherlich-style) + noise; NOT measured yield
5351,Mustard,64.3,4.2,28.0,1.1,4,sandy,376,25.7,145,0.4,5.84,114.4,22.6,0.88,synthetic response curve (Mitscherlich-style) + noise; NOT measured yield
5352,Green gram,26.7,51.7,28.8,0.87,1,clay,421,9.1,299,0.74,7.17,44.4,30.5,0.9,synthetic response curve (Mitscherlich-style) + noise; NOT measured yield
5353,Soybean,35.8,55.0,37.2,1.98,6,clay,427,9.1,308,0.81,6.44,671.1,27.1,-0.45,synthetic response curve (Mitscherlich-style) + noise; NOT measured yield
5354,Wheat,66.6,17.0,41.5,2.58,5,loam,445,6.4,257,0.62,8.06,246.3,24.1,1.1,synthetic response curve (Mitscherlich-style) + noise; NOT measured yield
5355,Groundnut,30.2,43.1,6.4,1.43,2,loam,372,8.0,155,0.45,8.13,88.6,26.3,-0.39,synthetic response curve (Mitscherlich-style) + noise; NOT measured yield
5356,Groundnut,28.6,5.8,54.5,0.97,8,clay,521,4.6,350,0.84,7.44,440.0,31.1,-0.13,synthetic response curve (Mitscherlich-style) + noise; NOT measured yield
5357,Chilli,89.6,30.9,51.0,2.0,8,clay,438,7.3,279,0.98,7.01,168.8,26.1,0.12,synthetic response curve (Mitscherlich-style) + noise; NOT measured yield
5358,Tomato,143.1,80.0,29.4,40.18,13,sandy,332,15.1,185,0.48,5.9,29.7,20.4,0.68,synthetic response curve (Mitscherlich-style) + noise; NOT measured yield
5359,Pigeon pea,23.2,4.8,6.9,0.91,11,loam,386,26.5,72,0.29,7.23,136.5,25.3,-0.24,synthetic response curve (Mitscherlich-style) + noise; NOT measured yield
5360,Maize,62.1,5.9,77.4,3.82,7,clay,389,23.2,460,0.56,8.69,102.4,19.8,0.99,synthetic response curve (Mitscherlich-style) + noise; NOT measured yield
5361,Groundnut,22.8,40.5,3.5,1.49,10,sandy,323,10.0,284,0.58,7.89,22.8,26.3,-1.04,synthetic response curve (Mitscherlich-style) + noise; NOT measured yield
5362,Wheat,42.4,31.1,54.9,3.44,5,loam,426,7.4,207,0.74,7.58,128.3,27.5,-0.39,synthetic response curve (Mitscherlich-style) + noise; NOT measured yield
5363,Chilli,116.3,17.6,29.9,1.28,3,sandy,388,6.4,126,0.48,4.83,317.0,25.3,-1.36,synthetic response curve (Mitscherlich-style) + noise; NOT measured yield
5364,Chickpea,21.5,59.3,37.7,1.59,9,clay,446,2.9,405,0.7,8.04,41.9,25.2,1.01,synthetic response curve (Mitscherlich-style) + noise; NOT measured yield
5365,Wheat,166.7,5.4,30.4,2.95,8,clay,566,31.8,304,0.85,8.21,159.8,24.3,0.74,synthetic response curve (Mitscherlich-style) + noise; NOT measured yield
5366,Rice,63.8,59.1,18.8,3.91,5,loam,259,6.5,174,0.36,7.19,203.0,25.7,-0.23,synthetic response curve (Mitscherlich-style) + noise; NOT measured yield
5367,Chilli,20.5,49.5,42.3,2.55,14,clay,578,77.2,265,0.93,7.22,51.4,20.7,0.87,synthetic response curve (Mitscherlich-style) + noise; NOT measured yield
5368,Wheat,85.4,82.5,11.1,3.58,9,clay,578,30.5,254,0.93,6.75,492.9,25.7,-0.64,synthetic response curve (Mitscherlich-style) + noise; NOT measured yield
5369,Lentil,22.0,27.9,4.1,0.76,9,clay,447,18.1,221,0.51,8.76,65.5,25.1,1.21,synthetic response curve (Mitscherlich-style) + noise; NOT measured yield
5370,Soybean,18.8,10.4,24.8,1.4,11,loam,448,9.6,168,0.5,7.32,182.7,26.8,0.14,synthetic response curve (Mitscherlich-style) + noise; NOT measured yield
5371,Sugarcane,23.3,8.0,85.6,42.82,5,loam,315,13.3,125,0.32,6.84,175.0,27.1,0.76,synthetic response curve (Mitscherlich-style) + noise; NOT measured yield
5372,Cotton,60.9,20.2,78.5,1.49,8,clay,454,8.6,291,0.84,7.92,315.3,24.3,1.21,synthetic response curve (Mitscherlich-style) + noise; NOT measured yield
5373,Cotton,92.0,22.5,43.2,1.19,14,clay,312,4.8,198,0.61,9.2,331.2,19.3,1.29,synthetic response curve (Mitscherlich-style) + noise; NOT measured yield
5374,Pearl millet,10.5,35.7,17.1,1.93,10,sandy,333,12.1,195,0.44,6.73,777.4,30.3,0.16,synthetic response curve (Mitscherlich-style) + noise; NOT measured yield
5375,Chickpea,19.2,35.6,44.8,1.28,13,sandy,326,14.1,147,0.43,5.58,134.0,23.5,-1.12,synthetic response curve (Mitscherlich-style) + noise; NOT measured yield
5376,Rice,1.1,16.4,7.4,3.72,1,clay,400,12.3,320,0.84,8.12,241.2,26.7,0.85,synthetic response curve (Mitscherlich-style) + noise; NOT measured yield
5377,Potato,18.5,68.7,85.1,20.01,11,loam,416,22.4,312,0.57,7.94,460.5,30.8,0.29,synthetic response curve (Mitscherlich-style) + noise; NOT measured yield
5378,Pearl millet,46.1,36.8,35.2,1.69,10,sandy,282,11.4,131,0.44,7.08,232.3,26.7,-1.33,synthetic response curve (Mitscherlich-style) + noise; NOT measured yield
5379,Onion,141.5,44.1,93.2,29.55,14,clay,417,36.4,267,0.67,7.6,261.1,19.9,-0.13,synthetic response curve (Mitscherlich-style) + noise; NOT measured yield
5380,Potato,186.0,3.1,113.6,14.65,15,clay,589,20.4,60,0.67,7.73,293.9,27.6,1.07,synthetic response curve (Mitscherlich-style) + noise; NOT measured yield
5381,Onion,57.4,45.9,94.3,27.2,3,sandy,285,88.3,231,0.54,6.8,12.8,24.6,-0.54,synthetic response curve (Mitscherlich-style) + noise; NOT measured yield
5382,Cotton,169.6,26.2,36.5,1.41,8,clay,520,9.5,260,0.86,7.95,54.0,26.2,0.18,synthetic response curve (Mitscherlich-style) + noise; NOT measured yield
5383,Groundnut,9.2,45.9,33.3,1.43,14,clay,294,10.4,301,0.7,8.8,330.5,27.6,0.34,synthetic response curve (Mitscherlich-style) + noise; NOT measured yield
5384,Maize,104.1,4.9,51.9,2.77,13,sandy,185,2.3,125,0.1,5.92,96.6,20.1,0.73,synthetic response curve (Mitscherlich-style) + noise; NOT measured yield
5385,Cotton,98.1,73.1,41.2,1.94,2,loam,399,14.2,215,0.41,6.88,248.8,24.8,0.55,synthetic response curve (Mitscherlich-style) + noise; NOT measured yield
5386,Soybean,20.6,2.4,19.1,1.0,9,clay,537,6.7,294,0.82,7.96,130.6,24.9,-0.87,synthetic response curve (Mitscherlich-style) + noise; NOT measured yield
5387,Soybean,19.5,83.2,14.4,1.54,6,clay,362,7.2,168,0.76,9.2,389.0,24.0,-1.16,synthetic response curve (Mitscherlich-style) + noise; NOT measured yield
5388,Rice,78.5,64.1,21.4,2.65,11,loam,306,15.1,68,0.46,6.22,526.8,29.3,-1.58,synthetic response curve (Mitscherlich-style) + noise; NOT measured yield
5389,Onion,93.4,17.6,29.7,19.06,8,clay,467,15.0,162,0.6,7.48,434.5,31.2,2.32,synthetic response curve (Mitscherlich-style) + noise; NOT measured yield
5390,Lentil,15.4,48.0,24.3,0.79,5,loam,375,17.1,227,0.55,8.44,413.0,30.3,-3.09,synthetic response curve (Mitscherlich-style) + noise; NOT measured yield
5391,Sugarcane,25.2,30.9,88.5,65.4,7,clay,457,11.0,407,0.64,8.65,105.6,24.7,0.38,synthetic response curve (Mitscherlich-style) + noise; NOT measured yield
5392,Rice,21.3,12.0,71.1,2.93,15,clay,368,8.0,242,0.61,8.05,238.0,30.6,1.84,synthetic response curve (Mitscherlich-style) + noise; NOT measured yield
5393,Soybean,14.8,43.3,19.5,2.11,6,clay,506,26.0,145,0.73,7.23,203.8,29.6,0.32,synthetic response curve (Mitscherlich-style) + noise; NOT measured yield
5394,Maize,200.9,60.2,80.7,6.1,4,sandy,160,24.5,114,0.1,5.82,113.8,25.4,-0.23,synthetic response curve (Mitscherlich-style) + noise; NOT measured yield
5395,Maize,95.4,67.2,50.6,5.69,2,loam,291,50.4,228,0.29,7.36,460.5,21.9,1.05,synthetic response curve (Mitscherlich-style) + noise; NOT measured yield
5396,Cotton,151.5,33.2,10.0,1.66,3,sandy,383,12.8,226,0.37,7.69,128.1,33.0,0.14,synthetic response curve (Mitscherlich-style) + noise; NOT measured yield
5397,Banana,64.7,16.0,34.8,28.42,1,clay,520,30.1,357,0.92,7.94,296.5,29.4,-0.41,synthetic response curve (Mitscherlich-style) + noise; NOT measured yield
5398,Green gram,0.3,9.9,16.3,0.58,1,clay,547,24.4,238,1.05,8.93,51.4,22.1,-0.84,synthetic response curve (Mitscherlich-style) + noise; NOT measured yield
5399,Chilli,49.3,21.3,15.0,2.04,8,clay,338,17.6,349,0.7,7.58,99.9,27.1,1.34,synthetic response curve (Mitscherlich-style) + noise; NOT measured yield
5400,Chilli,13.8,47.4,14.7,2.06,9,clay,225,26.3,155,0.67,7.35,214.0,26.2,1.02,synthetic response curve (Mitscherlich-style) + noise; NOT measured yield
5401,Maize,40.3,8.5,26.4,3.54,12,loam,440,19.1,136,0.81,7.15,280.6,28.3,-1.12,synthetic response curve (Mitscherlich-style) + noise; NOT measured yield
5402,Mustard,48.0,22.0,15.0,0.74,10,sandy,312,10.1,30,0.57,5.28,168.3,25.8,-1.43,synthetic response curve (Mitscherlich-style) + noise; NOT measured yield
5403,Sugarcane,334.0,92.4,133.0,91.35,3,sandy,317,33.0,218,0.41,5.69,119.8,26.1,-0.01,synthetic response curve (Mitscherlich-style) + noise; NOT measured yield
5404,Pearl millet,101.0,21.5,39.3,1.88,10,sandy,344,7.6,141,0.48,7.97,129.8,27.0,1.13,synthetic response curve (Mitscherlich-style) + noise; NOT measured yield
5405,Turmeric,39.0,38.1,67.3,14.92,7,clay,480,6.2,145,1.16,9.2,105.3,23.2,1.44,synthetic response curve (Mitscherlich-style) + noise; NOT measured yield
5406,Rice,96.0,83.5,73.6,4.48,3,sandy,332,22.2,161,0.38,6.35,57.1,30.2,0.95,synthetic response curve (Mitscherlich-style) + noise; NOT measured yield
5407,Mustard,111.0,6.7,2.5,0.74,10,sandy,117,24.5,45,0.28,6.05,101.4,24.9,0.25,synthetic response curve (Mitscherlich-style) + noise; NOT measured yield
5408,Mustard,26.2,37.8,20.9,1.35,10,sandy,458,5.9,238,0.51,5.63,164.7,24.3,0.61,synthetic response curve (Mitscherlich-style) + noise; NOT measured yield
5409,Sugarcane,134.9,100.0,26.5,55.68,7,clay,552,9.9,207,0.61,9.05,61.0,25.9,0.07,synthetic response curve (Mitscherlich-style) + noise; NOT measured yield
5410,Rice,84.8,21.4,63.4,3.77,3,sandy,262,30.0,30,0.52,5.72,53.5,23.9,-0.64,synthetic response curve (Mitscherlich-style) + noise; NOT measured yield
5411,Green gram,14.6,29.2,20.2,0.77,1,clay,455,5.5,295,0.7,8.25,47.3,28.4,-0.18,synthetic response curve (Mitscherlich-style) + noise; NOT measured yield
5412,Maize,80.9,10.2,62.4,3.32,12,loam,448,11.5,387,0.66,6.13,128.0,26.1,2.81,synthetic response curve (Mitscherlich-style) + noise; NOT measured yield
5413,Chilli,36.2,64.6,46.0,1.86,3,sandy,163,23.2,242,0.51,6.33,90.9,26.3,0.91,synthetic response curve (Mitscherlich-style) + noise; NOT measured yield
5414,Sugarcane,294.5,59.8,61.1,77.47,5,loam,462,37.6,143,1.01,6.19,80.5,22.0,0.98,synthetic response curve (Mitscherlich-style) + noise; NOT measured yield
5415,Rice,159.3,26.4,48.2,3.3,11,loam,442,13.5,125,0.71,7.73,817.8,24.6,-2.01,synthetic response curve (Mitscherlich-style) + noise; NOT measured yield
5416,Green gram,27.0,11.7,24.6,0.58,7,clay,342,8.0,352,0.54,8.06,94.2,21.8,1.18,synthetic response curve (Mitscherlich-style) + noise; NOT measured yield
5417,Turmeric,12.9,44.0,105.0,14.08,13,sandy,414,11.5,101,0.39,7.66,24.3,25.2,-1.09,synthetic response curve (Mitscherlich-style) + noise; NOT measured yield
5418,Cotton,69.2,51.1,3.7,1.33,6,clay,373,19.4,211,0.48,6.95,77.6,25.9,-1.16,synthetic response curve (Mitscherlich-style) + noise; NOT measured yield
5419,Cotton,73.4,34.7,25.2,1.62,14,clay,402,15.0,162,0.79,7.9,223.0,22.5,-0.72,synthetic response curve (Mitscherlich-style) + noise; NOT measured yield
5420,Sunflower,98.0,56.1,44.5,1.72,6,clay,361,24.7,284,0.52,9.2,24.1,24.6,-0.93,synthetic response curve (Mitscherlich-style) + noise; NOT measured yield
5421,Banana,101.5,35.7,178.2,33.53,2,loam,353,65.7,205,0.46,8.59,18.7,23.9,0.12,synthetic response curve (Mitscherlich-style) + noise; NOT measured yield
5422,Potato,126.8,85.5,108.9,22.52,11,loam,332,23.4,83,0.4,7.59,189.4,25.5,1.24,synthetic response curve (Mitscherlich-style) + noise; NOT measured yield
5423,Pearl millet,26.2,50.4,23.3,2.05,10,sandy,335,3.4,161,0.46,6.49,241.8,25.3,1.17,synthetic response curve (Mitscherlich-style) + noise; NOT measured yield
5424,Chilli,48.5,4.8,25.1,1.15,15,clay,427,7.9,383,0.62,8.55,805.3,29.0,1.97,synthetic response curve (Mitscherlich-style) + noise; NOT measured yield
5425,Sorghum,56.5,44.5,30.4,2.67,2,loam,367,40.4,236,0.49,5.77,222.9,31.1,0.87,synthetic response curve (Mitscherlich-style) + noise; NOT measured yield
5426,Turmeric,132.6,32.8,137.4,13.93,8,clay,336,9.6,186,0.5,7.16,90.9,23.7,-0.49,synthetic response curve (Mitscherlich-style) + noise; NOT measured yield
5427,Rice,7.0,52.1,66.2,4.33,11,loam,347,40.4,118,0.55,7.28,131.5,22.6,1.22,synthetic response curve (Mitscherlich-style) + noise; NOT measured yield
5428,Maize,134.1,18.5,49.4,4.06,7,clay,439,9.0,275,0.59,6.91,185.3,27.4,-0.77,synthetic response curve (Mitscherlich-style) + noise; NOT measured yield
5429,Pearl millet,2.6,13.6,24.0,1.65,4,sandy,397,22.6,47,0.17,6.81,127.2,19.2,-0.26,synthetic response curve (Mitscherlich-style) + noise; NOT measured yield
5430,Sunflower,48.2,24.3,36.7,1.58,5,loam,355,15.9,200,0.61,7.36,141.5,26.6,0.73,synthetic response curve (Mitscherlich-style) + noise; NOT measured yield
5431,Green gram,29.5,17.0,23.2,0.62,1,clay,318,21.5,344,0.73,8.14,184.4,22.3,-0.42,synthetic response curve (Mitscherlich-style) + noise; NOT measured yield
5432,Mustard,79.4,3.9,31.6,0.96,10,sandy,272,13.6,139,0.44,6.51,41.2,24.0,0.08,synthetic response curve (Mitscherlich-style) + noise; NOT measured yield
5433,Wheat,150.5,47.2,62.0,3.77,12,loam,330,11.3,42,0.48,8.21,29.2,21.2,1.54,synthetic response curve (Mitscherlich-style) + noise; NOT measured yield
5434,Wheat,47.0,65.6,43.7,3.75,7,clay,491,18.8,228,0.72,6.39,648.4,25.2,0.47,synthetic response curve (Mitscherlich-style) + noise; NOT measured yield
5435,Sunflower,103.3,30.5,54.7,1.76,1,clay,528,75.2,227,1.1,7.86,31.9,21.4,0.43,synthetic response curve (Mitscherlich-style) + noise; NOT measured yield
5436,Wheat,13.9,53.7,12.1,4.12,12,loam,445,23.1,306,0.71,7.77,620.9,29.1,1.07,synthetic response curve (Mitscherlich-style) + noise; NOT measured yield
5437,Chilli,38.7,40.4,68.6,2.39,14,clay,459,17.7,314,0.9,6.12,293.5,28.6,1.47,synthetic response curve (Mitscherlich-style) + noise; NOT measured yield
5438,Mustard,34.1,13.1,23.2,1.08,10,sandy,361,20.3,128,0.41,5.74,80.9,22.9,-0.9,synthetic response curve (Mitscherlich-style) + noise; NOT measured yield
5439,Sorghum,79.5,17.5,19.1,2.22,2,loam,321,11.9,109,0.43,7.76,694.2,22.1,-0.48,synthetic response curve (Mitscherlich-style) + noise; NOT measured yield
5440,Onion,92.4,25.5,8.7,25.5,7,clay,576,17.9,264,0.77,7.13,156.6,26.6,1.01,synthetic response curve (Mitscherlich-style) + noise; NOT measured yield
5441,Soybean,0.1,44.8,13.6,1.73,9,clay,430,12.8,144,0.69,7.86,340.2,23.6,-0.86,synthetic response curve (Mitscherlich-style) + noise; NOT measured yield
5442,Cotton,131.4,3.6,48.1,1.1,15,clay,219,19.0,344,0.45,7.55,217.5,27.7,-0.88,synthetic response curve (Mitscherlich-style) + noise; NOT measured yield
5443,Maize,91.9,59.3,83.2,6.45,8,clay,351,15.7,151,0.61,7.89,94.9,27.4,-0.32,synthetic response curve (Mitscherlich-style) + noise; NOT measured yield
5444,Groundnut,17.6,40.8,39.4,1.64,1,clay,450,11.5,318,0.76,9.2,82.2,24.3,0.33,synthetic response curve (Mitscherlich-style) + noise; NOT measured yield
5445,Potato,47.2,112.4,78.2,25.44,11,loam,409,6.6,102,0.53,6.6,520.6,22.0,0.5,synthetic response curve (Mitscherlich-style) + noise; NOT measured yield
5446,Wheat,59.1,64.5,22.8,3.78,11,loam,431,52.5,104,0.65,7.15,105.4,26.5,-0.08,synthetic response curve (Mitscherlich-style) + noise; NOT measured yield
5447,Rice,33.3,48.2,79.7,4.65,4,sandy,394,43.3,110,0.55,8.39,35.0,32.0,0.19,synthetic response curve (Mitscherlich-style) + noise; NOT measured yield
5448,Chickpea,24.8,0.9,12.5,0.91,7,clay,208,17.6,174,0.48,8.38,212.1,25.5,-1.13,synthetic response curve (Mitscherlich-style) + noise; NOT measured yield
5449,Green gram,20.6,38.7,32.6,0.74,1,clay,367,23.2,202,0.94,7.63,48.6,28.0,-1.04,synthetic response curve (Mitscherlich-style) + noise; NOT measured yield
5450,Maize,57.2,40.5,37.5,5.41,2,loam,429,6.8,275,0.71,6.53,64.1,33.3,0.25,synthetic response curve (Mitscherlich-style) + noise; NOT measured yield
5451,Rice,158.5,2.5,53.5,1.95,5,loam,460,9.3,267,0.75,6.51,120.2,26.1,-1.82,synthetic response curve (Mitscherlich-style) + noise; NOT measured yield
5452,Banana,29.1,33.5,161.6,38.65,2,loam,411,21.9,238,0.52,6.69,59.1,25.6,-0.42,synthetic response curve (Mitscherlich-style) + noise; NOT measured yield
5453,Maize,5.4,37.4,5.0,3.45,5,loam,227,20.8,233,0.37,6.93,62.4,17.2,1.98,synthetic response curve (Mitscherlich-style) + noise; NOT measured yield
5454,Mustard,103.8,58.4,20.6,1.16,10,sandy,404,18.2,263,0.58,6.96,2.9,25.3,-0.24,synthetic response curve (Mitscherlich-style) + noise; NOT measured yield
5455,Pigeon pea,3.2,47.4,36.6,1.3,6,clay,352,23.0,250,0.48,8.19,346.4,20.6,-0.72,synthetic response curve (Mitscherlich-style) + noise; NOT measured yield
5456,Cotton,173.3,42.1,14.5,1.53,3,sandy,338,27.8,245,0.55,8.36,223.6,32.4,-0.51,synthetic response curve (Mitscherlich-style) + noise; NOT measured yield
5457,Wheat,39.0,61.5,34.8,3.6,10,sandy,257,13.4,90,0.59,7.23,45.3,26.7,0.54,synthetic response curve (Mitscherlich-style) + noise; NOT measured yield
5458,Maize,80.0,77.1,16.1,4.4,13,sandy,249,22.3,224,0.3,6.82,98.6,21.0,-1.01,synthetic response curve (Mitscherlich-style) + noise; NOT measured yield
5459,Soybean,5.2,28.0,0.4,1.92,9,clay,412,3.0,195,0.54,7.66,280.1,25.9,0.54,synthetic response curve (Mitscherlich-style) + noise; NOT measured yield
5460,Wheat,76.1,10.3,3.0,2.69,5,loam,445,12.2,240,0.77,6.67,46.4,30.5,-0.54,synthetic response curve (Mitscherlich-style) + noise; NOT measured yield
5461,Tomato,174.8,83.2,59.7,34.02,13,sandy,424,19.2,338,0.48,7.5,494.4,19.5,-0.74,synthetic response curve (Mitscherlich-style) + noise; NOT measured yield
5462,Lentil,23.0,16.0,18.6,1.21,6,clay,380,90.0,223,0.62,7.87,382.6,26.3,1.01,synthetic response curve (Mitscherlich-style) + noise; NOT measured yield
5463,Green gram,16.6,15.1,33.5,0.7,1,clay,342,22.4,395,0.57,8.47,23.4,32.1,0.17,synthetic response curve (Mitscherlich-style) + noise; NOT measured yield
5464,Chilli,95.9,29.2,62.7,1.94,10,sandy,421,14.8,85,0.6,6.71,482.2,20.3,-0.37,synthetic response curve (Mitscherlich-style) + noise; NOT measured yield
5465,Potato,81.6,62.1,61.8,18.71,11,loam,298,15.6,284,0.38,8.24,51.9,28.0,2.36,synthetic response curve (Mitscherlich-style) + noise; NOT measured yield
5466,Pearl millet,90.9,49.2,23.0,1.67,4,sandy,439,19.0,101,0.47,6.78,104.6,20.8,-0.27,synthetic response curve (Mitscherlich-style) + noise; NOT measured yield
5467,Banana,152.3,60.8,120.8,35.54,6,clay,317,12.1,128,0.53,7.09,106.1,26.2,0.39,synthetic response curve (Mitscherlich-style) + noise; NOT measured yield
5468,Rice,25.5,10.2,39.5,3.63,1,clay,432,25.7,294,0.75,8.51,542.1,29.9,1.16,synthetic response curve (Mitscherlich-style) + noise; NOT measured yield
5469,Wheat,129.0,5.5,46.5,3.36,8,clay,298,37.9,345,0.23,7.01,816.8,27.9,1.26,synthetic response curve (Mitscherlich-style) + noise; NOT measured yield
5470,Onion,18.3,3.5,101.4,18.79,7,clay,353,22.0,212,0.74,7.05,49.2,23.1,-0.68,synthetic response curve (Mitscherlich-style) + noise; NOT measured yield
5471,Maize,55.8,87.5,2.9,4.37,4,sandy,191,49.6,200,0.23,7.34,186.4,21.7,1.41,synthetic response curve (Mitscherlich-style) + noise; NOT measured yield
5472,Cotton,137.4,24.5,75.4,1.37,8,clay,508,6.5,360,0.65,7.43,420.7,29.0,-0.99,synthetic response curve (Mitscherlich-style) + noise; NOT measured yield
5473,Wheat,167.8,67.5,14.9,3.51,11,loam,406,14.1,222,0.46,7.75,294.2,22.9,0.53,synthetic response curve (Mitscherlich-style) + noise; NOT measured yield
5474,Onion,121.5,4.2,68.7,14.98,7,clay,450,8.8,312,0.62,7.85,272.4,23.5,0.37,synthetic response curve (Mitscherlich-style) + noise; NOT measured yield
5475,Maize,144.5,46.6,62.3,4.76,12,loam,252,9.0,128,0.18,7.24,93.0,28.2,-0.71,synthetic response curve (Mitscherlich-style) + noise; NOT measured yield
5476,Onion,52.3,14.4,29.4,20.2,7,clay,538,18.0,241,1.02,7.21,47.8,26.4,-0.31,synthetic response curve (Mitscherlich-style) + noise; NOT measured yield
5477,Sugarcane,279.6,59.1,39.7,66.5,7,clay,512,37.3,166,0.69,7.89,42.5,23.3,-0.52,synthetic response curve (Mitscherlich-style) + noise; NOT measured yield
5478,Wheat,83.6,10.9,12.1,2.81,10,sandy,324,19.5,82,0.47,7.57,266.7,25.3,-0.5,synthetic response curve (Mitscherlich-style) + noise; NOT measured yield
5479,Banana,77.1,2.0,197.2,19.26,3,sandy,175,15.9,118,0.1,5.07,399.6,24.9,0.09,synthetic response curve (Mitscherlich-style) + noise; NOT measured yield
5480,Ragi,52.7,24.0,36.2,1.85,13,sandy,470,18.7,116,0.59,7.44,553.0,28.4,-2.62,synthetic response curve (Mitscherlich-style) + noise; NOT measured yield
5481,Mustard,59.7,16.5,2.3,1.0,10,sandy,266,6.2,277,0.55,7.12,51.4,27.6,0.32,synthetic response curve (Mitscherlich-style) + noise; NOT measured yield
5482,Pigeon pea,17.1,47.8,22.4,1.09,6,clay,269,2.0,322,0.82,9.18,927.0,26.0,0.98,synthetic response curve (Mitscherlich-style) + noise; NOT measured yield
5483,Rice,92.2,35.0,12.7,2.49,4,sandy,197,9.9,30,0.25,7.2,82.7,29.1,0.53,synthetic response curve (Mitscherlich-style) + noise; NOT measured yield
5484,Maize,145.6,82.6,4.9,3.81,12,loam,389,24.0,205,0.46,7.39,468.6,23.9,-0.66,synthetic response curve (Mitscherlich-style) + noise; NOT measured yield
5485,Green gram,1.4,25.5,17.6,0.69,1,clay,429,9.2,109,0.69,7.3,180.6,25.2,0.82,synthetic response curve (Mitscherlich-style) + noise; NOT measured yield
5486,Ragi,16.8,7.1,40.0,1.35,1,clay,488,12.5,265,1.12,7.14,103.5,29.3,-0.88,synthetic response curve (Mitscherlich-style) + noise; NOT measured yield
5487,Pigeon pea,5.0,36.2,5.0,1.05,10,sandy,358,9.5,161,0.51,5.87,143.0,25.3,0.67,synthetic response curve (Mitscherlich-style) + noise; NOT measured yield
5488,Maize,48.1,91.5,44.3,5.48,8,clay,327,11.4,237,0.52,7.16,65.3,26.8,-0.23,synthetic response curve (Mitscherlich-style) + noise; NOT measured yield
5489,Chilli,27.1,41.8,32.0,1.66,3,sandy,172,26.8,30,0.1,6.47,37.9,27.5,0.46,synthetic response curve (Mitscherlich-style) + noise; NOT measured yield
5490,Soybean,0.2,6.3,7.7,1.4,6,clay,542,9.4,351,0.78,7.18,397.1,24.1,-0.02,synthetic response curve (Mitscherlich-style) + noise; NOT measured yield
5491,Rice,166.1,64.0,11.6,3.53,12,loam,586,12.6,206,0.74,6.96,19.0,26.2,2.46,synthetic response curve (Mitscherlich-style) + noise; NOT measured yield
5492,Onion,103.3,51.9,27.1,27.84,7,clay,395,21.5,261,0.7,7.13,131.5,29.8,0.98,synthetic response curve (Mitscherlich-style) + noise; NOT measured yield
5493,Maize,203.0,2.4,40.6,3.15,8,clay,524,11.0,153,0.69,8.0,76.8,25.5,0.37,synthetic response curve (Mitscherlich-style) + noise; NOT measured yield
5494,Sorghum,2.4,21.7,30.3,2.31,2,loam,616,11.4,93,0.73,6.82,254.4,25.0,0.95,synthetic response curve (Mitscherlich-style) + noise; NOT measured yield
5495,Chilli,40.8,24.4,30.6,1.84,11,loam,456,7.5,280,0.74,7.21,16.6,27.0,0.44,synthetic response curve (Mitscherlich-style) + noise; NOT measured yield
5496,Cotton,177.6,69.2,60.5,1.78,3,sandy,517,12.0,101,0.56,6.58,157.7,26.9,0.52,synthetic response curve (Mitscherlich-style) + noise; NOT measured yield
5497,Potato,53.4,63.4,31.9,18.65,4,sandy,267,8.0,123,0.22,7.71,86.4,23.7,-1.54,synthetic response curve (Mitscherlich-style) + noise; NOT measured yield
5498,Wheat,30.1,27.3,68.5,4.03,5,loam,556,17.2,77,1.02,6.92,438.1,18.8,0.6,synthetic response curve (Mitscherlich-style) + noise; NOT measured yield
5499,Maize,130.0,35.2,69.2,4.18,7,clay,446,6.4,174,0.8,7.7,40.2,25.1,-1.29,synthetic response curve (Mitscherlich-style) + noise; NOT measured yield
5500,Tomato,160.3,89.0,133.9,37.38,5,loam,420,33.2,246,0.57,7.79,219.1,25.2,0.52,synthetic response curve (Mitscherlich-style) + noise; NOT measured yield
5501,Tomato,142.0,1.5,111.2,18.72,13,sandy,483,16.3,193,0.66,6.19,125.6,18.7,-1.26,synthetic response curve (Mitscherlich-style) + noise; NOT measured yield
5502,Cotton,1.1,5.0,77.0,1.19,6,clay,353,22.5,177,0.88,7.49,593.8,29.7,-0.68,synthetic response curve (Mitscherlich-style) + noise; NOT measured yield
5503,Rice,62.4,58.2,7.4,3.05,1,clay,673,12.5,242,1.23,6.88,192.3,25.6,-2.8,synthetic response curve (Mitscherlich-style) + noise; NOT measured yield
5504,Pigeon pea,18.0,22.2,8.0,0.99,7,clay,358,12.0,410,0.53,7.36,66.9,25.8,-1.65,synthetic response curve (Mitscherlich-style) + noise; NOT measured yield
5505,Sorghum,48.7,43.0,0.7,1.86,2,loam,283,16.4,183,0.32,6.96,469.1,28.2,-2.06,synthetic response curve (Mitscherlich-style) + noise; NOT measured yield
5506,Maize,201.2,41.6,81.9,5.45,4,sandy,495,24.1,235,0.46,6.4,106.4,28.7,-0.18,synthetic response curve (Mitscherlich-style) + noise; NOT measured yield
5507,Chickpea,6.0,68.8,23.9,1.27,9,clay,456,5.6,362,0.72,6.53,832.2,23.6,-1.13,synthetic response curve (Mitscherlich-style) + noise; NOT measured yield
5508,Wheat,55.1,60.5,54.7,3.69,10,sandy,196,11.1,138,0.23,7.2,101.0,27.0,0.47,synthetic response curve (Mitscherlich-style) + noise; NOT measured yield
5509,Mustard,107.5,11.1,24.8,0.95,10,sandy,392,8.5,30,0.54,4.59,345.6,19.8,-0.64,synthetic response curve (Mitscherlich-style) + noise; NOT measured yield
5510,Rice,52.9,81.7,4.9,4.01,6,clay,459,7.2,286,0.71,5.66,443.1,28.5,1.3,synthetic response curve (Mitscherlich-style) + noise; NOT measured yield
5511,Ragi,87.9,0.2,21.1,1.2,13,sandy,359,12.6,120,0.29,6.42,145.0,24.8,1.01,synthetic response curve (Mitscherlich-style) + noise; NOT measured yield
5512,Groundnut,22.0,43.8,13.5,1.45,1,clay,349,42.5,137,0.56,6.72,120.3,24.1,0.69,synthetic response curve (Mitscherlich-style) + noise; NOT measured yield
5513,Pigeon pea,13.8,4.6,6.6,1.13,6,clay,471,87.7,263,0.69,7.83,208.8,23.3,0.12,synthetic response curve (Mitscherlich-style) + noise; NOT measured yield
5514,Sorghum,111.8,3.2,9.2,1.32,4,sandy,307,5.6,182,0.39,8.28,128.2,24.9,0.12,synthetic response curve (Mitscherlich-style) + noise; NOT measured yield
5515,Groundnut,7.3,38.6,6.2,1.77,1,clay,435,14.7,331,0.66,6.71,598.0,34.3,-0.14,synthetic response curve (Mitscherlich-style) + noise; NOT measured yield
5516,Banana,64.0,64.2,197.5,38.58,9,clay,474,10.1,234,0.81,7.97,189.1,19.6,-0.28,synthetic response curve (Mitscherlich-style) + noise; NOT measured yield
5517,Green gram,17.6,6.2,28.6,0.55,1,clay,504,13.9,206,0.92,8.41,54.2,25.1,-0.95,synthetic response curve (Mitscherlich-style) + noise; NOT measured yield
5518,Pearl millet,82.0,33.8,16.3,1.94,10,sandy,239,9.1,186,0.36,7.07,31.3,27.4,-0.78,synthetic response curve (Mitscherlich-style) + noise; NOT measured yield
5519,Maize,128.4,33.8,40.8,5.1,13,sandy,365,7.4,82,0.32,5.65,23.8,27.7,-0.63,synthetic response curve (Mitscherlich-style) + noise; NOT measured yield
5520,Wheat,89.0,44.3,6.6,3.61,12,loam,528,7.0,343,0.62,7.82,99.1,24.1,1.82,synthetic response curve (Mitscherlich-style) + noise; NOT measured yield
5521,Wheat,154.6,69.5,22.1,3.02,11,loam,475,26.2,257,0.7,8.92,711.7,24.5,-0.49,synthetic response curve (Mitscherlich-style) + noise; NOT measured yield
5522,Maize,182.7,2.8,61.1,3.64,4,sandy,188,25.7,294,0.26,5.46,8.1,22.7,-0.09,synthetic response curve (Mitscherlich-style) + noise; NOT measured yield
5523,Wheat,127.3,23.5,14.5,3.59,10,sandy,324,30.8,184,0.52,6.31,327.5,22.7,0.01,synthetic response curve (Mitscherlich-style) + noise; NOT measured yield
5524,Green gram,16.0,35.1,4.7,0.82,9,clay,434,10.9,248,0.46,6.61,254.9,27.1,1.43,synthetic response curve (Mitscherlich-style) + noise; NOT measured yield
5525,Soybean,25.9,31.4,40.5,1.71,8,clay,253,15.5,340,0.41,8.56,129.2,28.4,-0.37,synthetic response curve (Mitscherlich-style) + noise; NOT measured yield
5526,Rice,132.7,76.1,12.5,3.43,8,clay,436,9.9,135,0.88,7.92,111.8,26.5,0.66,synthetic response curve (Mitscherlich-style) + noise; NOT measured yield
5527,Pigeon pea,11.7,5.0,2.8,0.65,3,sandy,445,7.6,155,0.48,5.02,111.8,25.6,0.61,synthetic response curve (Mitscherlich-style) + noise; NOT measured yield
5528,Maize,147.7,70.7,80.3,6.2,13,sandy,400,4.6,100,0.34,7.66,117.7,24.5,0.28,synthetic response curve (Mitscherlich-style) + noise; NOT measured yield
5529,Tomato,77.1,61.0,24.9,24.48,13,sandy,216,13.3,30,0.4,6.07,354.9,23.6,0.26,synthetic response curve (Mitscherlich-style) + noise; NOT measured yield
5530,Maize,95.1,27.4,8.2,4.7,11,loam,490,26.6,177,0.75,7.81,152.3,33.2,1.08,synthetic response curve (Mitscherlich-style) + noise; NOT measured yield
5531,Soybean,30.0,25.7,10.5,1.68,9,clay,271,8.2,226,0.36,8.42,174.4,26.2,-1.81,synthetic response curve (Mitscherlich-style) + noise; NOT measured yield
5532,Maize,108.2,89.7,51.0,5.32,2,loam,158,15.6,148,0.36,6.7,57.9,30.0,0.21,synthetic response curve (Mitscherlich-style) + noise; NOT measured yield
5533,Pearl millet,93.8,49.2,1.4,1.27,10,sandy,294,8.5,121,0.56,6.59,52.5,19.3,2.29,synthetic response curve (Mitscherlich-style) + noise; NOT measured yield
5534,Potato,200.7,114.3,179.8,25.19,15,clay,209,12.6,183,0.36,7.64,344.2,25.8,-1.06,synthetic response curve (Mitscherlich-style) + noise; NOT measured yield
5535,Wheat,42.7,73.3,24.0,3.56,2,loam,377,9.4,307,0.53,7.94,33.3,28.9,-1.43,synthetic response curve (Mitscherlich-style) + noise; NOT measured yield
5536,Cotton,150.0,53.2,82.4,1.56,6,clay,261,4.9,281,0.61,9.2,99.8,27.3,-0.64,synthetic response curve (Mitscherlich-style) + noise; NOT measured yield
5537,Sorghum,98.4,13.7,3.3,1.81,14,clay,423,14.1,267,0.69,8.86,12.9,25.6,1.18,synthetic response curve (Mitscherlich-style) + noise; NOT measured yield
5538,Rice,158.0,75.9,61.9,5.41,15,clay,384,28.2,277,0.69,7.55,425.1,29.9,-0.17,synthetic response curve (Mitscherlich-style) + noise; NOT measured yield
5539,Sugarcane,244.8,13.5,112.8,43.31,7,clay,460,6.8,314,0.81,9.2,304.5,25.7,0.19,synthetic response curve (Mitscherlich-style) + noise; NOT measured yield
5540,Rice,0.6,4.8,1.0,3.3,5,loam,415,18.7,187,0.68,7.04,159.5,26.9,1.27,synthetic response curve (Mitscherlich-style) + noise; NOT measured yield
5541,Pearl millet,80.2,23.0,37.0,1.67,5,loam,423,4.2,198,0.66,7.36,212.2,23.1,0.96,synthetic response curve (Mitscherlich-style) + noise; NOT measured yield
5542,Chilli,140.4,48.8,66.6,1.87,8,clay,371,9.7,142,0.73,7.82,627.0,26.4,-0.8,synthetic response curve (Mitscherlich-style) + noise; NOT measured yield
5543,Groundnut,17.5,20.1,26.3,1.35,5,loam,259,33.9,156,0.43,6.75,334.8,27.7,-0.52,synthetic response curve (Mitscherlich-style) + noise; NOT measured yield
5544,Sunflower,73.0,20.5,19.7,1.23,9,clay,303,8.0,372,0.57,8.97,84.1,23.5,1.1,synthetic response curve (Mitscherlich-style) + noise; NOT measured yield
5545,Cotton,57.5,13.6,38.0,1.37,2,loam,397,11.3,332,0.66,7.21,97.8,23.9,0.29,synthetic response curve (Mitscherlich-style) + noise; NOT measured yield
5546,Potato,106.9,73.2,131.5,20.75,1,clay,265,19.3,197,0.6,9.2,69.6,28.8,0.52,synthetic response curve (Mitscherlich-style) + noise; NOT measured yield
5547,Green gram,7.5,4.1,9.4,0.44,1,clay,333,9.3,384,0.6,8.2,131.0,36.3,-0.89,synthetic response curve (Mitscherlich-style) + noise; NOT measured yield
5548,Wheat,118.4,21.8,63.6,4.0,11,loam,293,24.1,148,0.41,5.65,201.2,25.9,0.06,synthetic response curve (Mitscherlich-style) + noise; NOT measured yield
5549,Sugarcane,9.3,29.4,68.6,62.39,14,clay,406,11.5,293,0.63,7.06,74.3,21.1,-0.64,synthetic response curve (Mitscherlich-style) + noise; NOT measured yield
5550,Cotton,84.9,26.1,36.0,1.75,2,loam,307,25.6,114,0.49,5.9,625.6,23.1,0.03,synthetic response curve (Mitscherlich-style) + noise; NOT measured yield
5551,Sorghum,28.9,20.0,6.1,1.95,14,clay,201,33.0,240,0.32,7.36,48.2,27.6,-0.01,synthetic response curve (Mitscherlich-style) + noise; NOT measured yield
5552,Chilli,40.1,30.7,43.1,1.73,3,sandy,343,12.8,76,0.4,5.55,197.6,27.1,-1.76,synthetic response curve (Mitscherlich-style) + noise; NOT measured yield
5553,Wheat,62.3,72.8,21.6,4.43,1,clay,446,15.6,316,0.61,8.66,143.1,30.4,1.0,synthetic response curve (Mitscherlich-style) + noise; NOT measured yield
5554,Groundnut,17.7,69.8,45.9,1.49,5,loam,316,18.7,330,0.6,8.4,310.5,26.8,0.5,synthetic response curve (Mitscherlich-style) + noise; NOT measured yield
5555,Wheat,72.5,69.6,42.0,3.64,5,loam,404,5.0,319,0.65,6.28,312.8,25.5,1.89,synthetic response curve (Mitscherlich-style) + noise; NOT measured yield
5556,Mustard,116.7,41.3,32.7,1.48,15,clay,487,12.0,239,0.82,7.55,307.4,26.7,0.24,synthetic response curve (Mitscherlich-style) + noise; NOT measured yield
5557,Wheat,121.7,20.7,43.2,3.71,2,loam,530,35.2,240,0.77,5.92,49.3,25.4,0.29,synthetic response curve (Mitscherlich-style) + noise; NOT measured yield
5558,Rice,157.5,46.7,29.8,4.54,15,clay,416,23.1,303,0.57,8.27,398.0,30.4,0.29,synthetic response curve (Mitscherlich-style) + noise; NOT measured yield
5559,Tomato,50.2,82.5,124.6,34.23,13,sandy,214,18.2,99,0.19,7.78,63.7,26.6,-0.11,synthetic response curve (Mitscherlich-style) + noise; NOT measured yield
5560,Rice,175.4,40.7,44.6,4.16,8,clay,347,16.9,199,0.64,7.97,127.4,29.9,1.71,synthetic response curve (Mitscherlich-style) + noise; NOT measured yield
5561,Mustard,83.9,46.3,35.6,1.22,11,loam,320,6.3,144,0.42,6.02,154.4,27.7,-0.72,synthetic response curve (Mitscherlich-style) + noise; NOT measured yield
5562,Mustard,68.6,49.8,29.4,1.39,8,clay,536,15.2,126,0.78,8.69,117.0,32.4,0.25,synthetic response curve (Mitscherlich-style) + noise; NOT measured yield
5563,Sorghum,4.6,47.6,5.8,1.97,14,clay,481,6.9,208,0.89,8.9,72.3,25.4,-0.49,synthetic response curve (Mitscherlich-style) + noise; NOT measured yield
5564,Rice,117.4,15.9,20.1,3.29,4,sandy,195,9.2,30,0.34,6.07,78.1,27.7,-0.38,synthetic response curve (Mitscherlich-style) + noise; NOT measured yield
5565,Mustard,111.9,4.3,32.5,0.73,15,clay,491,7.3,416,0.62,6.21,631.1,29.8,0.07,synthetic response curve (Mitscherlich-style) + noise; NOT measured yield
5566,Sugarcane,83.3,12.7,78.5,51.6,7,clay,414,10.2,336,0.51,7.4,440.9,26.0,0.9,synthetic response curve (Mitscherlich-style) + noise; NOT measured yield
5567,Sorghum,118.9,5.6,30.8,1.25,14,clay,496,4.7,291,0.88,8.88,114.0,24.4,-1.38,synthetic response curve (Mitscherlich-style) + noise; NOT measured yield
5568,Rice,85.5,33.3,31.1,4.0,15,clay,458,4.7,438,0.64,8.52,442.5,27.3,0.59,synthetic response curve (Mitscherlich-style) + noise; NOT measured yield
5569,Pigeon pea,27.9,42.6,32.1,1.38,13,sandy,353,3.9,267,0.19,5.97,213.3,29.2,0.65,synthetic response curve (Mitscherlich-style) + noise; NOT measured yield
5570,Wheat,78.6,21.0,2.3,2.93,12,loam,533,11.3,192,0.5,6.88,32.8,24.1,0.56,synthetic response curve (Mitscherlich-style) + noise; NOT measured yield
5571,Sugarcane,84.7,106.0,79.5,74.32,7,clay,493,15.1,352,0.86,6.39,130.3,22.6,-1.67,synthetic response curve (Mitscherlich-style) + noise; NOT measured yield
5572,Groundnut,5.0,14.1,52.9,1.32,11,loam,376,7.1,227,0.6,6.54,308.2,22.7,0.91,synthetic response curve (Mitscherlich-style) + noise; NOT measured yield
5573,Rice,23.4,50.5,48.9,3.96,4,sandy,350,21.3,220,0.47,6.63,35.6,25.3,-0.45,synthetic response curve (Mitscherlich-style) + noise; NOT measured yield
5574,Ragi,49.1,10.1,13.3,1.41,5,loam,499,33.8,35,0.77,8.03,120.8,23.2,0.72,synthetic response curve (Mitscherlich-style) + noise; NOT measured yield
5575,Rice,57.8,78.1,59.1,4.47,12,loam,317,14.4,301,0.4,7.3,190.4,28.6,-0.32,synthetic response curve (Mitscherlich-style) + noise; NOT measured yield
5576,Banana,91.1,33.3,32.4,31.89,12,loam,361,14.5,206,0.6,5.67,275.2,24.1,-0.27,synthetic response curve (Mitscherlich-style) + noise; NOT measured yield
5577,Rice,155.9,7.2,46.4,2.61,4,sandy,559,6.6,204,0.53,6.87,404.0,24.9,0.08,synthetic response curve (Mitscherlich-style) + noise; NOT measured yield
5578,Potato,35.7,36.3,108.2,21.25,15,clay,400,30.5,297,0.49,7.58,268.7,23.7,0.38,synthetic response curve (Mitscherlich-style) + noise; NOT measured yield
5579,Potato,85.3,15.4,63.4,17.77,11,loam,484,10.4,117,0.89,6.57,328.2,27.3,0.49,synthetic response curve (Mitscherlich-style) + noise; NOT measured yield
5580,Mustard,21.2,47.2,18.1,0.99,15,clay,531,16.6,164,0.81,8.81,562.2,25.5,-0.52,synthetic response curve (Mitscherlich-style) + noise; NOT measured yield
5581,Chilli,130.5,17.8,56.6,1.83,8,clay,483,14.9,192,0.67,8.26,161.6,25.2,0.49,synthetic response curve (Mitscherlich-style) + noise; NOT measured yield
5582,Soybean,28.6,69.1,22.6,2.26,9,clay,574,7.5,183,1.0,8.03,531.4,21.9,1.21,synthetic response curve (Mitscherlich-style) + noise; NOT measured yield
5583,Wheat,56.4,47.8,22.1,3.62,10,sandy,354,9.7,150,0.51,6.8,120.6,19.4,0.27,synthetic response curve (Mitscherlich-style) + noise; NOT measured yield
5584,Chilli,18.1,18.8,33.4,1.72,3,sandy,344,10.9,112,0.36,7.26,211.1,30.4,0.45,synthetic response curve (Mitscherlich-style) + noise; NOT measured yield
5585,Rice,36.7,40.9,14.7,4.3,5,loam,522,9.8,307,0.85,6.19,32.7,20.8,-0.53,synthetic response curve (Mitscherlich-style) + noise; NOT measured yield
5586,Cotton,126.1,75.3,52.9,1.92,15,clay,348,5.6,258,0.73,8.0,291.9,27.5,1.03,synthetic response curve (Mitscherlich-style) + noise; NOT measured yield
5587,Cotton,154.0,64.8,83.6,2.26,11,loam,426,29.5,204,0.69,7.32,170.9,31.2,-0.17,synthetic response curve (Mitscherlich-style) + noise; NOT measured yield
5588,Wheat,1.8,16.3,49.6,2.91,9,clay,394,14.4,280,0.71,7.12,41.1,26.1,-0.61,synthetic response curve (Mitscherlich-style) + noise; NOT measured yield
5589,Green gram,17.7,17.0,12.2,0.68,1,clay,600,10.0,197,1.28,8.52,553.1,29.6,-0.3,synthetic response curve (Mitscherlich-style) + noise; NOT measured yield
5590,Onion,69.7,48.0,61.8,31.61,1,clay,521,17.5,151,0.93,7.23,527.9,28.3,0.63,synthetic response curve (Mitscherlich-style) + noise; NOT measured yield
5591,Soybean,26.3,40.7,21.4,2.18,9,clay,500,27.9,350,0.84,7.17,19.7,27.8,-0.22,synthetic response curve (Mitscherlich-style) + noise; NOT measured yield
5592,Groundnut,23.7,68.1,23.1,1.76,2,loam,330,6.7,235,0.66,6.18,114.5,29.6,0.66,synthetic response curve (Mitscherlich-style) + noise; NOT measured yield
5593,Cotton,63.6,71.9,28.0,1.36,3,sandy,314,19.5,61,0.57,6.95,177.9,27.1,-1.29,synthetic response curve (Mitscherlich-style) + noise; NOT measured yield
5594,Wheat,69.8,78.5,34.9,4.57,9,clay,390,20.3,430,0.65,6.14,346.2,26.9,-0.35,synthetic response curve (Mitscherlich-style) + noise; NOT measured yield
5595,Potato,136.1,73.7,152.6,22.69,15,clay,282,15.3,316,0.32,7.98,296.1,24.8,0.88,synthetic response curve (Mitscherlich-style) + noise; NOT measured yield
5596,Groundnut,5.5,36.6,57.6,1.68,13,sandy,396,28.1,294,0.29,7.69,207.0,25.3,-0.53,synthetic response curve (Mitscherlich-style) + noise; NOT measured yield
5597,Tomato,106.5,88.8,70.8,37.09,7,clay,434,11.0,275,0.73,8.47,173.8,19.2,-0.3,synthetic response curve (Mitscherlich-style) + noise; NOT measured yield
5598,Rice,110.7,26.6,78.5,4.31,15,clay,314,27.4,205,0.45,6.69,836.8,29.7,0.87,synthetic response curve (Mitscherlich-style) + noise; NOT measured yield
5599,Mustard,54.2,52.7,21.8,1.25,10,sandy,303,24.3,271,0.38,8.99,160.3,25.6,0.34,synthetic response curve (Mitscherlich-style) + noise; NOT measured yield
5600,Potato,95.6,61.0,148.3,22.11,15,clay,334,8.5,181,0.72,8.36,786.3,27.0,-1.46,synthetic response curve (Mitscherlich-style) + noise; NOT measured yield
5601,Chickpea,25.6,29.0,13.4,1.53,4,sandy,455,43.6,253,0.77,6.83,22.0,26.5,0.29,synthetic response curve (Mitscherlich-style) + noise; NOT measured yield
5602,Chickpea,7.1,5.3,26.0,0.95,9,clay,433,5.6,205,0.68,8.35,112.5,23.8,1.99,synthetic response curve (Mitscherlich-style) + noise; NOT measured yield
5603,Sorghum,7.0,10.0,1.3,2.16,14,clay,402,28.2,368,0.52,8.5,179.2,25.9,-0.11,synthetic response curve (Mitscherlich-style) + noise; NOT measured yield
5604,Rice,53.0,80.2,77.5,4.73,15,clay,423,5.2,421,0.71,7.13,99.2,29.9,0.15,synthetic response curve (Mitscherlich-style) + noise; NOT measured yield
5605,Tomato,145.3,4.9,115.4,19.16,13,sandy,280,5.0,146,0.19,6.49,61.8,27.9,0.3,synthetic response curve (Mitscherlich-style) + noise; NOT measured yield
5606,Cotton,164.2,34.6,28.7,1.47,3,sandy,309,6.8,177,0.32,7.33,101.1,32.3,-0.22,synthetic response curve (Mitscherlich-style) + noise; NOT measured yield
5607,Mustard,53.6,43.6,4.4,0.86,10,sandy,369,20.8,98,0.82,4.75,304.3,27.9,-0.18,synthetic response curve (Mitscherlich-style) + noise; NOT measured yield
5608,Cotton,179.2,32.5,22.0,1.48,2,loam,495,9.6,183,0.58,6.4,41.2,24.5,-0.64,synthetic response curve (Mitscherlich-style) + noise; NOT measured yield
5609,Pigeon pea,3.3,33.7,13.1,1.37,6,clay,495,10.4,268,0.68,7.74,375.8,25.4,-0.01,synthetic response curve (Mitscherlich-style) + noise; NOT measured yield
5610,Onion,142.0,25.3,4.7,22.11,1,clay,650,15.9,313,0.89,7.66,603.7,27.5,0.21,synthetic response curve (Mitscherlich-style) + noise; NOT measured yield
5611,Maize,171.0,1.9,78.8,2.68,12,loam,402,9.5,254,0.34,5.41,489.0,25.1,1.01,synthetic response curve (Mitscherlich-style) + noise; NOT measured yield
5612,Wheat,178.7,75.8,50.5,3.78,12,loam,490,46.7,317,0.53,6.88,223.0,28.4,-1.21,synthetic response curve (Mitscherlich-style) + noise; NOT measured yield
5613,Banana,112.3,44.5,51.1,30.51,2,loam,504,10.4,313,0.54,7.2,1026.9,28.4,-1.26,synthetic response curve (Mitscherlich-style) + noise; NOT measured yield
5614,Cotton,117.0,9.5,57.6,1.02,14,clay,155,8.6,318,0.34,7.34,190.9,29.6,-0.24,synthetic response curve (Mitscherlich-style) + noise; NOT measured yield
5615,Ragi,39.1,43.1,45.4,1.92,13,sandy,286,14.3,114,0.2,6.83,24.2,25.2,0.24,synthetic response curve (Mitscherlich-style) + noise; NOT measured yield
5616,Tomato,167.8,82.5,141.3,36.3,13,sandy,80,17.9,203,0.34,7.62,672.9,25.0,0.58,synthetic response curve (Mitscherlich-style) + noise; NOT measured yield
5617,Cotton,41.3,23.4,3.5,1.39,7,clay,454,47.2,234,0.83,6.45,434.7,27.3,0.62,synthetic response curve (Mitscherlich-style) + noise; NOT measured yield
5618,Rice,178.8,70.1,19.8,4.23,15,clay,405,15.5,230,0.62,7.26,240.5,26.7,1.42,synthetic response curve (Mitscherlich-style) + noise; NOT measured yield
5619,Potato,167.3,90.3,165.5,24.23,15,clay,400,14.2,253,0.71,8.79,153.7,27.7,0.81,synthetic response curve (Mitscherlich-style) + noise; NOT measured yield
5620,Soybean,2.7,83.1,59.2,1.27,9,clay,187,35.2,312,0.5,7.03,79.7,24.5,-1.1,synthetic response curve (Mitscherlich-style) + noise; NOT measured yield
5621,Soybean,2.2,69.5,32.0,1.97,6,clay,382,9.3,307,0.7,6.21,188.3,27.6,1.0,synthetic response curve (Mitscherlich-style) + noise; NOT measured yield
5622,Wheat,109.8,15.8,31.8,2.68,12,loam,337,14.0,229,0.43,7.13,229.0,28.7,-0.92,synthetic response curve (Mitscherlich-style) + noise; NOT measured yield
5623,Groundnut,11.9,10.3,21.0,1.23,1,clay,685,8.8,269,0.74,7.48,116.2,27.2,0.82,synthetic response curve (Mitscherlich-style) + noise; NOT measured yield
5624,Turmeric,124.2,4.9,16.5,13.45,6,clay,420,29.5,432,0.71,8.64,133.6,26.9,-0.22,synthetic response curve (Mitscherlich-style) + noise; NOT measured yield
5625,Green gram,29.0,25.5,1.7,0.85,1,clay,454,20.6,492,0.74,8.25,207.1,25.0,1.1,synthetic response curve (Mitscherlich-style) + noise; NOT measured yield
5626,Wheat,122.4,4.1,49.3,2.34,12,loam,389,5.3,350,0.47,6.99,271.2,26.0,0.38,synthetic response curve (Mitscherlich-style) + noise; NOT measured yield
5627,Pigeon pea,26.6,39.0,36.1,1.46,1,clay,595,22.6,204,1.08,8.67,59.0,30.7,0.95,synthetic response curve (Mitscherlich-style) + noise; NOT measured yield
5628,Maize,25.0,70.6,26.1,5.59,12,loam,501,13.7,228,0.94,6.4,604.6,25.1,0.41,synthetic response curve (Mitscherlich-style) + noise; NOT measured yield
5629,Soybean,32.8,59.7,11.9,2.35,9,clay,466,18.6,379,0.66,6.22,225.0,25.2,-0.31,synthetic response curve (Mitscherlich-style) + noise; NOT measured yield
5630,Onion,26.4,25.1,38.5,25.64,7,clay,422,17.8,159,0.72,7.36,186.9,25.7,-0.21,synthetic response curve (Mitscherlich-style) + noise; NOT measured yield
5631,Wheat,138.5,9.5,25.3,2.77,10,sandy,214,12.1,133,0.37,5.6,19.0,20.5,0.62,synthetic response curve (Mitscherlich-style) + noise; NOT measured yield
5632,Onion,62.8,12.8,77.4,25.56,1,clay,317,47.4,258,0.41,7.3,407.6,23.4,0.03,synthetic response curve (Mitscherlich-style) + noise; NOT measured yield
5633,Maize,182.5,29.3,16.5,4.25,13,sandy,301,10.0,242,0.44,4.79,84.8,26.0,-0.63,synthetic response curve (Mitscherlich-style) + noise; NOT measured yield
5634,Wheat,168.7,7.1,58.5,2.84,4,sandy,282,16.3,30,0.1,7.49,126.9,32.4,-0.38,synthetic response curve (Mitscherlich-style) + noise; NOT measured yield
5635,Tomato,19.5,15.1,54.9,21.18,13,sandy,466,5.9,99,0.72,5.99,365.7,27.6,-1.45,synthetic response curve (Mitscherlich-style) + noise; NOT measured yield
5636,Chilli,48.4,46.9,64.4,2.24,14,clay,487,16.9,216,0.96,6.75,156.4,24.3,-0.01,synthetic response curve (Mitscherlich-style) + noise; NOT measured yield
5637,Soybean,17.6,64.0,3.9,1.8,9,clay,290,24.5,263,0.51,8.4,113.7,20.0,-0.31,synthetic response curve (Mitscherlich-style) + noise; NOT measured yield
5638,Wheat,40.9,49.9,2.2,3.82,9,clay,419,4.1,292,0.6,7.93,67.3,20.3,1.45,synthetic response curve (Mitscherlich-style) + noise; NOT measured yield
5639,Chilli,48.4,36.8,26.8,2.34,14,clay,395,28.9,323,0.61,8.1,156.8,24.7,0.39,synthetic response curve (Mitscherlich-style) + noise; NOT measured yield
5640,Maize,165.3,45.8,29.4,6.0,7,clay,438,15.0,275,0.62,7.64,57.3,26.4,-0.2,synthetic response curve (Mitscherlich-style) + noise; NOT measured yield
5641,Soybean,17.6,64.9,28.6,2.03,6,clay,544,19.6,322,0.89,8.15,95.3,20.8,-0.44,synthetic response curve (Mitscherlich-style) + noise; NOT measured yield
5642,Mustard,49.7,16.4,6.7,1.41,15,clay,550,90.0,268,0.9,7.73,396.2,25.3,0.05,synthetic response curve (Mitscherlich-style) + noise; NOT measured yield
5643,Onion,143.9,71.3,66.4,26.84,7,clay,617,36.2,243,1.21,8.28,140.6,23.8,2.14,synthetic response curve (Mitscherlich-style) + noise; NOT measured yield
5644,Cotton,88.3,73.6,18.7,1.71,6,clay,564,17.4,288,1.04,8.07,197.4,25.8,-1.49,synthetic response curve (Mitscherlich-style) + noise; NOT measured yield
5645,Groundnut,16.8,11.0,55.7,1.24,1,clay,497,9.8,145,0.61,6.83,644.3,27.1,-1.16,synthetic response curve (Mitscherlich-style) + noise; NOT measured yield
5646,Sugarcane,203.3,54.9,141.2,75.83,5,loam,276,12.0,332,0.35,6.42,610.3,23.6,-0.12,synthetic response curve (Mitscherlich-style) + noise; NOT measured yield
5647,Rice,117.8,43.8,17.0,3.68,4,sandy,169,12.0,113,0.34,6.42,472.0,20.7,-0.33,synthetic response curve (Mitscherlich-style) + noise; NOT measured yield
5648,Sunflower,1.4,56.3,52.9,1.49,12,loam,322,22.1,249,0.61,8.08,546.4,26.2,0.64,synthetic response curve (Mitscherlich-style) + noise; NOT measured yield
5649,Turmeric,100.3,50.4,115.2,20.14,8,clay,452,11.7,264,0.54,7.64,231.3,26.0,-0.01,synthetic response curve (Mitscherlich-style) + noise; NOT measured yield
5650,Pigeon pea,23.2,27.5,34.4,1.28,6,clay,442,17.9,153,0.58,7.77,260.8,26.5,0.61,synthetic response curve (Mitscherlich-style) + noise; NOT measured yield
5651,Rice,31.1,32.1,1.5,3.5,15,clay,366,4.9,271,0.47,8.67,1247.2,27.3,0.17,synthetic response curve (Mitscherlich-style) + noise; NOT measured yield
5652,Onion,42.1,20.4,75.2,25.46,7,clay,363,37.1,207,0.52,7.64,425.5,26.0,1.31,synthetic response curve (Mitscherlich-style) + noise; NOT measured yield
5653,Sugarcane,126.6,13.4,72.7,44.46,7,clay,355,16.5,261,0.57,7.35,311.0,26.1,-0.57,synthetic response curve (Mitscherlich-style) + noise; NOT measured yield
5654,Rice,176.9,14.4,77.5,4.19,11,loam,352,64.1,216,0.11,6.71,264.6,22.4,-2.39,synthetic response curve (Mitscherlich-style) + noise; NOT measured yield
5655,Wheat,121.5,30.4,28.8,3.43,4,sandy,292,9.7,30,0.33,6.64,476.8,26.5,-0.47,synthetic response curve (Mitscherlich-style) + noise; NOT measured yield
5656,Maize,143.7,25.6,55.1,4.65,7,clay,334,30.1,256,0.72,7.55,35.7,25.0,0.47,synthetic response curve (Mitscherlich-style) + noise; NOT measured yield
5657,Sugarcane,61.0,59.0,28.8,75.11,11,loam,310,10.7,220,0.47,6.92,214.3,30.9,0.3,synthetic response curve (Mitscherlich-style) + noise; NOT measured yield
5658,Sugarcane,73.3,66.5,30.9,54.93,5,loam,532,7.7,42,0.68,7.37,347.3,26.6,0.75,synthetic response curve (Mitscherlich-style) + noise; NOT measured yield
5659,Chickpea,24.7,65.8,28.5,1.78,7,clay,433,10.3,369,0.59,7.43,393.6,22.6,0.12,synthetic response curve (Mitscherlich-style) + noise; NOT measured yield
5660,Green gram,13.0,12.1,6.9,0.62,1,clay,423,17.2,209,0.69,7.94,184.7,31.3,-0.45,synthetic response curve (Mitscherlich-style) + noise; NOT measured yield
5661,Soybean,5.0,21.3,31.9,1.76,12,loam,512,19.6,180,0.52,6.25,329.6,25.3,-1.43,synthetic response curve (Mitscherlich-style) + noise; NOT measured yield
5662,Sorghum,99.8,11.2,45.7,1.95,13,sandy,240,13.5,161,0.33,6.18,401.6,27.7,-0.57,synthetic response curve (Mitscherlich-style) + noise; NOT measured yield
5663,Rice,122.4,74.4,10.2,4.2,11,loam,427,23.1,228,0.72,5.79,873.4,21.8,0.61,synthetic response curve (Mitscherlich-style) + noise; NOT measured yield
5664,Tomato,83.2,5.2,64.9,26.92,8,clay,192,38.6,186,0.41,8.76,88.2,32.9,1.4,synthetic response curve (Mitscherlich-style) + noise; NOT measured yield
5665,Tomato,150.0,51.3,75.3,31.52,14,clay,284,11.6,382,0.33,8.88,579.0,22.8,0.74,synthetic response curve (Mitscherlich-style) + noise; NOT measured yield
5666,Tomato,68.5,4.6,104.4,22.07,13,sandy,300,13.3,242,0.1,7.6,103.8,26.2,1.5,synthetic response curve (Mitscherlich-style) + noise; NOT measured yield
5667,Chilli,125.3,27.3,71.1,1.54,8,clay,429,32.4,137,0.77,9.01,49.6,30.4,-1.93,synthetic response curve (Mitscherlich-style) + noise; NOT measured yield
5668,Pigeon pea,11.7,38.9,42.3,1.17,10,sandy,216,9.6,134,0.11,5.74,416.4,24.2,0.06,synthetic response curve (Mitscherlich-style) + noise; NOT measured yield
5669,Wheat,2.1,6.7,56.1,2.57,15,clay,301,9.0,275,0.39,7.48,36.2,30.1,0.57,synthetic response curve (Mitscherlich-style) + noise; NOT measured yield
5670,Lentil,28.2,31.8,29.8,0.85,4,sandy,221,12.8,126,0.62,6.25,15.0,24.8,0.04,synthetic response curve (Mitscherlich-style) + noise; NOT measured yield
5671,Wheat,82.7,3.9,7.2,2.51,12,loam,340,22.4,228,0.23,7.97,1723.0,27.9,-0.5,synthetic response curve (Mitscherlich-style) + noise; NOT measured yield
5672,Pigeon pea,2.5,47.7,2.4,1.13,6,clay,459,47.4,371,0.75,7.4,37.5,26.9,1.9,synthetic response curve (Mitscherlich-style) + noise; NOT measured yield
5673,Maize,163.1,90.4,62.2,5.82,2,loam,411,6.5,190,0.42,7.54,21.4,28.9,-0.25,synthetic response curve (Mitscherlich-style) + noise; NOT measured yield
5674,Lentil,17.7,30.6,30.3,0.89,7,clay,373,6.3,375,0.6,8.04,8.2,20.4,-0.98,synthetic response curve (Mitscherlich-style) + noise; NOT measured yield
5675,Rice,149.8,0.5,62.3,4.42,8,clay,307,83.2,339,0.54,6.77,66.4,32.5,0.13,synthetic response curve (Mitscherlich-style) + noise; NOT measured yield
5676,Wheat,19.6,30.4,44.6,3.51,12,loam,432,26.6,178,0.56,6.05,238.4,28.0,-0.15,synthetic response curve (Mitscherlich-style) + noise; NOT measured yield
5677,Banana,234.4,54.9,94.8,35.97,3,sandy,229,4.7,266,0.1,7.44,118.7,25.8,-0.29,synthetic response curve (Mitscherlich-style) + noise; NOT measured yield
5678,Wheat,122.6,71.9,41.0,4.01,9,clay,399,34.3,194,0.74,7.59,103.6,28.8,-0.09,synthetic response curve (Mitscherlich-style) + noise; NOT measured yield
5679,Mustard,1.5,35.1,19.8,1.28,10,sandy,345,4.7,215,0.1,6.28,287.6,29.6,1.38,synthetic response curve (Mitscherlich-style) + noise; NOT measured yield
5680,Lentil,4.2,11.2,8.4,0.74,10,sandy,213,10.4,209,0.19,7.89,43.0,21.4,-0.17,synthetic response curve (Mitscherlich-style) + noise; NOT measured yield
5681,Maize,163.7,38.1,9.7,3.36,13,sandy,388,14.5,30,0.41,7.53,277.6,20.4,0.59,synthetic response curve (Mitscherlich-style) + noise; NOT measured yield
5682,Maize,146.7,32.0,60.1,5.36,12,loam,313,41.5,355,0.37,6.97,442.2,24.5,-0.52,synthetic response curve (Mitscherlich-style) + noise; NOT measured yield
5683,Maize,120.8,85.2,57.9,5.65,7,clay,467,22.8,264,0.65,8.58,36.9,20.6,-1.31,synthetic response curve (Mitscherlich-style) + noise; NOT measured yield
5684,Sugarcane,281.5,29.2,70.2,54.03,5,loam,363,5.5,121,0.54,8.14,37.5,20.8,-1.48,synthetic response curve (Mitscherlich-style) + noise; NOT measured yield
5685,Chilli,126.8,41.8,3.0,1.9,14,clay,479,3.7,344,0.34,8.02,374.5,26.0,0.56,synthetic response curve (Mitscherlich-style) + noise; NOT measured yield
5686,Sorghum,60.3,23.7,20.9,2.26,14,clay,389,22.3,222,0.85,7.85,17.5,27.0,1.2,synthetic response curve (Mitscherlich-style) + noise; NOT measured yield
5687,Onion,18.7,3.8,42.6,15.1,2,loam,338,15.2,263,0.57,7.6,12.1,27.0,-1.06,synthetic response curve (Mitscherlich-style) + noise; NOT measured yield
5688,Soybean,20.1,26.5,57.5,1.75,7,clay,406,28.2,136,0.68,8.95,167.2,23.8,0.89,synthetic response curve (Mitscherlich-style) + noise; NOT measured yield
5689,Maize,58.3,50.9,7.8,4.51,12,loam,346,12.2,203,0.55,7.86,184.2,27.6,1.39,synthetic response curve (Mitscherlich-style) + noise; NOT measured yield
5690,Mustard,2.9,8.1,3.8,0.78,10,sandy,359,9.3,186,0.52,6.14,396.5,23.8,-0.39,synthetic response curve (Mitscherlich-style) + noise; NOT measured yield
5691,Cotton,148.0,74.2,70.3,1.78,14,clay,402,28.0,268,0.76,6.14,181.2,28.8,-0.38,synthetic response curve (Mitscherlich-style) + noise; NOT measured yield
5692,Chilli,1.8,3.2,37.1,1.4,4,sandy,173,16.0,160,0.19,6.54,50.3,27.5,1.02,synthetic response curve (Mitscherlich-style) + noise; NOT measured yield
5693,Rice,18.8,6.5,41.9,3.75,15,clay,565,39.6,247,0.74,7.14,755.7,24.6,0.28,synthetic response curve (Mitscherlich-style) + noise; NOT measured yield
5694,Wheat,158.9,64.1,32.8,3.26,4,sandy,177,6.0,61,0.19,6.6,46.9,20.4,-0.83,synthetic response curve (Mitscherlich-style) + noise; NOT measured yield
5695,Wheat,107.4,65.8,67.5,4.24,2,loam,368,10.8,244,0.51,6.94,63.8,27.1,-0.56,synthetic response curve (Mitscherlich-style) + noise; NOT measured yield
5696,Wheat,37.1,37.2,4.0,2.59,12,loam,347,1.8,196,0.74,7.04,624.7,30.4,-1.67,synthetic response curve (Mitscherlich-style) + noise; NOT measured yield
5697,Sorghum,86.6,48.2,41.9,3.0,14,clay,441,10.4,252,0.67,7.93,242.9,21.0,1.74,synthetic response curve (Mitscherlich-style) + noise; NOT measured yield
5698,Pigeon pea,13.1,26.5,14.4,1.01,6,clay,503,7.9,284,0.6,6.41,119.2,28.6,-0.01,synthetic response curve (Mitscherlich-style) + noise; NOT measured yield
5699,Cotton,87.5,54.7,68.0,1.86,3,sandy,408,9.0,30,0.52,6.63,59.4,23.0,0.73,synthetic response curve (Mitscherlich-style) + noise; NOT measured yield
5700,Sorghum,50.9,26.1,4.4,2.16,14,clay,442,5.1,202,0.72,7.53,125.2,25.4,0.39,synthetic response curve (Mitscherlich-style) + noise; NOT measured yield
5701,Sorghum,113.2,7.0,27.4,1.48,2,loam,388,11.1,228,0.61,6.82,201.3,22.6,0.39,synthetic response curve (Mitscherlich-style) + noise; NOT measured yield
5702,Turmeric,121.3,39.8,105.5,18.98,10,sandy,274,12.8,126,0.27,7.47,84.2,23.6,0.12,synthetic response curve (Mitscherlich-style) + noise; NOT measured yield
5703,Groundnut,13.7,24.7,40.0,1.51,2,loam,413,13.3,186,0.52,7.76,57.5,24.7,-0.53,synthetic response curve (Mitscherlich-style) + noise; NOT measured yield
5704,Tomato,118.7,68.9,143.7,34.13,10,sandy,283,7.8,30,0.41,6.62,47.7,22.9,-1.06,synthetic response curve (Mitscherlich-style) + noise; NOT measured yield
5705,Sorghum,78.8,31.9,16.2,2.06,2,loam,491,9.4,42,0.43,8.0,226.0,26.2,0.95,synthetic response curve (Mitscherlich-style) + noise; NOT measured yield
5706,Pigeon pea,20.9,17.8,44.7,1.19,6,clay,397,31.6,299,0.58,8.61,201.7,24.8,0.34,synthetic response curve (Mitscherlich-style) + noise; NOT measured yield
5707,Onion,71.0,54.0,93.3,25.75,7,clay,355,11.4,142,0.61,8.89,91.7,20.7,0.1,synthetic response curve (Mitscherlich-style) + noise; NOT measured yield
5708,Cotton,60.5,69.1,18.4,1.63,14,clay,209,12.7,244,0.51,7.69,545.7,22.8,2.1,synthetic response curve (Mitscherlich-style) + noise; NOT measured yield
5709,Rice,28.4,50.0,41.9,3.98,11,loam,337,8.3,254,0.71,6.94,342.9,21.1,-0.28,synthetic response curve (Mitscherlich-style) + noise; NOT measured yield
5710,Maize,80.7,62.1,35.7,4.4,15,clay,401,11.0,196,0.55,8.01,755.4,27.8,-1.77,synthetic response curve (Mitscherlich-style) + noise; NOT measured yield
5711,Mustard,101.4,17.1,14.1,1.1,9,clay,329,10.4,257,0.89,7.87,662.6,25.4,0.73,synthetic response curve (Mitscherlich-style) + noise; NOT measured yield
5712,Rice,134.0,39.5,27.2,4.47,4,sandy,423,22.3,215,0.37,6.84,612.2,18.8,-0.02,synthetic response curve (Mitscherlich-style) + noise; NOT measured yield
5713,Onion,17.2,23.6,11.1,18.83,7,clay,507,17.3,167,0.66,8.52,187.5,22.8,-1.08,synthetic response curve (Mitscherlich-style) + noise; NOT measured yield
5714,Tomato,63.8,97.9,137.2,33.79,8,clay,402,20.3,272,0.7,7.38,169.4,28.5,-0.53,synthetic response curve (Mitscherlich-style) + noise; NOT measured yield
5715,Soybean,16.6,27.0,16.5,1.76,9,clay,368,9.9,303,0.71,6.72,181.3,26.6,-1.7,synthetic response curve (Mitscherlich-style) + noise; NOT measured yield
5716,Sorghum,113.8,39.0,42.2,2.39,14,clay,407,7.1,264,0.49,7.87,93.9,23.1,1.81,synthetic response curve (Mitscherlich-style) + noise; NOT measured yield
5717,Turmeric,41.2,53.4,43.0,18.36,14,clay,270,25.6,312,0.47,7.14,115.6,24.3,-0.11,synthetic response curve (Mitscherlich-style) + noise; NOT measured yield
5718,Sunflower,110.6,62.1,10.2,1.52,2,loam,297,12.4,224,0.44,7.91,138.5,23.6,1.18,synthetic response curve (Mitscherlich-style) + noise; NOT measured yield
5719,Rice,80.5,54.3,4.8,3.48,12,loam,295,4.8,208,0.48,6.4,571.2,22.4,2.12,synthetic response curve (Mitscherlich-style) + noise; NOT measured yield
5720,Wheat,143.2,48.8,35.2,3.87,5,loam,381,8.6,119,0.42,7.38,45.2,24.0,1.04,synthetic response curve (Mitscherlich-style) + noise; NOT measured yield
5721,Chickpea,17.0,34.9,31.0,1.33,9,clay,418,3.0,356,0.54,8.51,87.4,24.9,1.6,synthetic response curve (Mitscherlich-style) + noise; NOT measured yield
5722,Rice,76.1,45.0,67.0,3.89,15,clay,448,10.8,172,0.6,8.09,96.2,30.1,0.16,synthetic response curve (Mitscherlich-style) + noise; NOT measured yield
5723,Cotton,74.1,55.1,24.8,1.76,14,clay,410,9.8,306,0.79,7.23,180.7,27.8,0.27,synthetic response curve (Mitscherlich-style) + noise; NOT measured yield
5724,Groundnut,5.2,18.3,28.5,1.46,8,clay,394,68.5,203,0.61,7.35,142.3,26.0,-0.96,synthetic response curve (Mitscherlich-style) + noise; NOT measured yield
5725,Rice,34.7,62.2,47.3,4.24,1,clay,426,3.5,231,0.62,7.29,18.0,27.1,-1.31,synthetic response curve (Mitscherlich-style) + noise; NOT measured yield
5726,Chilli,1.1,13.9,39.4,1.53,15,clay,432,9.6,318,0.68,7.62,535.6,29.3,2.29,synthetic response curve (Mitscherlich-style) + noise; NOT measured yield
5727,Lentil,29.9,30.9,3.3,0.65,14,clay,325,5.1,162,0.47,8.85,97.8,28.0,-0.17,synthetic response curve (Mitscherlich-style) + noise; NOT measured yield
5728,Sunflower,21.0,14.5,18.2,1.22,6,clay,489,6.3,406,0.95,8.21,779.0,23.5,0.73,synthetic response curve (Mitscherlich-style) + noise; NOT measured yield
5729,Soybean,20.3,54.3,21.7,1.78,3,sandy,222,7.8,30,0.1,6.47,462.8,27.3,-1.3,synthetic response curve (Mitscherlich-style) + noise; NOT measured yield
5730,Cotton,139.2,35.7,12.8,1.59,8,clay,497,20.2,229,0.83,8.08,359.1,32.3,0.59,synthetic response curve (Mitscherlich-style) + noise; NOT measured yield
5731,Tomato,96.5,36.3,72.2,35.3,13,sandy,319,7.5,52,0.33,5.85,174.9,22.3,-0.1,synthetic response curve (Mitscherlich-style) + noise; NOT measured yield
5732,Sugarcane,255.6,11.3,129.5,50.09,7,clay,493,17.0,172,0.69,8.61,97.0,24.6,0.98,synthetic response curve (Mitscherlich-style) + noise; NOT measured yield
5733,Groundnut,30.4,47.9,34.8,1.59,1,clay,283,21.3,317,0.59,5.59,218.3,33.0,0.18,synthetic response curve (Mitscherlich-style) + noise; NOT measured yield
5734,Maize,148.1,33.8,65.1,4.68,7,clay,339,11.1,220,0.35,8.85,103.0,26.6,-0.65,synthetic response curve (Mitscherlich-style) + noise; NOT measured yield
5735,Rice,115.3,53.5,74.4,4.53,8,clay,400,7.9,305,0.81,7.35,11.9,34.3,1.86,synthetic response curve (Mitscherlich-style) + noise; NOT measured yield
5736,Cotton,27.4,20.4,33.2,1.37,14,clay,286,11.9,328,0.51,8.45,61.4,24.9,-1.02,synthetic response curve (Mitscherlich-style) + noise; NOT measured yield
5737,Cotton,151.2,16.2,18.7,1.27,13,sandy,439,8.2,151,0.53,5.45,194.4,27.3,0.51,synthetic response curve (Mitscherlich-style) + noise; NOT measured yield
5738,Wheat,147.0,27.2,56.1,2.89,11,loam,454,5.8,317,1.01,7.93,205.4,28.1,-1.32,synthetic response curve (Mitscherlich-style) + noise; NOT measured yield
5739,Onion,133.2,13.5,18.5,16.95,7,clay,370,14.6,297,0.44,6.81,69.9,28.7,-0.86,synthetic response curve (Mitscherlich-style) + noise; NOT measured yield
5740,Mustard,102.4,33.5,20.3,1.22,15,clay,446,4.4,234,0.91,8.73,458.7,29.2,1.43,synthetic response curve (Mitscherlich-style) + noise; NOT measured yield
5741,Groundnut,11.7,24.0,39.8,1.4,4,sandy,353,22.7,30,0.45,6.13,209.8,24.5,-1.5,synthetic response curve (Mitscherlich-style) + noise; NOT measured yield
5742,Sugarcane,311.6,46.2,13.6,49.25,5,loam,296,10.7,161,0.26,9.02,111.1,27.4,0.96,synthetic response curve (Mitscherlich-style) + noise; NOT measured yield
5743,Tomato,67.7,46.7,109.9,29.76,13,sandy,363,15.4,30,0.25,8.59,23.7,29.9,-2.23,synthetic response curve (Mitscherlich-style) + noise; NOT measured yield
5744,Potato,80.2,69.4,139.2,24.94,15,clay,522,15.4,285,0.93,6.4,1079.4,29.4,0.72,synthetic response curve (Mitscherlich-style) + noise; NOT measured yield
5745,Ragi,69.2,40.3,9.8,2.04,13,sandy,380,31.2,287,0.57,7.63,290.5,19.4,0.14,synthetic response curve (Mitscherlich-style) + noise; NOT measured yield
5746,Potato,73.5,107.2,17.0,14.62,11,loam,524,34.5,64,0.72,5.82,225.0,23.9,-0.91,synthetic response curve (Mitscherlich-style) + noise; NOT measured yield
5747,Mustard,77.8,40.6,30.0,1.43,15,clay,536,11.6,219,0.76,7.34,226.0,25.8,0.09,synthetic response curve (Mitscherlich-style) + noise; NOT measured yield
5748,Maize,152.8,83.4,47.4,6.13,2,loam,225,11.6,185,0.37,8.36,12.9,32.8,-0.23,synthetic response curve (Mitscherlich-style) + noise; NOT measured yield
5749,Pearl millet,77.5,35.9,14.8,1.74,11,loam,469,13.4,139,0.76,6.47,287.2,24.8,-0.11,synthetic response curve (Mitscherlich-style) + noise; NOT measured yield
5750,Maize,213.5,38.3,9.1,3.9,7,clay,536,15.0,264,0.86,6.91,310.0,25.5,-1.9,synthetic response curve (Mitscherlich-style) + noise; NOT measured yield
5751,Chickpea,12.5,38.4,21.8,1.3,9,clay,297,21.8,183,0.46,6.73,549.9,30.3,-0.68,synthetic response curve (Mitscherlich-style) + noise; NOT measured yield
5752,Wheat,153.0,61.2,27.4,3.25,4,sandy,284,11.1,157,0.25,6.35,124.8,27.1,-1.38,synthetic response curve (Mitscherlich-style) + noise; NOT measured yield
5753,Cotton,161.9,43.7,19.7,1.79,8,clay,382,9.1,261,0.56,8.48,218.8,25.6,-0.28,synthetic response curve (Mitscherlich-style) + noise; NOT measured yield
5754,Rice,45.9,76.9,75.6,4.28,4,sandy,365,17.0,90,0.68,5.78,208.7,24.8,-0.01,synthetic response curve (Mitscherlich-style) + noise; NOT measured yield
5755,Chilli,90.7,33.8,68.8,2.22,10,sandy,438,5.8,30,0.49,6.93,203.7,23.6,1.16,synthetic response curve (Mitscherlich-style) + noise; NOT measured yield
5756,Sorghum,98.5,26.2,45.5,2.01,14,clay,400,9.3,154,0.67,5.35,165.3,28.3,-0.64,synthetic response curve (Mitscherlich-style) + noise; NOT measured yield
5757,Green gram,0.7,25.3,26.5,0.71,1,clay,485,25.8,332,0.67,9.2,641.9,35.2,-0.39,synthetic response curve (Mitscherlich-style) + noise; NOT measured yield
5758,Potato,115.1,27.5,36.0,19.83,15,clay,312,9.8,396,0.55,8.13,469.1,28.5,1.08,synthetic response curve (Mitscherlich-style) + noise; NOT measured yield
5759,Sunflower,98.4,12.7,36.1,1.28,10,sandy,250,5.1,187,0.45,4.71,506.0,23.1,0.5,synthetic response curve (Mitscherlich-style) + noise; NOT measured yield
5760,Mustard,4.2,7.9,15.3,1.02,1,clay,480,15.0,310,1.05,8.23,88.3,29.4,-0.52,synthetic response curve (Mitscherlich-style) + noise; NOT measured yield
5761,Pigeon pea,21.4,28.7,1.2,0.96,9,clay,615,5.9,174,1.13,8.17,149.9,25.5,1.59,synthetic response curve (Mitscherlich-style) + noise; NOT measured yield
5762,Rice,171.3,41.1,57.9,4.54,3,sandy,394,13.0,172,0.28,6.69,131.2,32.3,0.9,synthetic response curve (Mitscherlich-style) + noise; NOT measured yield
5763,Tomato,109.8,84.8,61.8,38.88,13,sandy,337,56.5,79,0.28,7.93,134.0,22.3,-0.48,synthetic response curve (Mitscherlich-style) + noise; NOT measured yield
5764,Sugarcane,234.6,55.5,129.5,74.04,5,loam,422,14.2,30,0.74,6.4,216.1,23.3,-0.31,synthetic response curve (Mitscherlich-style) + noise; NOT measured yield
5765,Chilli,115.3,53.5,10.1,2.17,1,clay,436,6.9,375,0.63,7.12,34.3,32.1,1.06,synthetic response curve (Mitscherlich-style) + noise; NOT measured yield
5766,Ragi,30.2,45.1,28.5,1.79,13,sandy,367,6.7,72,0.5,5.76,234.9,19.7,2.3,synthetic response curve (Mitscherlich-style) + noise; NOT measured yield
5767,Wheat,151.8,53.9,4.5,3.47,9,clay,382,16.6,243,0.38,8.15,146.8,24.1,-0.35,synthetic response curve (Mitscherlich-style) + noise; NOT measured yield
5768,Mustard,32.2,38.3,35.4,0.92,10,sandy,94,9.3,121,0.34,6.54,42.9,28.3,-2.28,synthetic response curve (Mitscherlich-style) + noise; NOT measured yield
5769,Maize,212.4,62.2,4.1,4.12,13,sandy,373,6.6,280,0.28,6.27,123.8,24.4,1.36,synthetic response curve (Mitscherlich-style) + noise; NOT measured yield
5770,Chilli,13.4,55.7,47.3,2.19,9,clay,439,4.6,333,0.8,9.2,99.0,26.3,0.86,synthetic response curve (Mitscherlich-style) + noise; NOT measured yield
5771,Wheat,89.4,74.6,32.4,3.91,12,loam,219,10.8,162,0.26,7.13,52.3,24.1,1.41,synthetic response curve (Mitscherlich-style) + noise; NOT measured yield
5772,Wheat,158.0,78.5,19.4,3.93,9,clay,507,8.4,336,0.63,7.39,35.6,27.2,-0.32,synthetic response curve (Mitscherlich-style) + noise; NOT measured yield
5773,Rice,118.3,50.5,57.2,4.84,1,clay,565,11.2,226,0.96,8.05,400.6,25.3,0.46,synthetic response curve (Mitscherlich-style) + noise; NOT measured yield
5774,Potato,99.2,69.2,68.2,22.18,15,clay,512,5.3,190,0.79,7.66,944.3,29.0,1.78,synthetic response curve (Mitscherlich-style) + noise; NOT measured yield
5775,Potato,43.8,21.8,49.6,20.38,15,clay,166,22.2,264,0.24,7.79,137.2,27.7,-0.17,synthetic response curve (Mitscherlich-style) + noise; NOT measured yield
5776,Ragi,21.2,17.9,9.8,1.72,5,loam,430,11.7,332,0.42,6.94,155.3,22.6,-0.07,synthetic response curve (Mitscherlich-style) + noise; NOT measured yield
5777,Onion,86.2,15.9,37.9,16.9,10,sandy,360,12.3,86,0.33,4.91,400.3,27.3,-0.15,synthetic response curve (Mitscherlich-style) + noise; NOT measured yield
5778,Banana,144.3,46.6,237.9,30.28,2,loam,439,4.9,270,0.71,7.48,635.2,30.2,-0.91,synthetic response curve (Mitscherlich-style) + noise; NOT measured yield
5779,Sugarcane,19.4,13.4,61.6,54.99,5,loam,497,16.0,271,0.82,6.39,110.0,22.3,-0.25,synthetic response curve (Mitscherlich-style) + noise; NOT measured yield
5780,Sorghum,17.3,52.8,47.2,2.18,10,sandy,276,4.6,30,0.2,6.06,35.6,30.1,-0.88,synthetic response curve (Mitscherlich-style) + noise; NOT measured yield
5781,Cotton,11.8,8.9,62.9,1.17,6,clay,440,12.1,144,0.82,8.47,165.1,25.2,0.83,synthetic response curve (Mitscherlich-style) + noise; NOT measured yield
5782,Potato,160.3,75.3,28.5,21.81,15,clay,382,3.8,243,0.57,7.66,604.2,23.9,1.2,synthetic response curve (Mitscherlich-style) + noise; NOT measured yield
5783,Cotton,166.2,23.7,62.4,1.38,2,loam,286,11.2,75,0.53,6.76,169.3,24.3,-0.32,synthetic response curve (Mitscherlich-style) + noise; NOT measured yield
5784,Rice,106.9,67.5,17.8,4.23,11,loam,350,10.0,159,0.29,6.18,180.1,25.8,0.23,synthetic response curve (Mitscherlich-style) + noise; NOT measured yield
5785,Pigeon pea,4.8,9.4,16.7,0.78,10,sandy,259,12.1,30,0.4,7.95,23.4,20.0,-1.19,synthetic response curve (Mitscherlich-style) + noise; NOT measured yield
5786,Cotton,23.9,21.8,80.2,1.5,14,clay,621,22.0,381,1.08,7.32,68.0,18.9,-0.99,synthetic response curve (Mitscherlich-style) + noise; NOT measured yield
5787,Ragi,77.0,11.6,12.0,1.75,13,sandy,362,17.4,318,0.42,6.81,188.0,25.9,0.29,synthetic response curve (Mitscherlich-style) + noise; NOT measured yield
5788,Chilli,50.6,38.2,36.7,1.88,14,clay,596,6.3,329,0.9,8.27,182.7,25.3,1.71,synthetic response curve (Mitscherlich-style) + noise; NOT measured yield
5789,Chilli,123.3,23.1,19.6,2.11,12,loam,260,23.3,291,0.57,6.61,177.1,28.4,0.51,synthetic response curve (Mitscherlich-style) + noise; NOT measured yield
5790,Rice,1.6,79.6,16.6,3.57,4,sandy,407,14.5,101,0.45,8.16,191.5,21.0,0.01,synthetic response curve (Mitscherlich-style) + noise; NOT measured yield
5791,Sugarcane,262.6,107.8,47.2,73.79,7,clay,391,8.6,229,0.59,8.29,47.7,21.3,-1.46,synthetic response curve (Mitscherlich-style) + noise; NOT measured yield
5792,Maize,203.4,28.4,34.8,3.32,11,loam,382,30.8,30,0.44,8.71,300.2,25.6,-2.86,synthetic response curve (Mitscherlich-style) + noise; NOT measured yield
5793,Green gram,27.9,21.6,0.6,0.68,15,clay,326,32.5,262,0.69,8.71,465.0,29.4,-0.04,synthetic response curve (Mitscherlich-style) + noise; NOT measured yield
5794,Tomato,29.7,56.8,21.4,32.92,13,sandy,317,10.1,220,0.36,6.86,111.5,25.2,0.56,synthetic response curve (Mitscherlich-style) + noise; NOT measured yield
5795,Pearl millet,87.6,20.7,46.8,1.92,10,sandy,455,21.2,30,0.44,5.72,359.1,26.4,-0.36,synthetic response curve (Mitscherlich-style) + noise; NOT measured yield
5796,Maize,69.7,31.2,83.8,5.24,2,loam,340,18.3,333,0.51,6.98,115.5,27.8,-0.61,synthetic response curve (Mitscherlich-style) + noise; NOT measured yield
5797,Sugarcane,77.4,96.6,104.1,82.51,7,clay,334,14.4,352,0.7,8.31,123.7,26.5,-0.78,synthetic response curve (Mitscherlich-style) + noise; NOT measured yield
5798,Mustard,54.9,18.4,16.5,1.04,10,sandy,366,39.6,119,0.63,6.05,19.2,22.8,-0.29,synthetic response curve (Mitscherlich-style) + noise; NOT measured yield
5799,Wheat,142.3,40.4,31.8,3.37,12,loam,456,19.7,172,0.66,6.47,157.1,27.7,1.65,synthetic response curve (Mitscherlich-style) + noise; NOT measured yield
5800,Rice,139.6,50.4,76.7,4.41,5,loam,409,4.3,115,0.52,7.28,60.6,24.9,0.33,synthetic response curve (Mitscherlich-style) + noise; NOT measured yield
5801,Onion,126.1,9.7,50.1,18.65,8,clay,431,17.7,111,0.65,8.27,143.9,21.7,-0.04,synthetic response curve (Mitscherlich-style) + noise; NOT measured yield
5802,Maize,153.1,34.9,46.7,4.01,13,sandy,326,11.6,126,0.48,5.18,11.6,21.9,0.54,synthetic response curve (Mitscherlich-style) + noise; NOT measured yield
5803,Banana,115.0,15.5,102.9,24.25,13,sandy,179,3.4,136,0.1,7.42,52.4,21.8,-0.97,synthetic response curve (Mitscherlich-style) + noise; NOT measured yield
5804,Cotton,51.2,76.9,58.8,1.59,4,sandy,205,4.4,116,0.2,6.77,23.4,26.3,0.27,synthetic response curve (Mitscherlich-style) + noise; NOT measured yield
5805,Onion,140.2,69.5,44.6,20.9,4,sandy,404,16.0,30,0.43,6.62,38.1,18.5,1.55,synthetic response curve (Mitscherlich-style) + noise; NOT measured yield
5806,Soybean,33.8,34.4,44.0,2.45,6,clay,382,30.2,278,0.79,7.27,49.4,32.9,-0.45,synthetic response curve (Mitscherlich-style) + noise; NOT measured yield
5807,Mustard,83.0,25.0,36.2,1.22,10,sandy,445,9.4,60,0.6,5.64,88.6,29.2,-0.53,synthetic response curve (Mitscherlich-style) + noise; NOT measured yield
5808,Potato,61.7,87.5,127.1,26.53,11,loam,397,9.4,301,0.6,7.56,73.6,31.5,0.24,synthetic response curve (Mitscherlich-style) + noise; NOT measured yield
5809,Wheat,29.9,39.7,43.0,2.98,12,loam,472,38.0,30,0.65,5.84,39.8,23.3,-1.02,synthetic response curve (Mitscherlich-style) + noise; NOT measured yield
5810,Wheat,89.2,45.7,44.6,4.14,9,clay,239,46.9,381,0.5,8.67,20.3,30.7,0.04,synthetic response curve (Mitscherlich-style) + noise; NOT measured yield
5811,Sorghum,103.0,2.1,27.3,1.4,14,clay,367,13.8,196,0.97,8.49,257.9,26.9,1.02,synthetic response curve (Mitscherlich-style) + noise; NOT measured yield
5812,Groundnut,0.5,36.2,19.1,1.8,2,loam,473,13.1,356,0.85,7.0,11.7,28.1,1.39,synthetic response curve (Mitscherlich-style) + noise; NOT measured yield
5813,Chilli,8.1,7.3,71.8,1.55,8,clay,374,30.8,288,0.48,8.34,149.3,30.1,-0.52,synthetic response curve (Mitscherlich-style) + noise; NOT measured yield
5814,Rice,14.6,7.5,20.2,2.68,4,sandy,387,13.8,170,0.63,7.08,62.0,27.0,1.17,synthetic response curve (Mitscherlich-style) + noise; NOT measured yield
5815,Soybean,2.8,64.3,10.2,1.77,9,clay,360,32.0,365,0.46,8.23,110.7,27.2,-0.43,synthetic response curve (Mitscherlich-style) + noise; NOT measured yield
5816,Tomato,47.3,53.3,1.2,27.55,14,clay,573,22.0,213,0.66,6.36,176.1,22.2,1.81,synthetic response curve (Mitscherlich-style) + noise; NOT measured yield
5817,Cotton,62.1,29.4,51.3,1.63,14,clay,511,10.2,265,0.98,6.72,131.1,26.0,0.36,synthetic response curve (Mitscherlich-style) + noise; NOT measured yield
5818,Sorghum,38.2,17.8,10.7,2.11,15,clay,284,7.8,236,0.61,8.34,545.4,24.9,-0.13,synthetic response curve (Mitscherlich-style) + noise; NOT measured yield
5819,Cotton,38.1,18.4,58.3,1.24,8,clay,492,3.5,199,0.75,7.02,167.0,33.9,0.76,synthetic response curve (Mitscherlich-style) + noise; NOT measured yield
5820,Potato,205.1,74.9,171.8,22.16,11,loam,558,19.8,60,0.92,7.99,187.1,21.2,-1.14,synthetic response curve (Mitscherlich-style) + noise; NOT measured yield
5821,Cotton,94.1,82.0,71.3,1.95,8,clay,501,17.7,138,0.95,7.22,449.1,28.8,-0.21,synthetic response curve (Mitscherlich-style) + noise; NOT measured yield
5822,Groundnut,15.3,15.0,48.4,1.48,1,clay,416,20.4,192,0.65,7.78,136.1,29.4,1.3,synthetic response curve (Mitscherlich-style) + noise; NOT measured yield
5823,Sugarcane,291.6,88.0,60.0,78.78,5,loam,367,24.4,344,0.37,7.51,211.9,26.5,2.54,synthetic response curve (Mitscherlich-style) + noise; NOT measured yield
5824,Rice,170.2,53.0,53.3,4.23,12,loam,463,7.7,91,0.75,7.37,261.7,26.0,-0.69,synthetic response curve (Mitscherlich-style) + noise; NOT measured yield
5825,Green gram,18.3,34.0,5.3,0.85,1,clay,458,15.5,324,1.03,8.7,399.6,26.0,0.05,synthetic response curve (Mitscherlich-style) + noise; NOT measured yield
5826,Wheat,101.0,69.3,23.8,3.54,10,sandy,176,6.0,156,0.18,6.31,130.8,31.5,0.43,synthetic response curve (Mitscherlich-style) + noise; NOT measured yield
5827,Onion,51.5,37.4,98.2,27.21,7,clay,402,15.0,233,0.71,8.03,95.2,27.3,-0.2,synthetic response curve (Mitscherlich-style) + noise; NOT measured yield
5828,Banana,216.0,17.8,162.3,28.37,7,clay,540,25.0,356,0.82,7.06,62.0,24.4,-0.5,synthetic response curve (Mitscherlich-style) + noise; NOT measured yield
5829,Maize,10.4,20.8,3.5,4.5,12,loam,495,19.2,321,0.58,8.12,359.6,24.2,0.31,synthetic response curve (Mitscherlich-style) + noise; NOT measured yield
5830,Maize,127.9,76.9,0.8,4.2,4,sandy,424,5.8,240,0.11,7.47,32.7,26.1,0.15,synthetic response curve (Mitscherlich-style) + noise; NOT measured yield
5831,Onion,21.5,65.0,20.2,20.1,4,sandy,369,13.9,30,0.38,8.51,244.6,26.7,1.41,synthetic response curve (Mitscherlich-style) + noise; NOT measured yield
5832,Mustard,97.9,18.0,33.6,1.38,3,sandy,317,41.1,239,0.29,5.77,160.9,24.6,-0.32,synthetic response curve (Mitscherlich-style) + noise; NOT measured yield
5833,Potato,175.6,21.3,38.6,17.15,2,loam,466,5.8,167,0.58,9.2,148.4,23.5,1.11,synthetic response curve (Mitscherlich-style) + noise; NOT measured yield
5834,Sorghum,74.2,39.6,11.7,2.56,2,loam,419,21.9,238,0.8,7.33,445.9,24.5,-1.04,synthetic response curve (Mitscherlich-style) + noise; NOT measured yield
5835,Maize,170.8,43.3,50.6,5.01,2,loam,540,9.9,221,0.86,7.98,32.7,28.6,0.9,synthetic response curve (Mitscherlich-style) + noise; NOT measured yield
5836,Wheat,36.9,15.8,32.3,2.96,10,sandy,362,16.2,75,0.45,6.1,125.7,26.1,0.03,synthetic response curve (Mitscherlich-style) + noise; NOT measured yield
5837,Rice,95.2,55.1,46.3,4.07,5,loam,233,14.2,268,0.31,8.43,317.9,28.0,1.53,synthetic response curve (Mitscherlich-style) + noise; NOT measured yield
5838,Soybean,9.5,25.1,5.1,2.04,6,clay,457,15.9,270,0.8,7.58,96.6,28.4,0.11,synthetic response curve (Mitscherlich-style) + noise; NOT measured yield
5839,Wheat,96.0,7.5,32.1,2.3,12,loam,481,9.1,301,0.73,6.99,600.2,29.1,1.71,synthetic response curve (Mitscherlich-style) + noise; NOT measured yield
5840,Chilli,97.9,33.7,34.1,2.07,8,clay,451,17.1,165,0.53,6.95,252.6,25.3,0.35,synthetic response curve (Mitscherlich-style) + noise; NOT measured yield
5841,Tomato,113.5,39.0,108.4,29.52,2,loam,284,22.2,139,0.39,7.66,177.8,21.8,-1.92,synthetic response curve (Mitscherlich-style) + noise; NOT measured yield
5842,Cotton,147.0,61.0,20.4,1.77,8,clay,518,18.7,303,0.64,7.38,105.0,27.7,-0.85,synthetic response curve (Mitscherlich-style) + noise; NOT measured yield
5843,Mustard,35.4,49.5,47.6,1.32,10,sandy,388,57.2,140,0.32,7.95,25.4,26.5,-0.72,synthetic response curve (Mitscherlich-style) + noise; NOT measured yield
5844,Mustard,84.5,56.8,31.4,1.26,10,sandy,279,6.0,95,0.48,6.67,107.4,26.8,-0.42,synthetic response curve (Mitscherlich-style) + noise; NOT measured yield
5845,Sorghum,23.4,20.6,20.4,2.06,14,clay,357,6.2,421,0.15,7.79,634.0,25.7,-1.3,synthetic response curve (Mitscherlich-style) + noise; NOT measured yield
5846,Chickpea,19.2,25.4,18.4,1.2,9,clay,259,5.1,309,0.31,6.05,404.6,25.5,-0.47,synthetic response curve (Mitscherlich-style) + noise; NOT measured yield
5847,Ragi,55.4,21.2,11.5,1.69,13,sandy,228,4.1,86,0.12,6.3,97.0,28.7,1.0,synthetic response curve (Mitscherlich-style) + noise; NOT measured yield
5848,Cotton,108.3,77.9,38.1,1.71,8,clay,471,11.2,404,0.84,7.83,919.0,32.0,-1.05,synthetic response curve (Mitscherlich-style) + noise; NOT measured yield
5849,Pearl millet,3.7,39.1,6.7,1.35,10,sandy,223,16.1,130,0.28,7.42,265.8,20.9,2.07,synthetic response curve (Mitscherlich-style) + noise; NOT measured yield
5850,Rice,161.3,52.3,44.4,4.75,3,sandy,417,11.1,192,0.58,6.48,185.5,26.1,0.92,synthetic response curve (Mitscherlich-style) + noise; NOT measured yield
5851,Maize,119.6,9.0,41.5,3.35,15,clay,353,21.9,353,0.49,7.95,26.2,23.2,-0.57,synthetic response curve (Mitscherlich-style) + noise; NOT measured yield
5852,Groundnut,13.8,15.0,37.3,1.42,1,clay,295,14.0,322,0.57,7.41,201.5,27.5,0.61,synthetic response curve (Mitscherlich-style) + noise; NOT measured yield
5853,Potato,184.3,27.0,127.4,22.86,15,clay,326,9.8,197,0.43,8.0,369.5,25.6,1.38,synthetic response curve (Mitscherlich-style) + noise; NOT measured yield
5854,Soybean,30.0,53.4,6.3,1.81,9,clay,497,8.5,427,1.01,8.9,13.6,25.2,-1.2,synthetic response curve (Mitscherlich-style) + noise; NOT measured yield
5855,Pigeon pea,24.0,20.1,8.5,1.25,6,clay,422,39.7,325,0.72,7.88,57.6,29.4,1.14,synthetic response curve (Mitscherlich-style) + noise; NOT measured yield
5856,Maize,145.9,87.9,65.4,5.14,7,clay,377,10.7,313,0.66,7.22,137.7,26.6,0.34,synthetic response curve (Mitscherlich-style) + noise; NOT measured yield
5857,Banana,9.8,45.3,87.6,35.54,2,loam,516,10.0,207,0.74,7.02,19.7,25.1,0.97,synthetic response curve (Mitscherlich-style) + noise; NOT measured yield
5858,Maize,4.6,76.6,11.6,5.47,7,clay,499,6.6,277,0.65,8.15,355.8,33.5,-0.18,synthetic response curve (Mitscherlich-style) + noise; NOT measured yield
5859,Cotton,14.4,0.6,61.8,0.93,2,loam,268,16.5,317,0.54,8.52,76.6,23.4,-0.32,synthetic response curve (Mitscherlich-style) + noise; NOT measured yield
5860,Mustard,6.8,20.5,17.3,1.1,7,clay,486,14.5,199,0.72,7.31,978.8,22.2,1.24,synthetic response curve (Mitscherlich-style) + noise; NOT measured yield
5861,Cotton,168.7,71.6,7.2,1.1,3,sandy,255,17.4,109,0.73,8.6,317.3,27.6,-0.6,synthetic response curve (Mitscherlich-style) + noise; NOT measured yield
5862,Rice,140.0,8.3,81.8,3.12,2,loam,402,18.0,396,0.6,8.44,358.9,28.1,-0.98,synthetic response curve (Mitscherlich-style) + noise; NOT measured yield
5863,Maize,189.9,76.3,57.6,4.91,11,loam,417,26.8,33,0.53,8.49,127.8,22.2,-0.86,synthetic response curve (Mitscherlich-style) + noise; NOT measured yield
5864,Rice,151.9,66.0,16.2,4.06,3,sandy,252,19.5,153,0.21,6.33,375.4,28.1,0.27,synthetic response curve (Mitscherlich-style) + noise; NOT measured yield
5865,Cotton,10.2,11.5,17.3,1.25,6,clay,318,11.9,481,0.31,7.76,354.8,23.3,-0.4,synthetic response curve (Mitscherlich-style) + noise; NOT measured yield
5866,Mustard,83.6,0.0,11.4,0.7,10,sandy,389,5.6,116,0.42,5.94,49.8,22.3,0.63,synthetic response curve (Mitscherlich-style) + noise; NOT measured yield
5867,Rice,47.7,27.0,35.2,3.91,8,clay,342,15.7,175,0.76,8.1,202.6,28.8,-0.69,synthetic response curve (Mitscherlich-style) + noise; NOT measured yield
5868,Chilli,91.9,1.6,10.6,0.96,8,clay,295,5.6,223,0.24,8.9,67.9,36.4,0.15,synthetic response curve (Mitscherlich-style) + noise; NOT measured yield
5869,Rice,5.5,26.5,13.7,3.32,7,clay,534,35.5,119,0.99,7.87,444.9,28.6,-0.3,synthetic response curve (Mitscherlich-style) + noise; NOT measured yield
5870,Mustard,72.1,54.4,24.6,1.21,10,sandy,434,8.9,208,0.41,5.62,84.3,26.4,-0.17,synthetic response curve (Mitscherlich-style) + noise; NOT measured yield
5871,Mustard,62.9,29.4,14.2,0.78,10,sandy,293,20.0,30,0.51,7.87,554.7,25.7,-1.62,synthetic response curve (Mitscherlich-style) + noise; NOT measured yield
5872,Turmeric,21.1,38.7,76.5,13.42,2,loam,258,25.8,247,0.13,6.61,255.0,23.7,-1.02,synthetic response curve (Mitscherlich-style) + noise; NOT measured yield
5873,Mustard,53.6,20.1,13.5,1.0,15,clay,471,5.2,204,0.87,7.64,208.4,26.0,-0.58,synthetic response curve (Mitscherlich-style) + noise; NOT measured yield
5874,Tomato,128.4,103.8,132.9,36.74,13,sandy,391,19.7,182,0.63,5.78,66.2,25.7,-0.91,synthetic response curve (Mitscherlich-style) + noise; NOT measured yield
5875,Onion,59.3,53.1,80.4,26.19,7,clay,480,7.9,227,0.73,7.31,271.9,20.7,-1.11,synthetic response curve (Mitscherlich-style) + noise; NOT measured yield
5876,Soybean,2.4,44.5,11.0,1.93,6,clay,303,6.3,244,0.49,6.72,71.5,28.2,0.13,synthetic response curve (Mitscherlich-style) + noise; NOT measured yield
5877,Green gram,25.4,46.2,34.3,0.81,11,loam,266,38.6,202,0.35,7.42,754.6,25.4,0.45,synthetic response curve (Mitscherlich-style) + noise; NOT measured yield
5878,Tomato,71.4,40.6,58.4,27.51,10,sandy,405,7.4,117,0.49,7.39,348.5,25.6,-1.79,synthetic response curve (Mitscherlich-style) + noise; NOT measured yield
5879,Tomato,13.5,5.1,92.4,37.79,13,sandy,395,88.6,285,0.57,6.41,92.0,21.3,1.48,synthetic response curve (Mitscherlich-style) + noise; NOT measured yield
5880,Maize,115.5,50.9,6.2,5.03,7,clay,248,23.8,205,0.29,8.05,60.1,19.3,-0.08,synthetic response curve (Mitscherlich-style) + noise; NOT measured yield
5881,Maize,75.3,48.5,82.8,5.09,7,clay,413,23.0,285,0.64,7.76,223.9,25.6,-1.35,synthetic response curve (Mitscherlich-style) + noise; NOT measured yield
5882,Cotton,160.6,34.7,68.6,1.47,8,clay,569,19.8,250,1.08,8.5,136.9,26.6,-1.6,synthetic response curve (Mitscherlich-style) + noise; NOT measured yield
5883,Wheat,46.1,59.4,50.7,3.47,5,loam,209,28.2,207,0.56,7.0,234.4,30.2,0.2,synthetic response curve (Mitscherlich-style) + noise; NOT measured yield
5884,Maize,51.0,23.2,8.9,4.05,12,loam,217,5.7,217,0.56,6.76,270.4,24.3,-1.34,synthetic response curve (Mitscherlich-style) + noise; NOT measured yield
5885,Wheat,54.8,75.8,3.3,3.3,12,loam,532,6.3,274,0.65,7.36,306.2,24.8,-0.97,synthetic response curve (Mitscherlich-style) + noise; NOT measured yield
5886,Maize,150.8,72.9,43.7,5.66,2,loam,436,12.4,222,0.84,8.08,116.8,28.2,0.3,synthetic response curve (Mitscherlich-style) + noise; NOT measured yield
5887,Maize,32.7,64.2,69.2,5.0,2,loam,398,18.8,123,0.67,7.85,563.4,24.9,-0.17,synthetic response curve (Mitscherlich-style) + noise; NOT measured yield
5888,Cotton,150.1,62.6,18.4,1.68,2,loam,330,24.7,178,0.52,7.24,105.2,24.7,0.72,synthetic response curve (Mitscherlich-style) + noise; NOT measured yield
5889,Wheat,112.4,73.4,4.8,3.23,5,loam,192,19.2,300,0.37,7.26,83.6,17.7,0.37,synthetic response curve (Mitscherlich-style) + noise; NOT measured yield
5890,Cotton,111.7,60.6,21.2,1.58,2,loam,410,9.1,204,0.7,6.91,59.5,24.9,0.21,synthetic response curve (Mitscherlich-style) + noise; NOT measured yield
5891,Chickpea,2.3,68.7,37.7,1.25,9,clay,279,16.0,188,0.48,7.05,248.3,22.0,0.2,synthetic response curve (Mitscherlich-style) + noise; NOT measured yield
5892,Rice,107.3,24.9,63.9,4.1,15,clay,315,21.3,207,0.52,7.54,630.4,31.9,1.27,synthetic response curve (Mitscherlich-style) + noise; NOT measured yield
5893,Green gram,13.2,12.2,12.4,0.82,11,loam,414,53.8,250,0.65,7.68,669.4,28.7,-0.67,synthetic response curve (Mitscherlich-style) + noise; NOT measured yield
5894,Chilli,85.7,69.0,2.8,2.38,14,clay,456,6.3,404,0.83,7.81,113.5,20.9,-0.18,synthetic response curve (Mitscherlich-style) + noise; NOT measured yield
5895,Maize,1.3,42.6,41.7,4.9,3,sandy,297,10.3,66,0.31,5.86,258.5,30.6,0.02,synthetic response curve (Mitscherlich-style) + noise; NOT measured yield
5896,Tomato,3.8,75.2,86.1,39.79,11,loam,551,24.0,161,0.91,7.32,330.0,28.2,0.68,synthetic response curve (Mitscherlich-style) + noise; NOT measured yield
5897,Wheat,36.1,6.5,71.0,2.47,11,loam,299,13.0,252,0.23,6.15,109.8,25.0,-0.6,synthetic response curve (Mitscherlich-style) + noise; NOT measured yield
5898,Onion,33.2,28.8,98.8,22.56,7,clay,418,7.1,200,0.54,9.09,390.8,23.7,0.43,synthetic response curve (Mitscherlich-style) + noise; NOT measured yield
5899,Maize,94.8,27.9,79.9,4.61,12,loam,525,7.5,324,0.86,6.62,146.4,27.9,-0.69,synthetic response curve (Mitscherlich-style) + noise; NOT measured yield
5900,Maize,206.2,77.5,80.0,5.64,2,loam,349,7.9,248,0.33,7.13,97.3,20.6,0.8,synthetic response curve (Mitscherlich-style) + noise; NOT measured yield
5901,Wheat,136.4,71.2,48.0,3.71,10,sandy,326,22.8,162,0.58,7.08,95.4,23.9,0.19,synthetic response curve (Mitscherlich-style) + noise; NOT measured yield
5902,Ragi,77.4,2.7,13.1,1.46,13,sandy,448,22.7,154,0.64,7.87,59.1,22.0,0.72,synthetic response curve (Mitscherlich-style) + noise; NOT measured yield
5903,Cotton,46.3,79.9,52.5,1.68,6,clay,475,9.8,170,0.96,7.65,171.8,27.8,0.5,synthetic response curve (Mitscherlich-style) + noise; NOT measured yield
5904,Chilli,83.9,44.1,43.2,2.07,3,sandy,336,26.8,157,0.33,6.56,41.3,29.4,-1.83,synthetic response curve (Mitscherlich-style) + noise; NOT measured yield
5905,Cotton,23.9,30.6,64.7,1.51,1,clay,250,41.0,238,0.62,7.45,210.9,26.3,-0.42,synthetic response curve (Mitscherlich-style) + noise; NOT measured yield
5906,Rice,19.8,43.4,42.0,3.14,5,loam,249,32.5,206,0.29,6.35,45.9,18.4,-0.96,synthetic response curve (Mitscherlich-style) + noise; NOT measured yield
5907,Sorghum,83.9,22.8,9.3,2.07,13,sandy,307,12.4,207,0.48,5.76,171.2,22.1,0.68,synthetic response curve (Mitscherlich-style) + noise; NOT measured yield
5908,Tomato,45.4,72.6,88.4,32.76,13,sandy,228,4.3,221,0.55,6.8,67.5,23.7,2.25,synthetic response curve (Mitscherlich-style) + noise; NOT measured yield
5909,Onion,43.8,67.2,49.8,23.7,10,sandy,271,3.8,173,0.29,7.97,54.2,25.3,0.31,synthetic response curve (Mitscherlich-style) + noise; NOT measured yield
5910,Mustard,58.0,58.9,3.4,1.14,4,sandy,242,5.8,212,0.58,6.28,70.0,32.4,0.1,synthetic response curve (Mitscherlich-style) + noise; NOT measured yield
5911,Rice,30.0,67.4,17.9,2.73,4,sandy,354,6.2,30,0.64,6.07,406.6,23.0,1.58,synthetic response curve (Mitscherlich-style) + noise; NOT measured yield
5912,Rice,9.2,6.9,65.5,2.8,13,sandy,384,6.7,125,0.37,7.29,68.6,22.0,-0.73,synthetic response curve (Mitscherlich-style) + noise; NOT measured yield
5913,Pigeon pea,6.6,33.2,9.7,1.27,9,clay,463,20.6,381,0.82,8.56,479.5,31.7,1.37,synthetic response curve (Mitscherlich-style) + noise; NOT measured yield
5914,Potato,27.4,94.7,83.8,19.01,12,loam,294,33.3,137,0.49,5.96,45.3,25.9,0.7,synthetic response curve (Mitscherlich-style) + noise; NOT measured yield
5915,Cotton,15.2,9.9,66.5,1.07,6,clay,486,9.2,223,0.92,8.19,489.2,29.1,-0.87,synthetic response curve (Mitscherlich-style) + noise; NOT measured yield
5916,Tomato,158.1,73.7,105.5,39.15,13,sandy,272,16.3,42,0.52,7.33,373.8,21.5,-1.06,synthetic response curve (Mitscherlich-style) + noise; NOT measured yield
5917,Rice,2.1,15.6,4.1,3.91,8,clay,341,78.2,227,0.43,7.13,329.4,29.5,-0.01,synthetic response curve (Mitscherlich-style) + noise; NOT measured yield
5918,Rice,24.5,41.0,38.3,4.14,11,loam,552,5.0,316,0.73,7.75,88.2,30.6,-0.89,synthetic response curve (Mitscherlich-style) + noise; NOT measured yield
5919,Ragi,31.4,30.7,34.2,1.88,13,sandy,219,15.6,199,0.28,5.55,178.3,21.1,0.08,synthetic response curve (Mitscherlich-style) + noise; NOT measured yield
5920,Soybean,0.6,58.3,55.8,2.36,6,clay,487,25.3,315,0.77,8.47,692.0,29.2,-0.12,synthetic response curve (Mitscherlich-style) + noise; NOT measured yield
5921,Maize,107.3,41.9,75.5,5.07,12,loam,277,3.2,199,0.1,7.96,148.6,23.2,-0.94,synthetic response curve (Mitscherlich-style) + noise; NOT measured yield
5922,Pearl millet,23.7,8.4,33.5,1.71,10,sandy,515,9.8,30,0.88,6.06,22.2,29.0,1.26,synthetic response curve (Mitscherlich-style) + noise; NOT measured yield
5923,Chilli,4.7,40.4,65.3,1.92,8,clay,480,6.9,150,0.71,9.08,67.5,28.1,-1.19,synthetic response curve (Mitscherlich-style) + noise; NOT measured yield
5924,Maize,96.0,87.4,73.0,4.95,13,sandy,291,5.4,130,0.45,6.53,133.2,26.9,0.25,synthetic response curve (Mitscherlich-style) + noise; NOT measured yield
5925,Onion,59.0,2.8,68.4,16.0,7,clay,331,27.7,189,0.81,7.51,54.6,27.8,0.52,synthetic response curve (Mitscherlich-style) + noise; NOT measured yield
5926,Maize,143.9,31.8,68.3,4.81,12,loam,320,12.7,136,0.37,7.19,313.9,26.5,-0.05,synthetic response curve (Mitscherlich-style) + noise; NOT measured yield
5927,Banana,63.1,19.8,228.4,24.34,2,loam,404,29.7,377,0.74,9.02,73.6,27.9,-0.05,synthetic response curve (Mitscherlich-style) + noise; NOT measured yield
5928,Maize,94.1,46.4,44.6,5.25,13,sandy,369,9.5,172,0.57,6.87,454.2,20.5,-1.22,synthetic response curve (Mitscherlich-style) + noise; NOT measured yield
5929,Rice,85.9,68.4,4.0,3.92,15,clay,430,15.5,257,0.59,7.95,545.9,20.9,0.61,synthetic response curve (Mitscherlich-style) + noise; NOT measured yield
5930,Potato,39.2,63.4,135.9,21.14,15,clay,326,8.4,231,0.52,8.38,198.5,26.4,0.24,synthetic response curve (Mitscherlich-style) + noise; NOT measured yield
5931,Chilli,72.8,17.3,49.9,1.57,13,sandy,315,10.7,234,0.41,6.2,143.4,30.7,0.21,synthetic response curve (Mitscherlich-style) + noise; NOT measured yield
5932,Potato,49.0,4.6,178.8,12.38,11,loam,400,16.2,54,0.62,6.35,43.0,27.8,-0.52,synthetic response curve (Mitscherlich-style) + noise; NOT measured yield
5933,Wheat,103.2,76.1,6.4,3.23,12,loam,663,16.1,189,0.92,7.46,113.6,26.5,0.41,synthetic response curve (Mitscherlich-style) + noise; NOT measured yield
5934,Soybean,1.6,67.5,21.7,1.72,14,clay,227,11.1,225,0.52,7.37,63.6,24.3,-0.61,synthetic response curve (Mitscherlich-style) + noise; NOT measured yield
5935,Potato,206.7,9.3,14.3,16.29,11,loam,419,21.0,242,0.41,6.57,78.3,25.7,0.23,synthetic response curve (Mitscherlich-style) + noise; NOT measured yield
5936,Pigeon pea,3.7,48.3,45.1,1.01,5,loam,220,14.8,30,0.36,8.68,206.1,30.4,0.02,synthetic response curve (Mitscherlich-style) + noise; NOT measured yield
5937,Pearl millet,36.0,49.2,13.6,1.59,3,sandy,296,30.8,39,0.44,5.78,97.5,30.9,0.0,synthetic response curve (Mitscherlich-style) + noise; NOT measured yield
5938,Mustard,59.1,47.7,33.6,1.34,15,clay,378,17.6,205,0.7,7.3,170.9,25.3,-1.26,synthetic response curve (Mitscherlich-style) + noise; NOT measured yield
5939,Chilli,76.6,58.8,12.2,2.18,3,sandy,200,11.0,257,0.23,6.03,590.7,28.3,-0.91,synthetic response curve (Mitscherlich-style) + noise; NOT measured yield
5940,Sorghum,84.8,54.0,33.4,2.2,14,clay,405,12.0,301,0.77,6.36,95.3,25.1,-1.47,synthetic response curve (Mitscherlich-style) + noise; NOT measured yield
5941,Rice,142.6,32.7,12.8,4.33,15,clay,257,21.3,258,0.48,8.25,715.3,22.3,2.7,synthetic response curve (Mitscherlich-style) + noise; NOT measured yield
5942,Green gram,2.9,45.8,16.5,0.87,1,clay,565,17.9,294,1.09,6.75,146.3,33.2,-0.44,synthetic response curve (Mitscherlich-style) + noise; NOT measured yield
5943,Sorghum,55.3,52.4,44.4,2.42,13,sandy,371,13.1,41,0.47,5.62,298.9,23.4,0.67,synthetic response curve (Mitscherlich-style) + noise; NOT measured yield
5944,Soybean,17.1,25.9,33.0,2.16,9,clay,497,29.6,226,0.75,8.5,138.2,24.7,-0.53,synthetic response curve (Mitscherlich-style) + noise; NOT measured yield
5945,Sunflower,60.7,41.2,47.7,1.63,6,clay,479,20.3,177,0.47,6.85,94.2,28.2,-1.36,synthetic response curve (Mitscherlich-style) + noise; NOT measured yield
5946,Sugarcane,115.5,113.8,22.7,84.52,8,clay,376,7.2,334,0.41,7.21,88.1,26.0,0.11,synthetic response curve (Mitscherlich-style) + noise; NOT measured yield
5947,Maize,51.4,0.4,4.7,1.7,7,clay,425,6.5,322,0.64,8.39,102.8,30.0,-2.93,synthetic response curve (Mitscherlich-style) + noise; NOT measured yield
5948,Maize,201.0,34.5,80.8,4.81,13,sandy,202,6.2,140,0.26,7.57,381.0,20.4,0.2,synthetic response curve (Mitscherlich-style) + noise; NOT measured yield
5949,Sugarcane,96.9,105.7,45.0,71.62,7,clay,673,30.0,265,0.94,7.3,29.3,26.0,-0.67,synthetic response curve (Mitscherlich-style) + noise; NOT measured yield
5950,Pearl millet,28.8,42.0,26.2,1.71,2,loam,389,7.6,96,0.31,7.5,158.7,23.6,-1.07,synthetic response curve (Mitscherlich-style) + noise; NOT measured yield
5951,Sorghum,98.4,12.9,32.8,2.29,6,clay,415,30.1,410,0.81,7.76,42.5,28.2,0.33,synthetic response curve (Mitscherlich-style) + noise; NOT measured yield
5952,Rice,57.1,23.5,35.7,4.23,8,clay,332,64.2,374,0.3,7.78,243.5,28.3,1.17,synthetic response curve (Mitscherlich-style) + noise; NOT measured yield
5953,Onion,113.8,33.3,93.0,24.47,7,clay,307,18.5,216,0.42,7.33,47.1,24.1,1.72,synthetic response curve (Mitscherlich-style) + noise; NOT measured yield
5954,Chilli,85.2,32.3,27.1,1.78,8,clay,591,18.6,337,0.69,7.37,125.6,27.4,-1.63,synthetic response curve (Mitscherlich-style) + noise; NOT measured yield
5955,Chilli,42.5,35.4,53.1,1.95,15,clay,486,20.5,187,0.68,7.22,1244.3,27.0,2.73,synthetic response curve (Mitscherlich-style) + noise; NOT measured yield
5956,Pigeon pea,1.8,29.6,22.8,1.16,6,clay,532,7.6,264,0.72,7.1,814.0,28.6,0.49,synthetic response curve (Mitscherlich-style) + noise; NOT measured yield
5957,Maize,74.7,5.8,39.2,3.54,13,sandy,291,29.0,169,0.5,6.23,57.0,25.0,-0.57,synthetic response curve (Mitscherlich-style) + noise; NOT measured yield
5958,Chickpea,26.6,67.3,45.0,1.37,15,clay,599,4.9,70,0.85,7.58,197.4,25.2,0.23,synthetic response curve (Mitscherlich-style) + noise; NOT measured yield
5959,Maize,29.7,85.8,3.7,3.52,13,sandy,230,20.9,177,0.22,5.75,231.8,23.2,-2.3,synthetic response curve (Mitscherlich-style) + noise; NOT measured yield
5960,Chickpea,29.1,15.0,42.5,1.03,9,clay,464,9.3,254,0.72,8.19,202.6,26.3,-1.78,synthetic response curve (Mitscherlich-style) + noise; NOT measured yield
5961,Mustard,32.9,21.0,10.8,1.23,15,clay,354,23.3,336,0.45,8.02,279.0,21.7,0.13,synthetic response curve (Mitscherlich-style) + noise; NOT measured yield
5962,Onion,56.9,60.9,49.6,31.76,7,clay,499,6.4,287,0.44,7.73,118.4,30.5,0.63,synthetic response curve (Mitscherlich-style) + noise; NOT measured yield
5963,Sugarcane,317.1,35.8,79.6,59.99,5,loam,410,5.4,68,0.57,8.19,52.4,20.7,-1.66,synthetic response curve (Mitscherlich-style) + noise; NOT measured yield
5964,Chickpea,5.9,11.2,9.1,0.98,13,sandy,421,19.1,375,0.91,5.24,151.0,21.3,-1.28,synthetic response curve (Mitscherlich-style) + noise; NOT measured yield
5965,Tomato,45.9,43.6,133.2,35.71,14,clay,498,54.5,217,0.9,7.9,328.6,24.3,2.32,synthetic response curve (Mitscherlich-style) + noise; NOT measured yield
5966,Cotton,56.5,5.3,7.1,1.28,3,sandy,339,25.0,212,0.59,6.17,188.0,25.6,-0.1,synthetic response curve (Mitscherlich-style) + noise; NOT measured yield
5967,Green gram,6.8,30.0,29.1,0.73,5,loam,249,12.4,309,0.36,6.23,413.4,22.1,0.35,synthetic response curve (Mitscherlich-style) + noise; NOT measured yield
5968,Rice,25.8,73.6,26.2,4.58,5,loam,489,22.3,233,0.74,7.27,68.7,20.8,-0.49,synthetic response curve (Mitscherlich-style) + noise; NOT measured yield
5969,Maize,204.1,14.9,81.1,4.25,13,sandy,241,27.5,392,0.32,8.3,34.2,25.0,0.3,synthetic response curve (Mitscherlich-style) + noise; NOT measured yield
5970,Rice,27.9,82.6,77.4,4.41,5,loam,409,43.4,333,0.55,7.78,320.0,22.9,1.18,synthetic response curve (Mitscherlich-style) + noise; NOT measured yield
5971,Wheat,16.7,84.0,10.4,2.66,10,sandy,460,9.4,45,0.63,6.35,6.4,26.1,0.38,synthetic response curve (Mitscherlich-style) + noise; NOT measured yield
5972,Mustard,57.0,47.6,30.6,1.25,15,clay,506,4.2,348,0.62,7.83,304.2,29.6,-0.42,synthetic response curve (Mitscherlich-style) + noise; NOT measured yield
5973,Sorghum,91.3,6.6,24.2,1.39,14,clay,275,5.0,401,0.43,7.81,241.8,24.6,-1.2,synthetic response curve (Mitscherlich-style) + noise; NOT measured yield
5974,Chilli,73.2,35.3,58.4,1.98,14,clay,278,1.7,139,0.61,7.27,33.1,26.2,0.82,synthetic response curve (Mitscherlich-style) + noise; NOT measured yield
5975,Chilli,101.6,67.0,9.4,1.75,8,clay,332,11.6,246,0.4,7.72,281.2,30.4,-0.26,synthetic response curve (Mitscherlich-style) + noise; NOT measured yield
5976,Wheat,12.7,43.5,59.5,3.35,10,sandy,371,9.9,200,0.16,6.86,429.2,27.9,-0.96,synthetic response curve (Mitscherlich-style) + noise; NOT measured yield
5977,Potato,187.7,91.0,98.0,28.48,11,loam,383,13.8,117,0.65,7.92,48.1,25.3,-0.18,synthetic response curve (Mitscherlich-style) + noise; NOT measured yield
5978,Sugarcane,302.7,78.2,117.2,87.42,5,loam,517,55.6,161,0.83,7.74,81.7,21.2,0.51,synthetic response curve (Mitscherlich-style) + noise; NOT measured yield
5979,Cotton,9.1,72.9,36.7,1.55,8,clay,331,11.1,258,0.66,8.66,157.1,29.4,-1.6,synthetic response curve (Mitscherlich-style) + noise; NOT measured yield
5980,Pearl millet,20.7,13.9,12.4,1.69,8,clay,483,22.5,374,0.91,6.27,57.7,30.5,-1.04,synthetic response curve (Mitscherlich-style) + noise; NOT measured yield
5981,Tomato,169.3,78.8,118.4,41.28,13,sandy,229,19.7,81,0.25,6.33,88.2,26.6,-0.92,synthetic response curve (Mitscherlich-style) + noise; NOT measured yield
5982,Wheat,40.2,11.1,32.8,2.48,9,clay,377,4.5,175,0.58,8.54,342.8,19.6,-1.39,synthetic response curve (Mitscherlich-style) + noise; NOT measured yield
5983,Sugarcane,109.4,38.1,76.4,78.39,7,clay,286,49.3,259,0.36,7.22,525.1,26.4,-0.11,synthetic response curve (Mitscherlich-style) + noise; NOT measured yield
5984,Ragi,2.1,25.8,30.2,1.57,9,clay,268,25.6,275,0.61,7.71,233.6,28.5,-2.27,synthetic response curve (Mitscherlich-style) + noise; NOT measured yield
5985,Rice,51.8,45.8,54.4,4.55,3,sandy,331,36.5,35,0.44,5.61,160.8,27.4,0.64,synthetic response curve (Mitscherlich-style) + noise; NOT measured yield
5986,Rice,17.6,2.3,16.8,2.23,4,sandy,324,10.1,122,0.51,7.41,81.7,26.0,1.09,synthetic response curve (Mitscherlich-style) + noise; NOT measured yield
5987,Cotton,72.1,37.4,60.4,1.55,13,sandy,283,4.3,138,0.4,5.49,88.3,20.8,-0.09,synthetic response curve (Mitscherlich-style) + noise; NOT measured yield
5988,Sorghum,55.8,17.3,42.0,1.91,2,loam,194,13.0,189,0.41,6.87,83.2,26.6,-0.41,synthetic response curve (Mitscherlich-style) + noise; NOT measured yield
5989,Ragi,52.1,19.6,37.6,1.75,11,loam,227,21.9,143,0.42,7.63,208.6,28.2,-0.22,synthetic response curve (Mitscherlich-style) + noise; NOT measured yield
5990,Tomato,54.0,28.2,103.9,32.24,14,clay,361,24.9,293,0.59,7.36,101.8,24.3,0.25,synthetic response curve (Mitscherlich-style) + noise; NOT measured yield
5991,Rice,175.6,70.1,12.7,2.7,11,loam,195,5.8,91,0.6,8.19,496.2,26.9,0.67,synthetic response curve (Mitscherlich-style) + noise; NOT measured yield
5992,Ragi,91.1,38.8,14.4,1.87,10,sandy,336,6.6,116,0.16,8.0,61.7,27.5,0.66,synthetic response curve (Mitscherlich-style) + noise; NOT measured yield
5993,Wheat,7.4,12.6,33.0,3.44,11,loam,368,40.9,204,0.67,7.12,477.8,23.7,-0.31,synthetic response curve (Mitscherlich-style) + noise; NOT measured yield
5994,Groundnut,7.5,30.3,36.9,1.44,3,sandy,372,12.2,127,0.58,6.12,131.4,26.8,-0.39,synthetic response curve (Mitscherlich-style) + noise; NOT measured yield
5995,Cotton,17.5,8.5,18.9,1.1,3,sandy,293,9.4,243,0.37,7.26,156.7,23.1,0.74,synthetic response curve (Mitscherlich-style) + noise; NOT measured yield
5996,Lentil,21.2,47.5,23.5,1.03,15,clay,369,13.5,461,0.67,5.81,45.0,25.8,-0.62,synthetic response curve (Mitscherlich-style) + noise; NOT measured yield
5997,Maize,196.8,70.1,11.6,5.1,7,clay,512,30.5,301,0.79,8.5,68.8,22.8,-0.5,synthetic response curve (Mitscherlich-style) + noise; NOT measured yield
5998,Onion,111.6,13.2,71.6,19.5,7,clay,362,21.8,274,0.7,6.59,118.0,22.9,0.32,synthetic response curve (Mitscherlich-style) + noise; NOT measured yield
5999,Rice,125.9,74.5,15.0,3.95,3,sandy,308,12.7,213,0.26,6.8,159.6,35.9,-0.54,synthetic response curve (Mitscherlich-style) + noise; NOT measured yield
6000,Rice,79.7,24.8,60.8,3.65,11,loam,507,6.6,297,0.46,6.61,92.8,30.0,0.34,synthetic response curve (Mitscherlich-style) + noise; NOT measured yield
